control_variant,control_role,control_columns,outcome,horizon,beta,se,lower95,upper95,n,spec_name,shock_column,shock_scale,response_type
headline_lagged_macro,headline,lag_tdc_bank_only_qoq|lag_fedfunds|lag_unemployment|lag_inflation,total_deposits_bank_qoq,0,28.95006368418275,13.625048119004301,2.244969370934321,55.65515799743118,119,control_sensitivity,tdc_residual_z,rolling_oos_standard_deviation,cumulative_sum_h0_to_h
headline_lagged_macro,headline,lag_tdc_bank_only_qoq|lag_fedfunds|lag_unemployment|lag_inflation,total_deposits_bank_qoq,1,44.45196715467209,33.02376942088602,-20.274620910264503,109.17855521960868,118,control_sensitivity,tdc_residual_z,rolling_oos_standard_deviation,cumulative_sum_h0_to_h
headline_lagged_macro,headline,lag_tdc_bank_only_qoq|lag_fedfunds|lag_unemployment|lag_inflation,total_deposits_bank_qoq,2,41.5026075787145,43.61215019770538,-43.97720680878804,126.98242196621705,117,control_sensitivity,tdc_residual_z,rolling_oos_standard_deviation,cumulative_sum_h0_to_h
headline_lagged_macro,headline,lag_tdc_bank_only_qoq|lag_fedfunds|lag_unemployment|lag_inflation,total_deposits_bank_qoq,3,58.59828794606983,51.85870771996211,-43.0447791850559,160.24135507719558,116,control_sensitivity,tdc_residual_z,rolling_oos_standard_deviation,cumulative_sum_h0_to_h
headline_lagged_macro,headline,lag_tdc_bank_only_qoq|lag_fedfunds|lag_unemployment|lag_inflation,total_deposits_bank_qoq,4,71.79333642998903,61.72917014443666,-49.19583705310683,192.78250991308488,115,control_sensitivity,tdc_residual_z,rolling_oos_standard_deviation,cumulative_sum_h0_to_h
headline_lagged_macro,headline,lag_tdc_bank_only_qoq|lag_fedfunds|lag_unemployment|lag_inflation,total_deposits_bank_qoq,5,51.03649376811648,65.57587681116931,-77.49222478177535,179.56521231800832,114,control_sensitivity,tdc_residual_z,rolling_oos_standard_deviation,cumulative_sum_h0_to_h
headline_lagged_macro,headline,lag_tdc_bank_only_qoq|lag_fedfunds|lag_unemployment|lag_inflation,total_deposits_bank_qoq,6,30.82706261034538,68.26399207786814,-102.97036186227616,164.62448708296694,113,control_sensitivity,tdc_residual_z,rolling_oos_standard_deviation,cumulative_sum_h0_to_h
headline_lagged_macro,headline,lag_tdc_bank_only_qoq|lag_fedfunds|lag_unemployment|lag_inflation,total_deposits_bank_qoq,7,43.66277889572578,73.6704253132131,-100.7312547181719,188.05681250962346,112,control_sensitivity,tdc_residual_z,rolling_oos_standard_deviation,cumulative_sum_h0_to_h
headline_lagged_macro,headline,lag_tdc_bank_only_qoq|lag_fedfunds|lag_unemployment|lag_inflation,total_deposits_bank_qoq,8,51.06433451600243,77.49350708209145,-100.82293936489681,202.9516083969017,111,control_sensitivity,tdc_residual_z,rolling_oos_standard_deviation,cumulative_sum_h0_to_h
headline_lagged_macro,headline,lag_tdc_bank_only_qoq|lag_fedfunds|lag_unemployment|lag_inflation,other_component_qoq,0,-56.223002789186694,12.517283696834168,-80.75687883498166,-31.689126743391725,119,control_sensitivity,tdc_residual_z,rolling_oos_standard_deviation,cumulative_sum_h0_to_h
headline_lagged_macro,headline,lag_tdc_bank_only_qoq|lag_fedfunds|lag_unemployment|lag_inflation,other_component_qoq,1,-68.99579094659518,27.36359299323923,-122.62843321334407,-15.36314867984629,118,control_sensitivity,tdc_residual_z,rolling_oos_standard_deviation,cumulative_sum_h0_to_h
headline_lagged_macro,headline,lag_tdc_bank_only_qoq|lag_fedfunds|lag_unemployment|lag_inflation,other_component_qoq,2,-95.17061531756876,33.572069552807214,-160.9718716410709,-29.369358994066616,117,control_sensitivity,tdc_residual_z,rolling_oos_standard_deviation,cumulative_sum_h0_to_h
headline_lagged_macro,headline,lag_tdc_bank_only_qoq|lag_fedfunds|lag_unemployment|lag_inflation,other_component_qoq,3,-66.64949456041825,34.00991533562763,-133.3089286182484,0.009939497411906473,116,control_sensitivity,tdc_residual_z,rolling_oos_standard_deviation,cumulative_sum_h0_to_h
headline_lagged_macro,headline,lag_tdc_bank_only_qoq|lag_fedfunds|lag_unemployment|lag_inflation,other_component_qoq,4,-70.27564601632174,31.87297979793321,-132.74668642027083,-7.804605612372654,115,control_sensitivity,tdc_residual_z,rolling_oos_standard_deviation,cumulative_sum_h0_to_h
headline_lagged_macro,headline,lag_tdc_bank_only_qoq|lag_fedfunds|lag_unemployment|lag_inflation,other_component_qoq,5,-88.90421794686286,31.801740078817804,-151.23562850134576,-26.572807392379964,114,control_sensitivity,tdc_residual_z,rolling_oos_standard_deviation,cumulative_sum_h0_to_h
headline_lagged_macro,headline,lag_tdc_bank_only_qoq|lag_fedfunds|lag_unemployment|lag_inflation,other_component_qoq,6,-128.35022879375526,36.097839261929686,-199.10199374713744,-57.598463840373086,113,control_sensitivity,tdc_residual_z,rolling_oos_standard_deviation,cumulative_sum_h0_to_h
headline_lagged_macro,headline,lag_tdc_bank_only_qoq|lag_fedfunds|lag_unemployment|lag_inflation,other_component_qoq,7,-123.49309907480924,43.29142499957037,-208.34429207396715,-38.64190607565132,112,control_sensitivity,tdc_residual_z,rolling_oos_standard_deviation,cumulative_sum_h0_to_h
headline_lagged_macro,headline,lag_tdc_bank_only_qoq|lag_fedfunds|lag_unemployment|lag_inflation,other_component_qoq,8,-137.14820495288674,48.01420550118734,-231.25604773521394,-43.04036217055956,111,control_sensitivity,tdc_residual_z,rolling_oos_standard_deviation,cumulative_sum_h0_to_h
headline_lagged_macro,headline,lag_tdc_bank_only_qoq|lag_fedfunds|lag_unemployment|lag_inflation,accounting_deposit_substitution_qoq,0,0.06311304113808158,0.747489248086963,-1.401965885112366,1.5281919673885291,92,control_sensitivity,tdc_residual_z,rolling_oos_standard_deviation,cumulative_sum_h0_to_h
headline_lagged_macro,headline,lag_tdc_bank_only_qoq|lag_fedfunds|lag_unemployment|lag_inflation,accounting_deposit_substitution_qoq,1,-2.504916003860984,3.690020320376671,-9.73735583179926,4.727523824077291,91,control_sensitivity,tdc_residual_z,rolling_oos_standard_deviation,cumulative_sum_h0_to_h
headline_lagged_macro,headline,lag_tdc_bank_only_qoq|lag_fedfunds|lag_unemployment|lag_inflation,accounting_deposit_substitution_qoq,2,-4.454833148936697,3.4796119630578786,-11.274872596530138,2.3652062986567453,90,control_sensitivity,tdc_residual_z,rolling_oos_standard_deviation,cumulative_sum_h0_to_h
headline_lagged_macro,headline,lag_tdc_bank_only_qoq|lag_fedfunds|lag_unemployment|lag_inflation,accounting_deposit_substitution_qoq,3,-8.277736608275786,5.555705378811528,-19.16691915074638,2.6114459341948084,89,control_sensitivity,tdc_residual_z,rolling_oos_standard_deviation,cumulative_sum_h0_to_h
headline_lagged_macro,headline,lag_tdc_bank_only_qoq|lag_fedfunds|lag_unemployment|lag_inflation,accounting_deposit_substitution_qoq,4,-3.0126403875425227,3.166104185749512,-9.218204591611567,3.1929238165265206,88,control_sensitivity,tdc_residual_z,rolling_oos_standard_deviation,cumulative_sum_h0_to_h
headline_lagged_macro,headline,lag_tdc_bank_only_qoq|lag_fedfunds|lag_unemployment|lag_inflation,accounting_deposit_substitution_qoq,5,1.2634113968312188,2.30349892768171,-3.2514465014249323,5.77826929508737,87,control_sensitivity,tdc_residual_z,rolling_oos_standard_deviation,cumulative_sum_h0_to_h
headline_lagged_macro,headline,lag_tdc_bank_only_qoq|lag_fedfunds|lag_unemployment|lag_inflation,accounting_deposit_substitution_qoq,6,0.9385375260206761,2.6610035121663715,-4.277029357825412,6.154104409866764,86,control_sensitivity,tdc_residual_z,rolling_oos_standard_deviation,cumulative_sum_h0_to_h
headline_lagged_macro,headline,lag_tdc_bank_only_qoq|lag_fedfunds|lag_unemployment|lag_inflation,accounting_deposit_substitution_qoq,7,-4.829074979979257,3.3201798360988795,-11.33662745873306,1.678477498774546,85,control_sensitivity,tdc_residual_z,rolling_oos_standard_deviation,cumulative_sum_h0_to_h
headline_lagged_macro,headline,lag_tdc_bank_only_qoq|lag_fedfunds|lag_unemployment|lag_inflation,accounting_deposit_substitution_qoq,8,-5.959075131005311,3.706949568932337,-13.224696286112692,1.3065460241020697,84,control_sensitivity,tdc_residual_z,rolling_oos_standard_deviation,cumulative_sum_h0_to_h
headline_lagged_macro,headline,lag_tdc_bank_only_qoq|lag_fedfunds|lag_unemployment|lag_inflation,accounting_bank_balance_sheet_qoq,0,-22.361894157006002,10.07868924538257,-42.11612507795584,-2.6076632360561653,92,control_sensitivity,tdc_residual_z,rolling_oos_standard_deviation,cumulative_sum_h0_to_h
headline_lagged_macro,headline,lag_tdc_bank_only_qoq|lag_fedfunds|lag_unemployment|lag_inflation,accounting_bank_balance_sheet_qoq,1,-29.4354067209874,14.667083767224327,-58.18289090474708,-0.6879225372277205,91,control_sensitivity,tdc_residual_z,rolling_oos_standard_deviation,cumulative_sum_h0_to_h
headline_lagged_macro,headline,lag_tdc_bank_only_qoq|lag_fedfunds|lag_unemployment|lag_inflation,accounting_bank_balance_sheet_qoq,2,-44.068909602057225,16.277255281798418,-75.97232995438212,-12.165489249732328,90,control_sensitivity,tdc_residual_z,rolling_oos_standard_deviation,cumulative_sum_h0_to_h
headline_lagged_macro,headline,lag_tdc_bank_only_qoq|lag_fedfunds|lag_unemployment|lag_inflation,accounting_bank_balance_sheet_qoq,3,-28.696201360512823,21.2174749281419,-70.28245221967094,12.890049498645304,89,control_sensitivity,tdc_residual_z,rolling_oos_standard_deviation,cumulative_sum_h0_to_h
headline_lagged_macro,headline,lag_tdc_bank_only_qoq|lag_fedfunds|lag_unemployment|lag_inflation,accounting_bank_balance_sheet_qoq,4,-41.06637675193981,21.88310419519333,-83.95726097451873,1.8245074706391122,88,control_sensitivity,tdc_residual_z,rolling_oos_standard_deviation,cumulative_sum_h0_to_h
headline_lagged_macro,headline,lag_tdc_bank_only_qoq|lag_fedfunds|lag_unemployment|lag_inflation,accounting_bank_balance_sheet_qoq,5,-29.275603564577146,22.80351140630927,-73.9704859209433,15.419278791789019,87,control_sensitivity,tdc_residual_z,rolling_oos_standard_deviation,cumulative_sum_h0_to_h
headline_lagged_macro,headline,lag_tdc_bank_only_qoq|lag_fedfunds|lag_unemployment|lag_inflation,accounting_bank_balance_sheet_qoq,6,-41.292265600710564,26.238901214151063,-92.72051198044664,10.135980779025516,86,control_sensitivity,tdc_residual_z,rolling_oos_standard_deviation,cumulative_sum_h0_to_h
headline_lagged_macro,headline,lag_tdc_bank_only_qoq|lag_fedfunds|lag_unemployment|lag_inflation,accounting_bank_balance_sheet_qoq,7,-20.548957085978387,27.101423545204955,-73.6677472345801,32.569833062623324,85,control_sensitivity,tdc_residual_z,rolling_oos_standard_deviation,cumulative_sum_h0_to_h
headline_lagged_macro,headline,lag_tdc_bank_only_qoq|lag_fedfunds|lag_unemployment|lag_inflation,accounting_bank_balance_sheet_qoq,8,-38.196772444276945,27.18612822503924,-91.48158376535386,15.088038876799963,84,control_sensitivity,tdc_residual_z,rolling_oos_standard_deviation,cumulative_sum_h0_to_h
headline_lagged_macro,headline,lag_tdc_bank_only_qoq|lag_fedfunds|lag_unemployment|lag_inflation,accounting_public_liquidity_qoq,0,44.25298739106782,17.91758899461282,9.13451296162669,79.37146182050896,91,control_sensitivity,tdc_residual_z,rolling_oos_standard_deviation,cumulative_sum_h0_to_h
headline_lagged_macro,headline,lag_tdc_bank_only_qoq|lag_fedfunds|lag_unemployment|lag_inflation,accounting_public_liquidity_qoq,1,34.098232376807246,31.36273244683265,-27.372723218984746,95.56918797259924,90,control_sensitivity,tdc_residual_z,rolling_oos_standard_deviation,cumulative_sum_h0_to_h
headline_lagged_macro,headline,lag_tdc_bank_only_qoq|lag_fedfunds|lag_unemployment|lag_inflation,accounting_public_liquidity_qoq,2,35.34366518574228,45.83332372682406,-54.489649318832875,125.17697969031744,89,control_sensitivity,tdc_residual_z,rolling_oos_standard_deviation,cumulative_sum_h0_to_h
headline_lagged_macro,headline,lag_tdc_bank_only_qoq|lag_fedfunds|lag_unemployment|lag_inflation,accounting_public_liquidity_qoq,3,16.925725274966688,42.5782015275016,-66.52754971893646,100.37900026886982,88,control_sensitivity,tdc_residual_z,rolling_oos_standard_deviation,cumulative_sum_h0_to_h
headline_lagged_macro,headline,lag_tdc_bank_only_qoq|lag_fedfunds|lag_unemployment|lag_inflation,accounting_public_liquidity_qoq,4,19.84686499619064,33.39625665787548,-45.60979805324531,85.30352804562659,87,control_sensitivity,tdc_residual_z,rolling_oos_standard_deviation,cumulative_sum_h0_to_h
headline_lagged_macro,headline,lag_tdc_bank_only_qoq|lag_fedfunds|lag_unemployment|lag_inflation,accounting_public_liquidity_qoq,5,20.006164852375193,28.160189363785044,-35.187806300643494,75.20013600539389,86,control_sensitivity,tdc_residual_z,rolling_oos_standard_deviation,cumulative_sum_h0_to_h
headline_lagged_macro,headline,lag_tdc_bank_only_qoq|lag_fedfunds|lag_unemployment|lag_inflation,accounting_public_liquidity_qoq,6,50.93872292433582,28.57530886334513,-5.068882447820627,106.94632829649227,85,control_sensitivity,tdc_residual_z,rolling_oos_standard_deviation,cumulative_sum_h0_to_h
headline_lagged_macro,headline,lag_tdc_bank_only_qoq|lag_fedfunds|lag_unemployment|lag_inflation,accounting_public_liquidity_qoq,7,55.402306258227824,33.18690774228389,-9.644032916648598,120.44864543310425,84,control_sensitivity,tdc_residual_z,rolling_oos_standard_deviation,cumulative_sum_h0_to_h
headline_lagged_macro,headline,lag_tdc_bank_only_qoq|lag_fedfunds|lag_unemployment|lag_inflation,accounting_public_liquidity_qoq,8,67.44567080413596,36.39311140642386,-3.8848275524548086,138.77616916072674,83,control_sensitivity,tdc_residual_z,rolling_oos_standard_deviation,cumulative_sum_h0_to_h
headline_lagged_macro,headline,lag_tdc_bank_only_qoq|lag_fedfunds|lag_unemployment|lag_inflation,accounting_external_flow_qoq,0,-88.48626992626153,24.393641008189945,-136.29780630231383,-40.67473355020923,92,control_sensitivity,tdc_residual_z,rolling_oos_standard_deviation,cumulative_sum_h0_to_h
headline_lagged_macro,headline,lag_tdc_bank_only_qoq|lag_fedfunds|lag_unemployment|lag_inflation,accounting_external_flow_qoq,1,-84.7544712039797,45.59553745417894,-174.12172461417043,4.612782206211008,91,control_sensitivity,tdc_residual_z,rolling_oos_standard_deviation,cumulative_sum_h0_to_h
headline_lagged_macro,headline,lag_tdc_bank_only_qoq|lag_fedfunds|lag_unemployment|lag_inflation,accounting_external_flow_qoq,2,-101.47610949143979,64.92078368087395,-228.72084550595275,25.768626523073166,90,control_sensitivity,tdc_residual_z,rolling_oos_standard_deviation,cumulative_sum_h0_to_h
headline_lagged_macro,headline,lag_tdc_bank_only_qoq|lag_fedfunds|lag_unemployment|lag_inflation,accounting_external_flow_qoq,3,-60.29852322526166,63.80862503790051,-185.36342829954668,64.76638184902335,89,control_sensitivity,tdc_residual_z,rolling_oos_standard_deviation,cumulative_sum_h0_to_h
headline_lagged_macro,headline,lag_tdc_bank_only_qoq|lag_fedfunds|lag_unemployment|lag_inflation,accounting_external_flow_qoq,4,-58.54164299528435,53.08002574199129,-162.57849344958728,45.49520745901859,88,control_sensitivity,tdc_residual_z,rolling_oos_standard_deviation,cumulative_sum_h0_to_h
headline_lagged_macro,headline,lag_tdc_bank_only_qoq|lag_fedfunds|lag_unemployment|lag_inflation,accounting_external_flow_qoq,5,-96.88611367849758,54.84599652395963,-204.38426686545844,10.612039508463283,87,control_sensitivity,tdc_residual_z,rolling_oos_standard_deviation,cumulative_sum_h0_to_h
headline_lagged_macro,headline,lag_tdc_bank_only_qoq|lag_fedfunds|lag_unemployment|lag_inflation,accounting_external_flow_qoq,6,-164.73074360286859,56.328906557221146,-275.135400455022,-54.32608675071515,86,control_sensitivity,tdc_residual_z,rolling_oos_standard_deviation,cumulative_sum_h0_to_h
headline_lagged_macro,headline,lag_tdc_bank_only_qoq|lag_fedfunds|lag_unemployment|lag_inflation,accounting_external_flow_qoq,7,-175.60831401159953,65.27329727567086,-303.5439766719144,-47.67265135128466,85,control_sensitivity,tdc_residual_z,rolling_oos_standard_deviation,cumulative_sum_h0_to_h
headline_lagged_macro,headline,lag_tdc_bank_only_qoq|lag_fedfunds|lag_unemployment|lag_inflation,accounting_external_flow_qoq,8,-183.95499745372663,70.34607208873,-321.8332987476374,-46.07669615981584,84,control_sensitivity,tdc_residual_z,rolling_oos_standard_deviation,cumulative_sum_h0_to_h
headline_lagged_macro,headline,lag_tdc_bank_only_qoq|lag_fedfunds|lag_unemployment|lag_inflation,accounting_identity_total_qoq,0,-65.03773830060437,15.613096137202154,-95.6394067295206,-34.436069871688154,91,control_sensitivity,tdc_residual_z,rolling_oos_standard_deviation,cumulative_sum_h0_to_h
headline_lagged_macro,headline,lag_tdc_bank_only_qoq|lag_fedfunds|lag_unemployment|lag_inflation,accounting_identity_total_qoq,1,-83.55130148086025,34.46337169373859,-151.09951000058788,-16.003092961132623,90,control_sensitivity,tdc_residual_z,rolling_oos_standard_deviation,cumulative_sum_h0_to_h
headline_lagged_macro,headline,lag_tdc_bank_only_qoq|lag_fedfunds|lag_unemployment|lag_inflation,accounting_identity_total_qoq,2,-117.61410941792504,40.60364850329981,-197.19726048439264,-38.030958351457414,89,control_sensitivity,tdc_residual_z,rolling_oos_standard_deviation,cumulative_sum_h0_to_h
headline_lagged_macro,headline,lag_tdc_bank_only_qoq|lag_fedfunds|lag_unemployment|lag_inflation,accounting_identity_total_qoq,3,-86.13835218668801,42.37189807801763,-169.18727241960255,-3.089431953773456,88,control_sensitivity,tdc_residual_z,rolling_oos_standard_deviation,cumulative_sum_h0_to_h
headline_lagged_macro,headline,lag_tdc_bank_only_qoq|lag_fedfunds|lag_unemployment|lag_inflation,accounting_identity_total_qoq,4,-91.50872100732244,36.92114023157932,-163.8741558612179,-19.14328615342697,87,control_sensitivity,tdc_residual_z,rolling_oos_standard_deviation,cumulative_sum_h0_to_h
headline_lagged_macro,headline,lag_tdc_bank_only_qoq|lag_fedfunds|lag_unemployment|lag_inflation,accounting_identity_total_qoq,5,-114.11981176791451,36.0920153662743,-184.86016188581215,-43.37946165001688,86,control_sensitivity,tdc_residual_z,rolling_oos_standard_deviation,cumulative_sum_h0_to_h
headline_lagged_macro,headline,lag_tdc_bank_only_qoq|lag_fedfunds|lag_unemployment|lag_inflation,accounting_identity_total_qoq,6,-162.8226776457021,38.486620365526655,-238.25645356213434,-87.38890172926986,85,control_sensitivity,tdc_residual_z,rolling_oos_standard_deviation,cumulative_sum_h0_to_h
headline_lagged_macro,headline,lag_tdc_bank_only_qoq|lag_fedfunds|lag_unemployment|lag_inflation,accounting_identity_total_qoq,7,-156.3215613708605,48.14349908066974,-250.6828195689732,-61.960303172747814,84,control_sensitivity,tdc_residual_z,rolling_oos_standard_deviation,cumulative_sum_h0_to_h
headline_lagged_macro,headline,lag_tdc_bank_only_qoq|lag_fedfunds|lag_unemployment|lag_inflation,accounting_identity_total_qoq,8,-167.02611592089917,56.071301101274074,-276.92586607939637,-57.12636576240199,83,control_sensitivity,tdc_residual_z,rolling_oos_standard_deviation,cumulative_sum_h0_to_h
headline_lagged_macro,headline,lag_tdc_bank_only_qoq|lag_fedfunds|lag_unemployment|lag_inflation,accounting_identity_gap_qoq,0,-0.641483087652235,0.922911243524295,-2.4503891249598535,1.1674229496553832,91,control_sensitivity,tdc_residual_z,rolling_oos_standard_deviation,cumulative_sum_h0_to_h
headline_lagged_macro,headline,lag_tdc_bank_only_qoq|lag_fedfunds|lag_unemployment|lag_inflation,accounting_identity_gap_qoq,1,-2.56764787432439,1.6208877340336512,-5.744587833030346,0.6092920843815666,90,control_sensitivity,tdc_residual_z,rolling_oos_standard_deviation,cumulative_sum_h0_to_h
headline_lagged_macro,headline,lag_tdc_bank_only_qoq|lag_fedfunds|lag_unemployment|lag_inflation,accounting_identity_gap_qoq,2,-3.6092931948144695,2.6671430786630363,-8.83689362899402,1.6183072393650813,89,control_sensitivity,tdc_residual_z,rolling_oos_standard_deviation,cumulative_sum_h0_to_h
headline_lagged_macro,headline,lag_tdc_bank_only_qoq|lag_fedfunds|lag_unemployment|lag_inflation,accounting_identity_gap_qoq,3,-1.0294474489911591,2.7402328223436903,-6.400303780784792,4.341408882802473,88,control_sensitivity,tdc_residual_z,rolling_oos_standard_deviation,cumulative_sum_h0_to_h
headline_lagged_macro,headline,lag_tdc_bank_only_qoq|lag_fedfunds|lag_unemployment|lag_inflation,accounting_identity_gap_qoq,4,-2.534574523609713,2.687431442485769,-7.80194015088182,2.732791103662394,87,control_sensitivity,tdc_residual_z,rolling_oos_standard_deviation,cumulative_sum_h0_to_h
headline_lagged_macro,headline,lag_tdc_bank_only_qoq|lag_fedfunds|lag_unemployment|lag_inflation,accounting_identity_gap_qoq,5,-1.5779476572899658,3.465512090759047,-8.370351355177698,5.214456040597766,86,control_sensitivity,tdc_residual_z,rolling_oos_standard_deviation,cumulative_sum_h0_to_h
headline_lagged_macro,headline,lag_tdc_bank_only_qoq|lag_fedfunds|lag_unemployment|lag_inflation,accounting_identity_gap_qoq,6,-1.930544175944168,3.805424194704382,-9.389175597564757,5.528087245676421,85,control_sensitivity,tdc_residual_z,rolling_oos_standard_deviation,cumulative_sum_h0_to_h
headline_lagged_macro,headline,lag_tdc_bank_only_qoq|lag_fedfunds|lag_unemployment|lag_inflation,accounting_identity_gap_qoq,7,-0.22732076952482094,4.83323557724488,-9.700462500924786,9.245820961875143,84,control_sensitivity,tdc_residual_z,rolling_oos_standard_deviation,cumulative_sum_h0_to_h
headline_lagged_macro,headline,lag_tdc_bank_only_qoq|lag_fedfunds|lag_unemployment|lag_inflation,accounting_identity_gap_qoq,8,-1.728467544265366,4.114124897945523,-9.79215234423859,6.335217255707858,83,control_sensitivity,tdc_residual_z,rolling_oos_standard_deviation,cumulative_sum_h0_to_h
headline_lagged_macro,headline,lag_tdc_bank_only_qoq|lag_fedfunds|lag_unemployment|lag_inflation,strict_loan_source_qoq,0,-14.361312827632876,5.346581169933267,-24.84061192070208,-3.8820137345636727,119,control_sensitivity,tdc_residual_z,rolling_oos_standard_deviation,cumulative_sum_h0_to_h
headline_lagged_macro,headline,lag_tdc_bank_only_qoq|lag_fedfunds|lag_unemployment|lag_inflation,strict_loan_source_qoq,1,-16.059645508791995,6.610266419263587,-29.015767690548625,-3.103523327035365,118,control_sensitivity,tdc_residual_z,rolling_oos_standard_deviation,cumulative_sum_h0_to_h
headline_lagged_macro,headline,lag_tdc_bank_only_qoq|lag_fedfunds|lag_unemployment|lag_inflation,strict_loan_source_qoq,2,-28.061312668871658,8.376515106535408,-44.47928227768105,-11.64334306006226,117,control_sensitivity,tdc_residual_z,rolling_oos_standard_deviation,cumulative_sum_h0_to_h
headline_lagged_macro,headline,lag_tdc_bank_only_qoq|lag_fedfunds|lag_unemployment|lag_inflation,strict_loan_source_qoq,3,-15.436018730398068,13.967395033019509,-42.81211299511631,11.940075534320169,116,control_sensitivity,tdc_residual_z,rolling_oos_standard_deviation,cumulative_sum_h0_to_h
headline_lagged_macro,headline,lag_tdc_bank_only_qoq|lag_fedfunds|lag_unemployment|lag_inflation,strict_loan_source_qoq,4,-23.7266209046791,18.357054361780644,-59.70644745376916,12.253205644410965,115,control_sensitivity,tdc_residual_z,rolling_oos_standard_deviation,cumulative_sum_h0_to_h
headline_lagged_macro,headline,lag_tdc_bank_only_qoq|lag_fedfunds|lag_unemployment|lag_inflation,strict_loan_source_qoq,5,-18.10633579096514,25.10022450385742,-67.30277581852567,31.0901042365954,114,control_sensitivity,tdc_residual_z,rolling_oos_standard_deviation,cumulative_sum_h0_to_h
headline_lagged_macro,headline,lag_tdc_bank_only_qoq|lag_fedfunds|lag_unemployment|lag_inflation,strict_loan_source_qoq,6,-21.620042010328014,28.812923060183998,-78.09337120828866,34.853287187632624,113,control_sensitivity,tdc_residual_z,rolling_oos_standard_deviation,cumulative_sum_h0_to_h
headline_lagged_macro,headline,lag_tdc_bank_only_qoq|lag_fedfunds|lag_unemployment|lag_inflation,strict_loan_source_qoq,7,-6.782359421050984,31.984165663949764,-69.47132412239252,55.90660528029055,112,control_sensitivity,tdc_residual_z,rolling_oos_standard_deviation,cumulative_sum_h0_to_h
headline_lagged_macro,headline,lag_tdc_bank_only_qoq|lag_fedfunds|lag_unemployment|lag_inflation,strict_loan_source_qoq,8,-17.516864309908087,33.777073927193335,-83.71992920720702,48.68620058739084,111,control_sensitivity,tdc_residual_z,rolling_oos_standard_deviation,cumulative_sum_h0_to_h
headline_lagged_macro,headline,lag_tdc_bank_only_qoq|lag_fedfunds|lag_unemployment|lag_inflation,strict_loan_mortgages_qoq,0,-3.978042275219278,2.059968682069893,-8.015580892076269,0.059496341637712113,119,control_sensitivity,tdc_residual_z,rolling_oos_standard_deviation,cumulative_sum_h0_to_h
headline_lagged_macro,headline,lag_tdc_bank_only_qoq|lag_fedfunds|lag_unemployment|lag_inflation,strict_loan_mortgages_qoq,1,-2.8935524836688646,3.477198064430388,-9.708860689952425,3.921755722614696,118,control_sensitivity,tdc_residual_z,rolling_oos_standard_deviation,cumulative_sum_h0_to_h
headline_lagged_macro,headline,lag_tdc_bank_only_qoq|lag_fedfunds|lag_unemployment|lag_inflation,strict_loan_mortgages_qoq,2,-4.252697957577334,4.927504407646077,-13.910606596563644,5.405210681408976,117,control_sensitivity,tdc_residual_z,rolling_oos_standard_deviation,cumulative_sum_h0_to_h
headline_lagged_macro,headline,lag_tdc_bank_only_qoq|lag_fedfunds|lag_unemployment|lag_inflation,strict_loan_mortgages_qoq,3,-1.9161427420397015,6.968328502547211,-15.574066607032234,11.741781122952831,116,control_sensitivity,tdc_residual_z,rolling_oos_standard_deviation,cumulative_sum_h0_to_h
headline_lagged_macro,headline,lag_tdc_bank_only_qoq|lag_fedfunds|lag_unemployment|lag_inflation,strict_loan_mortgages_qoq,4,-2.7723501785221565,9.742659941859554,-21.867963664566883,16.32326330752257,115,control_sensitivity,tdc_residual_z,rolling_oos_standard_deviation,cumulative_sum_h0_to_h
headline_lagged_macro,headline,lag_tdc_bank_only_qoq|lag_fedfunds|lag_unemployment|lag_inflation,strict_loan_mortgages_qoq,5,1.3751145428450222,13.1080084548082,-24.31658202857905,27.066811114269093,114,control_sensitivity,tdc_residual_z,rolling_oos_standard_deviation,cumulative_sum_h0_to_h
headline_lagged_macro,headline,lag_tdc_bank_only_qoq|lag_fedfunds|lag_unemployment|lag_inflation,strict_loan_mortgages_qoq,6,4.5849297882173765,15.869023186745315,-26.51835565780344,35.68821523423819,113,control_sensitivity,tdc_residual_z,rolling_oos_standard_deviation,cumulative_sum_h0_to_h
headline_lagged_macro,headline,lag_tdc_bank_only_qoq|lag_fedfunds|lag_unemployment|lag_inflation,strict_loan_mortgages_qoq,7,8.079094322923499,17.576230730196055,-26.37031790826077,42.528506554107764,112,control_sensitivity,tdc_residual_z,rolling_oos_standard_deviation,cumulative_sum_h0_to_h
headline_lagged_macro,headline,lag_tdc_bank_only_qoq|lag_fedfunds|lag_unemployment|lag_inflation,strict_loan_mortgages_qoq,8,6.643857080006978,19.70033795679215,-31.968805315305634,45.25651947531959,111,control_sensitivity,tdc_residual_z,rolling_oos_standard_deviation,cumulative_sum_h0_to_h
headline_lagged_macro,headline,lag_tdc_bank_only_qoq|lag_fedfunds|lag_unemployment|lag_inflation,strict_loan_consumer_credit_qoq,0,-4.727049310636028,2.0861980177621144,-8.815997425449773,-0.6381011958222835,119,control_sensitivity,tdc_residual_z,rolling_oos_standard_deviation,cumulative_sum_h0_to_h
headline_lagged_macro,headline,lag_tdc_bank_only_qoq|lag_fedfunds|lag_unemployment|lag_inflation,strict_loan_consumer_credit_qoq,1,-7.303482537870657,3.178816914792057,-13.53396369086309,-1.0730013848782258,118,control_sensitivity,tdc_residual_z,rolling_oos_standard_deviation,cumulative_sum_h0_to_h
headline_lagged_macro,headline,lag_tdc_bank_only_qoq|lag_fedfunds|lag_unemployment|lag_inflation,strict_loan_consumer_credit_qoq,2,-7.5959349612566305,3.732369718719466,-14.911379609946785,-0.28049031256647705,117,control_sensitivity,tdc_residual_z,rolling_oos_standard_deviation,cumulative_sum_h0_to_h
headline_lagged_macro,headline,lag_tdc_bank_only_qoq|lag_fedfunds|lag_unemployment|lag_inflation,strict_loan_consumer_credit_qoq,3,-6.349775817981893,4.449132763548283,-15.070076034536527,2.3705243985727407,116,control_sensitivity,tdc_residual_z,rolling_oos_standard_deviation,cumulative_sum_h0_to_h
headline_lagged_macro,headline,lag_tdc_bank_only_qoq|lag_fedfunds|lag_unemployment|lag_inflation,strict_loan_consumer_credit_qoq,4,-9.050428927665745,5.399794509873013,-19.63402616701685,1.53316831168536,115,control_sensitivity,tdc_residual_z,rolling_oos_standard_deviation,cumulative_sum_h0_to_h
headline_lagged_macro,headline,lag_tdc_bank_only_qoq|lag_fedfunds|lag_unemployment|lag_inflation,strict_loan_consumer_credit_qoq,5,-7.4340687965255885,6.279277196055922,-19.741452100795193,4.873314507744018,114,control_sensitivity,tdc_residual_z,rolling_oos_standard_deviation,cumulative_sum_h0_to_h
headline_lagged_macro,headline,lag_tdc_bank_only_qoq|lag_fedfunds|lag_unemployment|lag_inflation,strict_loan_consumer_credit_qoq,6,-7.023285146782763,6.125275003363749,-19.02882415337571,4.982253859810184,113,control_sensitivity,tdc_residual_z,rolling_oos_standard_deviation,cumulative_sum_h0_to_h
headline_lagged_macro,headline,lag_tdc_bank_only_qoq|lag_fedfunds|lag_unemployment|lag_inflation,strict_loan_consumer_credit_qoq,7,-5.171787858973913,6.603574287591319,-18.114793462652898,7.771217744705073,112,control_sensitivity,tdc_residual_z,rolling_oos_standard_deviation,cumulative_sum_h0_to_h
headline_lagged_macro,headline,lag_tdc_bank_only_qoq|lag_fedfunds|lag_unemployment|lag_inflation,strict_loan_consumer_credit_qoq,8,-7.191490548742362,6.382903732070525,-19.70198186360059,5.319000766115867,111,control_sensitivity,tdc_residual_z,rolling_oos_standard_deviation,cumulative_sum_h0_to_h
headline_lagged_macro,headline,lag_tdc_bank_only_qoq|lag_fedfunds|lag_unemployment|lag_inflation,strict_loan_di_loans_nec_qoq,0,-3.0570197270342403,5.662204476086389,-14.154940500163562,8.040901046095083,119,control_sensitivity,tdc_residual_z,rolling_oos_standard_deviation,cumulative_sum_h0_to_h
headline_lagged_macro,headline,lag_tdc_bank_only_qoq|lag_fedfunds|lag_unemployment|lag_inflation,strict_loan_di_loans_nec_qoq,1,-3.3807175717467874,7.944511148946434,-18.9519594236818,12.190524280188223,118,control_sensitivity,tdc_residual_z,rolling_oos_standard_deviation,cumulative_sum_h0_to_h
headline_lagged_macro,headline,lag_tdc_bank_only_qoq|lag_fedfunds|lag_unemployment|lag_inflation,strict_loan_di_loans_nec_qoq,2,-11.45240611872982,7.99471939829949,-27.122056139396822,4.217243901937181,117,control_sensitivity,tdc_residual_z,rolling_oos_standard_deviation,cumulative_sum_h0_to_h
headline_lagged_macro,headline,lag_tdc_bank_only_qoq|lag_fedfunds|lag_unemployment|lag_inflation,strict_loan_di_loans_nec_qoq,3,-7.906797941166435,8.541827491824296,-24.648779825142057,8.835183942809188,116,control_sensitivity,tdc_residual_z,rolling_oos_standard_deviation,cumulative_sum_h0_to_h
headline_lagged_macro,headline,lag_tdc_bank_only_qoq|lag_fedfunds|lag_unemployment|lag_inflation,strict_loan_di_loans_nec_qoq,4,-12.188680634789879,9.823259937200394,-31.44227011170265,7.064908842122893,115,control_sensitivity,tdc_residual_z,rolling_oos_standard_deviation,cumulative_sum_h0_to_h
headline_lagged_macro,headline,lag_tdc_bank_only_qoq|lag_fedfunds|lag_unemployment|lag_inflation,strict_loan_di_loans_nec_qoq,5,-11.66369303646767,11.008775359169402,-33.2408927404397,9.913506667504357,114,control_sensitivity,tdc_residual_z,rolling_oos_standard_deviation,cumulative_sum_h0_to_h
headline_lagged_macro,headline,lag_tdc_bank_only_qoq|lag_fedfunds|lag_unemployment|lag_inflation,strict_loan_di_loans_nec_qoq,6,-17.241069910569017,11.71011503174898,-40.19289537279702,5.710755551658984,113,control_sensitivity,tdc_residual_z,rolling_oos_standard_deviation,cumulative_sum_h0_to_h
headline_lagged_macro,headline,lag_tdc_bank_only_qoq|lag_fedfunds|lag_unemployment|lag_inflation,strict_loan_di_loans_nec_qoq,7,-12.447163649794241,12.929401210705096,-37.788790022776226,12.894462723187747,112,control_sensitivity,tdc_residual_z,rolling_oos_standard_deviation,cumulative_sum_h0_to_h
headline_lagged_macro,headline,lag_tdc_bank_only_qoq|lag_fedfunds|lag_unemployment|lag_inflation,strict_loan_di_loans_nec_qoq,8,-16.82313368312014,13.207213150034928,-42.7092714571886,9.063004090948318,111,control_sensitivity,tdc_residual_z,rolling_oos_standard_deviation,cumulative_sum_h0_to_h
headline_lagged_macro,headline,lag_tdc_bank_only_qoq|lag_fedfunds|lag_unemployment|lag_inflation,strict_loan_other_advances_qoq,0,0.15295182331822602,0.08233193282024996,-0.008418765009463897,0.3143224116459159,119,control_sensitivity,tdc_residual_z,rolling_oos_standard_deviation,cumulative_sum_h0_to_h
headline_lagged_macro,headline,lag_tdc_bank_only_qoq|lag_fedfunds|lag_unemployment|lag_inflation,strict_loan_other_advances_qoq,1,0.2195264950654465,0.11536152935670124,-0.0065821024736879286,0.4456350926045809,118,control_sensitivity,tdc_residual_z,rolling_oos_standard_deviation,cumulative_sum_h0_to_h
headline_lagged_macro,headline,lag_tdc_bank_only_qoq|lag_fedfunds|lag_unemployment|lag_inflation,strict_loan_other_advances_qoq,2,0.305529847052452,0.12282655722854201,0.06478979488450967,0.5462698992203944,117,control_sensitivity,tdc_residual_z,rolling_oos_standard_deviation,cumulative_sum_h0_to_h
headline_lagged_macro,headline,lag_tdc_bank_only_qoq|lag_fedfunds|lag_unemployment|lag_inflation,strict_loan_other_advances_qoq,3,0.29040708213995814,0.14737933669615103,0.0015435822155021595,0.5792705820644142,116,control_sensitivity,tdc_residual_z,rolling_oos_standard_deviation,cumulative_sum_h0_to_h
headline_lagged_macro,headline,lag_tdc_bank_only_qoq|lag_fedfunds|lag_unemployment|lag_inflation,strict_loan_other_advances_qoq,4,0.19849107280168377,0.15541539734723256,-0.10612310599889202,0.5031052516022596,115,control_sensitivity,tdc_residual_z,rolling_oos_standard_deviation,cumulative_sum_h0_to_h
headline_lagged_macro,headline,lag_tdc_bank_only_qoq|lag_fedfunds|lag_unemployment|lag_inflation,strict_loan_other_advances_qoq,5,0.08239478561949953,0.16443966185333805,-0.23990695161304304,0.4046965228520421,114,control_sensitivity,tdc_residual_z,rolling_oos_standard_deviation,cumulative_sum_h0_to_h
headline_lagged_macro,headline,lag_tdc_bank_only_qoq|lag_fedfunds|lag_unemployment|lag_inflation,strict_loan_other_advances_qoq,6,0.1416305977240887,0.1720509011978172,-0.19558916862363301,0.4788503640718104,113,control_sensitivity,tdc_residual_z,rolling_oos_standard_deviation,cumulative_sum_h0_to_h
headline_lagged_macro,headline,lag_tdc_bank_only_qoq|lag_fedfunds|lag_unemployment|lag_inflation,strict_loan_other_advances_qoq,7,0.15429052150508174,0.17177758488391026,-0.18239354486738238,0.4909745878775459,112,control_sensitivity,tdc_residual_z,rolling_oos_standard_deviation,cumulative_sum_h0_to_h
headline_lagged_macro,headline,lag_tdc_bank_only_qoq|lag_fedfunds|lag_unemployment|lag_inflation,strict_loan_other_advances_qoq,8,0.07963168554030665,0.17598212909506744,-0.26529328748602554,0.4245566585666388,111,control_sensitivity,tdc_residual_z,rolling_oos_standard_deviation,cumulative_sum_h0_to_h
headline_lagged_macro,headline,lag_tdc_bank_only_qoq|lag_fedfunds|lag_unemployment|lag_inflation,strict_non_treasury_agency_gse_qoq,0,7.8016916235167635,2.3587373541175256,3.1785664094464137,12.424816837587112,119,control_sensitivity,tdc_residual_z,rolling_oos_standard_deviation,cumulative_sum_h0_to_h
headline_lagged_macro,headline,lag_tdc_bank_only_qoq|lag_fedfunds|lag_unemployment|lag_inflation,strict_non_treasury_agency_gse_qoq,1,9.485803966558853,4.2213107414688595,1.2120349132798882,17.759573019837816,118,control_sensitivity,tdc_residual_z,rolling_oos_standard_deviation,cumulative_sum_h0_to_h
headline_lagged_macro,headline,lag_tdc_bank_only_qoq|lag_fedfunds|lag_unemployment|lag_inflation,strict_non_treasury_agency_gse_qoq,2,10.972795461059953,6.466222730543331,-1.7010010908049757,23.64659201292488,117,control_sensitivity,tdc_residual_z,rolling_oos_standard_deviation,cumulative_sum_h0_to_h
headline_lagged_macro,headline,lag_tdc_bank_only_qoq|lag_fedfunds|lag_unemployment|lag_inflation,strict_non_treasury_agency_gse_qoq,3,11.541389398532043,9.384048454986518,-6.851345573241531,29.934124370305618,116,control_sensitivity,tdc_residual_z,rolling_oos_standard_deviation,cumulative_sum_h0_to_h
headline_lagged_macro,headline,lag_tdc_bank_only_qoq|lag_fedfunds|lag_unemployment|lag_inflation,strict_non_treasury_agency_gse_qoq,4,18.212772721844185,12.978476629145758,-7.2250414712815,43.65058691496987,115,control_sensitivity,tdc_residual_z,rolling_oos_standard_deviation,cumulative_sum_h0_to_h
headline_lagged_macro,headline,lag_tdc_bank_only_qoq|lag_fedfunds|lag_unemployment|lag_inflation,strict_non_treasury_agency_gse_qoq,5,17.889667510490618,15.390552932731708,-12.27581623766353,48.05515125864477,114,control_sensitivity,tdc_residual_z,rolling_oos_standard_deviation,cumulative_sum_h0_to_h
headline_lagged_macro,headline,lag_tdc_bank_only_qoq|lag_fedfunds|lag_unemployment|lag_inflation,strict_non_treasury_agency_gse_qoq,6,16.362641245894373,17.05159317553042,-17.058481378145252,49.783763869934,113,control_sensitivity,tdc_residual_z,rolling_oos_standard_deviation,cumulative_sum_h0_to_h
headline_lagged_macro,headline,lag_tdc_bank_only_qoq|lag_fedfunds|lag_unemployment|lag_inflation,strict_non_treasury_agency_gse_qoq,7,13.901066483459463,18.085981605987243,-21.547457464275535,49.34959043119446,112,control_sensitivity,tdc_residual_z,rolling_oos_standard_deviation,cumulative_sum_h0_to_h
headline_lagged_macro,headline,lag_tdc_bank_only_qoq|lag_fedfunds|lag_unemployment|lag_inflation,strict_non_treasury_agency_gse_qoq,8,15.668641117398183,18.760309296946087,-21.10156510461615,52.43884733941251,111,control_sensitivity,tdc_residual_z,rolling_oos_standard_deviation,cumulative_sum_h0_to_h
headline_lagged_macro,headline,lag_tdc_bank_only_qoq|lag_fedfunds|lag_unemployment|lag_inflation,strict_non_treasury_municipal_qoq,0,-0.46780324636641424,0.5387465073673173,-1.5237464008063561,0.5881399080735278,119,control_sensitivity,tdc_residual_z,rolling_oos_standard_deviation,cumulative_sum_h0_to_h
headline_lagged_macro,headline,lag_tdc_bank_only_qoq|lag_fedfunds|lag_unemployment|lag_inflation,strict_non_treasury_municipal_qoq,1,-0.42717975463066304,0.8439100810907016,-2.081243513568438,1.226884004307112,118,control_sensitivity,tdc_residual_z,rolling_oos_standard_deviation,cumulative_sum_h0_to_h
headline_lagged_macro,headline,lag_tdc_bank_only_qoq|lag_fedfunds|lag_unemployment|lag_inflation,strict_non_treasury_municipal_qoq,2,-0.5611067673530328,1.1423433869682098,-2.800099805810724,1.6778862711046583,117,control_sensitivity,tdc_residual_z,rolling_oos_standard_deviation,cumulative_sum_h0_to_h
headline_lagged_macro,headline,lag_tdc_bank_only_qoq|lag_fedfunds|lag_unemployment|lag_inflation,strict_non_treasury_municipal_qoq,3,-0.2848442862001126,1.6150700707604737,-3.450381624890641,2.880693052490416,116,control_sensitivity,tdc_residual_z,rolling_oos_standard_deviation,cumulative_sum_h0_to_h
headline_lagged_macro,headline,lag_tdc_bank_only_qoq|lag_fedfunds|lag_unemployment|lag_inflation,strict_non_treasury_municipal_qoq,4,-0.015415143204674298,2.0810736141322805,-4.094319426903944,4.063489140494596,115,control_sensitivity,tdc_residual_z,rolling_oos_standard_deviation,cumulative_sum_h0_to_h
headline_lagged_macro,headline,lag_tdc_bank_only_qoq|lag_fedfunds|lag_unemployment|lag_inflation,strict_non_treasury_municipal_qoq,5,0.39568118153752607,2.4742082632364495,-4.453767014405915,5.245129377480967,114,control_sensitivity,tdc_residual_z,rolling_oos_standard_deviation,cumulative_sum_h0_to_h
headline_lagged_macro,headline,lag_tdc_bank_only_qoq|lag_fedfunds|lag_unemployment|lag_inflation,strict_non_treasury_municipal_qoq,6,0.4570432505659179,2.772439896285719,-4.976938946154091,5.8910254472859265,113,control_sensitivity,tdc_residual_z,rolling_oos_standard_deviation,cumulative_sum_h0_to_h
headline_lagged_macro,headline,lag_tdc_bank_only_qoq|lag_fedfunds|lag_unemployment|lag_inflation,strict_non_treasury_municipal_qoq,7,0.6085961350961733,2.9846509801969723,-5.241319786089893,6.458512056282238,112,control_sensitivity,tdc_residual_z,rolling_oos_standard_deviation,cumulative_sum_h0_to_h
headline_lagged_macro,headline,lag_tdc_bank_only_qoq|lag_fedfunds|lag_unemployment|lag_inflation,strict_non_treasury_municipal_qoq,8,0.5289735640159856,3.213655999065437,-5.769792194152271,6.827739322184242,111,control_sensitivity,tdc_residual_z,rolling_oos_standard_deviation,cumulative_sum_h0_to_h
headline_lagged_macro,headline,lag_tdc_bank_only_qoq|lag_fedfunds|lag_unemployment|lag_inflation,strict_non_treasury_corporate_foreign_bonds_qoq,0,2.2342293317151274,1.931071917096771,-1.5506716257945437,6.019130289224798,119,control_sensitivity,tdc_residual_z,rolling_oos_standard_deviation,cumulative_sum_h0_to_h
headline_lagged_macro,headline,lag_tdc_bank_only_qoq|lag_fedfunds|lag_unemployment|lag_inflation,strict_non_treasury_corporate_foreign_bonds_qoq,1,4.033675422930902,2.563846833805866,-0.9914643713285951,9.0588152171904,118,control_sensitivity,tdc_residual_z,rolling_oos_standard_deviation,cumulative_sum_h0_to_h
headline_lagged_macro,headline,lag_tdc_bank_only_qoq|lag_fedfunds|lag_unemployment|lag_inflation,strict_non_treasury_corporate_foreign_bonds_qoq,2,7.285673188946472,3.1879124601014848,1.0373647671475617,13.533981610745382,117,control_sensitivity,tdc_residual_z,rolling_oos_standard_deviation,cumulative_sum_h0_to_h
headline_lagged_macro,headline,lag_tdc_bank_only_qoq|lag_fedfunds|lag_unemployment|lag_inflation,strict_non_treasury_corporate_foreign_bonds_qoq,3,6.3617764575691735,3.424678327539597,-0.35059306440843585,13.074145979546783,116,control_sensitivity,tdc_residual_z,rolling_oos_standard_deviation,cumulative_sum_h0_to_h
headline_lagged_macro,headline,lag_tdc_bank_only_qoq|lag_fedfunds|lag_unemployment|lag_inflation,strict_non_treasury_corporate_foreign_bonds_qoq,4,7.930613823419565,4.886987820617678,-1.647882304991084,17.50910995183021,115,control_sensitivity,tdc_residual_z,rolling_oos_standard_deviation,cumulative_sum_h0_to_h
headline_lagged_macro,headline,lag_tdc_bank_only_qoq|lag_fedfunds|lag_unemployment|lag_inflation,strict_non_treasury_corporate_foreign_bonds_qoq,5,9.037935608488601,5.149166158346405,-1.0544300618703524,19.130301278847554,114,control_sensitivity,tdc_residual_z,rolling_oos_standard_deviation,cumulative_sum_h0_to_h
headline_lagged_macro,headline,lag_tdc_bank_only_qoq|lag_fedfunds|lag_unemployment|lag_inflation,strict_non_treasury_corporate_foreign_bonds_qoq,6,10.270555950230799,5.5946957171694365,-0.6950476554212965,21.236159555882892,113,control_sensitivity,tdc_residual_z,rolling_oos_standard_deviation,cumulative_sum_h0_to_h
headline_lagged_macro,headline,lag_tdc_bank_only_qoq|lag_fedfunds|lag_unemployment|lag_inflation,strict_non_treasury_corporate_foreign_bonds_qoq,7,11.732037622724903,5.791031500635356,0.3816158814796058,23.0824593639702,112,control_sensitivity,tdc_residual_z,rolling_oos_standard_deviation,cumulative_sum_h0_to_h
headline_lagged_macro,headline,lag_tdc_bank_only_qoq|lag_fedfunds|lag_unemployment|lag_inflation,strict_non_treasury_corporate_foreign_bonds_qoq,8,14.413032849431826,6.756291257269233,1.1707019851841292,27.65536371367952,111,control_sensitivity,tdc_residual_z,rolling_oos_standard_deviation,cumulative_sum_h0_to_h
headline_lagged_macro,headline,lag_tdc_bank_only_qoq|lag_fedfunds|lag_unemployment|lag_inflation,strict_non_treasury_securities_qoq,0,10.512832325809482,3.8376637009437307,2.9910114719597702,18.034653179659195,119,control_sensitivity,tdc_residual_z,rolling_oos_standard_deviation,cumulative_sum_h0_to_h
headline_lagged_macro,headline,lag_tdc_bank_only_qoq|lag_fedfunds|lag_unemployment|lag_inflation,strict_non_treasury_securities_qoq,1,14.222523995260342,5.837296169831269,2.781423502391055,25.663624488129628,118,control_sensitivity,tdc_residual_z,rolling_oos_standard_deviation,cumulative_sum_h0_to_h
headline_lagged_macro,headline,lag_tdc_bank_only_qoq|lag_fedfunds|lag_unemployment|lag_inflation,strict_non_treasury_securities_qoq,2,19.19274890721303,8.972654733630598,1.6063456292970564,36.77915218512901,117,control_sensitivity,tdc_residual_z,rolling_oos_standard_deviation,cumulative_sum_h0_to_h
headline_lagged_macro,headline,lag_tdc_bank_only_qoq|lag_fedfunds|lag_unemployment|lag_inflation,strict_non_treasury_securities_qoq,3,18.782083013278843,11.071225611665326,-2.9175191855851956,40.48168521214288,116,control_sensitivity,tdc_residual_z,rolling_oos_standard_deviation,cumulative_sum_h0_to_h
headline_lagged_macro,headline,lag_tdc_bank_only_qoq|lag_fedfunds|lag_unemployment|lag_inflation,strict_non_treasury_securities_qoq,4,26.443065297344976,16.872458899332056,-6.626954145345852,59.51308474003581,115,control_sensitivity,tdc_residual_z,rolling_oos_standard_deviation,cumulative_sum_h0_to_h
headline_lagged_macro,headline,lag_tdc_bank_only_qoq|lag_fedfunds|lag_unemployment|lag_inflation,strict_non_treasury_securities_qoq,5,27.470533352954693,20.20868389315995,-12.13848707763881,67.07955378354819,114,control_sensitivity,tdc_residual_z,rolling_oos_standard_deviation,cumulative_sum_h0_to_h
headline_lagged_macro,headline,lag_tdc_bank_only_qoq|lag_fedfunds|lag_unemployment|lag_inflation,strict_non_treasury_securities_qoq,6,27.278211788168935,22.5355113089097,-16.891390377294076,71.44781395363195,113,control_sensitivity,tdc_residual_z,rolling_oos_standard_deviation,cumulative_sum_h0_to_h
headline_lagged_macro,headline,lag_tdc_bank_only_qoq|lag_fedfunds|lag_unemployment|lag_inflation,strict_non_treasury_securities_qoq,7,26.251100871192676,23.82403097135486,-20.443999832662847,72.9462015750482,112,control_sensitivity,tdc_residual_z,rolling_oos_standard_deviation,cumulative_sum_h0_to_h
headline_lagged_macro,headline,lag_tdc_bank_only_qoq|lag_fedfunds|lag_unemployment|lag_inflation,strict_non_treasury_securities_qoq,8,30.833509805595828,26.154298752017,-20.428915748357486,82.09593535954915,111,control_sensitivity,tdc_residual_z,rolling_oos_standard_deviation,cumulative_sum_h0_to_h
headline_lagged_macro,headline,lag_tdc_bank_only_qoq|lag_fedfunds|lag_unemployment|lag_inflation,strict_identifiable_total_qoq,0,-3.3212742360073477,7.0574160358523566,-17.153809666277965,10.511261194263271,119,control_sensitivity,tdc_residual_z,rolling_oos_standard_deviation,cumulative_sum_h0_to_h
headline_lagged_macro,headline,lag_tdc_bank_only_qoq|lag_fedfunds|lag_unemployment|lag_inflation,strict_identifiable_total_qoq,1,-1.55093125282648,10.590284003470053,-22.307887899627783,19.206025393974823,118,control_sensitivity,tdc_residual_z,rolling_oos_standard_deviation,cumulative_sum_h0_to_h
headline_lagged_macro,headline,lag_tdc_bank_only_qoq|lag_fedfunds|lag_unemployment|lag_inflation,strict_identifiable_total_qoq,2,-9.563593239826258,13.308908218101196,-35.6490533473046,16.521866867652086,117,control_sensitivity,tdc_residual_z,rolling_oos_standard_deviation,cumulative_sum_h0_to_h
headline_lagged_macro,headline,lag_tdc_bank_only_qoq|lag_fedfunds|lag_unemployment|lag_inflation,strict_identifiable_total_qoq,3,2.1646944625925997,20.315036157109137,-37.65277640534131,41.982165330526506,116,control_sensitivity,tdc_residual_z,rolling_oos_standard_deviation,cumulative_sum_h0_to_h
headline_lagged_macro,headline,lag_tdc_bank_only_qoq|lag_fedfunds|lag_unemployment|lag_inflation,strict_identifiable_total_qoq,4,1.6242148598417572,26.983616569507834,-51.263673616393596,54.51210333607711,115,control_sensitivity,tdc_residual_z,rolling_oos_standard_deviation,cumulative_sum_h0_to_h
headline_lagged_macro,headline,lag_tdc_bank_only_qoq|lag_fedfunds|lag_unemployment|lag_inflation,strict_identifiable_total_qoq,5,6.454855383069557,34.50111039473189,-61.16732099060495,74.07703175674406,114,control_sensitivity,tdc_residual_z,rolling_oos_standard_deviation,cumulative_sum_h0_to_h
headline_lagged_macro,headline,lag_tdc_bank_only_qoq|lag_fedfunds|lag_unemployment|lag_inflation,strict_identifiable_total_qoq,6,1.8476544156253993,37.99797025787693,-72.62836728981338,76.32367612106418,113,control_sensitivity,tdc_residual_z,rolling_oos_standard_deviation,cumulative_sum_h0_to_h
headline_lagged_macro,headline,lag_tdc_bank_only_qoq|lag_fedfunds|lag_unemployment|lag_inflation,strict_identifiable_total_qoq,7,15.33496979981166,41.59542207435149,-66.19205746591726,96.86199706554058,112,control_sensitivity,tdc_residual_z,rolling_oos_standard_deviation,cumulative_sum_h0_to_h
headline_lagged_macro,headline,lag_tdc_bank_only_qoq|lag_fedfunds|lag_unemployment|lag_inflation,strict_identifiable_total_qoq,8,9.15206279903046,44.76379442273261,-78.58497426952545,96.88909986758637,111,control_sensitivity,tdc_residual_z,rolling_oos_standard_deviation,cumulative_sum_h0_to_h
headline_lagged_macro,headline,lag_tdc_bank_only_qoq|lag_fedfunds|lag_unemployment|lag_inflation,strict_identifiable_gap_qoq,0,-51.45101110629406,11.612583938530694,-74.21167562581422,-28.690346586773902,119,control_sensitivity,tdc_residual_z,rolling_oos_standard_deviation,cumulative_sum_h0_to_h
headline_lagged_macro,headline,lag_tdc_bank_only_qoq|lag_fedfunds|lag_unemployment|lag_inflation,strict_identifiable_gap_qoq,1,-67.5818703711079,24.5227004267397,-115.64636320751771,-19.517377534698085,118,control_sensitivity,tdc_residual_z,rolling_oos_standard_deviation,cumulative_sum_h0_to_h
headline_lagged_macro,headline,lag_tdc_bank_only_qoq|lag_fedfunds|lag_unemployment|lag_inflation,strict_identifiable_gap_qoq,2,-86.25202441447844,31.722876472819884,-148.4288623012054,-24.07518652775147,117,control_sensitivity,tdc_residual_z,rolling_oos_standard_deviation,cumulative_sum_h0_to_h
headline_lagged_macro,headline,lag_tdc_bank_only_qoq|lag_fedfunds|lag_unemployment|lag_inflation,strict_identifiable_gap_qoq,3,-69.90249529832533,32.384241895324976,-133.3756094131623,-6.429381183488381,116,control_sensitivity,tdc_residual_z,rolling_oos_standard_deviation,cumulative_sum_h0_to_h
headline_lagged_macro,headline,lag_tdc_bank_only_qoq|lag_fedfunds|lag_unemployment|lag_inflation,strict_identifiable_gap_qoq,4,-74.73928102867838,29.50488312747682,-132.56885195853295,-16.90971009882381,115,control_sensitivity,tdc_residual_z,rolling_oos_standard_deviation,cumulative_sum_h0_to_h
headline_lagged_macro,headline,lag_tdc_bank_only_qoq|lag_fedfunds|lag_unemployment|lag_inflation,strict_identifiable_gap_qoq,5,-97.6971133459243,33.62060943038145,-163.59350782947195,-31.800718862376655,114,control_sensitivity,tdc_residual_z,rolling_oos_standard_deviation,cumulative_sum_h0_to_h
headline_lagged_macro,headline,lag_tdc_bank_only_qoq|lag_fedfunds|lag_unemployment|lag_inflation,strict_identifiable_gap_qoq,6,-130.1097942637959,40.99211881285254,-210.45434713698688,-49.76524139060491,113,control_sensitivity,tdc_residual_z,rolling_oos_standard_deviation,cumulative_sum_h0_to_h
headline_lagged_macro,headline,lag_tdc_bank_only_qoq|lag_fedfunds|lag_unemployment|lag_inflation,strict_identifiable_gap_qoq,7,-136.45058127714066,45.31127270500169,-225.26067577894398,-47.64048677533734,112,control_sensitivity,tdc_residual_z,rolling_oos_standard_deviation,cumulative_sum_h0_to_h
headline_lagged_macro,headline,lag_tdc_bank_only_qoq|lag_fedfunds|lag_unemployment|lag_inflation,strict_identifiable_gap_qoq,8,-145.1436729824548,46.820325900599066,-236.91151174762896,-53.37583421728064,111,control_sensitivity,tdc_residual_z,rolling_oos_standard_deviation,cumulative_sum_h0_to_h
headline_lagged_macro,headline,lag_tdc_bank_only_qoq|lag_fedfunds|lag_unemployment|lag_inflation,bank_credit_private_qoq,0,13.417303271228572,12.79506019172449,-11.661014704551427,38.49562124700857,64,control_sensitivity,tdc_residual_z,rolling_oos_standard_deviation,cumulative_sum_h0_to_h
headline_lagged_macro,headline,lag_tdc_bank_only_qoq|lag_fedfunds|lag_unemployment|lag_inflation,bank_credit_private_qoq,1,18.26262920283891,15.074663498098188,-11.283711253433538,47.808969659111355,63,control_sensitivity,tdc_residual_z,rolling_oos_standard_deviation,cumulative_sum_h0_to_h
headline_lagged_macro,headline,lag_tdc_bank_only_qoq|lag_fedfunds|lag_unemployment|lag_inflation,bank_credit_private_qoq,2,19.584636941105167,13.579773740339196,-7.031719589959657,46.20099347216999,62,control_sensitivity,tdc_residual_z,rolling_oos_standard_deviation,cumulative_sum_h0_to_h
headline_lagged_macro,headline,lag_tdc_bank_only_qoq|lag_fedfunds|lag_unemployment|lag_inflation,bank_credit_private_qoq,3,36.01605178414327,16.90084385213539,2.8903978339579055,69.14170573432864,61,control_sensitivity,tdc_residual_z,rolling_oos_standard_deviation,cumulative_sum_h0_to_h
headline_lagged_macro,headline,lag_tdc_bank_only_qoq|lag_fedfunds|lag_unemployment|lag_inflation,bank_credit_private_qoq,4,50.72042121880935,20.002187345397477,11.516134021830297,89.9247084157884,60,control_sensitivity,tdc_residual_z,rolling_oos_standard_deviation,cumulative_sum_h0_to_h
headline_lagged_macro,headline,lag_tdc_bank_only_qoq|lag_fedfunds|lag_unemployment|lag_inflation,bank_credit_private_qoq,5,63.157400443374755,25.934009508449613,12.326741806813516,113.988059079936,59,control_sensitivity,tdc_residual_z,rolling_oos_standard_deviation,cumulative_sum_h0_to_h
headline_lagged_macro,headline,lag_tdc_bank_only_qoq|lag_fedfunds|lag_unemployment|lag_inflation,bank_credit_private_qoq,6,66.71027634143869,27.88834975631268,12.049110819065831,121.37144186381154,58,control_sensitivity,tdc_residual_z,rolling_oos_standard_deviation,cumulative_sum_h0_to_h
headline_lagged_macro,headline,lag_tdc_bank_only_qoq|lag_fedfunds|lag_unemployment|lag_inflation,bank_credit_private_qoq,7,75.77130663700238,31.629834401335987,13.776831210383847,137.76578206362092,57,control_sensitivity,tdc_residual_z,rolling_oos_standard_deviation,cumulative_sum_h0_to_h
headline_lagged_macro,headline,lag_tdc_bank_only_qoq|lag_fedfunds|lag_unemployment|lag_inflation,bank_credit_private_qoq,8,73.23477235763156,31.326014858683212,11.835783234612464,134.63376148065066,56,control_sensitivity,tdc_residual_z,rolling_oos_standard_deviation,cumulative_sum_h0_to_h
headline_lagged_macro,headline,lag_tdc_bank_only_qoq|lag_fedfunds|lag_unemployment|lag_inflation,commercial_industrial_loans_qoq,0,-0.8482291577015069,5.239195687364588,-11.1170527049361,9.420594389533086,119,control_sensitivity,tdc_residual_z,rolling_oos_standard_deviation,cumulative_sum_h0_to_h
headline_lagged_macro,headline,lag_tdc_bank_only_qoq|lag_fedfunds|lag_unemployment|lag_inflation,commercial_industrial_loans_qoq,1,-2.7223053011328977,8.436545821272496,-19.257935110826992,13.813324508561195,118,control_sensitivity,tdc_residual_z,rolling_oos_standard_deviation,cumulative_sum_h0_to_h
headline_lagged_macro,headline,lag_tdc_bank_only_qoq|lag_fedfunds|lag_unemployment|lag_inflation,commercial_industrial_loans_qoq,2,-14.146869498240944,7.616205069404289,-29.07463143427335,0.7808924377914632,117,control_sensitivity,tdc_residual_z,rolling_oos_standard_deviation,cumulative_sum_h0_to_h
headline_lagged_macro,headline,lag_tdc_bank_only_qoq|lag_fedfunds|lag_unemployment|lag_inflation,commercial_industrial_loans_qoq,3,-13.97204475842642,7.291028449642508,-28.262460519725735,0.3183710028728939,116,control_sensitivity,tdc_residual_z,rolling_oos_standard_deviation,cumulative_sum_h0_to_h
headline_lagged_macro,headline,lag_tdc_bank_only_qoq|lag_fedfunds|lag_unemployment|lag_inflation,commercial_industrial_loans_qoq,4,-13.965140023410362,8.65213540576553,-30.923325418710803,2.9930453718900782,115,control_sensitivity,tdc_residual_z,rolling_oos_standard_deviation,cumulative_sum_h0_to_h
headline_lagged_macro,headline,lag_tdc_bank_only_qoq|lag_fedfunds|lag_unemployment|lag_inflation,commercial_industrial_loans_qoq,5,-12.937307907949883,9.773084759448611,-32.09255403646916,6.217938220569394,114,control_sensitivity,tdc_residual_z,rolling_oos_standard_deviation,cumulative_sum_h0_to_h
headline_lagged_macro,headline,lag_tdc_bank_only_qoq|lag_fedfunds|lag_unemployment|lag_inflation,commercial_industrial_loans_qoq,6,-18.245467266067134,10.85159889507922,-39.51460110042241,3.0236665682881387,113,control_sensitivity,tdc_residual_z,rolling_oos_standard_deviation,cumulative_sum_h0_to_h
headline_lagged_macro,headline,lag_tdc_bank_only_qoq|lag_fedfunds|lag_unemployment|lag_inflation,commercial_industrial_loans_qoq,7,-13.883624517625432,11.37918311222999,-36.186823417596216,8.419574382345349,112,control_sensitivity,tdc_residual_z,rolling_oos_standard_deviation,cumulative_sum_h0_to_h
headline_lagged_macro,headline,lag_tdc_bank_only_qoq|lag_fedfunds|lag_unemployment|lag_inflation,commercial_industrial_loans_qoq,8,-13.599101562242353,11.616697093722014,-36.3678278659375,9.169624741452793,111,control_sensitivity,tdc_residual_z,rolling_oos_standard_deviation,cumulative_sum_h0_to_h
headline_lagged_macro,headline,lag_tdc_bank_only_qoq|lag_fedfunds|lag_unemployment|lag_inflation,construction_land_development_loans_qoq,0,0.20531975845538308,0.23514318828046066,-0.2555608905743198,0.666200407485086,42,control_sensitivity,tdc_residual_z,rolling_oos_standard_deviation,cumulative_sum_h0_to_h
headline_lagged_macro,headline,lag_tdc_bank_only_qoq|lag_fedfunds|lag_unemployment|lag_inflation,construction_land_development_loans_qoq,1,-0.37028991400476297,0.6040415666448624,-1.5542113846286933,0.8136315566191673,41,control_sensitivity,tdc_residual_z,rolling_oos_standard_deviation,cumulative_sum_h0_to_h
headline_lagged_macro,headline,lag_tdc_bank_only_qoq|lag_fedfunds|lag_unemployment|lag_inflation,construction_land_development_loans_qoq,2,-0.18898140836108168,0.770130107291529,-1.6984364186524785,1.3204736019303152,40,control_sensitivity,tdc_residual_z,rolling_oos_standard_deviation,cumulative_sum_h0_to_h
headline_lagged_macro,headline,lag_tdc_bank_only_qoq|lag_fedfunds|lag_unemployment|lag_inflation,construction_land_development_loans_qoq,3,-0.7989485374244132,0.8810150270563811,-2.52573799045492,0.9278409156060938,39,control_sensitivity,tdc_residual_z,rolling_oos_standard_deviation,cumulative_sum_h0_to_h
headline_lagged_macro,headline,lag_tdc_bank_only_qoq|lag_fedfunds|lag_unemployment|lag_inflation,construction_land_development_loans_qoq,4,-0.7042878264910684,1.0265060394462888,-2.7162396638057946,1.307664010823658,38,control_sensitivity,tdc_residual_z,rolling_oos_standard_deviation,cumulative_sum_h0_to_h
headline_lagged_macro,headline,lag_tdc_bank_only_qoq|lag_fedfunds|lag_unemployment|lag_inflation,construction_land_development_loans_qoq,5,-0.37684861060624186,0.8576189436292647,-2.0577817401196006,1.3040845189071169,37,control_sensitivity,tdc_residual_z,rolling_oos_standard_deviation,cumulative_sum_h0_to_h
headline_lagged_macro,headline,lag_tdc_bank_only_qoq|lag_fedfunds|lag_unemployment|lag_inflation,construction_land_development_loans_qoq,6,0.24793092134201533,0.8326096011457118,-1.3839838969035798,1.8798457395876105,36,control_sensitivity,tdc_residual_z,rolling_oos_standard_deviation,cumulative_sum_h0_to_h
headline_lagged_macro,headline,lag_tdc_bank_only_qoq|lag_fedfunds|lag_unemployment|lag_inflation,construction_land_development_loans_qoq,7,0.7432856084832515,0.8897047350028435,-1.0005356721223218,2.4871068890888246,35,control_sensitivity,tdc_residual_z,rolling_oos_standard_deviation,cumulative_sum_h0_to_h
headline_lagged_macro,headline,lag_tdc_bank_only_qoq|lag_fedfunds|lag_unemployment|lag_inflation,construction_land_development_loans_qoq,8,1.5808380043550008,0.8379202709993713,-0.06148572680376696,3.2231617355137683,34,control_sensitivity,tdc_residual_z,rolling_oos_standard_deviation,cumulative_sum_h0_to_h
headline_lagged_macro,headline,lag_tdc_bank_only_qoq|lag_fedfunds|lag_unemployment|lag_inflation,cre_multifamily_loans_qoq,0,-0.7345683611962199,0.5186733911975492,-1.7511682079434163,0.28203148555097646,42,control_sensitivity,tdc_residual_z,rolling_oos_standard_deviation,cumulative_sum_h0_to_h
headline_lagged_macro,headline,lag_tdc_bank_only_qoq|lag_fedfunds|lag_unemployment|lag_inflation,cre_multifamily_loans_qoq,1,-0.7417956558744625,0.7163356223731184,-2.1458134757257747,0.6622221639768495,41,control_sensitivity,tdc_residual_z,rolling_oos_standard_deviation,cumulative_sum_h0_to_h
headline_lagged_macro,headline,lag_tdc_bank_only_qoq|lag_fedfunds|lag_unemployment|lag_inflation,cre_multifamily_loans_qoq,2,-2.458722183620403,1.0604428745315806,-4.537190217702301,-0.38025414953850545,40,control_sensitivity,tdc_residual_z,rolling_oos_standard_deviation,cumulative_sum_h0_to_h
headline_lagged_macro,headline,lag_tdc_bank_only_qoq|lag_fedfunds|lag_unemployment|lag_inflation,cre_multifamily_loans_qoq,3,-2.494765350878274,1.186304430573033,-4.819922034801419,-0.16960866695512955,39,control_sensitivity,tdc_residual_z,rolling_oos_standard_deviation,cumulative_sum_h0_to_h
headline_lagged_macro,headline,lag_tdc_bank_only_qoq|lag_fedfunds|lag_unemployment|lag_inflation,cre_multifamily_loans_qoq,4,-3.1215938207285854,1.5382773062314645,-6.136617340942256,-0.10657030051491478,38,control_sensitivity,tdc_residual_z,rolling_oos_standard_deviation,cumulative_sum_h0_to_h
headline_lagged_macro,headline,lag_tdc_bank_only_qoq|lag_fedfunds|lag_unemployment|lag_inflation,cre_multifamily_loans_qoq,5,-0.32436006140593143,1.186996820645648,-2.6508738298714016,2.0021537070595388,37,control_sensitivity,tdc_residual_z,rolling_oos_standard_deviation,cumulative_sum_h0_to_h
headline_lagged_macro,headline,lag_tdc_bank_only_qoq|lag_fedfunds|lag_unemployment|lag_inflation,cre_multifamily_loans_qoq,6,0.1200102415647244,1.1389090813420146,-2.112251557865624,2.352272040995073,36,control_sensitivity,tdc_residual_z,rolling_oos_standard_deviation,cumulative_sum_h0_to_h
headline_lagged_macro,headline,lag_tdc_bank_only_qoq|lag_fedfunds|lag_unemployment|lag_inflation,cre_multifamily_loans_qoq,7,3.092372012498,2.1167878304619294,-1.056532135207381,7.241276160203381,35,control_sensitivity,tdc_residual_z,rolling_oos_standard_deviation,cumulative_sum_h0_to_h
headline_lagged_macro,headline,lag_tdc_bank_only_qoq|lag_fedfunds|lag_unemployment|lag_inflation,cre_multifamily_loans_qoq,8,2.425655070234475,1.0363218921290722,0.3944641616614937,4.456845978807456,34,control_sensitivity,tdc_residual_z,rolling_oos_standard_deviation,cumulative_sum_h0_to_h
headline_lagged_macro,headline,lag_tdc_bank_only_qoq|lag_fedfunds|lag_unemployment|lag_inflation,cre_nonfarm_nonresidential_loans_qoq,0,-0.4333775432123832,0.6956905551072083,-1.7969310312225115,0.9301759447977451,42,control_sensitivity,tdc_residual_z,rolling_oos_standard_deviation,cumulative_sum_h0_to_h
headline_lagged_macro,headline,lag_tdc_bank_only_qoq|lag_fedfunds|lag_unemployment|lag_inflation,cre_nonfarm_nonresidential_loans_qoq,1,-0.9942967902969908,0.9951914155859941,-2.9448719648455395,0.9562783842515576,41,control_sensitivity,tdc_residual_z,rolling_oos_standard_deviation,cumulative_sum_h0_to_h
headline_lagged_macro,headline,lag_tdc_bank_only_qoq|lag_fedfunds|lag_unemployment|lag_inflation,cre_nonfarm_nonresidential_loans_qoq,2,-2.0733949330433674,1.2790125166111475,-4.580259465601216,0.4334695995144817,40,control_sensitivity,tdc_residual_z,rolling_oos_standard_deviation,cumulative_sum_h0_to_h
headline_lagged_macro,headline,lag_tdc_bank_only_qoq|lag_fedfunds|lag_unemployment|lag_inflation,cre_nonfarm_nonresidential_loans_qoq,3,-2.1405697481092574,1.8708878383938197,-5.807509911361144,1.5263704151426292,39,control_sensitivity,tdc_residual_z,rolling_oos_standard_deviation,cumulative_sum_h0_to_h
headline_lagged_macro,headline,lag_tdc_bank_only_qoq|lag_fedfunds|lag_unemployment|lag_inflation,cre_nonfarm_nonresidential_loans_qoq,4,-2.3941701016098467,1.9632360877304356,-6.2421128335615,1.453772630341807,38,control_sensitivity,tdc_residual_z,rolling_oos_standard_deviation,cumulative_sum_h0_to_h
headline_lagged_macro,headline,lag_tdc_bank_only_qoq|lag_fedfunds|lag_unemployment|lag_inflation,cre_nonfarm_nonresidential_loans_qoq,5,-0.44517052764851783,1.9272663965684633,-4.222612664922706,3.3322716096256704,37,control_sensitivity,tdc_residual_z,rolling_oos_standard_deviation,cumulative_sum_h0_to_h
headline_lagged_macro,headline,lag_tdc_bank_only_qoq|lag_fedfunds|lag_unemployment|lag_inflation,cre_nonfarm_nonresidential_loans_qoq,6,0.9438138556683349,1.9084132747972034,-2.7966761629341836,4.684303874270853,36,control_sensitivity,tdc_residual_z,rolling_oos_standard_deviation,cumulative_sum_h0_to_h
headline_lagged_macro,headline,lag_tdc_bank_only_qoq|lag_fedfunds|lag_unemployment|lag_inflation,cre_nonfarm_nonresidential_loans_qoq,7,3.292882591976035,1.913978871009301,-0.4585159952021951,7.0442811791542645,35,control_sensitivity,tdc_residual_z,rolling_oos_standard_deviation,cumulative_sum_h0_to_h
headline_lagged_macro,headline,lag_tdc_bank_only_qoq|lag_fedfunds|lag_unemployment|lag_inflation,cre_nonfarm_nonresidential_loans_qoq,8,3.509345832299161,1.6325077552837346,0.3096306319430413,6.70906103265528,34,control_sensitivity,tdc_residual_z,rolling_oos_standard_deviation,cumulative_sum_h0_to_h
headline_lagged_macro,headline,lag_tdc_bank_only_qoq|lag_fedfunds|lag_unemployment|lag_inflation,consumer_loans_qoq,0,-2.373205911897445,1.4116417766443938,-5.140023794120458,0.39361197032556694,119,control_sensitivity,tdc_residual_z,rolling_oos_standard_deviation,cumulative_sum_h0_to_h
headline_lagged_macro,headline,lag_tdc_bank_only_qoq|lag_fedfunds|lag_unemployment|lag_inflation,consumer_loans_qoq,1,-5.835904132770126,2.410587682502312,-10.560655990474658,-1.111152275065594,118,control_sensitivity,tdc_residual_z,rolling_oos_standard_deviation,cumulative_sum_h0_to_h
headline_lagged_macro,headline,lag_tdc_bank_only_qoq|lag_fedfunds|lag_unemployment|lag_inflation,consumer_loans_qoq,2,-5.818248608839708,3.0546097536020094,-11.805283725899645,0.16878650822023022,117,control_sensitivity,tdc_residual_z,rolling_oos_standard_deviation,cumulative_sum_h0_to_h
headline_lagged_macro,headline,lag_tdc_bank_only_qoq|lag_fedfunds|lag_unemployment|lag_inflation,consumer_loans_qoq,3,-4.948459473784112,3.5777379972658183,-11.960825948425116,2.063907000856892,116,control_sensitivity,tdc_residual_z,rolling_oos_standard_deviation,cumulative_sum_h0_to_h
headline_lagged_macro,headline,lag_tdc_bank_only_qoq|lag_fedfunds|lag_unemployment|lag_inflation,consumer_loans_qoq,4,-0.5082111658192847,4.570374256368577,-9.466144708301696,8.449722376663127,115,control_sensitivity,tdc_residual_z,rolling_oos_standard_deviation,cumulative_sum_h0_to_h
headline_lagged_macro,headline,lag_tdc_bank_only_qoq|lag_fedfunds|lag_unemployment|lag_inflation,consumer_loans_qoq,5,4.54494677321529,7.426703121933866,-10.011391345775088,19.10128489220567,114,control_sensitivity,tdc_residual_z,rolling_oos_standard_deviation,cumulative_sum_h0_to_h
headline_lagged_macro,headline,lag_tdc_bank_only_qoq|lag_fedfunds|lag_unemployment|lag_inflation,consumer_loans_qoq,6,1.9931598610686185,5.9580134859425655,-9.68454657137881,13.670866293516045,113,control_sensitivity,tdc_residual_z,rolling_oos_standard_deviation,cumulative_sum_h0_to_h
headline_lagged_macro,headline,lag_tdc_bank_only_qoq|lag_fedfunds|lag_unemployment|lag_inflation,consumer_loans_qoq,7,2.1804899716979564,5.786639390010529,-9.16132323272268,13.522303176118594,112,control_sensitivity,tdc_residual_z,rolling_oos_standard_deviation,cumulative_sum_h0_to_h
headline_lagged_macro,headline,lag_tdc_bank_only_qoq|lag_fedfunds|lag_unemployment|lag_inflation,consumer_loans_qoq,8,2.1298136023858447,5.783664907500948,-9.206169616316012,13.465796821087702,111,control_sensitivity,tdc_residual_z,rolling_oos_standard_deviation,cumulative_sum_h0_to_h
headline_lagged_macro,headline,lag_tdc_bank_only_qoq|lag_fedfunds|lag_unemployment|lag_inflation,credit_card_revolving_loans_qoq,0,-1.3833290984699913,1.2787238995789536,-3.88962794164474,1.1229697447047575,101,control_sensitivity,tdc_residual_z,rolling_oos_standard_deviation,cumulative_sum_h0_to_h
headline_lagged_macro,headline,lag_tdc_bank_only_qoq|lag_fedfunds|lag_unemployment|lag_inflation,credit_card_revolving_loans_qoq,1,-5.804189953887999,2.4676240565136975,-10.640733104654846,-0.967646803121152,100,control_sensitivity,tdc_residual_z,rolling_oos_standard_deviation,cumulative_sum_h0_to_h
headline_lagged_macro,headline,lag_tdc_bank_only_qoq|lag_fedfunds|lag_unemployment|lag_inflation,credit_card_revolving_loans_qoq,2,-5.358955445973005,2.8465548796538136,-10.93820301009448,0.22029211814846938,99,control_sensitivity,tdc_residual_z,rolling_oos_standard_deviation,cumulative_sum_h0_to_h
headline_lagged_macro,headline,lag_tdc_bank_only_qoq|lag_fedfunds|lag_unemployment|lag_inflation,credit_card_revolving_loans_qoq,3,-4.998225819137392,3.2730494334240037,-11.413402708648439,1.4169510703736545,98,control_sensitivity,tdc_residual_z,rolling_oos_standard_deviation,cumulative_sum_h0_to_h
headline_lagged_macro,headline,lag_tdc_bank_only_qoq|lag_fedfunds|lag_unemployment|lag_inflation,credit_card_revolving_loans_qoq,4,-0.0847068391351753,4.671426875177517,-9.240703514483108,9.07128983621276,97,control_sensitivity,tdc_residual_z,rolling_oos_standard_deviation,cumulative_sum_h0_to_h
headline_lagged_macro,headline,lag_tdc_bank_only_qoq|lag_fedfunds|lag_unemployment|lag_inflation,credit_card_revolving_loans_qoq,5,5.9754762939020125,8.9083474314563,-11.484884671752333,23.435837259556358,96,control_sensitivity,tdc_residual_z,rolling_oos_standard_deviation,cumulative_sum_h0_to_h
headline_lagged_macro,headline,lag_tdc_bank_only_qoq|lag_fedfunds|lag_unemployment|lag_inflation,credit_card_revolving_loans_qoq,6,2.8598522778760582,7.0379591907642585,-10.934547736021887,16.654252291774004,95,control_sensitivity,tdc_residual_z,rolling_oos_standard_deviation,cumulative_sum_h0_to_h
headline_lagged_macro,headline,lag_tdc_bank_only_qoq|lag_fedfunds|lag_unemployment|lag_inflation,credit_card_revolving_loans_qoq,7,2.326117159117067,6.729462926130095,-10.86363017609792,15.515864494332053,94,control_sensitivity,tdc_residual_z,rolling_oos_standard_deviation,cumulative_sum_h0_to_h
headline_lagged_macro,headline,lag_tdc_bank_only_qoq|lag_fedfunds|lag_unemployment|lag_inflation,credit_card_revolving_loans_qoq,8,2.7653536961467857,6.9424938926043005,-10.841934333357644,16.372641725651214,93,control_sensitivity,tdc_residual_z,rolling_oos_standard_deviation,cumulative_sum_h0_to_h
headline_lagged_macro,headline,lag_tdc_bank_only_qoq|lag_fedfunds|lag_unemployment|lag_inflation,auto_loans_qoq,0,0.14241427584634014,0.19718543778368997,-0.2440691822096922,0.5288977339023725,42,control_sensitivity,tdc_residual_z,rolling_oos_standard_deviation,cumulative_sum_h0_to_h
headline_lagged_macro,headline,lag_tdc_bank_only_qoq|lag_fedfunds|lag_unemployment|lag_inflation,auto_loans_qoq,1,0.7101160341518999,0.6169719957769061,-0.49914907757083604,1.919381145874636,41,control_sensitivity,tdc_residual_z,rolling_oos_standard_deviation,cumulative_sum_h0_to_h
headline_lagged_macro,headline,lag_tdc_bank_only_qoq|lag_fedfunds|lag_unemployment|lag_inflation,auto_loans_qoq,2,1.4675730408836054,0.8165356861049781,-0.13283690388215152,3.0679829856493623,40,control_sensitivity,tdc_residual_z,rolling_oos_standard_deviation,cumulative_sum_h0_to_h
headline_lagged_macro,headline,lag_tdc_bank_only_qoq|lag_fedfunds|lag_unemployment|lag_inflation,auto_loans_qoq,3,2.572658876090709,0.8331579818078153,0.9396692317473909,4.205648520434027,39,control_sensitivity,tdc_residual_z,rolling_oos_standard_deviation,cumulative_sum_h0_to_h
headline_lagged_macro,headline,lag_tdc_bank_only_qoq|lag_fedfunds|lag_unemployment|lag_inflation,auto_loans_qoq,4,3.020643982939922,0.8947702154410155,1.2668943606755316,4.774393605204312,38,control_sensitivity,tdc_residual_z,rolling_oos_standard_deviation,cumulative_sum_h0_to_h
headline_lagged_macro,headline,lag_tdc_bank_only_qoq|lag_fedfunds|lag_unemployment|lag_inflation,auto_loans_qoq,5,3.5313683119967907,1.0210282095569692,1.5301530212651313,5.53258360272845,37,control_sensitivity,tdc_residual_z,rolling_oos_standard_deviation,cumulative_sum_h0_to_h
headline_lagged_macro,headline,lag_tdc_bank_only_qoq|lag_fedfunds|lag_unemployment|lag_inflation,auto_loans_qoq,6,3.79225492363662,1.270980760537464,1.3011326329831907,6.283377214290049,36,control_sensitivity,tdc_residual_z,rolling_oos_standard_deviation,cumulative_sum_h0_to_h
headline_lagged_macro,headline,lag_tdc_bank_only_qoq|lag_fedfunds|lag_unemployment|lag_inflation,auto_loans_qoq,7,4.704072801460933,1.5530443738480038,1.6601058287188457,7.74803977420302,35,control_sensitivity,tdc_residual_z,rolling_oos_standard_deviation,cumulative_sum_h0_to_h
headline_lagged_macro,headline,lag_tdc_bank_only_qoq|lag_fedfunds|lag_unemployment|lag_inflation,auto_loans_qoq,8,4.953845938930109,1.678166318522084,1.6646399546268245,8.243051923233393,34,control_sensitivity,tdc_residual_z,rolling_oos_standard_deviation,cumulative_sum_h0_to_h
headline_lagged_macro,headline,lag_tdc_bank_only_qoq|lag_fedfunds|lag_unemployment|lag_inflation,other_consumer_loans_qoq,0,-1.3025975877171594,0.8531545962609817,-2.9747805963886833,0.36958542095436475,101,control_sensitivity,tdc_residual_z,rolling_oos_standard_deviation,cumulative_sum_h0_to_h
headline_lagged_macro,headline,lag_tdc_bank_only_qoq|lag_fedfunds|lag_unemployment|lag_inflation,other_consumer_loans_qoq,1,-1.3924582528723484,1.0337290227848681,-3.41856713753069,0.6336506317859931,100,control_sensitivity,tdc_residual_z,rolling_oos_standard_deviation,cumulative_sum_h0_to_h
headline_lagged_macro,headline,lag_tdc_bank_only_qoq|lag_fedfunds|lag_unemployment|lag_inflation,other_consumer_loans_qoq,2,-1.39380520704512,1.4667738672359971,-4.268681986827675,1.4810715727374346,99,control_sensitivity,tdc_residual_z,rolling_oos_standard_deviation,cumulative_sum_h0_to_h
headline_lagged_macro,headline,lag_tdc_bank_only_qoq|lag_fedfunds|lag_unemployment|lag_inflation,other_consumer_loans_qoq,3,-0.5685050730663526,1.704131624474757,-3.9086030570368764,2.7715929109041713,98,control_sensitivity,tdc_residual_z,rolling_oos_standard_deviation,cumulative_sum_h0_to_h
headline_lagged_macro,headline,lag_tdc_bank_only_qoq|lag_fedfunds|lag_unemployment|lag_inflation,other_consumer_loans_qoq,4,-0.1673015633782473,1.8753750541978094,-3.8430366696059535,3.508433542849459,97,control_sensitivity,tdc_residual_z,rolling_oos_standard_deviation,cumulative_sum_h0_to_h
headline_lagged_macro,headline,lag_tdc_bank_only_qoq|lag_fedfunds|lag_unemployment|lag_inflation,other_consumer_loans_qoq,5,0.23413170199172662,2.1620759390258355,-4.003537138498911,4.471800542482364,96,control_sensitivity,tdc_residual_z,rolling_oos_standard_deviation,cumulative_sum_h0_to_h
headline_lagged_macro,headline,lag_tdc_bank_only_qoq|lag_fedfunds|lag_unemployment|lag_inflation,other_consumer_loans_qoq,6,0.3602363446432326,2.304706343557947,-4.156988088730343,4.877460778016808,95,control_sensitivity,tdc_residual_z,rolling_oos_standard_deviation,cumulative_sum_h0_to_h
headline_lagged_macro,headline,lag_tdc_bank_only_qoq|lag_fedfunds|lag_unemployment|lag_inflation,other_consumer_loans_qoq,7,0.49842769312092905,2.74266665912739,-4.877198958768755,5.874054345010613,94,control_sensitivity,tdc_residual_z,rolling_oos_standard_deviation,cumulative_sum_h0_to_h
headline_lagged_macro,headline,lag_tdc_bank_only_qoq|lag_fedfunds|lag_unemployment|lag_inflation,other_consumer_loans_qoq,8,0.17807307050740206,3.045351505460459,-5.7908158801950975,6.146962021209902,93,control_sensitivity,tdc_residual_z,rolling_oos_standard_deviation,cumulative_sum_h0_to_h
headline_lagged_macro,headline,lag_tdc_bank_only_qoq|lag_fedfunds|lag_unemployment|lag_inflation,heloc_loans_qoq,0,0.6313234677084043,0.43233011437625685,-0.21604355646905915,1.4786904918858679,119,control_sensitivity,tdc_residual_z,rolling_oos_standard_deviation,cumulative_sum_h0_to_h
headline_lagged_macro,headline,lag_tdc_bank_only_qoq|lag_fedfunds|lag_unemployment|lag_inflation,heloc_loans_qoq,1,0.09228295277930987,0.43855040656762634,-0.7672758440932378,0.9518417496518575,118,control_sensitivity,tdc_residual_z,rolling_oos_standard_deviation,cumulative_sum_h0_to_h
headline_lagged_macro,headline,lag_tdc_bank_only_qoq|lag_fedfunds|lag_unemployment|lag_inflation,heloc_loans_qoq,2,-0.11233171244885543,0.8429149964667688,-1.7644451055237222,1.5397816806260114,117,control_sensitivity,tdc_residual_z,rolling_oos_standard_deviation,cumulative_sum_h0_to_h
headline_lagged_macro,headline,lag_tdc_bank_only_qoq|lag_fedfunds|lag_unemployment|lag_inflation,heloc_loans_qoq,3,-0.06973015689750284,1.3151582958752477,-2.647440416812988,2.5079801030179825,116,control_sensitivity,tdc_residual_z,rolling_oos_standard_deviation,cumulative_sum_h0_to_h
headline_lagged_macro,headline,lag_tdc_bank_only_qoq|lag_fedfunds|lag_unemployment|lag_inflation,heloc_loans_qoq,4,0.7236433764632113,1.585806967097538,-2.3845382790479634,3.831825031974386,115,control_sensitivity,tdc_residual_z,rolling_oos_standard_deviation,cumulative_sum_h0_to_h
headline_lagged_macro,headline,lag_tdc_bank_only_qoq|lag_fedfunds|lag_unemployment|lag_inflation,heloc_loans_qoq,5,1.2649993898693195,1.9441076055336362,-2.545451516976607,5.075450296715246,114,control_sensitivity,tdc_residual_z,rolling_oos_standard_deviation,cumulative_sum_h0_to_h
headline_lagged_macro,headline,lag_tdc_bank_only_qoq|lag_fedfunds|lag_unemployment|lag_inflation,heloc_loans_qoq,6,1.519212215612582,2.32044109402571,-3.0288523286778095,6.067276759902974,113,control_sensitivity,tdc_residual_z,rolling_oos_standard_deviation,cumulative_sum_h0_to_h
headline_lagged_macro,headline,lag_tdc_bank_only_qoq|lag_fedfunds|lag_unemployment|lag_inflation,heloc_loans_qoq,7,2.205429518566854,2.7162613578308847,-3.1184427427816797,7.529301779915388,112,control_sensitivity,tdc_residual_z,rolling_oos_standard_deviation,cumulative_sum_h0_to_h
headline_lagged_macro,headline,lag_tdc_bank_only_qoq|lag_fedfunds|lag_unemployment|lag_inflation,heloc_loans_qoq,8,2.937299450317689,3.1447045655411627,-3.22632149814299,9.100920398778367,111,control_sensitivity,tdc_residual_z,rolling_oos_standard_deviation,cumulative_sum_h0_to_h
headline_lagged_macro,headline,lag_tdc_bank_only_qoq|lag_fedfunds|lag_unemployment|lag_inflation,closed_end_residential_loans_qoq,0,0.14665345425522947,2.414650144126408,-4.58606082823253,4.8793677367429895,85,control_sensitivity,tdc_residual_z,rolling_oos_standard_deviation,cumulative_sum_h0_to_h
headline_lagged_macro,headline,lag_tdc_bank_only_qoq|lag_fedfunds|lag_unemployment|lag_inflation,closed_end_residential_loans_qoq,1,-0.6313087604204877,3.0655583974012863,-6.639803219327009,5.377185698486034,84,control_sensitivity,tdc_residual_z,rolling_oos_standard_deviation,cumulative_sum_h0_to_h
headline_lagged_macro,headline,lag_tdc_bank_only_qoq|lag_fedfunds|lag_unemployment|lag_inflation,closed_end_residential_loans_qoq,2,-3.4799436185886683,3.175317203596239,-9.703565337637297,2.74367810045996,83,control_sensitivity,tdc_residual_z,rolling_oos_standard_deviation,cumulative_sum_h0_to_h
headline_lagged_macro,headline,lag_tdc_bank_only_qoq|lag_fedfunds|lag_unemployment|lag_inflation,closed_end_residential_loans_qoq,3,-2.4995895191599633,2.9718928533233036,-8.324499511673638,3.3253204733537114,82,control_sensitivity,tdc_residual_z,rolling_oos_standard_deviation,cumulative_sum_h0_to_h
headline_lagged_macro,headline,lag_tdc_bank_only_qoq|lag_fedfunds|lag_unemployment|lag_inflation,closed_end_residential_loans_qoq,4,0.7620595531267522,4.492702729685752,-8.043637797057322,9.567756903310826,81,control_sensitivity,tdc_residual_z,rolling_oos_standard_deviation,cumulative_sum_h0_to_h
headline_lagged_macro,headline,lag_tdc_bank_only_qoq|lag_fedfunds|lag_unemployment|lag_inflation,closed_end_residential_loans_qoq,5,0.9364780698235542,5.118591245191496,-9.095960770751777,10.968916910398885,80,control_sensitivity,tdc_residual_z,rolling_oos_standard_deviation,cumulative_sum_h0_to_h
headline_lagged_macro,headline,lag_tdc_bank_only_qoq|lag_fedfunds|lag_unemployment|lag_inflation,closed_end_residential_loans_qoq,6,0.16104164691166467,5.85195794894654,-11.308795933023553,11.630879226846883,79,control_sensitivity,tdc_residual_z,rolling_oos_standard_deviation,cumulative_sum_h0_to_h
headline_lagged_macro,headline,lag_tdc_bank_only_qoq|lag_fedfunds|lag_unemployment|lag_inflation,closed_end_residential_loans_qoq,7,2.188528371878448,5.6566898595382,-8.898583752816423,13.275640496573319,78,control_sensitivity,tdc_residual_z,rolling_oos_standard_deviation,cumulative_sum_h0_to_h
headline_lagged_macro,headline,lag_tdc_bank_only_qoq|lag_fedfunds|lag_unemployment|lag_inflation,closed_end_residential_loans_qoq,8,4.573766587154067,5.924672425237663,-7.038591366311753,16.186124540619886,77,control_sensitivity,tdc_residual_z,rolling_oos_standard_deviation,cumulative_sum_h0_to_h
headline_lagged_macro,headline,lag_tdc_bank_only_qoq|lag_fedfunds|lag_unemployment|lag_inflation,loans_to_commercial_banks_qoq,0,0.1554756815911831,0.616034791330759,-1.0519525094171045,1.3629038725994707,119,control_sensitivity,tdc_residual_z,rolling_oos_standard_deviation,cumulative_sum_h0_to_h
headline_lagged_macro,headline,lag_tdc_bank_only_qoq|lag_fedfunds|lag_unemployment|lag_inflation,loans_to_commercial_banks_qoq,1,1.4771116386968457,0.9528936997914339,-0.3905600128943647,3.3447832902880563,118,control_sensitivity,tdc_residual_z,rolling_oos_standard_deviation,cumulative_sum_h0_to_h
headline_lagged_macro,headline,lag_tdc_bank_only_qoq|lag_fedfunds|lag_unemployment|lag_inflation,loans_to_commercial_banks_qoq,2,0.9130692407938579,0.7425622088589878,-0.5423526885697583,2.368491170157474,117,control_sensitivity,tdc_residual_z,rolling_oos_standard_deviation,cumulative_sum_h0_to_h
headline_lagged_macro,headline,lag_tdc_bank_only_qoq|lag_fedfunds|lag_unemployment|lag_inflation,loans_to_commercial_banks_qoq,3,0.24918529142586074,0.8344395807583541,-1.3863162868605132,1.8846868697122348,116,control_sensitivity,tdc_residual_z,rolling_oos_standard_deviation,cumulative_sum_h0_to_h
headline_lagged_macro,headline,lag_tdc_bank_only_qoq|lag_fedfunds|lag_unemployment|lag_inflation,loans_to_commercial_banks_qoq,4,-0.8855690466377424,0.6966365717247162,-2.2509767272181858,0.4798386339427012,115,control_sensitivity,tdc_residual_z,rolling_oos_standard_deviation,cumulative_sum_h0_to_h
headline_lagged_macro,headline,lag_tdc_bank_only_qoq|lag_fedfunds|lag_unemployment|lag_inflation,loans_to_commercial_banks_qoq,5,-1.2379893332916607,0.9899839405377898,-3.1783578567457287,0.7023791901624072,114,control_sensitivity,tdc_residual_z,rolling_oos_standard_deviation,cumulative_sum_h0_to_h
headline_lagged_macro,headline,lag_tdc_bank_only_qoq|lag_fedfunds|lag_unemployment|lag_inflation,loans_to_commercial_banks_qoq,6,-1.6498231256383284,0.9900165293375891,-3.5902555231400033,0.2906092718633462,113,control_sensitivity,tdc_residual_z,rolling_oos_standard_deviation,cumulative_sum_h0_to_h
headline_lagged_macro,headline,lag_tdc_bank_only_qoq|lag_fedfunds|lag_unemployment|lag_inflation,loans_to_commercial_banks_qoq,7,-1.0577115660144272,0.9297399372752534,-2.8800018430739236,0.7645787110450695,112,control_sensitivity,tdc_residual_z,rolling_oos_standard_deviation,cumulative_sum_h0_to_h
headline_lagged_macro,headline,lag_tdc_bank_only_qoq|lag_fedfunds|lag_unemployment|lag_inflation,loans_to_commercial_banks_qoq,8,-1.3922823289839332,1.0550659089585954,-3.46021151054278,0.6756468525749137,111,control_sensitivity,tdc_residual_z,rolling_oos_standard_deviation,cumulative_sum_h0_to_h
headline_lagged_macro,headline,lag_tdc_bank_only_qoq|lag_fedfunds|lag_unemployment|lag_inflation,loans_to_nondepository_financial_institutions_qoq,0,7.3671089978686775,4.893646512230938,-2.224438166103961,16.958656161841315,42,control_sensitivity,tdc_residual_z,rolling_oos_standard_deviation,cumulative_sum_h0_to_h
headline_lagged_macro,headline,lag_tdc_bank_only_qoq|lag_fedfunds|lag_unemployment|lag_inflation,loans_to_nondepository_financial_institutions_qoq,1,10.89062035015778,5.921736215310713,-0.715982631851217,22.497223332166776,41,control_sensitivity,tdc_residual_z,rolling_oos_standard_deviation,cumulative_sum_h0_to_h
headline_lagged_macro,headline,lag_tdc_bank_only_qoq|lag_fedfunds|lag_unemployment|lag_inflation,loans_to_nondepository_financial_institutions_qoq,2,14.796619233143044,9.035643729010648,-2.9132424757178264,32.50648094200392,40,control_sensitivity,tdc_residual_z,rolling_oos_standard_deviation,cumulative_sum_h0_to_h
headline_lagged_macro,headline,lag_tdc_bank_only_qoq|lag_fedfunds|lag_unemployment|lag_inflation,loans_to_nondepository_financial_institutions_qoq,3,14.81450805377698,8.129025466417508,-1.1183818604013354,30.747397967955294,39,control_sensitivity,tdc_residual_z,rolling_oos_standard_deviation,cumulative_sum_h0_to_h
headline_lagged_macro,headline,lag_tdc_bank_only_qoq|lag_fedfunds|lag_unemployment|lag_inflation,loans_to_nondepository_financial_institutions_qoq,4,10.7171603759039,5.523476769348668,-0.10885409201948981,21.543174843827288,38,control_sensitivity,tdc_residual_z,rolling_oos_standard_deviation,cumulative_sum_h0_to_h
headline_lagged_macro,headline,lag_tdc_bank_only_qoq|lag_fedfunds|lag_unemployment|lag_inflation,loans_to_nondepository_financial_institutions_qoq,5,9.302415971831849,6.988732908432153,-4.395500528695171,23.00033247235887,37,control_sensitivity,tdc_residual_z,rolling_oos_standard_deviation,cumulative_sum_h0_to_h
headline_lagged_macro,headline,lag_tdc_bank_only_qoq|lag_fedfunds|lag_unemployment|lag_inflation,loans_to_nondepository_financial_institutions_qoq,6,7.631057939424725,6.003926003346209,-4.136637027133846,19.398752905983294,36,control_sensitivity,tdc_residual_z,rolling_oos_standard_deviation,cumulative_sum_h0_to_h
headline_lagged_macro,headline,lag_tdc_bank_only_qoq|lag_fedfunds|lag_unemployment|lag_inflation,loans_to_nondepository_financial_institutions_qoq,7,6.506738489929436,4.043504847142485,-1.4185310104698337,14.432007990328707,35,control_sensitivity,tdc_residual_z,rolling_oos_standard_deviation,cumulative_sum_h0_to_h
headline_lagged_macro,headline,lag_tdc_bank_only_qoq|lag_fedfunds|lag_unemployment|lag_inflation,loans_to_nondepository_financial_institutions_qoq,8,4.953740425375528,4.786714428988749,-4.4282198554424195,14.335700706193476,34,control_sensitivity,tdc_residual_z,rolling_oos_standard_deviation,cumulative_sum_h0_to_h
headline_lagged_macro,headline,lag_tdc_bank_only_qoq|lag_fedfunds|lag_unemployment|lag_inflation,loans_for_purchasing_or_carrying_securities_qoq,0,0.2830368763020709,0.7804813314215118,-1.246706533284092,1.812780285888234,119,control_sensitivity,tdc_residual_z,rolling_oos_standard_deviation,cumulative_sum_h0_to_h
headline_lagged_macro,headline,lag_tdc_bank_only_qoq|lag_fedfunds|lag_unemployment|lag_inflation,loans_for_purchasing_or_carrying_securities_qoq,1,0.9764570892462575,1.4217148965977808,-1.810104108085393,3.763018286577908,118,control_sensitivity,tdc_residual_z,rolling_oos_standard_deviation,cumulative_sum_h0_to_h
headline_lagged_macro,headline,lag_tdc_bank_only_qoq|lag_fedfunds|lag_unemployment|lag_inflation,loans_for_purchasing_or_carrying_securities_qoq,2,1.4261480064359016,1.675505053338854,-1.8578418981082523,4.710137910980055,117,control_sensitivity,tdc_residual_z,rolling_oos_standard_deviation,cumulative_sum_h0_to_h
headline_lagged_macro,headline,lag_tdc_bank_only_qoq|lag_fedfunds|lag_unemployment|lag_inflation,loans_for_purchasing_or_carrying_securities_qoq,3,2.678235715762019,2.358724535989291,-1.944864374776992,7.301335806301029,116,control_sensitivity,tdc_residual_z,rolling_oos_standard_deviation,cumulative_sum_h0_to_h
headline_lagged_macro,headline,lag_tdc_bank_only_qoq|lag_fedfunds|lag_unemployment|lag_inflation,loans_for_purchasing_or_carrying_securities_qoq,4,4.140218014132167,2.987415780115834,-1.7151169148948675,9.995552943159202,115,control_sensitivity,tdc_residual_z,rolling_oos_standard_deviation,cumulative_sum_h0_to_h
headline_lagged_macro,headline,lag_tdc_bank_only_qoq|lag_fedfunds|lag_unemployment|lag_inflation,loans_for_purchasing_or_carrying_securities_qoq,5,3.4749759382614016,2.500060642673537,-1.4251429213787308,8.375094797901534,114,control_sensitivity,tdc_residual_z,rolling_oos_standard_deviation,cumulative_sum_h0_to_h
headline_lagged_macro,headline,lag_tdc_bank_only_qoq|lag_fedfunds|lag_unemployment|lag_inflation,loans_for_purchasing_or_carrying_securities_qoq,6,1.2498380507484088,1.6315094754366715,-1.947920521107467,4.4475966226042845,113,control_sensitivity,tdc_residual_z,rolling_oos_standard_deviation,cumulative_sum_h0_to_h
headline_lagged_macro,headline,lag_tdc_bank_only_qoq|lag_fedfunds|lag_unemployment|lag_inflation,loans_for_purchasing_or_carrying_securities_qoq,7,1.398604234342566,1.710895272028254,-1.9547504988328117,4.751958967517943,112,control_sensitivity,tdc_residual_z,rolling_oos_standard_deviation,cumulative_sum_h0_to_h
headline_lagged_macro,headline,lag_tdc_bank_only_qoq|lag_fedfunds|lag_unemployment|lag_inflation,loans_for_purchasing_or_carrying_securities_qoq,8,0.08204381438028063,1.6337711667711714,-3.1201476724912154,3.2842353012517767,111,control_sensitivity,tdc_residual_z,rolling_oos_standard_deviation,cumulative_sum_h0_to_h
headline_lagged_macro,headline,lag_tdc_bank_only_qoq|lag_fedfunds|lag_unemployment|lag_inflation,treasury_securities_bank_qoq,0,2.4719848201926267,1.5586106836400313,-0.5828921197418344,5.526861760127088,119,control_sensitivity,tdc_residual_z,rolling_oos_standard_deviation,cumulative_sum_h0_to_h
headline_lagged_macro,headline,lag_tdc_bank_only_qoq|lag_fedfunds|lag_unemployment|lag_inflation,treasury_securities_bank_qoq,1,7.914351861110314,3.4930100216383067,1.0680522186992327,14.760651503521395,118,control_sensitivity,tdc_residual_z,rolling_oos_standard_deviation,cumulative_sum_h0_to_h
headline_lagged_macro,headline,lag_tdc_bank_only_qoq|lag_fedfunds|lag_unemployment|lag_inflation,treasury_securities_bank_qoq,2,12.5668158815353,5.303566262957599,2.1718260061384065,22.961805756932193,117,control_sensitivity,tdc_residual_z,rolling_oos_standard_deviation,cumulative_sum_h0_to_h
headline_lagged_macro,headline,lag_tdc_bank_only_qoq|lag_fedfunds|lag_unemployment|lag_inflation,treasury_securities_bank_qoq,3,16.927735478367545,8.144810370302313,0.9639071525750111,32.89156380416008,116,control_sensitivity,tdc_residual_z,rolling_oos_standard_deviation,cumulative_sum_h0_to_h
headline_lagged_macro,headline,lag_tdc_bank_only_qoq|lag_fedfunds|lag_unemployment|lag_inflation,treasury_securities_bank_qoq,4,18.069314785003165,8.269112072615377,1.861855122677028,34.2767744473293,115,control_sensitivity,tdc_residual_z,rolling_oos_standard_deviation,cumulative_sum_h0_to_h
headline_lagged_macro,headline,lag_tdc_bank_only_qoq|lag_fedfunds|lag_unemployment|lag_inflation,treasury_securities_bank_qoq,5,19.577492110214994,9.0863512880079,1.7682435857195102,37.38674063471048,114,control_sensitivity,tdc_residual_z,rolling_oos_standard_deviation,cumulative_sum_h0_to_h
headline_lagged_macro,headline,lag_tdc_bank_only_qoq|lag_fedfunds|lag_unemployment|lag_inflation,treasury_securities_bank_qoq,6,16.900643664604946,9.073871844361674,-0.8841451503439366,34.685432479553825,113,control_sensitivity,tdc_residual_z,rolling_oos_standard_deviation,cumulative_sum_h0_to_h
headline_lagged_macro,headline,lag_tdc_bank_only_qoq|lag_fedfunds|lag_unemployment|lag_inflation,treasury_securities_bank_qoq,7,17.815946276901855,10.633321457736445,-3.0253637802615785,38.65725633406529,112,control_sensitivity,tdc_residual_z,rolling_oos_standard_deviation,cumulative_sum_h0_to_h
headline_lagged_macro,headline,lag_tdc_bank_only_qoq|lag_fedfunds|lag_unemployment|lag_inflation,treasury_securities_bank_qoq,8,13.376129247012747,11.37212943528376,-8.913244446143421,35.66550294016891,111,control_sensitivity,tdc_residual_z,rolling_oos_standard_deviation,cumulative_sum_h0_to_h
headline_lagged_macro,headline,lag_tdc_bank_only_qoq|lag_fedfunds|lag_unemployment|lag_inflation,agency_gse_backed_securities_bank_qoq,0,10.684665127032899,3.3358664698390808,4.1463668461483,17.222963407917497,119,control_sensitivity,tdc_residual_z,rolling_oos_standard_deviation,cumulative_sum_h0_to_h
headline_lagged_macro,headline,lag_tdc_bank_only_qoq|lag_fedfunds|lag_unemployment|lag_inflation,agency_gse_backed_securities_bank_qoq,1,14.103927052844586,6.259312020655271,1.8356754923602558,26.372178613328916,118,control_sensitivity,tdc_residual_z,rolling_oos_standard_deviation,cumulative_sum_h0_to_h
headline_lagged_macro,headline,lag_tdc_bank_only_qoq|lag_fedfunds|lag_unemployment|lag_inflation,agency_gse_backed_securities_bank_qoq,2,15.398724106163453,8.309584134533422,-0.8880607975220549,31.68550900984896,117,control_sensitivity,tdc_residual_z,rolling_oos_standard_deviation,cumulative_sum_h0_to_h
headline_lagged_macro,headline,lag_tdc_bank_only_qoq|lag_fedfunds|lag_unemployment|lag_inflation,agency_gse_backed_securities_bank_qoq,3,15.100357909159065,11.301643411192021,-7.050863176777295,37.25157899509543,116,control_sensitivity,tdc_residual_z,rolling_oos_standard_deviation,cumulative_sum_h0_to_h
headline_lagged_macro,headline,lag_tdc_bank_only_qoq|lag_fedfunds|lag_unemployment|lag_inflation,agency_gse_backed_securities_bank_qoq,4,14.026988855762818,13.542638541164443,-12.51658268491949,40.570560396445124,115,control_sensitivity,tdc_residual_z,rolling_oos_standard_deviation,cumulative_sum_h0_to_h
headline_lagged_macro,headline,lag_tdc_bank_only_qoq|lag_fedfunds|lag_unemployment|lag_inflation,agency_gse_backed_securities_bank_qoq,5,11.361871729961411,16.345025627333243,-20.674378499611745,43.39812195953456,114,control_sensitivity,tdc_residual_z,rolling_oos_standard_deviation,cumulative_sum_h0_to_h
headline_lagged_macro,headline,lag_tdc_bank_only_qoq|lag_fedfunds|lag_unemployment|lag_inflation,agency_gse_backed_securities_bank_qoq,6,9.791581853799245,18.23244676448955,-25.944013804600267,45.527177512198755,113,control_sensitivity,tdc_residual_z,rolling_oos_standard_deviation,cumulative_sum_h0_to_h
headline_lagged_macro,headline,lag_tdc_bank_only_qoq|lag_fedfunds|lag_unemployment|lag_inflation,agency_gse_backed_securities_bank_qoq,7,7.030530339585822,18.968782922118677,-30.148284187766784,44.20934486693843,112,control_sensitivity,tdc_residual_z,rolling_oos_standard_deviation,cumulative_sum_h0_to_h
headline_lagged_macro,headline,lag_tdc_bank_only_qoq|lag_fedfunds|lag_unemployment|lag_inflation,agency_gse_backed_securities_bank_qoq,8,5.995262550908464,18.15477322120832,-29.588092962659843,41.57861806447677,111,control_sensitivity,tdc_residual_z,rolling_oos_standard_deviation,cumulative_sum_h0_to_h
headline_lagged_macro,headline,lag_tdc_bank_only_qoq|lag_fedfunds|lag_unemployment|lag_inflation,municipal_securities_bank_qoq,0,-0.314740985310187,0.5360459182721133,-1.365390985123529,0.735909014503155,119,control_sensitivity,tdc_residual_z,rolling_oos_standard_deviation,cumulative_sum_h0_to_h
headline_lagged_macro,headline,lag_tdc_bank_only_qoq|lag_fedfunds|lag_unemployment|lag_inflation,municipal_securities_bank_qoq,1,0.07801646041510302,1.0023298014711703,-1.886549950468391,2.042582871298597,118,control_sensitivity,tdc_residual_z,rolling_oos_standard_deviation,cumulative_sum_h0_to_h
headline_lagged_macro,headline,lag_tdc_bank_only_qoq|lag_fedfunds|lag_unemployment|lag_inflation,municipal_securities_bank_qoq,2,-0.12188209340155831,1.2802640017476465,-2.6311995368269456,2.387435350023829,117,control_sensitivity,tdc_residual_z,rolling_oos_standard_deviation,cumulative_sum_h0_to_h
headline_lagged_macro,headline,lag_tdc_bank_only_qoq|lag_fedfunds|lag_unemployment|lag_inflation,municipal_securities_bank_qoq,3,0.03167589359298684,1.7962870474916726,-3.489046719490691,3.5523985066766652,116,control_sensitivity,tdc_residual_z,rolling_oos_standard_deviation,cumulative_sum_h0_to_h
headline_lagged_macro,headline,lag_tdc_bank_only_qoq|lag_fedfunds|lag_unemployment|lag_inflation,municipal_securities_bank_qoq,4,-0.8104021985486707,2.0112495967345074,-4.752451408148305,3.1316470110509638,115,control_sensitivity,tdc_residual_z,rolling_oos_standard_deviation,cumulative_sum_h0_to_h
headline_lagged_macro,headline,lag_tdc_bank_only_qoq|lag_fedfunds|lag_unemployment|lag_inflation,municipal_securities_bank_qoq,5,-0.6498932046029129,2.3818388803554607,-5.318297410099616,4.01851100089379,114,control_sensitivity,tdc_residual_z,rolling_oos_standard_deviation,cumulative_sum_h0_to_h
headline_lagged_macro,headline,lag_tdc_bank_only_qoq|lag_fedfunds|lag_unemployment|lag_inflation,municipal_securities_bank_qoq,6,-0.5223647631150303,2.715345711067261,-5.844442356806862,4.7997128305768015,113,control_sensitivity,tdc_residual_z,rolling_oos_standard_deviation,cumulative_sum_h0_to_h
headline_lagged_macro,headline,lag_tdc_bank_only_qoq|lag_fedfunds|lag_unemployment|lag_inflation,municipal_securities_bank_qoq,7,-0.04342375731740056,3.0167165074947544,-5.956188112007119,5.869340597372318,112,control_sensitivity,tdc_residual_z,rolling_oos_standard_deviation,cumulative_sum_h0_to_h
headline_lagged_macro,headline,lag_tdc_bank_only_qoq|lag_fedfunds|lag_unemployment|lag_inflation,municipal_securities_bank_qoq,8,-0.5638143199906454,3.021164553831607,-6.485296845500595,5.357668205519304,111,control_sensitivity,tdc_residual_z,rolling_oos_standard_deviation,cumulative_sum_h0_to_h
headline_lagged_macro,headline,lag_tdc_bank_only_qoq|lag_fedfunds|lag_unemployment|lag_inflation,corporate_foreign_bonds_bank_qoq,0,2.2066446571615432,2.0228940967636984,-1.7582277724953053,6.171517086818392,119,control_sensitivity,tdc_residual_z,rolling_oos_standard_deviation,cumulative_sum_h0_to_h
headline_lagged_macro,headline,lag_tdc_bank_only_qoq|lag_fedfunds|lag_unemployment|lag_inflation,corporate_foreign_bonds_bank_qoq,1,4.063430574478283,2.6049325926928946,-1.0422373071997901,9.169098456156355,118,control_sensitivity,tdc_residual_z,rolling_oos_standard_deviation,cumulative_sum_h0_to_h
headline_lagged_macro,headline,lag_tdc_bank_only_qoq|lag_fedfunds|lag_unemployment|lag_inflation,corporate_foreign_bonds_bank_qoq,2,7.2477937605188005,3.2238753466491636,0.9289980810864398,13.566589439951162,117,control_sensitivity,tdc_residual_z,rolling_oos_standard_deviation,cumulative_sum_h0_to_h
headline_lagged_macro,headline,lag_tdc_bank_only_qoq|lag_fedfunds|lag_unemployment|lag_inflation,corporate_foreign_bonds_bank_qoq,3,6.091165945874158,3.4274067011452187,-0.6265511883704704,12.808883080118786,116,control_sensitivity,tdc_residual_z,rolling_oos_standard_deviation,cumulative_sum_h0_to_h
headline_lagged_macro,headline,lag_tdc_bank_only_qoq|lag_fedfunds|lag_unemployment|lag_inflation,corporate_foreign_bonds_bank_qoq,4,6.891161966940179,4.805975351854612,-2.5285497226948612,16.310873656575218,115,control_sensitivity,tdc_residual_z,rolling_oos_standard_deviation,cumulative_sum_h0_to_h
headline_lagged_macro,headline,lag_tdc_bank_only_qoq|lag_fedfunds|lag_unemployment|lag_inflation,corporate_foreign_bonds_bank_qoq,5,7.441409303678801,5.089696951269488,-2.5343967208093954,17.417215328166996,114,control_sensitivity,tdc_residual_z,rolling_oos_standard_deviation,cumulative_sum_h0_to_h
headline_lagged_macro,headline,lag_tdc_bank_only_qoq|lag_fedfunds|lag_unemployment|lag_inflation,corporate_foreign_bonds_bank_qoq,6,8.800846599545908,5.329886741981554,-1.6457314147379378,19.247424613829754,113,control_sensitivity,tdc_residual_z,rolling_oos_standard_deviation,cumulative_sum_h0_to_h
headline_lagged_macro,headline,lag_tdc_bank_only_qoq|lag_fedfunds|lag_unemployment|lag_inflation,corporate_foreign_bonds_bank_qoq,7,10.256350159665452,5.538591410581157,-0.599289005073615,21.11198932440452,112,control_sensitivity,tdc_residual_z,rolling_oos_standard_deviation,cumulative_sum_h0_to_h
headline_lagged_macro,headline,lag_tdc_bank_only_qoq|lag_fedfunds|lag_unemployment|lag_inflation,corporate_foreign_bonds_bank_qoq,8,12.987996033280508,6.536634985689097,0.1761914613298785,25.799800605231137,111,control_sensitivity,tdc_residual_z,rolling_oos_standard_deviation,cumulative_sum_h0_to_h
headline_lagged_macro,headline,lag_tdc_bank_only_qoq|lag_fedfunds|lag_unemployment|lag_inflation,fedfunds_repo_liabilities_bank_qoq,0,0.025509352459609946,1.5429498705435662,-2.99867239380578,3.049691098725,119,control_sensitivity,tdc_residual_z,rolling_oos_standard_deviation,cumulative_sum_h0_to_h
headline_lagged_macro,headline,lag_tdc_bank_only_qoq|lag_fedfunds|lag_unemployment|lag_inflation,fedfunds_repo_liabilities_bank_qoq,1,-1.4059815941527687,1.9041771512691181,-5.138168810640241,2.3262056223347027,118,control_sensitivity,tdc_residual_z,rolling_oos_standard_deviation,cumulative_sum_h0_to_h
headline_lagged_macro,headline,lag_tdc_bank_only_qoq|lag_fedfunds|lag_unemployment|lag_inflation,fedfunds_repo_liabilities_bank_qoq,2,0.4402551546104656,2.046036283780565,-3.5699759615994413,4.450486270820372,117,control_sensitivity,tdc_residual_z,rolling_oos_standard_deviation,cumulative_sum_h0_to_h
headline_lagged_macro,headline,lag_tdc_bank_only_qoq|lag_fedfunds|lag_unemployment|lag_inflation,fedfunds_repo_liabilities_bank_qoq,3,-1.6630781911058004,2.7728934939979815,-7.097949439341844,3.7717930571302434,116,control_sensitivity,tdc_residual_z,rolling_oos_standard_deviation,cumulative_sum_h0_to_h
headline_lagged_macro,headline,lag_tdc_bank_only_qoq|lag_fedfunds|lag_unemployment|lag_inflation,fedfunds_repo_liabilities_bank_qoq,4,-2.094110760487397,3.8930787581273756,-9.724545126417052,5.536323605442258,115,control_sensitivity,tdc_residual_z,rolling_oos_standard_deviation,cumulative_sum_h0_to_h
headline_lagged_macro,headline,lag_tdc_bank_only_qoq|lag_fedfunds|lag_unemployment|lag_inflation,fedfunds_repo_liabilities_bank_qoq,5,-0.3024291245932651,3.8604679059092524,-7.868946220175399,7.26408797098887,114,control_sensitivity,tdc_residual_z,rolling_oos_standard_deviation,cumulative_sum_h0_to_h
headline_lagged_macro,headline,lag_tdc_bank_only_qoq|lag_fedfunds|lag_unemployment|lag_inflation,fedfunds_repo_liabilities_bank_qoq,6,2.5734273146488,4.600726526648068,-6.4439966775814135,11.590851306879014,113,control_sensitivity,tdc_residual_z,rolling_oos_standard_deviation,cumulative_sum_h0_to_h
headline_lagged_macro,headline,lag_tdc_bank_only_qoq|lag_fedfunds|lag_unemployment|lag_inflation,fedfunds_repo_liabilities_bank_qoq,7,1.6454606673027063,4.740971454321752,-7.646843383167927,10.93776471777334,112,control_sensitivity,tdc_residual_z,rolling_oos_standard_deviation,cumulative_sum_h0_to_h
headline_lagged_macro,headline,lag_tdc_bank_only_qoq|lag_fedfunds|lag_unemployment|lag_inflation,fedfunds_repo_liabilities_bank_qoq,8,2.645785101811433,6.2507290746698425,-9.605643884541458,14.897214088164326,111,control_sensitivity,tdc_residual_z,rolling_oos_standard_deviation,cumulative_sum_h0_to_h
headline_lagged_macro,headline,lag_tdc_bank_only_qoq|lag_fedfunds|lag_unemployment|lag_inflation,commercial_bank_borrowings_qoq,0,6.362247145391219,5.0615652708966365,-3.558420785566188,16.282915076348626,119,control_sensitivity,tdc_residual_z,rolling_oos_standard_deviation,cumulative_sum_h0_to_h
headline_lagged_macro,headline,lag_tdc_bank_only_qoq|lag_fedfunds|lag_unemployment|lag_inflation,commercial_bank_borrowings_qoq,1,-2.161250672715563,4.546859057294874,-11.073094425013515,6.75059307958239,118,control_sensitivity,tdc_residual_z,rolling_oos_standard_deviation,cumulative_sum_h0_to_h
headline_lagged_macro,headline,lag_tdc_bank_only_qoq|lag_fedfunds|lag_unemployment|lag_inflation,commercial_bank_borrowings_qoq,2,-15.329479653968395,8.522040516037164,-32.03267906540124,1.3737197574644462,117,control_sensitivity,tdc_residual_z,rolling_oos_standard_deviation,cumulative_sum_h0_to_h
headline_lagged_macro,headline,lag_tdc_bank_only_qoq|lag_fedfunds|lag_unemployment|lag_inflation,commercial_bank_borrowings_qoq,3,-20.54377924458626,12.063462713817993,-44.18816616366952,3.1006076744970024,116,control_sensitivity,tdc_residual_z,rolling_oos_standard_deviation,cumulative_sum_h0_to_h
headline_lagged_macro,headline,lag_tdc_bank_only_qoq|lag_fedfunds|lag_unemployment|lag_inflation,commercial_bank_borrowings_qoq,4,-21.703456639282884,13.718462379527281,-48.591642903156355,5.184729624590588,115,control_sensitivity,tdc_residual_z,rolling_oos_standard_deviation,cumulative_sum_h0_to_h
headline_lagged_macro,headline,lag_tdc_bank_only_qoq|lag_fedfunds|lag_unemployment|lag_inflation,commercial_bank_borrowings_qoq,5,-28.709931966456494,18.151670410364307,-64.28720597077054,6.867342037857547,114,control_sensitivity,tdc_residual_z,rolling_oos_standard_deviation,cumulative_sum_h0_to_h
headline_lagged_macro,headline,lag_tdc_bank_only_qoq|lag_fedfunds|lag_unemployment|lag_inflation,commercial_bank_borrowings_qoq,6,-15.715072348303526,20.209448689619318,-55.32559177995739,23.895447083350337,113,control_sensitivity,tdc_residual_z,rolling_oos_standard_deviation,cumulative_sum_h0_to_h
headline_lagged_macro,headline,lag_tdc_bank_only_qoq|lag_fedfunds|lag_unemployment|lag_inflation,commercial_bank_borrowings_qoq,7,-9.201330958927436,21.139587306248917,-50.63492207917531,32.23226016132044,112,control_sensitivity,tdc_residual_z,rolling_oos_standard_deviation,cumulative_sum_h0_to_h
headline_lagged_macro,headline,lag_tdc_bank_only_qoq|lag_fedfunds|lag_unemployment|lag_inflation,commercial_bank_borrowings_qoq,8,2.2139603488987127,26.80851629836669,-50.330731595900005,54.75865229369742,111,control_sensitivity,tdc_residual_z,rolling_oos_standard_deviation,cumulative_sum_h0_to_h
headline_lagged_macro,headline,lag_tdc_bank_only_qoq|lag_fedfunds|lag_unemployment|lag_inflation,fed_borrowings_depository_institutions_qoq,0,2.0188049098270557,2.528463530571852,-2.9369836100937743,6.974593429747886,119,control_sensitivity,tdc_residual_z,rolling_oos_standard_deviation,cumulative_sum_h0_to_h
headline_lagged_macro,headline,lag_tdc_bank_only_qoq|lag_fedfunds|lag_unemployment|lag_inflation,fed_borrowings_depository_institutions_qoq,1,-2.7417846344897523,4.574986897813264,-11.708758954203748,6.225189685224244,118,control_sensitivity,tdc_residual_z,rolling_oos_standard_deviation,cumulative_sum_h0_to_h
headline_lagged_macro,headline,lag_tdc_bank_only_qoq|lag_fedfunds|lag_unemployment|lag_inflation,fed_borrowings_depository_institutions_qoq,2,-8.513894227607366,7.654271386502161,-23.516266145151604,6.48847768993687,117,control_sensitivity,tdc_residual_z,rolling_oos_standard_deviation,cumulative_sum_h0_to_h
headline_lagged_macro,headline,lag_tdc_bank_only_qoq|lag_fedfunds|lag_unemployment|lag_inflation,fed_borrowings_depository_institutions_qoq,3,-12.460846028400512,7.900341074457043,-27.94551453433632,3.023822477535292,116,control_sensitivity,tdc_residual_z,rolling_oos_standard_deviation,cumulative_sum_h0_to_h
headline_lagged_macro,headline,lag_tdc_bank_only_qoq|lag_fedfunds|lag_unemployment|lag_inflation,fed_borrowings_depository_institutions_qoq,4,-11.817260900021157,7.533692270117969,-26.583297749452377,2.948775949410061,115,control_sensitivity,tdc_residual_z,rolling_oos_standard_deviation,cumulative_sum_h0_to_h
headline_lagged_macro,headline,lag_tdc_bank_only_qoq|lag_fedfunds|lag_unemployment|lag_inflation,fed_borrowings_depository_institutions_qoq,5,-10.844099444304888,7.006835503245094,-24.57749703066527,2.8892981420554964,114,control_sensitivity,tdc_residual_z,rolling_oos_standard_deviation,cumulative_sum_h0_to_h
headline_lagged_macro,headline,lag_tdc_bank_only_qoq|lag_fedfunds|lag_unemployment|lag_inflation,fed_borrowings_depository_institutions_qoq,6,-7.191910060820481,6.480621325444943,-19.89392785869257,5.510107737051607,113,control_sensitivity,tdc_residual_z,rolling_oos_standard_deviation,cumulative_sum_h0_to_h
headline_lagged_macro,headline,lag_tdc_bank_only_qoq|lag_fedfunds|lag_unemployment|lag_inflation,fed_borrowings_depository_institutions_qoq,7,-2.5925306587988306,7.847209989267386,-17.973062237762907,12.788000920165246,112,control_sensitivity,tdc_residual_z,rolling_oos_standard_deviation,cumulative_sum_h0_to_h
headline_lagged_macro,headline,lag_tdc_bank_only_qoq|lag_fedfunds|lag_unemployment|lag_inflation,fed_borrowings_depository_institutions_qoq,8,5.222235335145548,9.904724701905726,-14.191025080589675,24.63549575088077,111,control_sensitivity,tdc_residual_z,rolling_oos_standard_deviation,cumulative_sum_h0_to_h
headline_lagged_macro,headline,lag_tdc_bank_only_qoq|lag_fedfunds|lag_unemployment|lag_inflation,debt_securities_bank_liability_qoq,0,-0.800799742877936,1.854287617151412,-4.435203472494703,2.833603986738831,119,control_sensitivity,tdc_residual_z,rolling_oos_standard_deviation,cumulative_sum_h0_to_h
headline_lagged_macro,headline,lag_tdc_bank_only_qoq|lag_fedfunds|lag_unemployment|lag_inflation,debt_securities_bank_liability_qoq,1,-3.799020744696276,4.129177192292083,-11.89220804158876,4.294166552196207,118,control_sensitivity,tdc_residual_z,rolling_oos_standard_deviation,cumulative_sum_h0_to_h
headline_lagged_macro,headline,lag_tdc_bank_only_qoq|lag_fedfunds|lag_unemployment|lag_inflation,debt_securities_bank_liability_qoq,2,-1.021422549891403,4.9269737433634635,-10.67829108688379,8.635445987100985,117,control_sensitivity,tdc_residual_z,rolling_oos_standard_deviation,cumulative_sum_h0_to_h
headline_lagged_macro,headline,lag_tdc_bank_only_qoq|lag_fedfunds|lag_unemployment|lag_inflation,debt_securities_bank_liability_qoq,3,0.26240557313498114,5.218313719588,-9.9654893172575,10.490300463527461,116,control_sensitivity,tdc_residual_z,rolling_oos_standard_deviation,cumulative_sum_h0_to_h
headline_lagged_macro,headline,lag_tdc_bank_only_qoq|lag_fedfunds|lag_unemployment|lag_inflation,debt_securities_bank_liability_qoq,4,7.69475828037992,6.613202086843997,-5.267117809834314,20.656634370594155,115,control_sensitivity,tdc_residual_z,rolling_oos_standard_deviation,cumulative_sum_h0_to_h
headline_lagged_macro,headline,lag_tdc_bank_only_qoq|lag_fedfunds|lag_unemployment|lag_inflation,debt_securities_bank_liability_qoq,5,15.969070874300371,11.527870823386971,-6.625555939538092,38.56369768813883,114,control_sensitivity,tdc_residual_z,rolling_oos_standard_deviation,cumulative_sum_h0_to_h
headline_lagged_macro,headline,lag_tdc_bank_only_qoq|lag_fedfunds|lag_unemployment|lag_inflation,debt_securities_bank_liability_qoq,6,11.973550234699358,9.850088656862425,-7.332623532750995,31.279724002149713,113,control_sensitivity,tdc_residual_z,rolling_oos_standard_deviation,cumulative_sum_h0_to_h
headline_lagged_macro,headline,lag_tdc_bank_only_qoq|lag_fedfunds|lag_unemployment|lag_inflation,debt_securities_bank_liability_qoq,7,8.253178775411333,9.089311329420205,-9.56187143025227,26.068228981074938,112,control_sensitivity,tdc_residual_z,rolling_oos_standard_deviation,cumulative_sum_h0_to_h
headline_lagged_macro,headline,lag_tdc_bank_only_qoq|lag_fedfunds|lag_unemployment|lag_inflation,debt_securities_bank_liability_qoq,8,5.77691302388884,9.025915081297653,-11.913880535454558,23.467706583232236,111,control_sensitivity,tdc_residual_z,rolling_oos_standard_deviation,cumulative_sum_h0_to_h
headline_lagged_macro,headline,lag_tdc_bank_only_qoq|lag_fedfunds|lag_unemployment|lag_inflation,fhlb_advances_sallie_mae_loans_bank_qoq,0,-5.282797335142851,3.1528720135117196,-11.46242648162582,0.8968318113401192,119,control_sensitivity,tdc_residual_z,rolling_oos_standard_deviation,cumulative_sum_h0_to_h
headline_lagged_macro,headline,lag_tdc_bank_only_qoq|lag_fedfunds|lag_unemployment|lag_inflation,fhlb_advances_sallie_mae_loans_bank_qoq,1,-10.21482022175506,3.539154801150312,-17.15156363200967,-3.2780768115004495,118,control_sensitivity,tdc_residual_z,rolling_oos_standard_deviation,cumulative_sum_h0_to_h
headline_lagged_macro,headline,lag_tdc_bank_only_qoq|lag_fedfunds|lag_unemployment|lag_inflation,fhlb_advances_sallie_mae_loans_bank_qoq,2,-15.934678963234813,4.844823214599427,-25.430532463849687,-6.438825462619937,117,control_sensitivity,tdc_residual_z,rolling_oos_standard_deviation,cumulative_sum_h0_to_h
headline_lagged_macro,headline,lag_tdc_bank_only_qoq|lag_fedfunds|lag_unemployment|lag_inflation,fhlb_advances_sallie_mae_loans_bank_qoq,3,-15.16782791997177,6.830699592164732,-28.555999120614644,-1.7796567193288961,116,control_sensitivity,tdc_residual_z,rolling_oos_standard_deviation,cumulative_sum_h0_to_h
headline_lagged_macro,headline,lag_tdc_bank_only_qoq|lag_fedfunds|lag_unemployment|lag_inflation,fhlb_advances_sallie_mae_loans_bank_qoq,4,-17.625783715177405,7.98465825679702,-33.27571389849956,-1.9758535318552468,115,control_sensitivity,tdc_residual_z,rolling_oos_standard_deviation,cumulative_sum_h0_to_h
headline_lagged_macro,headline,lag_tdc_bank_only_qoq|lag_fedfunds|lag_unemployment|lag_inflation,fhlb_advances_sallie_mae_loans_bank_qoq,5,-15.291248781764503,9.574763494019471,-34.05778523004267,3.47528766651366,114,control_sensitivity,tdc_residual_z,rolling_oos_standard_deviation,cumulative_sum_h0_to_h
headline_lagged_macro,headline,lag_tdc_bank_only_qoq|lag_fedfunds|lag_unemployment|lag_inflation,fhlb_advances_sallie_mae_loans_bank_qoq,6,-9.583086681531586,12.047066423033675,-33.19533687067759,14.029163507614417,113,control_sensitivity,tdc_residual_z,rolling_oos_standard_deviation,cumulative_sum_h0_to_h
headline_lagged_macro,headline,lag_tdc_bank_only_qoq|lag_fedfunds|lag_unemployment|lag_inflation,fhlb_advances_sallie_mae_loans_bank_qoq,7,-5.923022243109399,13.236960560018991,-31.867464940746622,20.02142045452782,112,control_sensitivity,tdc_residual_z,rolling_oos_standard_deviation,cumulative_sum_h0_to_h
headline_lagged_macro,headline,lag_tdc_bank_only_qoq|lag_fedfunds|lag_unemployment|lag_inflation,fhlb_advances_sallie_mae_loans_bank_qoq,8,-4.797218585205416,15.44518102209492,-35.06977338851146,25.47533621810063,111,control_sensitivity,tdc_residual_z,rolling_oos_standard_deviation,cumulative_sum_h0_to_h
headline_lagged_macro,headline,lag_tdc_bank_only_qoq|lag_fedfunds|lag_unemployment|lag_inflation,commercial_industrial_loans_ex_chargeoffs_qoq,0,-0.741666124414313,5.2571500304890995,-11.045680184172948,9.56234793534432,119,control_sensitivity,tdc_residual_z,rolling_oos_standard_deviation,cumulative_sum_h0_to_h
headline_lagged_macro,headline,lag_tdc_bank_only_qoq|lag_fedfunds|lag_unemployment|lag_inflation,commercial_industrial_loans_ex_chargeoffs_qoq,1,-2.469536557564206,8.491003787266864,-19.11190398060726,14.172830865478849,118,control_sensitivity,tdc_residual_z,rolling_oos_standard_deviation,cumulative_sum_h0_to_h
headline_lagged_macro,headline,lag_tdc_bank_only_qoq|lag_fedfunds|lag_unemployment|lag_inflation,commercial_industrial_loans_ex_chargeoffs_qoq,2,-13.739242331011354,7.6268707635000625,-28.687909027471477,1.2094243654487684,117,control_sensitivity,tdc_residual_z,rolling_oos_standard_deviation,cumulative_sum_h0_to_h
headline_lagged_macro,headline,lag_tdc_bank_only_qoq|lag_fedfunds|lag_unemployment|lag_inflation,commercial_industrial_loans_ex_chargeoffs_qoq,3,-13.502719353014351,7.07308699367841,-27.365969860624034,0.360531154595332,116,control_sensitivity,tdc_residual_z,rolling_oos_standard_deviation,cumulative_sum_h0_to_h
headline_lagged_macro,headline,lag_tdc_bank_only_qoq|lag_fedfunds|lag_unemployment|lag_inflation,commercial_industrial_loans_ex_chargeoffs_qoq,4,-13.562485411869812,8.352155036412526,-29.932709283238363,2.80773845949874,115,control_sensitivity,tdc_residual_z,rolling_oos_standard_deviation,cumulative_sum_h0_to_h
headline_lagged_macro,headline,lag_tdc_bank_only_qoq|lag_fedfunds|lag_unemployment|lag_inflation,commercial_industrial_loans_ex_chargeoffs_qoq,5,-12.586859043137155,9.315715707244026,-30.845661829335448,5.671943743061137,114,control_sensitivity,tdc_residual_z,rolling_oos_standard_deviation,cumulative_sum_h0_to_h
headline_lagged_macro,headline,lag_tdc_bank_only_qoq|lag_fedfunds|lag_unemployment|lag_inflation,commercial_industrial_loans_ex_chargeoffs_qoq,6,-17.955453070354988,10.347558184861649,-38.23666711268382,2.3257609719738426,113,control_sensitivity,tdc_residual_z,rolling_oos_standard_deviation,cumulative_sum_h0_to_h
headline_lagged_macro,headline,lag_tdc_bank_only_qoq|lag_fedfunds|lag_unemployment|lag_inflation,commercial_industrial_loans_ex_chargeoffs_qoq,7,-13.663922427753366,10.834409774427058,-34.8993655856304,7.571520730123666,112,control_sensitivity,tdc_residual_z,rolling_oos_standard_deviation,cumulative_sum_h0_to_h
headline_lagged_macro,headline,lag_tdc_bank_only_qoq|lag_fedfunds|lag_unemployment|lag_inflation,commercial_industrial_loans_ex_chargeoffs_qoq,8,-13.473951114612756,11.066518746872205,-35.16432785848228,8.216425629256765,111,control_sensitivity,tdc_residual_z,rolling_oos_standard_deviation,cumulative_sum_h0_to_h
headline_lagged_macro,headline,lag_tdc_bank_only_qoq|lag_fedfunds|lag_unemployment|lag_inflation,consumer_loans_ex_chargeoffs_qoq,0,-2.1341118362228793,1.3544063671212598,-4.788748315780548,0.5205246433347899,119,control_sensitivity,tdc_residual_z,rolling_oos_standard_deviation,cumulative_sum_h0_to_h
headline_lagged_macro,headline,lag_tdc_bank_only_qoq|lag_fedfunds|lag_unemployment|lag_inflation,consumer_loans_ex_chargeoffs_qoq,1,-5.4610441526842965,2.276687315319774,-9.923351290711054,-0.9987370146575394,118,control_sensitivity,tdc_residual_z,rolling_oos_standard_deviation,cumulative_sum_h0_to_h
headline_lagged_macro,headline,lag_tdc_bank_only_qoq|lag_fedfunds|lag_unemployment|lag_inflation,consumer_loans_ex_chargeoffs_qoq,2,-5.204962457324672,2.827476656894156,-10.746816704837219,0.33689179018787296,117,control_sensitivity,tdc_residual_z,rolling_oos_standard_deviation,cumulative_sum_h0_to_h
headline_lagged_macro,headline,lag_tdc_bank_only_qoq|lag_fedfunds|lag_unemployment|lag_inflation,consumer_loans_ex_chargeoffs_qoq,3,-4.049154776545991,3.202505482333813,-10.326065521920263,2.2277559688282826,116,control_sensitivity,tdc_residual_z,rolling_oos_standard_deviation,cumulative_sum_h0_to_h
headline_lagged_macro,headline,lag_tdc_bank_only_qoq|lag_fedfunds|lag_unemployment|lag_inflation,consumer_loans_ex_chargeoffs_qoq,4,0.19489081989737933,4.453031592651906,-8.533051101700357,8.922832741495116,115,control_sensitivity,tdc_residual_z,rolling_oos_standard_deviation,cumulative_sum_h0_to_h
headline_lagged_macro,headline,lag_tdc_bank_only_qoq|lag_fedfunds|lag_unemployment|lag_inflation,consumer_loans_ex_chargeoffs_qoq,5,5.236812181753086,7.655326971237189,-9.767628681871804,20.241253045377974,114,control_sensitivity,tdc_residual_z,rolling_oos_standard_deviation,cumulative_sum_h0_to_h
headline_lagged_macro,headline,lag_tdc_bank_only_qoq|lag_fedfunds|lag_unemployment|lag_inflation,consumer_loans_ex_chargeoffs_qoq,6,2.724735105334343,6.2267947887583075,-9.47978268063194,14.929252891300626,113,control_sensitivity,tdc_residual_z,rolling_oos_standard_deviation,cumulative_sum_h0_to_h
headline_lagged_macro,headline,lag_tdc_bank_only_qoq|lag_fedfunds|lag_unemployment|lag_inflation,consumer_loans_ex_chargeoffs_qoq,7,3.033171086007199,6.04105605119035,-8.807298774325886,14.873640946340284,112,control_sensitivity,tdc_residual_z,rolling_oos_standard_deviation,cumulative_sum_h0_to_h
headline_lagged_macro,headline,lag_tdc_bank_only_qoq|lag_fedfunds|lag_unemployment|lag_inflation,consumer_loans_ex_chargeoffs_qoq,8,2.778292006843854,6.0186150296563,-9.018193451282494,14.574777464970202,111,control_sensitivity,tdc_residual_z,rolling_oos_standard_deviation,cumulative_sum_h0_to_h
headline_lagged_macro,headline,lag_tdc_bank_only_qoq|lag_fedfunds|lag_unemployment|lag_inflation,credit_card_revolving_loans_ex_chargeoffs_qoq,0,-1.222955173845182,1.2147994114343172,-3.6039620202564437,1.1580516725660797,101,control_sensitivity,tdc_residual_z,rolling_oos_standard_deviation,cumulative_sum_h0_to_h
headline_lagged_macro,headline,lag_tdc_bank_only_qoq|lag_fedfunds|lag_unemployment|lag_inflation,credit_card_revolving_loans_ex_chargeoffs_qoq,1,-5.568405912366431,2.3406117042309655,-10.156004852659123,-0.9808069720737382,100,control_sensitivity,tdc_residual_z,rolling_oos_standard_deviation,cumulative_sum_h0_to_h
headline_lagged_macro,headline,lag_tdc_bank_only_qoq|lag_fedfunds|lag_unemployment|lag_inflation,credit_card_revolving_loans_ex_chargeoffs_qoq,2,-5.030107421425452,2.68538660383271,-10.293465164937563,0.23325032208665952,99,control_sensitivity,tdc_residual_z,rolling_oos_standard_deviation,cumulative_sum_h0_to_h
headline_lagged_macro,headline,lag_tdc_bank_only_qoq|lag_fedfunds|lag_unemployment|lag_inflation,credit_card_revolving_loans_ex_chargeoffs_qoq,3,-4.584203219796871,3.068653842985528,-10.598764752048506,1.4303583124547634,98,control_sensitivity,tdc_residual_z,rolling_oos_standard_deviation,cumulative_sum_h0_to_h
headline_lagged_macro,headline,lag_tdc_bank_only_qoq|lag_fedfunds|lag_unemployment|lag_inflation,credit_card_revolving_loans_ex_chargeoffs_qoq,4,0.030137658464322925,4.612276732179692,-9.009924736607873,9.070200053536519,97,control_sensitivity,tdc_residual_z,rolling_oos_standard_deviation,cumulative_sum_h0_to_h
headline_lagged_macro,headline,lag_tdc_bank_only_qoq|lag_fedfunds|lag_unemployment|lag_inflation,credit_card_revolving_loans_ex_chargeoffs_qoq,5,5.991221350181571,9.103712074456771,-11.852054315753698,23.834497016116842,96,control_sensitivity,tdc_residual_z,rolling_oos_standard_deviation,cumulative_sum_h0_to_h
headline_lagged_macro,headline,lag_tdc_bank_only_qoq|lag_fedfunds|lag_unemployment|lag_inflation,credit_card_revolving_loans_ex_chargeoffs_qoq,6,2.9147834373028756,7.394649425664008,-11.578729436998579,17.40829631160433,95,control_sensitivity,tdc_residual_z,rolling_oos_standard_deviation,cumulative_sum_h0_to_h
headline_lagged_macro,headline,lag_tdc_bank_only_qoq|lag_fedfunds|lag_unemployment|lag_inflation,credit_card_revolving_loans_ex_chargeoffs_qoq,7,2.4187329048695236,7.130289067039886,-11.556633666528652,16.394099476267698,94,control_sensitivity,tdc_residual_z,rolling_oos_standard_deviation,cumulative_sum_h0_to_h
headline_lagged_macro,headline,lag_tdc_bank_only_qoq|lag_fedfunds|lag_unemployment|lag_inflation,credit_card_revolving_loans_ex_chargeoffs_qoq,8,2.576414794558122,7.435936871975504,-11.998021474513866,17.15085106363011,93,control_sensitivity,tdc_residual_z,rolling_oos_standard_deviation,cumulative_sum_h0_to_h
headline_lagged_macro,headline,lag_tdc_bank_only_qoq|lag_fedfunds|lag_unemployment|lag_inflation,other_consumer_loans_ex_chargeoffs_qoq,0,-1.2374532448811641,0.8528820420810547,-2.9091020473600313,0.434195557597703,101,control_sensitivity,tdc_residual_z,rolling_oos_standard_deviation,cumulative_sum_h0_to_h
headline_lagged_macro,headline,lag_tdc_bank_only_qoq|lag_fedfunds|lag_unemployment|lag_inflation,other_consumer_loans_ex_chargeoffs_qoq,1,-1.2958876330576314,1.01821580219715,-3.2915906053640454,0.6998153392487823,100,control_sensitivity,tdc_residual_z,rolling_oos_standard_deviation,cumulative_sum_h0_to_h
headline_lagged_macro,headline,lag_tdc_bank_only_qoq|lag_fedfunds|lag_unemployment|lag_inflation,other_consumer_loans_ex_chargeoffs_qoq,2,-1.240782141520103,1.437536336740349,-4.0583533615311875,1.576789078490981,99,control_sensitivity,tdc_residual_z,rolling_oos_standard_deviation,cumulative_sum_h0_to_h
headline_lagged_macro,headline,lag_tdc_bank_only_qoq|lag_fedfunds|lag_unemployment|lag_inflation,other_consumer_loans_ex_chargeoffs_qoq,3,-0.42368348890371843,1.6570502165401777,-3.6715019133224667,2.82413493551503,98,control_sensitivity,tdc_residual_z,rolling_oos_standard_deviation,cumulative_sum_h0_to_h
headline_lagged_macro,headline,lag_tdc_bank_only_qoq|lag_fedfunds|lag_unemployment|lag_inflation,other_consumer_loans_ex_chargeoffs_qoq,4,-0.0592908363127953,1.8206747812283162,-3.627813407520295,3.5092317348947044,97,control_sensitivity,tdc_residual_z,rolling_oos_standard_deviation,cumulative_sum_h0_to_h
headline_lagged_macro,headline,lag_tdc_bank_only_qoq|lag_fedfunds|lag_unemployment|lag_inflation,other_consumer_loans_ex_chargeoffs_qoq,5,0.3239701238191719,2.0970358506402653,-3.786220143435748,4.434160391074092,96,control_sensitivity,tdc_residual_z,rolling_oos_standard_deviation,cumulative_sum_h0_to_h
headline_lagged_macro,headline,lag_tdc_bank_only_qoq|lag_fedfunds|lag_unemployment|lag_inflation,other_consumer_loans_ex_chargeoffs_qoq,6,0.4497508536985775,2.189274357118292,-3.841226886253275,4.74072859365043,95,control_sensitivity,tdc_residual_z,rolling_oos_standard_deviation,cumulative_sum_h0_to_h
headline_lagged_macro,headline,lag_tdc_bank_only_qoq|lag_fedfunds|lag_unemployment|lag_inflation,other_consumer_loans_ex_chargeoffs_qoq,7,0.5898055916429135,2.60825789133111,-4.522379875366061,5.701991058651888,94,control_sensitivity,tdc_residual_z,rolling_oos_standard_deviation,cumulative_sum_h0_to_h
headline_lagged_macro,headline,lag_tdc_bank_only_qoq|lag_fedfunds|lag_unemployment|lag_inflation,other_consumer_loans_ex_chargeoffs_qoq,8,0.289083448325429,2.8475682258158974,-5.292150274273729,5.870317170924587,93,control_sensitivity,tdc_residual_z,rolling_oos_standard_deviation,cumulative_sum_h0_to_h
headline_lagged_macro,headline,lag_tdc_bank_only_qoq|lag_fedfunds|lag_unemployment|lag_inflation,closed_end_residential_loans_ex_chargeoffs_qoq,0,0.1386753105015823,2.4857732336649723,-4.733440227481764,5.010790848484928,85,control_sensitivity,tdc_residual_z,rolling_oos_standard_deviation,cumulative_sum_h0_to_h
headline_lagged_macro,headline,lag_tdc_bank_only_qoq|lag_fedfunds|lag_unemployment|lag_inflation,closed_end_residential_loans_ex_chargeoffs_qoq,1,-0.5997746617395738,3.1970473999541493,-6.865987565649707,5.666438242170559,84,control_sensitivity,tdc_residual_z,rolling_oos_standard_deviation,cumulative_sum_h0_to_h
headline_lagged_macro,headline,lag_tdc_bank_only_qoq|lag_fedfunds|lag_unemployment|lag_inflation,closed_end_residential_loans_ex_chargeoffs_qoq,2,-3.3639473542773763,3.3870408017985834,-10.002547325802599,3.2746526172478467,83,control_sensitivity,tdc_residual_z,rolling_oos_standard_deviation,cumulative_sum_h0_to_h
headline_lagged_macro,headline,lag_tdc_bank_only_qoq|lag_fedfunds|lag_unemployment|lag_inflation,closed_end_residential_loans_ex_chargeoffs_qoq,3,-2.2958658927478925,3.0363821302655767,-8.247174868068424,3.6554430825726376,82,control_sensitivity,tdc_residual_z,rolling_oos_standard_deviation,cumulative_sum_h0_to_h
headline_lagged_macro,headline,lag_tdc_bank_only_qoq|lag_fedfunds|lag_unemployment|lag_inflation,closed_end_residential_loans_ex_chargeoffs_qoq,4,1.117111395951806,4.595890695153008,-7.89083436654809,10.125057158451702,81,control_sensitivity,tdc_residual_z,rolling_oos_standard_deviation,cumulative_sum_h0_to_h
headline_lagged_macro,headline,lag_tdc_bank_only_qoq|lag_fedfunds|lag_unemployment|lag_inflation,closed_end_residential_loans_ex_chargeoffs_qoq,5,1.4201647894025946,4.979410432959411,-8.33947965919785,11.17980923800304,80,control_sensitivity,tdc_residual_z,rolling_oos_standard_deviation,cumulative_sum_h0_to_h
headline_lagged_macro,headline,lag_tdc_bank_only_qoq|lag_fedfunds|lag_unemployment|lag_inflation,closed_end_residential_loans_ex_chargeoffs_qoq,6,0.831875175478709,5.508689012227201,-9.965155288486605,11.628905639444023,79,control_sensitivity,tdc_residual_z,rolling_oos_standard_deviation,cumulative_sum_h0_to_h
headline_lagged_macro,headline,lag_tdc_bank_only_qoq|lag_fedfunds|lag_unemployment|lag_inflation,closed_end_residential_loans_ex_chargeoffs_qoq,7,2.9399794455087402,5.125947788401659,-7.10687821975851,12.98683711077599,78,control_sensitivity,tdc_residual_z,rolling_oos_standard_deviation,cumulative_sum_h0_to_h
headline_lagged_macro,headline,lag_tdc_bank_only_qoq|lag_fedfunds|lag_unemployment|lag_inflation,closed_end_residential_loans_ex_chargeoffs_qoq,8,5.564251530797044,5.175488914473972,-4.57970674157194,15.708209803166028,77,control_sensitivity,tdc_residual_z,rolling_oos_standard_deviation,cumulative_sum_h0_to_h
headline_lagged_macro,headline,lag_tdc_bank_only_qoq|lag_fedfunds|lag_unemployment|lag_inflation,cb_nonts_qoq,0,34.76027494833025,12.124580448836053,10.996097268611585,58.52445262804891,91,control_sensitivity,tdc_residual_z,rolling_oos_standard_deviation,cumulative_sum_h0_to_h
headline_lagged_macro,headline,lag_tdc_bank_only_qoq|lag_fedfunds|lag_unemployment|lag_inflation,cb_nonts_qoq,1,56.38229406633907,44.58729239728987,-31.008799032349074,143.7733871650272,90,control_sensitivity,tdc_residual_z,rolling_oos_standard_deviation,cumulative_sum_h0_to_h
headline_lagged_macro,headline,lag_tdc_bank_only_qoq|lag_fedfunds|lag_unemployment|lag_inflation,cb_nonts_qoq,2,64.70616640102298,55.66754223006289,-44.40221636990029,173.81454917194625,89,control_sensitivity,tdc_residual_z,rolling_oos_standard_deviation,cumulative_sum_h0_to_h
headline_lagged_macro,headline,lag_tdc_bank_only_qoq|lag_fedfunds|lag_unemployment|lag_inflation,cb_nonts_qoq,3,65.17283259250765,59.54720826475123,-51.53969560640476,181.88536079142006,88,control_sensitivity,tdc_residual_z,rolling_oos_standard_deviation,cumulative_sum_h0_to_h
headline_lagged_macro,headline,lag_tdc_bank_only_qoq|lag_fedfunds|lag_unemployment|lag_inflation,cb_nonts_qoq,4,80.28002986236913,66.28204844599338,-49.63278509177789,210.19284481651616,87,control_sensitivity,tdc_residual_z,rolling_oos_standard_deviation,cumulative_sum_h0_to_h
headline_lagged_macro,headline,lag_tdc_bank_only_qoq|lag_fedfunds|lag_unemployment|lag_inflation,cb_nonts_qoq,5,48.40974594197821,72.2555707263587,-93.21117268168484,190.03066456564125,86,control_sensitivity,tdc_residual_z,rolling_oos_standard_deviation,cumulative_sum_h0_to_h
headline_lagged_macro,headline,lag_tdc_bank_only_qoq|lag_fedfunds|lag_unemployment|lag_inflation,cb_nonts_qoq,6,14.124616215481499,68.65290575318,-120.43507906075129,148.68431149171428,85,control_sensitivity,tdc_residual_z,rolling_oos_standard_deviation,cumulative_sum_h0_to_h
headline_lagged_macro,headline,lag_tdc_bank_only_qoq|lag_fedfunds|lag_unemployment|lag_inflation,cb_nonts_qoq,7,-2.581916079268616,70.86770056381897,-141.48260918435378,136.31877702581656,84,control_sensitivity,tdc_residual_z,rolling_oos_standard_deviation,cumulative_sum_h0_to_h
headline_lagged_macro,headline,lag_tdc_bank_only_qoq|lag_fedfunds|lag_unemployment|lag_inflation,cb_nonts_qoq,8,14.622011710454036,71.59713124536769,-125.70836553046665,154.95238895137473,83,control_sensitivity,tdc_residual_z,rolling_oos_standard_deviation,cumulative_sum_h0_to_h
headline_lagged_macro,headline,lag_tdc_bank_only_qoq|lag_fedfunds|lag_unemployment|lag_inflation,tga_qoq,0,-42.29419828467739,17.856373029736048,-77.29268942296005,-7.29570714639474,91,control_sensitivity,tdc_residual_z,rolling_oos_standard_deviation,cumulative_sum_h0_to_h
headline_lagged_macro,headline,lag_tdc_bank_only_qoq|lag_fedfunds|lag_unemployment|lag_inflation,tga_qoq,1,-33.79199369343735,32.52381058366193,-97.53866243741473,29.954675050540025,90,control_sensitivity,tdc_residual_z,rolling_oos_standard_deviation,cumulative_sum_h0_to_h
headline_lagged_macro,headline,lag_tdc_bank_only_qoq|lag_fedfunds|lag_unemployment|lag_inflation,tga_qoq,2,-33.80994985297333,43.18316391868101,-118.44895113358811,50.829051427641446,89,control_sensitivity,tdc_residual_z,rolling_oos_standard_deviation,cumulative_sum_h0_to_h
headline_lagged_macro,headline,lag_tdc_bank_only_qoq|lag_fedfunds|lag_unemployment|lag_inflation,tga_qoq,3,-20.9154391779574,41.6118617915719,-102.47468828943832,60.64380993352353,88,control_sensitivity,tdc_residual_z,rolling_oos_standard_deviation,cumulative_sum_h0_to_h
headline_lagged_macro,headline,lag_tdc_bank_only_qoq|lag_fedfunds|lag_unemployment|lag_inflation,tga_qoq,4,-19.585588158059608,30.179191591386218,-78.7368036771766,39.56562736105738,87,control_sensitivity,tdc_residual_z,rolling_oos_standard_deviation,cumulative_sum_h0_to_h
headline_lagged_macro,headline,lag_tdc_bank_only_qoq|lag_fedfunds|lag_unemployment|lag_inflation,tga_qoq,5,-21.125223317116948,25.321208469756478,-70.75479191783964,28.504345283605744,86,control_sensitivity,tdc_residual_z,rolling_oos_standard_deviation,cumulative_sum_h0_to_h
headline_lagged_macro,headline,lag_tdc_bank_only_qoq|lag_fedfunds|lag_unemployment|lag_inflation,tga_qoq,6,-48.03586204357913,25.68357691356987,-98.37567279417607,2.3039487070178097,85,control_sensitivity,tdc_residual_z,rolling_oos_standard_deviation,cumulative_sum_h0_to_h
headline_lagged_macro,headline,lag_tdc_bank_only_qoq|lag_fedfunds|lag_unemployment|lag_inflation,tga_qoq,7,-55.3096317486947,31.493460941388808,-117.03681519381675,6.41755169642736,84,control_sensitivity,tdc_residual_z,rolling_oos_standard_deviation,cumulative_sum_h0_to_h
headline_lagged_macro,headline,lag_tdc_bank_only_qoq|lag_fedfunds|lag_unemployment|lag_inflation,tga_qoq,8,-65.10481715959298,34.772942511877375,-133.25978448287265,3.0501501636866664,83,control_sensitivity,tdc_residual_z,rolling_oos_standard_deviation,cumulative_sum_h0_to_h
headline_lagged_macro,headline,lag_tdc_bank_only_qoq|lag_fedfunds|lag_unemployment|lag_inflation,reserves_qoq,0,77.19113151416232,12.967388462921063,51.775050126837044,102.6072129014876,91,control_sensitivity,tdc_residual_z,rolling_oos_standard_deviation,cumulative_sum_h0_to_h
headline_lagged_macro,headline,lag_tdc_bank_only_qoq|lag_fedfunds|lag_unemployment|lag_inflation,reserves_qoq,1,90.7122153420153,27.847854391673714,36.13042073433482,145.29400994969578,90,control_sensitivity,tdc_residual_z,rolling_oos_standard_deviation,cumulative_sum_h0_to_h
headline_lagged_macro,headline,lag_tdc_bank_only_qoq|lag_fedfunds|lag_unemployment|lag_inflation,reserves_qoq,2,99.32501709231948,35.744334074985716,29.26612230534748,169.38391187929147,89,control_sensitivity,tdc_residual_z,rolling_oos_standard_deviation,cumulative_sum_h0_to_h
headline_lagged_macro,headline,lag_tdc_bank_only_qoq|lag_fedfunds|lag_unemployment|lag_inflation,reserves_qoq,3,86.72270794682547,36.202684812222515,15.765445714869344,157.6799701787816,88,control_sensitivity,tdc_residual_z,rolling_oos_standard_deviation,cumulative_sum_h0_to_h
headline_lagged_macro,headline,lag_tdc_bank_only_qoq|lag_fedfunds|lag_unemployment|lag_inflation,reserves_qoq,4,100.33488395872514,49.34698169845432,3.6147998297546735,197.0549680876956,87,control_sensitivity,tdc_residual_z,rolling_oos_standard_deviation,cumulative_sum_h0_to_h
headline_lagged_macro,headline,lag_tdc_bank_only_qoq|lag_fedfunds|lag_unemployment|lag_inflation,reserves_qoq,5,69.56162465519311,55.68300771082341,-39.57707045802077,178.70031976840698,86,control_sensitivity,tdc_residual_z,rolling_oos_standard_deviation,cumulative_sum_h0_to_h
headline_lagged_macro,headline,lag_tdc_bank_only_qoq|lag_fedfunds|lag_unemployment|lag_inflation,reserves_qoq,6,62.25614003911922,60.45301712067133,-56.23177351739659,180.74405359563502,85,control_sensitivity,tdc_residual_z,rolling_oos_standard_deviation,cumulative_sum_h0_to_h
headline_lagged_macro,headline,lag_tdc_bank_only_qoq|lag_fedfunds|lag_unemployment|lag_inflation,reserves_qoq,7,52.59784079050229,61.89391252872581,-68.71422776580029,173.90990934680485,84,control_sensitivity,tdc_residual_z,rolling_oos_standard_deviation,cumulative_sum_h0_to_h
headline_lagged_macro,headline,lag_tdc_bank_only_qoq|lag_fedfunds|lag_unemployment|lag_inflation,reserves_qoq,8,79.39252122955592,58.6663668649233,-35.593557825693736,194.3786002848056,83,control_sensitivity,tdc_residual_z,rolling_oos_standard_deviation,cumulative_sum_h0_to_h
headline_lagged_macro,headline,lag_tdc_bank_only_qoq|lag_fedfunds|lag_unemployment|lag_inflation,foreign_nonts_qoq,0,20.77386320365451,8.691620953966337,3.7382861338804894,37.809440273428535,119,control_sensitivity,tdc_residual_z,rolling_oos_standard_deviation,cumulative_sum_h0_to_h
headline_lagged_macro,headline,lag_tdc_bank_only_qoq|lag_fedfunds|lag_unemployment|lag_inflation,foreign_nonts_qoq,1,17.51118708693982,8.154577507744346,1.5282151717609018,33.494159002118735,118,control_sensitivity,tdc_residual_z,rolling_oos_standard_deviation,cumulative_sum_h0_to_h
headline_lagged_macro,headline,lag_tdc_bank_only_qoq|lag_fedfunds|lag_unemployment|lag_inflation,foreign_nonts_qoq,2,21.28017836186708,8.09613411955388,5.411755487541473,37.14860123619269,117,control_sensitivity,tdc_residual_z,rolling_oos_standard_deviation,cumulative_sum_h0_to_h
headline_lagged_macro,headline,lag_tdc_bank_only_qoq|lag_fedfunds|lag_unemployment|lag_inflation,foreign_nonts_qoq,3,25.209866924851497,7.615046219929784,10.28437633378912,40.135357515913874,116,control_sensitivity,tdc_residual_z,rolling_oos_standard_deviation,cumulative_sum_h0_to_h
headline_lagged_macro,headline,lag_tdc_bank_only_qoq|lag_fedfunds|lag_unemployment|lag_inflation,foreign_nonts_qoq,4,31.024846623730987,8.11848988345604,15.11260645215715,46.93708679530482,115,control_sensitivity,tdc_residual_z,rolling_oos_standard_deviation,cumulative_sum_h0_to_h
headline_lagged_macro,headline,lag_tdc_bank_only_qoq|lag_fedfunds|lag_unemployment|lag_inflation,foreign_nonts_qoq,5,23.30707172885793,8.530017544823778,6.588237341003325,40.025906116712534,114,control_sensitivity,tdc_residual_z,rolling_oos_standard_deviation,cumulative_sum_h0_to_h
headline_lagged_macro,headline,lag_tdc_bank_only_qoq|lag_fedfunds|lag_unemployment|lag_inflation,foreign_nonts_qoq,6,20.389244027345995,7.787015430291518,5.12669378397462,35.651794270717375,113,control_sensitivity,tdc_residual_z,rolling_oos_standard_deviation,cumulative_sum_h0_to_h
headline_lagged_macro,headline,lag_tdc_bank_only_qoq|lag_fedfunds|lag_unemployment|lag_inflation,foreign_nonts_qoq,7,26.032948339338102,7.892525209866665,10.563598927999438,41.50229775067677,112,control_sensitivity,tdc_residual_z,rolling_oos_standard_deviation,cumulative_sum_h0_to_h
headline_lagged_macro,headline,lag_tdc_bank_only_qoq|lag_fedfunds|lag_unemployment|lag_inflation,foreign_nonts_qoq,8,31.584778081997413,9.344040160834545,13.270459366761706,49.89909679723312,111,control_sensitivity,tdc_residual_z,rolling_oos_standard_deviation,cumulative_sum_h0_to_h
headline_lagged_macro,headline,lag_tdc_bank_only_qoq|lag_fedfunds|lag_unemployment|lag_inflation,domestic_nonfinancial_mmf_reallocation_qoq,0,-13.460242201299241,8.302582811657416,-29.733304512147775,2.8128201095492926,119,control_sensitivity,tdc_residual_z,rolling_oos_standard_deviation,cumulative_sum_h0_to_h
headline_lagged_macro,headline,lag_tdc_bank_only_qoq|lag_fedfunds|lag_unemployment|lag_inflation,domestic_nonfinancial_mmf_reallocation_qoq,1,-12.769995396190534,12.932979353658393,-38.11863492936098,12.578644136979914,118,control_sensitivity,tdc_residual_z,rolling_oos_standard_deviation,cumulative_sum_h0_to_h
headline_lagged_macro,headline,lag_tdc_bank_only_qoq|lag_fedfunds|lag_unemployment|lag_inflation,domestic_nonfinancial_mmf_reallocation_qoq,2,2.8901396414718032,12.54448439978461,-21.697049782106028,27.477329065049638,117,control_sensitivity,tdc_residual_z,rolling_oos_standard_deviation,cumulative_sum_h0_to_h
headline_lagged_macro,headline,lag_tdc_bank_only_qoq|lag_fedfunds|lag_unemployment|lag_inflation,domestic_nonfinancial_mmf_reallocation_qoq,3,2.213277680579992,13.676433185645736,-24.59253136328565,29.019086724445636,116,control_sensitivity,tdc_residual_z,rolling_oos_standard_deviation,cumulative_sum_h0_to_h
headline_lagged_macro,headline,lag_tdc_bank_only_qoq|lag_fedfunds|lag_unemployment|lag_inflation,domestic_nonfinancial_mmf_reallocation_qoq,4,1.6416501347845127,16.928404685845425,-31.53802304947252,34.82132331904155,115,control_sensitivity,tdc_residual_z,rolling_oos_standard_deviation,cumulative_sum_h0_to_h
headline_lagged_macro,headline,lag_tdc_bank_only_qoq|lag_fedfunds|lag_unemployment|lag_inflation,domestic_nonfinancial_mmf_reallocation_qoq,5,13.625230852319905,18.93712468949262,-23.491533539085626,50.74199524372544,114,control_sensitivity,tdc_residual_z,rolling_oos_standard_deviation,cumulative_sum_h0_to_h
headline_lagged_macro,headline,lag_tdc_bank_only_qoq|lag_fedfunds|lag_unemployment|lag_inflation,domestic_nonfinancial_mmf_reallocation_qoq,6,21.170046898292092,20.16020799619858,-18.34396077425712,60.684054570841305,113,control_sensitivity,tdc_residual_z,rolling_oos_standard_deviation,cumulative_sum_h0_to_h
headline_lagged_macro,headline,lag_tdc_bank_only_qoq|lag_fedfunds|lag_unemployment|lag_inflation,domestic_nonfinancial_mmf_reallocation_qoq,7,4.904127346476891,22.793673641572592,-39.77147299100539,49.57972768395917,112,control_sensitivity,tdc_residual_z,rolling_oos_standard_deviation,cumulative_sum_h0_to_h
headline_lagged_macro,headline,lag_tdc_bank_only_qoq|lag_fedfunds|lag_unemployment|lag_inflation,domestic_nonfinancial_mmf_reallocation_qoq,8,-11.463474477775122,27.532042591974918,-65.42627795804596,42.49932900249571,111,control_sensitivity,tdc_residual_z,rolling_oos_standard_deviation,cumulative_sum_h0_to_h
headline_lagged_macro,headline,lag_tdc_bank_only_qoq|lag_fedfunds|lag_unemployment|lag_inflation,domestic_nonfinancial_repo_reallocation_qoq,0,-0.06445707988976607,0.5194506220873366,-1.082580299180946,0.9536661394014136,119,control_sensitivity,tdc_residual_z,rolling_oos_standard_deviation,cumulative_sum_h0_to_h
headline_lagged_macro,headline,lag_tdc_bank_only_qoq|lag_fedfunds|lag_unemployment|lag_inflation,domestic_nonfinancial_repo_reallocation_qoq,1,-0.1063165503812496,0.7468147145028871,-1.5700733908069082,1.3574402900444091,118,control_sensitivity,tdc_residual_z,rolling_oos_standard_deviation,cumulative_sum_h0_to_h
headline_lagged_macro,headline,lag_tdc_bank_only_qoq|lag_fedfunds|lag_unemployment|lag_inflation,domestic_nonfinancial_repo_reallocation_qoq,2,-0.7836905680914201,0.8485153753049991,-2.4467807036892184,0.8793995675063782,117,control_sensitivity,tdc_residual_z,rolling_oos_standard_deviation,cumulative_sum_h0_to_h
headline_lagged_macro,headline,lag_tdc_bank_only_qoq|lag_fedfunds|lag_unemployment|lag_inflation,domestic_nonfinancial_repo_reallocation_qoq,3,-1.2258093364210043,0.9110355046797783,-3.01143892559337,0.5598202527513612,116,control_sensitivity,tdc_residual_z,rolling_oos_standard_deviation,cumulative_sum_h0_to_h
headline_lagged_macro,headline,lag_tdc_bank_only_qoq|lag_fedfunds|lag_unemployment|lag_inflation,domestic_nonfinancial_repo_reallocation_qoq,4,-0.8034077574350139,0.8713877620325763,-2.5113277710188635,0.9045122561488356,115,control_sensitivity,tdc_residual_z,rolling_oos_standard_deviation,cumulative_sum_h0_to_h
headline_lagged_macro,headline,lag_tdc_bank_only_qoq|lag_fedfunds|lag_unemployment|lag_inflation,domestic_nonfinancial_repo_reallocation_qoq,5,-0.9225640409049396,1.1140638900867303,-3.106129265474931,1.2610011836650517,114,control_sensitivity,tdc_residual_z,rolling_oos_standard_deviation,cumulative_sum_h0_to_h
headline_lagged_macro,headline,lag_tdc_bank_only_qoq|lag_fedfunds|lag_unemployment|lag_inflation,domestic_nonfinancial_repo_reallocation_qoq,6,-1.2632238785487222,1.1476543397319987,-3.5126263844234398,0.9861786273259954,113,control_sensitivity,tdc_residual_z,rolling_oos_standard_deviation,cumulative_sum_h0_to_h
headline_lagged_macro,headline,lag_tdc_bank_only_qoq|lag_fedfunds|lag_unemployment|lag_inflation,domestic_nonfinancial_repo_reallocation_qoq,7,-1.9851850924932446,1.2412670998226383,-4.4180686081456155,0.44769842315912634,112,control_sensitivity,tdc_residual_z,rolling_oos_standard_deviation,cumulative_sum_h0_to_h
headline_lagged_macro,headline,lag_tdc_bank_only_qoq|lag_fedfunds|lag_unemployment|lag_inflation,domestic_nonfinancial_repo_reallocation_qoq,8,-2.0014426599487383,1.1655268905173632,-4.28587536536277,0.2829900454652936,111,control_sensitivity,tdc_residual_z,rolling_oos_standard_deviation,cumulative_sum_h0_to_h
headline_lagged_macro,headline,lag_tdc_bank_only_qoq|lag_fedfunds|lag_unemployment|lag_inflation,on_rrp_reallocation_qoq,0,-0.02426734325880216,0.011314240373510802,-0.04644325439088333,-0.0020914321267209886,52,control_sensitivity,tdc_residual_z,rolling_oos_standard_deviation,cumulative_sum_h0_to_h
headline_lagged_macro,headline,lag_tdc_bank_only_qoq|lag_fedfunds|lag_unemployment|lag_inflation,on_rrp_reallocation_qoq,1,-0.08264601468602503,0.025916849519204924,-0.13344303974366667,-0.03184898962838338,49,control_sensitivity,tdc_residual_z,rolling_oos_standard_deviation,cumulative_sum_h0_to_h
headline_lagged_macro,headline,lag_tdc_bank_only_qoq|lag_fedfunds|lag_unemployment|lag_inflation,on_rrp_reallocation_qoq,2,-0.11812928125080001,0.04265530954276557,-0.20173368795462054,-0.03452487454697949,47,control_sensitivity,tdc_residual_z,rolling_oos_standard_deviation,cumulative_sum_h0_to_h
headline_lagged_macro,headline,lag_tdc_bank_only_qoq|lag_fedfunds|lag_unemployment|lag_inflation,on_rrp_reallocation_qoq,3,-0.1533265028493874,0.04344348526171579,-0.23847573396235033,-0.06817727173642445,46,control_sensitivity,tdc_residual_z,rolling_oos_standard_deviation,cumulative_sum_h0_to_h
headline_lagged_macro,headline,lag_tdc_bank_only_qoq|lag_fedfunds|lag_unemployment|lag_inflation,on_rrp_reallocation_qoq,4,-0.1494131812226473,0.03943081838591652,-0.22669758525904365,-0.07212877718625092,45,control_sensitivity,tdc_residual_z,rolling_oos_standard_deviation,cumulative_sum_h0_to_h
headline_lagged_macro,headline,lag_tdc_bank_only_qoq|lag_fedfunds|lag_unemployment|lag_inflation,on_rrp_reallocation_qoq,5,-0.24174209649418807,0.038805967092172135,-0.3178017919948455,-0.16568240099353068,44,control_sensitivity,tdc_residual_z,rolling_oos_standard_deviation,cumulative_sum_h0_to_h
headline_lagged_macro,headline,lag_tdc_bank_only_qoq|lag_fedfunds|lag_unemployment|lag_inflation,on_rrp_reallocation_qoq,6,-0.31327190677989547,0.0498896333193238,-0.41105558808577014,-0.21548822547402083,43,control_sensitivity,tdc_residual_z,rolling_oos_standard_deviation,cumulative_sum_h0_to_h
headline_lagged_macro,headline,lag_tdc_bank_only_qoq|lag_fedfunds|lag_unemployment|lag_inflation,on_rrp_reallocation_qoq,7,-0.37507595593464915,0.06352645806345857,-0.49958781373902794,-0.25056409813027036,42,control_sensitivity,tdc_residual_z,rolling_oos_standard_deviation,cumulative_sum_h0_to_h
headline_lagged_macro,headline,lag_tdc_bank_only_qoq|lag_fedfunds|lag_unemployment|lag_inflation,on_rrp_reallocation_qoq,8,-0.3887789255424701,0.07146055681815296,-0.5288416169060499,-0.24871623417889033,41,control_sensitivity,tdc_residual_z,rolling_oos_standard_deviation,cumulative_sum_h0_to_h
headline_lagged_macro,headline,lag_tdc_bank_only_qoq|lag_fedfunds|lag_unemployment|lag_inflation,household_treasury_securities_reallocation_qoq,0,13.214138247412777,9.708589217203372,-5.814696618305831,32.242973113131384,119,control_sensitivity,tdc_residual_z,rolling_oos_standard_deviation,cumulative_sum_h0_to_h
headline_lagged_macro,headline,lag_tdc_bank_only_qoq|lag_fedfunds|lag_unemployment|lag_inflation,household_treasury_securities_reallocation_qoq,1,32.51317836912213,17.829004521375964,-2.4316704927747566,67.45802723101902,118,control_sensitivity,tdc_residual_z,rolling_oos_standard_deviation,cumulative_sum_h0_to_h
headline_lagged_macro,headline,lag_tdc_bank_only_qoq|lag_fedfunds|lag_unemployment|lag_inflation,household_treasury_securities_reallocation_qoq,2,33.33397265608924,17.68063516474765,-1.3200722668161546,67.98801757899463,117,control_sensitivity,tdc_residual_z,rolling_oos_standard_deviation,cumulative_sum_h0_to_h
headline_lagged_macro,headline,lag_tdc_bank_only_qoq|lag_fedfunds|lag_unemployment|lag_inflation,household_treasury_securities_reallocation_qoq,3,36.10820719098076,25.14923677562378,-13.18429688924185,85.40071127120336,116,control_sensitivity,tdc_residual_z,rolling_oos_standard_deviation,cumulative_sum_h0_to_h
headline_lagged_macro,headline,lag_tdc_bank_only_qoq|lag_fedfunds|lag_unemployment|lag_inflation,household_treasury_securities_reallocation_qoq,4,37.806380093147084,28.978306794427976,-18.99110122393175,94.60386141022592,115,control_sensitivity,tdc_residual_z,rolling_oos_standard_deviation,cumulative_sum_h0_to_h
headline_lagged_macro,headline,lag_tdc_bank_only_qoq|lag_fedfunds|lag_unemployment|lag_inflation,household_treasury_securities_reallocation_qoq,5,35.24897311934643,36.035728442121766,-35.38105462721222,105.87900086590508,114,control_sensitivity,tdc_residual_z,rolling_oos_standard_deviation,cumulative_sum_h0_to_h
headline_lagged_macro,headline,lag_tdc_bank_only_qoq|lag_fedfunds|lag_unemployment|lag_inflation,household_treasury_securities_reallocation_qoq,6,21.841396044811688,36.31201088137704,-49.33014528268731,93.01293737231069,113,control_sensitivity,tdc_residual_z,rolling_oos_standard_deviation,cumulative_sum_h0_to_h
headline_lagged_macro,headline,lag_tdc_bank_only_qoq|lag_fedfunds|lag_unemployment|lag_inflation,household_treasury_securities_reallocation_qoq,7,14.193261894984692,36.177486581409084,-56.71461180457711,85.10113559454649,112,control_sensitivity,tdc_residual_z,rolling_oos_standard_deviation,cumulative_sum_h0_to_h
headline_lagged_macro,headline,lag_tdc_bank_only_qoq|lag_fedfunds|lag_unemployment|lag_inflation,household_treasury_securities_reallocation_qoq,8,4.806206696170985,36.04209339465843,-65.83629635735953,75.44870974970151,111,control_sensitivity,tdc_residual_z,rolling_oos_standard_deviation,cumulative_sum_h0_to_h
headline_lagged_macro,headline,lag_tdc_bank_only_qoq|lag_fedfunds|lag_unemployment|lag_inflation,mmf_treasury_bills_reallocation_qoq,0,7.774628604347347,7.093969308352124,-6.129551240022815,21.67880844871751,119,control_sensitivity,tdc_residual_z,rolling_oos_standard_deviation,cumulative_sum_h0_to_h
headline_lagged_macro,headline,lag_tdc_bank_only_qoq|lag_fedfunds|lag_unemployment|lag_inflation,mmf_treasury_bills_reallocation_qoq,1,8.500174247703901,21.709425883418586,-34.050300483796526,51.05064897920433,118,control_sensitivity,tdc_residual_z,rolling_oos_standard_deviation,cumulative_sum_h0_to_h
headline_lagged_macro,headline,lag_tdc_bank_only_qoq|lag_fedfunds|lag_unemployment|lag_inflation,mmf_treasury_bills_reallocation_qoq,2,12.830845195744034,28.964638142506963,-43.93984556356961,69.60153595505768,117,control_sensitivity,tdc_residual_z,rolling_oos_standard_deviation,cumulative_sum_h0_to_h
headline_lagged_macro,headline,lag_tdc_bank_only_qoq|lag_fedfunds|lag_unemployment|lag_inflation,mmf_treasury_bills_reallocation_qoq,3,9.940593153796772,28.494984635373605,-45.909576731535495,65.79076303912903,116,control_sensitivity,tdc_residual_z,rolling_oos_standard_deviation,cumulative_sum_h0_to_h
headline_lagged_macro,headline,lag_tdc_bank_only_qoq|lag_fedfunds|lag_unemployment|lag_inflation,mmf_treasury_bills_reallocation_qoq,4,-0.275733647620235,30.371927640041267,-59.80471182210112,59.25324452686065,115,control_sensitivity,tdc_residual_z,rolling_oos_standard_deviation,cumulative_sum_h0_to_h
headline_lagged_macro,headline,lag_tdc_bank_only_qoq|lag_fedfunds|lag_unemployment|lag_inflation,mmf_treasury_bills_reallocation_qoq,5,20.486847110023366,32.624104368980056,-43.456397453177544,84.43009167322427,114,control_sensitivity,tdc_residual_z,rolling_oos_standard_deviation,cumulative_sum_h0_to_h
headline_lagged_macro,headline,lag_tdc_bank_only_qoq|lag_fedfunds|lag_unemployment|lag_inflation,mmf_treasury_bills_reallocation_qoq,6,42.818536996562415,30.949893596511167,-17.843254452599474,103.4803284457243,113,control_sensitivity,tdc_residual_z,rolling_oos_standard_deviation,cumulative_sum_h0_to_h
headline_lagged_macro,headline,lag_tdc_bank_only_qoq|lag_fedfunds|lag_unemployment|lag_inflation,mmf_treasury_bills_reallocation_qoq,7,50.90394798201764,34.13578668439737,-16.002193919401194,117.81008988343648,112,control_sensitivity,tdc_residual_z,rolling_oos_standard_deviation,cumulative_sum_h0_to_h
headline_lagged_macro,headline,lag_tdc_bank_only_qoq|lag_fedfunds|lag_unemployment|lag_inflation,mmf_treasury_bills_reallocation_qoq,8,45.58614012436324,32.76120705436983,-18.625825702201624,109.7981059509281,111,control_sensitivity,tdc_residual_z,rolling_oos_standard_deviation,cumulative_sum_h0_to_h
headline_lagged_macro,headline,lag_tdc_bank_only_qoq|lag_fedfunds|lag_unemployment|lag_inflation,currency_reallocation_qoq,0,-0.13167019849948747,0.6837072597211051,-1.4717364275528535,1.2083960305538786,119,control_sensitivity,tdc_residual_z,rolling_oos_standard_deviation,cumulative_sum_h0_to_h
headline_lagged_macro,headline,lag_tdc_bank_only_qoq|lag_fedfunds|lag_unemployment|lag_inflation,currency_reallocation_qoq,1,-1.8377384731843263,1.2928349568603146,-4.3716949886305425,0.6962180422618904,118,control_sensitivity,tdc_residual_z,rolling_oos_standard_deviation,cumulative_sum_h0_to_h
headline_lagged_macro,headline,lag_tdc_bank_only_qoq|lag_fedfunds|lag_unemployment|lag_inflation,currency_reallocation_qoq,2,-1.2178498293954716,2.167814873708144,-5.466766981863434,3.0310673230724907,117,control_sensitivity,tdc_residual_z,rolling_oos_standard_deviation,cumulative_sum_h0_to_h
headline_lagged_macro,headline,lag_tdc_bank_only_qoq|lag_fedfunds|lag_unemployment|lag_inflation,currency_reallocation_qoq,3,-1.3297243691709717,2.7056524203387267,-6.632803113034876,3.9733543746929323,116,control_sensitivity,tdc_residual_z,rolling_oos_standard_deviation,cumulative_sum_h0_to_h
headline_lagged_macro,headline,lag_tdc_bank_only_qoq|lag_fedfunds|lag_unemployment|lag_inflation,currency_reallocation_qoq,4,-1.6585084451759666,3.3146914105626752,-8.15530360987881,4.838286719526876,115,control_sensitivity,tdc_residual_z,rolling_oos_standard_deviation,cumulative_sum_h0_to_h
headline_lagged_macro,headline,lag_tdc_bank_only_qoq|lag_fedfunds|lag_unemployment|lag_inflation,currency_reallocation_qoq,5,-1.888468103827588,4.183858886626363,-10.08883152161526,6.311895313960084,114,control_sensitivity,tdc_residual_z,rolling_oos_standard_deviation,cumulative_sum_h0_to_h
headline_lagged_macro,headline,lag_tdc_bank_only_qoq|lag_fedfunds|lag_unemployment|lag_inflation,currency_reallocation_qoq,6,-0.1065789537533739,4.533847728570623,-8.992920501751795,8.779762594245048,113,control_sensitivity,tdc_residual_z,rolling_oos_standard_deviation,cumulative_sum_h0_to_h
headline_lagged_macro,headline,lag_tdc_bank_only_qoq|lag_fedfunds|lag_unemployment|lag_inflation,currency_reallocation_qoq,7,0.05493119691480608,4.780141203786059,-9.31414556250587,9.424007956335481,112,control_sensitivity,tdc_residual_z,rolling_oos_standard_deviation,cumulative_sum_h0_to_h
headline_lagged_macro,headline,lag_tdc_bank_only_qoq|lag_fedfunds|lag_unemployment|lag_inflation,currency_reallocation_qoq,8,0.31631718689908617,5.1854004348124105,-9.847067665333238,10.47970203913141,111,control_sensitivity,tdc_residual_z,rolling_oos_standard_deviation,cumulative_sum_h0_to_h
lagged_macro_plus_bill,core,lag_tdc_bank_only_qoq|lag_fedfunds|lag_unemployment|lag_inflation|lag_bill_share,total_deposits_bank_qoq,0,40.84004818505437,16.830912725767092,7.851459242550874,73.82863712755787,103,control_sensitivity,tdc_residual_z,rolling_oos_standard_deviation,cumulative_sum_h0_to_h
lagged_macro_plus_bill,core,lag_tdc_bank_only_qoq|lag_fedfunds|lag_unemployment|lag_inflation|lag_bill_share,total_deposits_bank_qoq,1,58.45985241343054,43.339736109494126,-26.486030361177953,143.40573518803905,102,control_sensitivity,tdc_residual_z,rolling_oos_standard_deviation,cumulative_sum_h0_to_h
lagged_macro_plus_bill,core,lag_tdc_bank_only_qoq|lag_fedfunds|lag_unemployment|lag_inflation|lag_bill_share,total_deposits_bank_qoq,2,62.16489360344535,56.849128242242166,-49.2593977513493,173.58918495824,101,control_sensitivity,tdc_residual_z,rolling_oos_standard_deviation,cumulative_sum_h0_to_h
lagged_macro_plus_bill,core,lag_tdc_bank_only_qoq|lag_fedfunds|lag_unemployment|lag_inflation|lag_bill_share,total_deposits_bank_qoq,3,83.19284248913102,64.18908941733393,-42.61777276884348,209.00345774710553,100,control_sensitivity,tdc_residual_z,rolling_oos_standard_deviation,cumulative_sum_h0_to_h
lagged_macro_plus_bill,core,lag_tdc_bank_only_qoq|lag_fedfunds|lag_unemployment|lag_inflation|lag_bill_share,total_deposits_bank_qoq,4,105.78993577813546,73.98298775387639,-39.216720219462246,250.79659177573316,99,control_sensitivity,tdc_residual_z,rolling_oos_standard_deviation,cumulative_sum_h0_to_h
lagged_macro_plus_bill,core,lag_tdc_bank_only_qoq|lag_fedfunds|lag_unemployment|lag_inflation|lag_bill_share,total_deposits_bank_qoq,5,89.45219097569992,79.79448498132278,-66.94499958769273,245.84938153909258,98,control_sensitivity,tdc_residual_z,rolling_oos_standard_deviation,cumulative_sum_h0_to_h
lagged_macro_plus_bill,core,lag_tdc_bank_only_qoq|lag_fedfunds|lag_unemployment|lag_inflation|lag_bill_share,total_deposits_bank_qoq,6,68.99619602092807,82.26902310956558,-92.25108927382047,230.2434813156766,97,control_sensitivity,tdc_residual_z,rolling_oos_standard_deviation,cumulative_sum_h0_to_h
lagged_macro_plus_bill,core,lag_tdc_bank_only_qoq|lag_fedfunds|lag_unemployment|lag_inflation|lag_bill_share,total_deposits_bank_qoq,7,85.52252013383946,88.41226211995829,-87.76551362127879,258.8105538889577,96,control_sensitivity,tdc_residual_z,rolling_oos_standard_deviation,cumulative_sum_h0_to_h
lagged_macro_plus_bill,core,lag_tdc_bank_only_qoq|lag_fedfunds|lag_unemployment|lag_inflation|lag_bill_share,total_deposits_bank_qoq,8,101.68898697272319,93.4867249503878,-81.54499393003688,284.92296787548327,95,control_sensitivity,tdc_residual_z,rolling_oos_standard_deviation,cumulative_sum_h0_to_h
lagged_macro_plus_bill,core,lag_tdc_bank_only_qoq|lag_fedfunds|lag_unemployment|lag_inflation|lag_bill_share,other_component_qoq,0,-63.261198090727476,16.055876181701198,-94.73071540686182,-31.79168077459313,103,control_sensitivity,tdc_residual_z,rolling_oos_standard_deviation,cumulative_sum_h0_to_h
lagged_macro_plus_bill,core,lag_tdc_bank_only_qoq|lag_fedfunds|lag_unemployment|lag_inflation|lag_bill_share,other_component_qoq,1,-80.84622029897761,35.44730027766728,-150.3229288432055,-11.369511754749738,102,control_sensitivity,tdc_residual_z,rolling_oos_standard_deviation,cumulative_sum_h0_to_h
lagged_macro_plus_bill,core,lag_tdc_bank_only_qoq|lag_fedfunds|lag_unemployment|lag_inflation|lag_bill_share,other_component_qoq,2,-103.02526754180332,41.66854897471173,-184.6956235322383,-21.354911551368318,101,control_sensitivity,tdc_residual_z,rolling_oos_standard_deviation,cumulative_sum_h0_to_h
lagged_macro_plus_bill,core,lag_tdc_bank_only_qoq|lag_fedfunds|lag_unemployment|lag_inflation|lag_bill_share,other_component_qoq,3,-58.91154247291539,38.127298633535574,-133.64104779464512,15.817962848814325,100,control_sensitivity,tdc_residual_z,rolling_oos_standard_deviation,cumulative_sum_h0_to_h
lagged_macro_plus_bill,core,lag_tdc_bank_only_qoq|lag_fedfunds|lag_unemployment|lag_inflation|lag_bill_share,other_component_qoq,4,-60.58685136140415,29.47763605743519,-118.36301803397713,-2.8106846888311736,99,control_sensitivity,tdc_residual_z,rolling_oos_standard_deviation,cumulative_sum_h0_to_h
lagged_macro_plus_bill,core,lag_tdc_bank_only_qoq|lag_fedfunds|lag_unemployment|lag_inflation|lag_bill_share,other_component_qoq,5,-72.95244796682312,28.003788235016287,-127.83987290745503,-18.06502302619119,98,control_sensitivity,tdc_residual_z,rolling_oos_standard_deviation,cumulative_sum_h0_to_h
lagged_macro_plus_bill,core,lag_tdc_bank_only_qoq|lag_fedfunds|lag_unemployment|lag_inflation|lag_bill_share,other_component_qoq,6,-120.5118417402709,36.39869435750051,-191.8532826809719,-49.170400799569904,97,control_sensitivity,tdc_residual_z,rolling_oos_standard_deviation,cumulative_sum_h0_to_h
lagged_macro_plus_bill,core,lag_tdc_bank_only_qoq|lag_fedfunds|lag_unemployment|lag_inflation|lag_bill_share,other_component_qoq,7,-109.92309472845895,46.11483999139126,-200.3081811115858,-19.538008345332088,96,control_sensitivity,tdc_residual_z,rolling_oos_standard_deviation,cumulative_sum_h0_to_h
lagged_macro_plus_bill,core,lag_tdc_bank_only_qoq|lag_fedfunds|lag_unemployment|lag_inflation|lag_bill_share,other_component_qoq,8,-120.77433397502605,53.31270800479255,-225.26724166441943,-16.281426285632662,95,control_sensitivity,tdc_residual_z,rolling_oos_standard_deviation,cumulative_sum_h0_to_h
lagged_macro_plus_bill,core,lag_tdc_bank_only_qoq|lag_fedfunds|lag_unemployment|lag_inflation|lag_bill_share,accounting_deposit_substitution_qoq,0,0.04557679510202817,0.9509092660852938,-1.8182053664251479,1.909358956629204,92,control_sensitivity,tdc_residual_z,rolling_oos_standard_deviation,cumulative_sum_h0_to_h
lagged_macro_plus_bill,core,lag_tdc_bank_only_qoq|lag_fedfunds|lag_unemployment|lag_inflation|lag_bill_share,accounting_deposit_substitution_qoq,1,-2.7182838226790995,4.139701862481756,-10.83209947314334,5.395531827785142,91,control_sensitivity,tdc_residual_z,rolling_oos_standard_deviation,cumulative_sum_h0_to_h
lagged_macro_plus_bill,core,lag_tdc_bank_only_qoq|lag_fedfunds|lag_unemployment|lag_inflation|lag_bill_share,accounting_deposit_substitution_qoq,2,-4.333691219254307,3.921639258838766,-12.020104166578289,3.3527217280696737,90,control_sensitivity,tdc_residual_z,rolling_oos_standard_deviation,cumulative_sum_h0_to_h
lagged_macro_plus_bill,core,lag_tdc_bank_only_qoq|lag_fedfunds|lag_unemployment|lag_inflation|lag_bill_share,accounting_deposit_substitution_qoq,3,-7.133131814725472,5.5146595732140415,-17.941864578224994,3.675600948774049,89,control_sensitivity,tdc_residual_z,rolling_oos_standard_deviation,cumulative_sum_h0_to_h
lagged_macro_plus_bill,core,lag_tdc_bank_only_qoq|lag_fedfunds|lag_unemployment|lag_inflation|lag_bill_share,accounting_deposit_substitution_qoq,4,-0.8780164502235266,3.4214181034415856,-7.583995932969034,5.827963032521981,88,control_sensitivity,tdc_residual_z,rolling_oos_standard_deviation,cumulative_sum_h0_to_h
lagged_macro_plus_bill,core,lag_tdc_bank_only_qoq|lag_fedfunds|lag_unemployment|lag_inflation|lag_bill_share,accounting_deposit_substitution_qoq,5,4.702770974616567,3.770297027493697,-2.687011199271079,12.092553148504212,87,control_sensitivity,tdc_residual_z,rolling_oos_standard_deviation,cumulative_sum_h0_to_h
lagged_macro_plus_bill,core,lag_tdc_bank_only_qoq|lag_fedfunds|lag_unemployment|lag_inflation|lag_bill_share,accounting_deposit_substitution_qoq,6,3.8202827536797788,4.267921134803147,-4.544842670534388,12.185408177893946,86,control_sensitivity,tdc_residual_z,rolling_oos_standard_deviation,cumulative_sum_h0_to_h
lagged_macro_plus_bill,core,lag_tdc_bank_only_qoq|lag_fedfunds|lag_unemployment|lag_inflation|lag_bill_share,accounting_deposit_substitution_qoq,7,-3.214415227602922,4.072328108716614,-11.196178320687485,4.767347865481641,85,control_sensitivity,tdc_residual_z,rolling_oos_standard_deviation,cumulative_sum_h0_to_h
lagged_macro_plus_bill,core,lag_tdc_bank_only_qoq|lag_fedfunds|lag_unemployment|lag_inflation|lag_bill_share,accounting_deposit_substitution_qoq,8,-4.806374160734709,4.396354834337429,-13.42322963603607,3.810481314566651,84,control_sensitivity,tdc_residual_z,rolling_oos_standard_deviation,cumulative_sum_h0_to_h
lagged_macro_plus_bill,core,lag_tdc_bank_only_qoq|lag_fedfunds|lag_unemployment|lag_inflation|lag_bill_share,accounting_bank_balance_sheet_qoq,0,-16.8739867301208,9.877136434758475,-36.23317414224741,2.4852006820058072,92,control_sensitivity,tdc_residual_z,rolling_oos_standard_deviation,cumulative_sum_h0_to_h
lagged_macro_plus_bill,core,lag_tdc_bank_only_qoq|lag_fedfunds|lag_unemployment|lag_inflation|lag_bill_share,accounting_bank_balance_sheet_qoq,1,-15.183237080366398,12.79869970616181,-40.268688504443546,9.902214343710751,91,control_sensitivity,tdc_residual_z,rolling_oos_standard_deviation,cumulative_sum_h0_to_h
lagged_macro_plus_bill,core,lag_tdc_bank_only_qoq|lag_fedfunds|lag_unemployment|lag_inflation|lag_bill_share,accounting_bank_balance_sheet_qoq,2,-19.878861197385795,13.076829902859416,-45.50944780699025,5.751725412218658,90,control_sensitivity,tdc_residual_z,rolling_oos_standard_deviation,cumulative_sum_h0_to_h
lagged_macro_plus_bill,core,lag_tdc_bank_only_qoq|lag_fedfunds|lag_unemployment|lag_inflation|lag_bill_share,accounting_bank_balance_sheet_qoq,3,1.6451885109076372,14.359536516319352,-26.499503061078293,29.789880082893568,89,control_sensitivity,tdc_residual_z,rolling_oos_standard_deviation,cumulative_sum_h0_to_h
lagged_macro_plus_bill,core,lag_tdc_bank_only_qoq|lag_fedfunds|lag_unemployment|lag_inflation|lag_bill_share,accounting_bank_balance_sheet_qoq,4,-7.090555600145038,19.60337858035674,-45.513177617644246,31.33206641735417,88,control_sensitivity,tdc_residual_z,rolling_oos_standard_deviation,cumulative_sum_h0_to_h
lagged_macro_plus_bill,core,lag_tdc_bank_only_qoq|lag_fedfunds|lag_unemployment|lag_inflation|lag_bill_share,accounting_bank_balance_sheet_qoq,5,5.5155249691277675,26.574058098496508,-46.569628903925384,57.60067884218092,87,control_sensitivity,tdc_residual_z,rolling_oos_standard_deviation,cumulative_sum_h0_to_h
lagged_macro_plus_bill,core,lag_tdc_bank_only_qoq|lag_fedfunds|lag_unemployment|lag_inflation|lag_bill_share,accounting_bank_balance_sheet_qoq,6,-9.102690430794738,29.63496981749924,-67.18723127309325,48.98185041150377,86,control_sensitivity,tdc_residual_z,rolling_oos_standard_deviation,cumulative_sum_h0_to_h
lagged_macro_plus_bill,core,lag_tdc_bank_only_qoq|lag_fedfunds|lag_unemployment|lag_inflation|lag_bill_share,accounting_bank_balance_sheet_qoq,7,8.769953589406057,27.67133319360737,-45.46585947006439,63.0057666488765,85,control_sensitivity,tdc_residual_z,rolling_oos_standard_deviation,cumulative_sum_h0_to_h
lagged_macro_plus_bill,core,lag_tdc_bank_only_qoq|lag_fedfunds|lag_unemployment|lag_inflation|lag_bill_share,accounting_bank_balance_sheet_qoq,8,-11.394087025122388,28.17488076642858,-66.6168533273224,43.828679277077626,84,control_sensitivity,tdc_residual_z,rolling_oos_standard_deviation,cumulative_sum_h0_to_h
lagged_macro_plus_bill,core,lag_tdc_bank_only_qoq|lag_fedfunds|lag_unemployment|lag_inflation|lag_bill_share,accounting_public_liquidity_qoq,0,43.26388056277288,17.308396757938816,9.339422917212808,77.18833820833296,91,control_sensitivity,tdc_residual_z,rolling_oos_standard_deviation,cumulative_sum_h0_to_h
lagged_macro_plus_bill,core,lag_tdc_bank_only_qoq|lag_fedfunds|lag_unemployment|lag_inflation|lag_bill_share,accounting_public_liquidity_qoq,1,30.13906901036902,33.79832463570956,-36.10564727562173,96.38378529635978,90,control_sensitivity,tdc_residual_z,rolling_oos_standard_deviation,cumulative_sum_h0_to_h
lagged_macro_plus_bill,core,lag_tdc_bank_only_qoq|lag_fedfunds|lag_unemployment|lag_inflation|lag_bill_share,accounting_public_liquidity_qoq,2,25.535048509810863,49.06341739136201,-70.62924957725868,121.6993465968804,89,control_sensitivity,tdc_residual_z,rolling_oos_standard_deviation,cumulative_sum_h0_to_h
lagged_macro_plus_bill,core,lag_tdc_bank_only_qoq|lag_fedfunds|lag_unemployment|lag_inflation|lag_bill_share,accounting_public_liquidity_qoq,3,-3.3230066030169407,44.639952362641786,-90.81731323379483,84.17130002776096,88,control_sensitivity,tdc_residual_z,rolling_oos_standard_deviation,cumulative_sum_h0_to_h
lagged_macro_plus_bill,core,lag_tdc_bank_only_qoq|lag_fedfunds|lag_unemployment|lag_inflation|lag_bill_share,accounting_public_liquidity_qoq,4,1.308492482938991,33.24613079008001,-63.85392386561783,66.4709088314958,87,control_sensitivity,tdc_residual_z,rolling_oos_standard_deviation,cumulative_sum_h0_to_h
lagged_macro_plus_bill,core,lag_tdc_bank_only_qoq|lag_fedfunds|lag_unemployment|lag_inflation|lag_bill_share,accounting_public_liquidity_qoq,5,0.0050936428367354125,27.79117254260099,-54.465604540661204,54.47579182633467,86,control_sensitivity,tdc_residual_z,rolling_oos_standard_deviation,cumulative_sum_h0_to_h
lagged_macro_plus_bill,core,lag_tdc_bank_only_qoq|lag_fedfunds|lag_unemployment|lag_inflation|lag_bill_share,accounting_public_liquidity_qoq,6,36.59782882334479,27.381226736064622,-17.069375579341866,90.26503322603145,85,control_sensitivity,tdc_residual_z,rolling_oos_standard_deviation,cumulative_sum_h0_to_h
lagged_macro_plus_bill,core,lag_tdc_bank_only_qoq|lag_fedfunds|lag_unemployment|lag_inflation|lag_bill_share,accounting_public_liquidity_qoq,7,41.35455004133354,31.039658926953216,-19.483181455494766,102.19228153816184,84,control_sensitivity,tdc_residual_z,rolling_oos_standard_deviation,cumulative_sum_h0_to_h
lagged_macro_plus_bill,core,lag_tdc_bank_only_qoq|lag_fedfunds|lag_unemployment|lag_inflation|lag_bill_share,accounting_public_liquidity_qoq,8,55.282330065894705,33.0412690148337,-9.478557203179356,120.04321733496877,83,control_sensitivity,tdc_residual_z,rolling_oos_standard_deviation,cumulative_sum_h0_to_h
lagged_macro_plus_bill,core,lag_tdc_bank_only_qoq|lag_fedfunds|lag_unemployment|lag_inflation|lag_bill_share,accounting_external_flow_qoq,0,-90.24290942539086,23.809265886721057,-136.90907056336414,-43.576748287417594,92,control_sensitivity,tdc_residual_z,rolling_oos_standard_deviation,cumulative_sum_h0_to_h
lagged_macro_plus_bill,core,lag_tdc_bank_only_qoq|lag_fedfunds|lag_unemployment|lag_inflation|lag_bill_share,accounting_external_flow_qoq,1,-92.02501077120844,53.56444813476583,-197.01132911534947,12.961307572932583,91,control_sensitivity,tdc_residual_z,rolling_oos_standard_deviation,cumulative_sum_h0_to_h
lagged_macro_plus_bill,core,lag_tdc_bank_only_qoq|lag_fedfunds|lag_unemployment|lag_inflation|lag_bill_share,accounting_external_flow_qoq,2,-101.11035351556458,76.5075506283158,-251.06515274706354,48.84444571593437,90,control_sensitivity,tdc_residual_z,rolling_oos_standard_deviation,cumulative_sum_h0_to_h
lagged_macro_plus_bill,core,lag_tdc_bank_only_qoq|lag_fedfunds|lag_unemployment|lag_inflation|lag_bill_share,accounting_external_flow_qoq,3,-48.120367899158495,74.74432237965966,-194.61923976329143,98.37850396497446,89,control_sensitivity,tdc_residual_z,rolling_oos_standard_deviation,cumulative_sum_h0_to_h
lagged_macro_plus_bill,core,lag_tdc_bank_only_qoq|lag_fedfunds|lag_unemployment|lag_inflation|lag_bill_share,accounting_external_flow_qoq,4,-52.6853283973435,61.278327128788774,-172.79084956976948,67.4201927750825,88,control_sensitivity,tdc_residual_z,rolling_oos_standard_deviation,cumulative_sum_h0_to_h
lagged_macro_plus_bill,core,lag_tdc_bank_only_qoq|lag_fedfunds|lag_unemployment|lag_inflation|lag_bill_share,accounting_external_flow_qoq,5,-82.07445446489753,58.62290249788085,-196.97534336074398,32.826434430948936,87,control_sensitivity,tdc_residual_z,rolling_oos_standard_deviation,cumulative_sum_h0_to_h
lagged_macro_plus_bill,core,lag_tdc_bank_only_qoq|lag_fedfunds|lag_unemployment|lag_inflation|lag_bill_share,accounting_external_flow_qoq,6,-150.06865443226778,55.773688164020705,-259.38508323374833,-40.752225630787194,86,control_sensitivity,tdc_residual_z,rolling_oos_standard_deviation,cumulative_sum_h0_to_h
lagged_macro_plus_bill,core,lag_tdc_bank_only_qoq|lag_fedfunds|lag_unemployment|lag_inflation|lag_bill_share,accounting_external_flow_qoq,7,-158.44705448942432,64.49580616429796,-284.8588345714483,-32.03527440740032,85,control_sensitivity,tdc_residual_z,rolling_oos_standard_deviation,cumulative_sum_h0_to_h
lagged_macro_plus_bill,core,lag_tdc_bank_only_qoq|lag_fedfunds|lag_unemployment|lag_inflation|lag_bill_share,accounting_external_flow_qoq,8,-162.75038385320872,69.39897243491873,-298.77236982564943,-26.728397880768,84,control_sensitivity,tdc_residual_z,rolling_oos_standard_deviation,cumulative_sum_h0_to_h
lagged_macro_plus_bill,core,lag_tdc_bank_only_qoq|lag_fedfunds|lag_unemployment|lag_inflation|lag_bill_share,accounting_identity_total_qoq,0,-63.17672638493994,16.717019663552907,-95.94208492550364,-30.411367844376244,91,control_sensitivity,tdc_residual_z,rolling_oos_standard_deviation,cumulative_sum_h0_to_h
lagged_macro_plus_bill,core,lag_tdc_bank_only_qoq|lag_fedfunds|lag_unemployment|lag_inflation|lag_bill_share,accounting_identity_total_qoq,1,-79.68049975914025,37.35759946757918,-152.90139471559542,-6.459604802685064,90,control_sensitivity,tdc_residual_z,rolling_oos_standard_deviation,cumulative_sum_h0_to_h
lagged_macro_plus_bill,core,lag_tdc_bank_only_qoq|lag_fedfunds|lag_unemployment|lag_inflation|lag_bill_share,accounting_identity_total_qoq,2,-102.82261012333545,43.29238648596964,-187.67568763583594,-17.96953261083496,89,control_sensitivity,tdc_residual_z,rolling_oos_standard_deviation,cumulative_sum_h0_to_h
lagged_macro_plus_bill,core,lag_tdc_bank_only_qoq|lag_fedfunds|lag_unemployment|lag_inflation|lag_bill_share,accounting_identity_total_qoq,3,-60.524055705283445,40.17006924789656,-139.25739143116073,18.209280020593823,88,control_sensitivity,tdc_residual_z,rolling_oos_standard_deviation,cumulative_sum_h0_to_h
lagged_macro_plus_bill,core,lag_tdc_bank_only_qoq|lag_fedfunds|lag_unemployment|lag_inflation|lag_bill_share,accounting_identity_total_qoq,4,-63.16195996033326,29.860320493155115,-121.68818812691728,-4.635731793749237,87,control_sensitivity,tdc_residual_z,rolling_oos_standard_deviation,cumulative_sum_h0_to_h
lagged_macro_plus_bill,core,lag_tdc_bank_only_qoq|lag_fedfunds|lag_unemployment|lag_inflation|lag_bill_share,accounting_identity_total_qoq,5,-75.8815959694869,26.304480984731523,-127.43837869956067,-24.32481323941311,86,control_sensitivity,tdc_residual_z,rolling_oos_standard_deviation,cumulative_sum_h0_to_h
lagged_macro_plus_bill,core,lag_tdc_bank_only_qoq|lag_fedfunds|lag_unemployment|lag_inflation|lag_bill_share,accounting_identity_total_qoq,6,-123.4527922892406,34.19365709154257,-190.47236018866403,-56.43322438981717,85,control_sensitivity,tdc_residual_z,rolling_oos_standard_deviation,cumulative_sum_h0_to_h
lagged_macro_plus_bill,core,lag_tdc_bank_only_qoq|lag_fedfunds|lag_unemployment|lag_inflation|lag_bill_share,accounting_identity_total_qoq,7,-113.40307572960496,44.09755751735503,-199.83428846362082,-26.971862995589106,84,control_sensitivity,tdc_residual_z,rolling_oos_standard_deviation,cumulative_sum_h0_to_h
lagged_macro_plus_bill,core,lag_tdc_bank_only_qoq|lag_fedfunds|lag_unemployment|lag_inflation|lag_bill_share,accounting_identity_total_qoq,8,-123.27506589406168,52.9500177599013,-227.05710070346822,-19.493031084655144,83,control_sensitivity,tdc_residual_z,rolling_oos_standard_deviation,cumulative_sum_h0_to_h
lagged_macro_plus_bill,core,lag_tdc_bank_only_qoq|lag_fedfunds|lag_unemployment|lag_inflation|lag_bill_share,accounting_identity_gap_qoq,0,-0.8026629036814101,1.14467280967304,-3.0462216106405684,1.4408958032777484,91,control_sensitivity,tdc_residual_z,rolling_oos_standard_deviation,cumulative_sum_h0_to_h
lagged_macro_plus_bill,core,lag_tdc_bank_only_qoq|lag_fedfunds|lag_unemployment|lag_inflation|lag_bill_share,accounting_identity_gap_qoq,1,-2.4040390137276098,1.55154095781786,-5.445059291050615,0.6369812635953958,90,control_sensitivity,tdc_residual_z,rolling_oos_standard_deviation,cumulative_sum_h0_to_h
lagged_macro_plus_bill,core,lag_tdc_bank_only_qoq|lag_fedfunds|lag_unemployment|lag_inflation|lag_bill_share,accounting_identity_gap_qoq,2,-3.8176686338736605,2.348941634151102,-8.42159423680982,0.7862569690624985,89,control_sensitivity,tdc_residual_z,rolling_oos_standard_deviation,cumulative_sum_h0_to_h
lagged_macro_plus_bill,core,lag_tdc_bank_only_qoq|lag_fedfunds|lag_unemployment|lag_inflation|lag_bill_share,accounting_identity_gap_qoq,3,-0.8958625469482726,2.71093404306838,-6.209293271362297,4.417568177465752,88,control_sensitivity,tdc_residual_z,rolling_oos_standard_deviation,cumulative_sum_h0_to_h
lagged_macro_plus_bill,core,lag_tdc_bank_only_qoq|lag_fedfunds|lag_unemployment|lag_inflation|lag_bill_share,accounting_identity_gap_qoq,4,-2.1272801927902543,3.008967588194555,-8.024856665651582,3.7702962800710735,87,control_sensitivity,tdc_residual_z,rolling_oos_standard_deviation,cumulative_sum_h0_to_h
lagged_macro_plus_bill,core,lag_tdc_bank_only_qoq|lag_fedfunds|lag_unemployment|lag_inflation|lag_bill_share,accounting_identity_gap_qoq,5,-1.4611926708255418,3.9403353514237716,-9.184249959616134,6.261864617965051,86,control_sensitivity,tdc_residual_z,rolling_oos_standard_deviation,cumulative_sum_h0_to_h
lagged_macro_plus_bill,core,lag_tdc_bank_only_qoq|lag_fedfunds|lag_unemployment|lag_inflation|lag_bill_share,accounting_identity_gap_qoq,6,-2.363420091509549,4.368167162602122,-10.925027730209706,6.198187547190609,85,control_sensitivity,tdc_residual_z,rolling_oos_standard_deviation,cumulative_sum_h0_to_h
lagged_macro_plus_bill,core,lag_tdc_bank_only_qoq|lag_fedfunds|lag_unemployment|lag_inflation|lag_bill_share,accounting_identity_gap_qoq,7,-0.6430440215721711,5.251977263889449,-10.936919458795492,9.65083141565115,84,control_sensitivity,tdc_residual_z,rolling_oos_standard_deviation,cumulative_sum_h0_to_h
lagged_macro_plus_bill,core,lag_tdc_bank_only_qoq|lag_fedfunds|lag_unemployment|lag_inflation|lag_bill_share,accounting_identity_gap_qoq,8,-2.1507090647041966,4.297395488724378,-10.573604222603977,6.272186093195584,83,control_sensitivity,tdc_residual_z,rolling_oos_standard_deviation,cumulative_sum_h0_to_h
lagged_macro_plus_bill,core,lag_tdc_bank_only_qoq|lag_fedfunds|lag_unemployment|lag_inflation|lag_bill_share,strict_loan_source_qoq,0,-16.780028387733545,6.671532543816191,-29.85623217361328,-3.7038246018538103,103,control_sensitivity,tdc_residual_z,rolling_oos_standard_deviation,cumulative_sum_h0_to_h
lagged_macro_plus_bill,core,lag_tdc_bank_only_qoq|lag_fedfunds|lag_unemployment|lag_inflation|lag_bill_share,strict_loan_source_qoq,1,-13.671940808047479,7.780879178209137,-28.92246399733739,1.5785823812424287,102,control_sensitivity,tdc_residual_z,rolling_oos_standard_deviation,cumulative_sum_h0_to_h
lagged_macro_plus_bill,core,lag_tdc_bank_only_qoq|lag_fedfunds|lag_unemployment|lag_inflation|lag_bill_share,strict_loan_source_qoq,2,-24.098634806710425,8.448954925061711,-40.65858645983138,-7.538683153589471,101,control_sensitivity,tdc_residual_z,rolling_oos_standard_deviation,cumulative_sum_h0_to_h
lagged_macro_plus_bill,core,lag_tdc_bank_only_qoq|lag_fedfunds|lag_unemployment|lag_inflation|lag_bill_share,strict_loan_source_qoq,3,-5.295256522898235,13.119682380076114,-31.00983398784742,20.41932094205095,100,control_sensitivity,tdc_residual_z,rolling_oos_standard_deviation,cumulative_sum_h0_to_h
lagged_macro_plus_bill,core,lag_tdc_bank_only_qoq|lag_fedfunds|lag_unemployment|lag_inflation|lag_bill_share,strict_loan_source_qoq,4,-14.142602114508989,18.811759148949008,-51.013650046449044,22.728445817431066,99,control_sensitivity,tdc_residual_z,rolling_oos_standard_deviation,cumulative_sum_h0_to_h
lagged_macro_plus_bill,core,lag_tdc_bank_only_qoq|lag_fedfunds|lag_unemployment|lag_inflation|lag_bill_share,strict_loan_source_qoq,5,-5.599346280216764,26.33484086306612,-57.21563437182636,46.01694181139283,98,control_sensitivity,tdc_residual_z,rolling_oos_standard_deviation,cumulative_sum_h0_to_h
lagged_macro_plus_bill,core,lag_tdc_bank_only_qoq|lag_fedfunds|lag_unemployment|lag_inflation|lag_bill_share,strict_loan_source_qoq,6,-11.945653881136622,31.513667041268377,-73.71244128202264,49.821133519749395,97,control_sensitivity,tdc_residual_z,rolling_oos_standard_deviation,cumulative_sum_h0_to_h
lagged_macro_plus_bill,core,lag_tdc_bank_only_qoq|lag_fedfunds|lag_unemployment|lag_inflation|lag_bill_share,strict_loan_source_qoq,7,3.9366860369871546,33.386282880127695,-61.50042840806313,69.37380048203744,96,control_sensitivity,tdc_residual_z,rolling_oos_standard_deviation,cumulative_sum_h0_to_h
lagged_macro_plus_bill,core,lag_tdc_bank_only_qoq|lag_fedfunds|lag_unemployment|lag_inflation|lag_bill_share,strict_loan_source_qoq,8,-11.494181876738224,35.43419587703945,-80.94520579573555,57.9568420422591,95,control_sensitivity,tdc_residual_z,rolling_oos_standard_deviation,cumulative_sum_h0_to_h
lagged_macro_plus_bill,core,lag_tdc_bank_only_qoq|lag_fedfunds|lag_unemployment|lag_inflation|lag_bill_share,strict_loan_mortgages_qoq,0,-6.681259053760717,2.5860546257278534,-11.74992612018731,-1.612591987334124,103,control_sensitivity,tdc_residual_z,rolling_oos_standard_deviation,cumulative_sum_h0_to_h
lagged_macro_plus_bill,core,lag_tdc_bank_only_qoq|lag_fedfunds|lag_unemployment|lag_inflation|lag_bill_share,strict_loan_mortgages_qoq,1,-5.075141608006952,4.853221879514243,-14.587456491854867,4.437173275840964,102,control_sensitivity,tdc_residual_z,rolling_oos_standard_deviation,cumulative_sum_h0_to_h
lagged_macro_plus_bill,core,lag_tdc_bank_only_qoq|lag_fedfunds|lag_unemployment|lag_inflation|lag_bill_share,strict_loan_mortgages_qoq,2,-6.112964958876349,6.457661365091882,-18.769981234456438,6.54405131670374,101,control_sensitivity,tdc_residual_z,rolling_oos_standard_deviation,cumulative_sum_h0_to_h
lagged_macro_plus_bill,core,lag_tdc_bank_only_qoq|lag_fedfunds|lag_unemployment|lag_inflation|lag_bill_share,strict_loan_mortgages_qoq,3,-3.9308354047021172,8.144177152708329,-19.89342262401044,12.031751814606206,100,control_sensitivity,tdc_residual_z,rolling_oos_standard_deviation,cumulative_sum_h0_to_h
lagged_macro_plus_bill,core,lag_tdc_bank_only_qoq|lag_fedfunds|lag_unemployment|lag_inflation|lag_bill_share,strict_loan_mortgages_qoq,4,-7.018032635315512,11.491733841863073,-29.541830965367133,15.50576569473611,99,control_sensitivity,tdc_residual_z,rolling_oos_standard_deviation,cumulative_sum_h0_to_h
lagged_macro_plus_bill,core,lag_tdc_bank_only_qoq|lag_fedfunds|lag_unemployment|lag_inflation|lag_bill_share,strict_loan_mortgages_qoq,5,-2.1163085030821023,15.059709970820887,-31.63334004589104,27.400723039726834,98,control_sensitivity,tdc_residual_z,rolling_oos_standard_deviation,cumulative_sum_h0_to_h
lagged_macro_plus_bill,core,lag_tdc_bank_only_qoq|lag_fedfunds|lag_unemployment|lag_inflation|lag_bill_share,strict_loan_mortgages_qoq,6,0.5481480554420131,17.84236770155763,-34.42289263961094,35.51918875049497,97,control_sensitivity,tdc_residual_z,rolling_oos_standard_deviation,cumulative_sum_h0_to_h
lagged_macro_plus_bill,core,lag_tdc_bank_only_qoq|lag_fedfunds|lag_unemployment|lag_inflation|lag_bill_share,strict_loan_mortgages_qoq,7,2.5497469322579605,19.396813357731983,-35.468007248896726,40.567501113412646,96,control_sensitivity,tdc_residual_z,rolling_oos_standard_deviation,cumulative_sum_h0_to_h
lagged_macro_plus_bill,core,lag_tdc_bank_only_qoq|lag_fedfunds|lag_unemployment|lag_inflation|lag_bill_share,strict_loan_mortgages_qoq,8,-0.9454394833950133,21.299985647013795,-42.69341135154205,40.80253238475203,95,control_sensitivity,tdc_residual_z,rolling_oos_standard_deviation,cumulative_sum_h0_to_h
lagged_macro_plus_bill,core,lag_tdc_bank_only_qoq|lag_fedfunds|lag_unemployment|lag_inflation|lag_bill_share,strict_loan_consumer_credit_qoq,0,-5.916192474932278,2.6752734547347896,-11.159728446212466,-0.6726565036520906,103,control_sensitivity,tdc_residual_z,rolling_oos_standard_deviation,cumulative_sum_h0_to_h
lagged_macro_plus_bill,core,lag_tdc_bank_only_qoq|lag_fedfunds|lag_unemployment|lag_inflation|lag_bill_share,strict_loan_consumer_credit_qoq,1,-9.34286054742866,4.531861999404185,-18.225310066260864,-0.46041102859645733,102,control_sensitivity,tdc_residual_z,rolling_oos_standard_deviation,cumulative_sum_h0_to_h
lagged_macro_plus_bill,core,lag_tdc_bank_only_qoq|lag_fedfunds|lag_unemployment|lag_inflation|lag_bill_share,strict_loan_consumer_credit_qoq,2,-10.387197224353734,5.435266767582215,-21.040320088814873,0.2659256401074064,101,control_sensitivity,tdc_residual_z,rolling_oos_standard_deviation,cumulative_sum_h0_to_h
lagged_macro_plus_bill,core,lag_tdc_bank_only_qoq|lag_fedfunds|lag_unemployment|lag_inflation|lag_bill_share,strict_loan_consumer_credit_qoq,3,-8.777238526246336,6.6374991151033855,-21.786736791848973,4.2322597393563,100,control_sensitivity,tdc_residual_z,rolling_oos_standard_deviation,cumulative_sum_h0_to_h
lagged_macro_plus_bill,core,lag_tdc_bank_only_qoq|lag_fedfunds|lag_unemployment|lag_inflation|lag_bill_share,strict_loan_consumer_credit_qoq,4,-12.395410884057464,8.004817869021023,-28.08485390733867,3.2940321392237415,99,control_sensitivity,tdc_residual_z,rolling_oos_standard_deviation,cumulative_sum_h0_to_h
lagged_macro_plus_bill,core,lag_tdc_bank_only_qoq|lag_fedfunds|lag_unemployment|lag_inflation|lag_bill_share,strict_loan_consumer_credit_qoq,5,-9.92778691965398,9.06121977526111,-27.687777679165755,7.832203839857796,98,control_sensitivity,tdc_residual_z,rolling_oos_standard_deviation,cumulative_sum_h0_to_h
lagged_macro_plus_bill,core,lag_tdc_bank_only_qoq|lag_fedfunds|lag_unemployment|lag_inflation|lag_bill_share,strict_loan_consumer_credit_qoq,6,-9.62755857856647,8.38396005772934,-26.060120291715975,6.805003134583034,97,control_sensitivity,tdc_residual_z,rolling_oos_standard_deviation,cumulative_sum_h0_to_h
lagged_macro_plus_bill,core,lag_tdc_bank_only_qoq|lag_fedfunds|lag_unemployment|lag_inflation|lag_bill_share,strict_loan_consumer_credit_qoq,7,-6.908433622765184,8.150143557496731,-22.882714995458777,9.065847749928409,96,control_sensitivity,tdc_residual_z,rolling_oos_standard_deviation,cumulative_sum_h0_to_h
lagged_macro_plus_bill,core,lag_tdc_bank_only_qoq|lag_fedfunds|lag_unemployment|lag_inflation|lag_bill_share,strict_loan_consumer_credit_qoq,8,-8.371623109298142,7.949595455808471,-23.952830202682748,7.209583984086462,95,control_sensitivity,tdc_residual_z,rolling_oos_standard_deviation,cumulative_sum_h0_to_h
lagged_macro_plus_bill,core,lag_tdc_bank_only_qoq|lag_fedfunds|lag_unemployment|lag_inflation|lag_bill_share,strict_loan_di_loans_nec_qoq,0,-0.32030482857514997,7.336990300378681,-14.700805817317365,14.060196160167065,103,control_sensitivity,tdc_residual_z,rolling_oos_standard_deviation,cumulative_sum_h0_to_h
lagged_macro_plus_bill,core,lag_tdc_bank_only_qoq|lag_fedfunds|lag_unemployment|lag_inflation|lag_bill_share,strict_loan_di_loans_nec_qoq,1,4.817956071817941,10.05798008370213,-14.895684892238235,24.531597035874114,102,control_sensitivity,tdc_residual_z,rolling_oos_standard_deviation,cumulative_sum_h0_to_h
lagged_macro_plus_bill,core,lag_tdc_bank_only_qoq|lag_fedfunds|lag_unemployment|lag_inflation|lag_bill_share,strict_loan_di_loans_nec_qoq,2,0.030584508637454988,9.36933163545818,-18.333305496860575,18.39447451413549,101,control_sensitivity,tdc_residual_z,rolling_oos_standard_deviation,cumulative_sum_h0_to_h
lagged_macro_plus_bill,core,lag_tdc_bank_only_qoq|lag_fedfunds|lag_unemployment|lag_inflation|lag_bill_share,strict_loan_di_loans_nec_qoq,3,9.008673404153182,7.528304307755664,-5.746803039047919,23.764149847354282,100,control_sensitivity,tdc_residual_z,rolling_oos_standard_deviation,cumulative_sum_h0_to_h
lagged_macro_plus_bill,core,lag_tdc_bank_only_qoq|lag_fedfunds|lag_unemployment|lag_inflation|lag_bill_share,strict_loan_di_loans_nec_qoq,4,8.450132230757315,7.725725458930201,-6.692289668745879,23.59255413026051,99,control_sensitivity,tdc_residual_z,rolling_oos_standard_deviation,cumulative_sum_h0_to_h
lagged_macro_plus_bill,core,lag_tdc_bank_only_qoq|lag_fedfunds|lag_unemployment|lag_inflation|lag_bill_share,strict_loan_di_loans_nec_qoq,5,11.551816206403053,8.482469482486241,-5.073823979269978,28.177456392076085,98,control_sensitivity,tdc_residual_z,rolling_oos_standard_deviation,cumulative_sum_h0_to_h
lagged_macro_plus_bill,core,lag_tdc_bank_only_qoq|lag_fedfunds|lag_unemployment|lag_inflation|lag_bill_share,strict_loan_di_loans_nec_qoq,6,4.906650625023232,10.535665561109766,-15.743253874751911,25.556555124798376,97,control_sensitivity,tdc_residual_z,rolling_oos_standard_deviation,cumulative_sum_h0_to_h
lagged_macro_plus_bill,core,lag_tdc_bank_only_qoq|lag_fedfunds|lag_unemployment|lag_inflation|lag_bill_share,strict_loan_di_loans_nec_qoq,7,11.23780051169819,12.093616143245141,-12.465687129062285,34.94128815245867,96,control_sensitivity,tdc_residual_z,rolling_oos_standard_deviation,cumulative_sum_h0_to_h
lagged_macro_plus_bill,core,lag_tdc_bank_only_qoq|lag_fedfunds|lag_unemployment|lag_inflation|lag_bill_share,strict_loan_di_loans_nec_qoq,8,5.197298033740118,12.442070144637826,-19.189159449750022,29.58375551723026,95,control_sensitivity,tdc_residual_z,rolling_oos_standard_deviation,cumulative_sum_h0_to_h
lagged_macro_plus_bill,core,lag_tdc_bank_only_qoq|lag_fedfunds|lag_unemployment|lag_inflation|lag_bill_share,strict_loan_other_advances_qoq,0,0.17795024146340996,0.10050843953372235,-0.01904630002268584,0.3749467829495058,103,control_sensitivity,tdc_residual_z,rolling_oos_standard_deviation,cumulative_sum_h0_to_h
lagged_macro_plus_bill,core,lag_tdc_bank_only_qoq|lag_fedfunds|lag_unemployment|lag_inflation|lag_bill_share,strict_loan_other_advances_qoq,1,0.2563812055023925,0.14270802939333166,-0.023326532108537523,0.5360889431133226,102,control_sensitivity,tdc_residual_z,rolling_oos_standard_deviation,cumulative_sum_h0_to_h
lagged_macro_plus_bill,core,lag_tdc_bank_only_qoq|lag_fedfunds|lag_unemployment|lag_inflation|lag_bill_share,strict_loan_other_advances_qoq,2,0.3298109018083456,0.1323797365315049,0.07034661820659599,0.5892751854100953,101,control_sensitivity,tdc_residual_z,rolling_oos_standard_deviation,cumulative_sum_h0_to_h
lagged_macro_plus_bill,core,lag_tdc_bank_only_qoq|lag_fedfunds|lag_unemployment|lag_inflation|lag_bill_share,strict_loan_other_advances_qoq,3,0.25128076720094605,0.14563096342006934,-0.03415592110238985,0.536717455504282,100,control_sensitivity,tdc_residual_z,rolling_oos_standard_deviation,cumulative_sum_h0_to_h
lagged_macro_plus_bill,core,lag_tdc_bank_only_qoq|lag_fedfunds|lag_unemployment|lag_inflation|lag_bill_share,strict_loan_other_advances_qoq,4,0.1043957457553841,0.1584090775407104,-0.20608604622440826,0.41487753773517644,99,control_sensitivity,tdc_residual_z,rolling_oos_standard_deviation,cumulative_sum_h0_to_h
lagged_macro_plus_bill,core,lag_tdc_bank_only_qoq|lag_fedfunds|lag_unemployment|lag_inflation|lag_bill_share,strict_loan_other_advances_qoq,5,-0.048892608493189424,0.1553888219103928,-0.3534546994375593,0.25566948245118043,98,control_sensitivity,tdc_residual_z,rolling_oos_standard_deviation,cumulative_sum_h0_to_h
lagged_macro_plus_bill,core,lag_tdc_bank_only_qoq|lag_fedfunds|lag_unemployment|lag_inflation|lag_bill_share,strict_loan_other_advances_qoq,6,0.03671035813425183,0.15496104000462874,-0.26701328027482046,0.3404339965433241,97,control_sensitivity,tdc_residual_z,rolling_oos_standard_deviation,cumulative_sum_h0_to_h
lagged_macro_plus_bill,core,lag_tdc_bank_only_qoq|lag_fedfunds|lag_unemployment|lag_inflation|lag_bill_share,strict_loan_other_advances_qoq,7,0.055154441800719045,0.16193737511173956,-0.2622428134182905,0.37255169701972857,96,control_sensitivity,tdc_residual_z,rolling_oos_standard_deviation,cumulative_sum_h0_to_h
lagged_macro_plus_bill,core,lag_tdc_bank_only_qoq|lag_fedfunds|lag_unemployment|lag_inflation|lag_bill_share,strict_loan_other_advances_qoq,8,-0.03857305041126058,0.18201388162898322,-0.39532025840406765,0.3181741575815465,95,control_sensitivity,tdc_residual_z,rolling_oos_standard_deviation,cumulative_sum_h0_to_h
lagged_macro_plus_bill,core,lag_tdc_bank_only_qoq|lag_fedfunds|lag_unemployment|lag_inflation|lag_bill_share,strict_non_treasury_agency_gse_qoq,0,8.18216419355144,3.021334447356316,2.260348676733061,14.103979710369819,103,control_sensitivity,tdc_residual_z,rolling_oos_standard_deviation,cumulative_sum_h0_to_h
lagged_macro_plus_bill,core,lag_tdc_bank_only_qoq|lag_fedfunds|lag_unemployment|lag_inflation|lag_bill_share,strict_non_treasury_agency_gse_qoq,1,8.773119572798775,5.6761963515581,-2.3522252762551012,19.89846442185265,102,control_sensitivity,tdc_residual_z,rolling_oos_standard_deviation,cumulative_sum_h0_to_h
lagged_macro_plus_bill,core,lag_tdc_bank_only_qoq|lag_fedfunds|lag_unemployment|lag_inflation|lag_bill_share,strict_non_treasury_agency_gse_qoq,2,9.110100938136593,8.562026422672739,-7.671470850301976,25.891672726575162,101,control_sensitivity,tdc_residual_z,rolling_oos_standard_deviation,cumulative_sum_h0_to_h
lagged_macro_plus_bill,core,lag_tdc_bank_only_qoq|lag_fedfunds|lag_unemployment|lag_inflation|lag_bill_share,strict_non_treasury_agency_gse_qoq,3,7.820809490388333,12.256012336363755,-16.200974688884628,31.84259366966129,100,control_sensitivity,tdc_residual_z,rolling_oos_standard_deviation,cumulative_sum_h0_to_h
lagged_macro_plus_bill,core,lag_tdc_bank_only_qoq|lag_fedfunds|lag_unemployment|lag_inflation|lag_bill_share,strict_non_treasury_agency_gse_qoq,4,16.242401795174118,16.983230159145773,-17.0447293167516,49.529532907099835,99,control_sensitivity,tdc_residual_z,rolling_oos_standard_deviation,cumulative_sum_h0_to_h
lagged_macro_plus_bill,core,lag_tdc_bank_only_qoq|lag_fedfunds|lag_unemployment|lag_inflation|lag_bill_share,strict_non_treasury_agency_gse_qoq,5,15.453594330433846,20.53281324893028,-24.790719637469508,55.6979082983372,98,control_sensitivity,tdc_residual_z,rolling_oos_standard_deviation,cumulative_sum_h0_to_h
lagged_macro_plus_bill,core,lag_tdc_bank_only_qoq|lag_fedfunds|lag_unemployment|lag_inflation|lag_bill_share,strict_non_treasury_agency_gse_qoq,6,13.84676411527897,22.73904862059104,-30.72177118107946,58.415299411637406,97,control_sensitivity,tdc_residual_z,rolling_oos_standard_deviation,cumulative_sum_h0_to_h
lagged_macro_plus_bill,core,lag_tdc_bank_only_qoq|lag_fedfunds|lag_unemployment|lag_inflation|lag_bill_share,strict_non_treasury_agency_gse_qoq,7,12.08491098747113,24.091996284379945,-35.13540172991357,59.30522370485582,96,control_sensitivity,tdc_residual_z,rolling_oos_standard_deviation,cumulative_sum_h0_to_h
lagged_macro_plus_bill,core,lag_tdc_bank_only_qoq|lag_fedfunds|lag_unemployment|lag_inflation|lag_bill_share,strict_non_treasury_agency_gse_qoq,8,17.11198134694247,24.916452225939942,-31.724265015899817,65.94822770978476,95,control_sensitivity,tdc_residual_z,rolling_oos_standard_deviation,cumulative_sum_h0_to_h
lagged_macro_plus_bill,core,lag_tdc_bank_only_qoq|lag_fedfunds|lag_unemployment|lag_inflation|lag_bill_share,strict_non_treasury_municipal_qoq,0,-0.4499251710183332,0.7361738256622209,-1.892825869316286,0.9929755272796197,103,control_sensitivity,tdc_residual_z,rolling_oos_standard_deviation,cumulative_sum_h0_to_h
lagged_macro_plus_bill,core,lag_tdc_bank_only_qoq|lag_fedfunds|lag_unemployment|lag_inflation|lag_bill_share,strict_non_treasury_municipal_qoq,1,-0.14813079984351107,1.1367933122499356,-2.3762456918533847,2.0799840921663626,102,control_sensitivity,tdc_residual_z,rolling_oos_standard_deviation,cumulative_sum_h0_to_h
lagged_macro_plus_bill,core,lag_tdc_bank_only_qoq|lag_fedfunds|lag_unemployment|lag_inflation|lag_bill_share,strict_non_treasury_municipal_qoq,2,0.043884583912303654,1.502306127821114,-2.9006354266170797,2.988404594441687,101,control_sensitivity,tdc_residual_z,rolling_oos_standard_deviation,cumulative_sum_h0_to_h
lagged_macro_plus_bill,core,lag_tdc_bank_only_qoq|lag_fedfunds|lag_unemployment|lag_inflation|lag_bill_share,strict_non_treasury_municipal_qoq,3,0.6166047274909241,2.0410431620062184,-3.383839870041264,4.617049325023112,100,control_sensitivity,tdc_residual_z,rolling_oos_standard_deviation,cumulative_sum_h0_to_h
lagged_macro_plus_bill,core,lag_tdc_bank_only_qoq|lag_fedfunds|lag_unemployment|lag_inflation|lag_bill_share,strict_non_treasury_municipal_qoq,4,1.4313494718161661,2.5849029699812736,-3.6350603493471296,6.497759292979461,99,control_sensitivity,tdc_residual_z,rolling_oos_standard_deviation,cumulative_sum_h0_to_h
lagged_macro_plus_bill,core,lag_tdc_bank_only_qoq|lag_fedfunds|lag_unemployment|lag_inflation|lag_bill_share,strict_non_treasury_municipal_qoq,5,2.387788436125236,3.050370183521383,-3.5909371235766745,8.366513995827146,98,control_sensitivity,tdc_residual_z,rolling_oos_standard_deviation,cumulative_sum_h0_to_h
lagged_macro_plus_bill,core,lag_tdc_bank_only_qoq|lag_fedfunds|lag_unemployment|lag_inflation|lag_bill_share,strict_non_treasury_municipal_qoq,6,2.9779852045052397,3.408656177415372,-3.702980903228889,9.658951312239369,97,control_sensitivity,tdc_residual_z,rolling_oos_standard_deviation,cumulative_sum_h0_to_h
lagged_macro_plus_bill,core,lag_tdc_bank_only_qoq|lag_fedfunds|lag_unemployment|lag_inflation|lag_bill_share,strict_non_treasury_municipal_qoq,7,3.5430188460611296,3.7214712273187724,-3.751064759483664,10.837102451605922,96,control_sensitivity,tdc_residual_z,rolling_oos_standard_deviation,cumulative_sum_h0_to_h
lagged_macro_plus_bill,core,lag_tdc_bank_only_qoq|lag_fedfunds|lag_unemployment|lag_inflation|lag_bill_share,strict_non_treasury_municipal_qoq,8,3.955496350324249,4.042785961581263,-3.968364134375026,11.879356835023524,95,control_sensitivity,tdc_residual_z,rolling_oos_standard_deviation,cumulative_sum_h0_to_h
lagged_macro_plus_bill,core,lag_tdc_bank_only_qoq|lag_fedfunds|lag_unemployment|lag_inflation|lag_bill_share,strict_non_treasury_corporate_foreign_bonds_qoq,0,3.142326366255919,2.2609871276762386,-1.2892084039895084,7.573861136501346,103,control_sensitivity,tdc_residual_z,rolling_oos_standard_deviation,cumulative_sum_h0_to_h
lagged_macro_plus_bill,core,lag_tdc_bank_only_qoq|lag_fedfunds|lag_unemployment|lag_inflation|lag_bill_share,strict_non_treasury_corporate_foreign_bonds_qoq,1,4.886632201252897,2.9602920910612722,-0.9155402972271967,10.68880469973299,102,control_sensitivity,tdc_residual_z,rolling_oos_standard_deviation,cumulative_sum_h0_to_h
lagged_macro_plus_bill,core,lag_tdc_bank_only_qoq|lag_fedfunds|lag_unemployment|lag_inflation|lag_bill_share,strict_non_treasury_corporate_foreign_bonds_qoq,2,8.248081943045293,3.436124303473647,1.513278308236944,14.98288557785364,101,control_sensitivity,tdc_residual_z,rolling_oos_standard_deviation,cumulative_sum_h0_to_h
lagged_macro_plus_bill,core,lag_tdc_bank_only_qoq|lag_fedfunds|lag_unemployment|lag_inflation|lag_bill_share,strict_non_treasury_corporate_foreign_bonds_qoq,3,6.837695868774254,3.8002488858620076,-0.6107919475152803,14.28618368506379,100,control_sensitivity,tdc_residual_z,rolling_oos_standard_deviation,cumulative_sum_h0_to_h
lagged_macro_plus_bill,core,lag_tdc_bank_only_qoq|lag_fedfunds|lag_unemployment|lag_inflation|lag_bill_share,strict_non_treasury_corporate_foreign_bonds_qoq,4,8.95174113137376,4.947108417757695,-0.7445913674313225,18.648073630178843,99,control_sensitivity,tdc_residual_z,rolling_oos_standard_deviation,cumulative_sum_h0_to_h
lagged_macro_plus_bill,core,lag_tdc_bank_only_qoq|lag_fedfunds|lag_unemployment|lag_inflation|lag_bill_share,strict_non_treasury_corporate_foreign_bonds_qoq,5,10.62434911569629,4.976370947445234,0.8706620587036333,20.378036172688947,98,control_sensitivity,tdc_residual_z,rolling_oos_standard_deviation,cumulative_sum_h0_to_h
lagged_macro_plus_bill,core,lag_tdc_bank_only_qoq|lag_fedfunds|lag_unemployment|lag_inflation|lag_bill_share,strict_non_treasury_corporate_foreign_bonds_qoq,6,12.256606655008754,5.593535781227159,1.2932765238035238,23.219936786213985,97,control_sensitivity,tdc_residual_z,rolling_oos_standard_deviation,cumulative_sum_h0_to_h
lagged_macro_plus_bill,core,lag_tdc_bank_only_qoq|lag_fedfunds|lag_unemployment|lag_inflation|lag_bill_share,strict_non_treasury_corporate_foreign_bonds_qoq,7,12.983417798724561,5.5806744755807385,2.0452958265863135,23.921539770862807,96,control_sensitivity,tdc_residual_z,rolling_oos_standard_deviation,cumulative_sum_h0_to_h
lagged_macro_plus_bill,core,lag_tdc_bank_only_qoq|lag_fedfunds|lag_unemployment|lag_inflation|lag_bill_share,strict_non_treasury_corporate_foreign_bonds_qoq,8,16.550708193319487,6.5764527364880125,3.660860829802983,29.44055555683599,95,control_sensitivity,tdc_residual_z,rolling_oos_standard_deviation,cumulative_sum_h0_to_h
lagged_macro_plus_bill,core,lag_tdc_bank_only_qoq|lag_fedfunds|lag_unemployment|lag_inflation|lag_bill_share,strict_non_treasury_securities_qoq,0,12.336460119881991,4.37310534657523,3.7651736405945417,20.907746599169442,103,control_sensitivity,tdc_residual_z,rolling_oos_standard_deviation,cumulative_sum_h0_to_h
lagged_macro_plus_bill,core,lag_tdc_bank_only_qoq|lag_fedfunds|lag_unemployment|lag_inflation|lag_bill_share,strict_non_treasury_securities_qoq,1,15.628568285073817,6.775400405622204,2.3487834900542968,28.908353080093335,102,control_sensitivity,tdc_residual_z,rolling_oos_standard_deviation,cumulative_sum_h0_to_h
lagged_macro_plus_bill,core,lag_tdc_bank_only_qoq|lag_fedfunds|lag_unemployment|lag_inflation|lag_bill_share,strict_non_treasury_securities_qoq,2,20.314175277321684,10.680505579389871,-0.6196156582824628,41.24796621292583,101,control_sensitivity,tdc_residual_z,rolling_oos_standard_deviation,cumulative_sum_h0_to_h
lagged_macro_plus_bill,core,lag_tdc_bank_only_qoq|lag_fedfunds|lag_unemployment|lag_inflation|lag_bill_share,strict_non_treasury_securities_qoq,3,17.90337570194512,13.329527757642472,-8.222498703034127,44.029250106924366,100,control_sensitivity,tdc_residual_z,rolling_oos_standard_deviation,cumulative_sum_h0_to_h
lagged_macro_plus_bill,core,lag_tdc_bank_only_qoq|lag_fedfunds|lag_unemployment|lag_inflation|lag_bill_share,strict_non_treasury_securities_qoq,4,28.737364160720148,20.043484652105146,-10.547865757405937,68.02259407884623,99,control_sensitivity,tdc_residual_z,rolling_oos_standard_deviation,cumulative_sum_h0_to_h
lagged_macro_plus_bill,core,lag_tdc_bank_only_qoq|lag_fedfunds|lag_unemployment|lag_inflation|lag_bill_share,strict_non_treasury_securities_qoq,5,30.343277862224703,24.861448911911538,-18.385162005121913,79.07171772957132,98,control_sensitivity,tdc_residual_z,rolling_oos_standard_deviation,cumulative_sum_h0_to_h
lagged_macro_plus_bill,core,lag_tdc_bank_only_qoq|lag_fedfunds|lag_unemployment|lag_inflation|lag_bill_share,strict_non_treasury_securities_qoq,6,30.899577471602274,28.031299133223634,-24.041768829516048,85.8409237727206,97,control_sensitivity,tdc_residual_z,rolling_oos_standard_deviation,cumulative_sum_h0_to_h
lagged_macro_plus_bill,core,lag_tdc_bank_only_qoq|lag_fedfunds|lag_unemployment|lag_inflation|lag_bill_share,strict_non_treasury_securities_qoq,7,29.86911100058183,29.52986716714551,-28.00942864702337,87.74765064818703,96,control_sensitivity,tdc_residual_z,rolling_oos_standard_deviation,cumulative_sum_h0_to_h
lagged_macro_plus_bill,core,lag_tdc_bank_only_qoq|lag_fedfunds|lag_unemployment|lag_inflation|lag_bill_share,strict_non_treasury_securities_qoq,8,38.799289897383375,32.46049305995555,-24.82327650012951,102.42185629489626,95,control_sensitivity,tdc_residual_z,rolling_oos_standard_deviation,cumulative_sum_h0_to_h
lagged_macro_plus_bill,core,lag_tdc_bank_only_qoq|lag_fedfunds|lag_unemployment|lag_inflation|lag_bill_share,strict_identifiable_total_qoq,0,-4.489092216298589,8.55910555233586,-21.264939098876873,12.286754666279696,103,control_sensitivity,tdc_residual_z,rolling_oos_standard_deviation,cumulative_sum_h0_to_h
lagged_macro_plus_bill,core,lag_tdc_bank_only_qoq|lag_fedfunds|lag_unemployment|lag_inflation|lag_bill_share,strict_identifiable_total_qoq,1,1.4256760306864749,11.95763860628797,-22.011295637637946,24.862647699010896,102,control_sensitivity,tdc_residual_z,rolling_oos_standard_deviation,cumulative_sum_h0_to_h
lagged_macro_plus_bill,core,lag_tdc_bank_only_qoq|lag_fedfunds|lag_unemployment|lag_inflation|lag_bill_share,strict_identifiable_total_qoq,2,-6.083453479804746,14.087200634301436,-33.69436672303556,21.527459763426066,101,control_sensitivity,tdc_residual_z,rolling_oos_standard_deviation,cumulative_sum_h0_to_h
lagged_macro_plus_bill,core,lag_tdc_bank_only_qoq|lag_fedfunds|lag_unemployment|lag_inflation|lag_bill_share,strict_identifiable_total_qoq,3,9.503679440561214,18.953694938629322,-27.64556263915226,46.65292152027469,100,control_sensitivity,tdc_residual_z,rolling_oos_standard_deviation,cumulative_sum_h0_to_h
lagged_macro_plus_bill,core,lag_tdc_bank_only_qoq|lag_fedfunds|lag_unemployment|lag_inflation|lag_bill_share,strict_identifiable_total_qoq,4,11.044711018805387,25.038616591189623,-38.03097749992627,60.12039953753705,99,control_sensitivity,tdc_residual_z,rolling_oos_standard_deviation,cumulative_sum_h0_to_h
lagged_macro_plus_bill,core,lag_tdc_bank_only_qoq|lag_fedfunds|lag_unemployment|lag_inflation|lag_bill_share,strict_identifiable_total_qoq,5,19.947133206043986,31.031791948279277,-40.875179012583395,80.76944542467137,98,control_sensitivity,tdc_residual_z,rolling_oos_standard_deviation,cumulative_sum_h0_to_h
lagged_macro_plus_bill,core,lag_tdc_bank_only_qoq|lag_fedfunds|lag_unemployment|lag_inflation|lag_bill_share,strict_identifiable_total_qoq,6,13.626321255205951,34.5565661315211,-54.1045483625754,81.3571908729873,97,control_sensitivity,tdc_residual_z,rolling_oos_standard_deviation,cumulative_sum_h0_to_h
lagged_macro_plus_bill,core,lag_tdc_bank_only_qoq|lag_fedfunds|lag_unemployment|lag_inflation|lag_bill_share,strict_identifiable_total_qoq,7,29.505030238916717,38.27368934058148,-45.51140086862297,104.5214613464564,96,control_sensitivity,tdc_residual_z,rolling_oos_standard_deviation,cumulative_sum_h0_to_h
lagged_macro_plus_bill,core,lag_tdc_bank_only_qoq|lag_fedfunds|lag_unemployment|lag_inflation|lag_bill_share,strict_identifiable_total_qoq,8,23.576630264408976,42.38606742354047,-59.50006188573033,106.65332241454828,95,control_sensitivity,tdc_residual_z,rolling_oos_standard_deviation,cumulative_sum_h0_to_h
lagged_macro_plus_bill,core,lag_tdc_bank_only_qoq|lag_fedfunds|lag_unemployment|lag_inflation|lag_bill_share,strict_identifiable_gap_qoq,0,-57.74829790737526,13.970644578538474,-85.13076128131067,-30.365834533439852,103,control_sensitivity,tdc_residual_z,rolling_oos_standard_deviation,cumulative_sum_h0_to_h
lagged_macro_plus_bill,core,lag_tdc_bank_only_qoq|lag_fedfunds|lag_unemployment|lag_inflation|lag_bill_share,strict_identifiable_gap_qoq,1,-83.04076327897889,31.603038536373084,-144.98271881027011,-21.098807747687644,102,control_sensitivity,tdc_residual_z,rolling_oos_standard_deviation,cumulative_sum_h0_to_h
lagged_macro_plus_bill,core,lag_tdc_bank_only_qoq|lag_fedfunds|lag_unemployment|lag_inflation|lag_bill_share,strict_identifiable_gap_qoq,2,-99.23785282430165,40.362756088159735,-178.34885475709473,-20.12685089150858,101,control_sensitivity,tdc_residual_z,rolling_oos_standard_deviation,cumulative_sum_h0_to_h
lagged_macro_plus_bill,core,lag_tdc_bank_only_qoq|lag_fedfunds|lag_unemployment|lag_inflation|lag_bill_share,strict_identifiable_gap_qoq,3,-73.40184008217925,40.167682162888944,-152.13049712144158,5.326816957083082,100,control_sensitivity,tdc_residual_z,rolling_oos_standard_deviation,cumulative_sum_h0_to_h
lagged_macro_plus_bill,core,lag_tdc_bank_only_qoq|lag_fedfunds|lag_unemployment|lag_inflation|lag_bill_share,strict_identifiable_gap_qoq,4,-80.06247440460724,32.433048189514984,-143.63124885605663,-16.493699953157872,99,control_sensitivity,tdc_residual_z,rolling_oos_standard_deviation,cumulative_sum_h0_to_h
lagged_macro_plus_bill,core,lag_tdc_bank_only_qoq|lag_fedfunds|lag_unemployment|lag_inflation|lag_bill_share,strict_identifiable_gap_qoq,5,-102.31836483198292,36.11797987490732,-173.10960538680126,-31.527124277164575,98,control_sensitivity,tdc_residual_z,rolling_oos_standard_deviation,cumulative_sum_h0_to_h
lagged_macro_plus_bill,core,lag_tdc_bank_only_qoq|lag_fedfunds|lag_unemployment|lag_inflation|lag_bill_share,strict_identifiable_gap_qoq,6,-141.62084505017594,45.644473029931426,-231.08401218884154,-52.15767791151035,97,control_sensitivity,tdc_residual_z,rolling_oos_standard_deviation,cumulative_sum_h0_to_h
lagged_macro_plus_bill,core,lag_tdc_bank_only_qoq|lag_fedfunds|lag_unemployment|lag_inflation|lag_bill_share,strict_identifiable_gap_qoq,7,-145.1990840907145,52.759161666916164,-248.6070409578702,-41.79112722355883,96,control_sensitivity,tdc_residual_z,rolling_oos_standard_deviation,cumulative_sum_h0_to_h
lagged_macro_plus_bill,core,lag_tdc_bank_only_qoq|lag_fedfunds|lag_unemployment|lag_inflation|lag_bill_share,strict_identifiable_gap_qoq,8,-150.9130891091288,57.53005148134089,-263.67199001255693,-38.15418820570066,95,control_sensitivity,tdc_residual_z,rolling_oos_standard_deviation,cumulative_sum_h0_to_h
lagged_macro_plus_bill,core,lag_tdc_bank_only_qoq|lag_fedfunds|lag_unemployment|lag_inflation|lag_bill_share,bank_credit_private_qoq,0,12.26379438877576,12.965522817602071,-13.148630333724299,37.67621911127582,64,control_sensitivity,tdc_residual_z,rolling_oos_standard_deviation,cumulative_sum_h0_to_h
lagged_macro_plus_bill,core,lag_tdc_bank_only_qoq|lag_fedfunds|lag_unemployment|lag_inflation|lag_bill_share,bank_credit_private_qoq,1,19.408197611950648,16.20867941255524,-12.360814036657626,51.177209260558925,63,control_sensitivity,tdc_residual_z,rolling_oos_standard_deviation,cumulative_sum_h0_to_h
lagged_macro_plus_bill,core,lag_tdc_bank_only_qoq|lag_fedfunds|lag_unemployment|lag_inflation|lag_bill_share,bank_credit_private_qoq,2,20.174754450088166,15.483823541364071,-10.173539690985411,50.52304859116174,62,control_sensitivity,tdc_residual_z,rolling_oos_standard_deviation,cumulative_sum_h0_to_h
lagged_macro_plus_bill,core,lag_tdc_bank_only_qoq|lag_fedfunds|lag_unemployment|lag_inflation|lag_bill_share,bank_credit_private_qoq,3,32.87812015266206,17.649263245984912,-1.7144358094683625,67.4706761147925,61,control_sensitivity,tdc_residual_z,rolling_oos_standard_deviation,cumulative_sum_h0_to_h
lagged_macro_plus_bill,core,lag_tdc_bank_only_qoq|lag_fedfunds|lag_unemployment|lag_inflation|lag_bill_share,bank_credit_private_qoq,4,48.3542485713439,20.896971097142462,7.39618522094468,89.31231192174312,60,control_sensitivity,tdc_residual_z,rolling_oos_standard_deviation,cumulative_sum_h0_to_h
lagged_macro_plus_bill,core,lag_tdc_bank_only_qoq|lag_fedfunds|lag_unemployment|lag_inflation|lag_bill_share,bank_credit_private_qoq,5,55.540046366788445,25.41210166788986,5.732327097724323,105.34776563585257,59,control_sensitivity,tdc_residual_z,rolling_oos_standard_deviation,cumulative_sum_h0_to_h
lagged_macro_plus_bill,core,lag_tdc_bank_only_qoq|lag_fedfunds|lag_unemployment|lag_inflation|lag_bill_share,bank_credit_private_qoq,6,54.74302505884813,25.251852795153916,5.249393580346457,104.2366565373498,58,control_sensitivity,tdc_residual_z,rolling_oos_standard_deviation,cumulative_sum_h0_to_h
lagged_macro_plus_bill,core,lag_tdc_bank_only_qoq|lag_fedfunds|lag_unemployment|lag_inflation|lag_bill_share,bank_credit_private_qoq,7,58.49405290908416,28.012794393605883,3.5889758976166277,113.3991299205517,57,control_sensitivity,tdc_residual_z,rolling_oos_standard_deviation,cumulative_sum_h0_to_h
lagged_macro_plus_bill,core,lag_tdc_bank_only_qoq|lag_fedfunds|lag_unemployment|lag_inflation|lag_bill_share,bank_credit_private_qoq,8,54.5905231005371,31.483351901927865,-7.1168466272415145,116.29789282831571,56,control_sensitivity,tdc_residual_z,rolling_oos_standard_deviation,cumulative_sum_h0_to_h
lagged_macro_plus_bill,core,lag_tdc_bank_only_qoq|lag_fedfunds|lag_unemployment|lag_inflation|lag_bill_share,commercial_industrial_loans_qoq,0,3.1826786192654692,6.900516113986955,-10.342332964148962,16.7076902026799,103,control_sensitivity,tdc_residual_z,rolling_oos_standard_deviation,cumulative_sum_h0_to_h
lagged_macro_plus_bill,core,lag_tdc_bank_only_qoq|lag_fedfunds|lag_unemployment|lag_inflation|lag_bill_share,commercial_industrial_loans_qoq,1,7.24428139158901,10.863482694764196,-14.048144690148813,28.53670747332683,102,control_sensitivity,tdc_residual_z,rolling_oos_standard_deviation,cumulative_sum_h0_to_h
lagged_macro_plus_bill,core,lag_tdc_bank_only_qoq|lag_fedfunds|lag_unemployment|lag_inflation|lag_bill_share,commercial_industrial_loans_qoq,2,-2.082217661670235,9.437829676569777,-20.580363827746996,16.415928504406526,101,control_sensitivity,tdc_residual_z,rolling_oos_standard_deviation,cumulative_sum_h0_to_h
lagged_macro_plus_bill,core,lag_tdc_bank_only_qoq|lag_fedfunds|lag_unemployment|lag_inflation|lag_bill_share,commercial_industrial_loans_qoq,3,2.023123773696586,7.154237182559256,-11.999181104119556,16.04542865151273,100,control_sensitivity,tdc_residual_z,rolling_oos_standard_deviation,cumulative_sum_h0_to_h
lagged_macro_plus_bill,core,lag_tdc_bank_only_qoq|lag_fedfunds|lag_unemployment|lag_inflation|lag_bill_share,commercial_industrial_loans_qoq,4,6.018619909308647,7.79654095913763,-9.262600370601108,21.2998401892184,99,control_sensitivity,tdc_residual_z,rolling_oos_standard_deviation,cumulative_sum_h0_to_h
lagged_macro_plus_bill,core,lag_tdc_bank_only_qoq|lag_fedfunds|lag_unemployment|lag_inflation|lag_bill_share,commercial_industrial_loans_qoq,5,11.506090797151217,9.028266055172502,-6.189310670986885,29.201492265289318,98,control_sensitivity,tdc_residual_z,rolling_oos_standard_deviation,cumulative_sum_h0_to_h
lagged_macro_plus_bill,core,lag_tdc_bank_only_qoq|lag_fedfunds|lag_unemployment|lag_inflation|lag_bill_share,commercial_industrial_loans_qoq,6,4.978237739109776,11.7764119031311,-18.10352959102718,28.06000506924673,97,control_sensitivity,tdc_residual_z,rolling_oos_standard_deviation,cumulative_sum_h0_to_h
lagged_macro_plus_bill,core,lag_tdc_bank_only_qoq|lag_fedfunds|lag_unemployment|lag_inflation|lag_bill_share,commercial_industrial_loans_qoq,7,9.609788768514456,12.775394163895923,-15.429983792721554,34.64956132975047,96,control_sensitivity,tdc_residual_z,rolling_oos_standard_deviation,cumulative_sum_h0_to_h
lagged_macro_plus_bill,core,lag_tdc_bank_only_qoq|lag_fedfunds|lag_unemployment|lag_inflation|lag_bill_share,commercial_industrial_loans_qoq,8,8.421400805809675,12.846897233867043,-16.75851777256973,33.60131938418908,95,control_sensitivity,tdc_residual_z,rolling_oos_standard_deviation,cumulative_sum_h0_to_h
lagged_macro_plus_bill,core,lag_tdc_bank_only_qoq|lag_fedfunds|lag_unemployment|lag_inflation|lag_bill_share,construction_land_development_loans_qoq,0,0.2042473729464136,0.248388318416861,-0.2825937311506339,0.6910884770434611,42,control_sensitivity,tdc_residual_z,rolling_oos_standard_deviation,cumulative_sum_h0_to_h
lagged_macro_plus_bill,core,lag_tdc_bank_only_qoq|lag_fedfunds|lag_unemployment|lag_inflation|lag_bill_share,construction_land_development_loans_qoq,1,-0.3033510093631644,0.5910646568424868,-1.4618377367744384,0.8551357180481096,41,control_sensitivity,tdc_residual_z,rolling_oos_standard_deviation,cumulative_sum_h0_to_h
lagged_macro_plus_bill,core,lag_tdc_bank_only_qoq|lag_fedfunds|lag_unemployment|lag_inflation|lag_bill_share,construction_land_development_loans_qoq,2,-0.0022876632089214866,0.8300476598422731,-1.6291810764997767,1.6246057500819338,40,control_sensitivity,tdc_residual_z,rolling_oos_standard_deviation,cumulative_sum_h0_to_h
lagged_macro_plus_bill,core,lag_tdc_bank_only_qoq|lag_fedfunds|lag_unemployment|lag_inflation|lag_bill_share,construction_land_development_loans_qoq,3,-0.5811634584627212,1.0542185738353314,-2.6474318631799707,1.4851049462545283,39,control_sensitivity,tdc_residual_z,rolling_oos_standard_deviation,cumulative_sum_h0_to_h
lagged_macro_plus_bill,core,lag_tdc_bank_only_qoq|lag_fedfunds|lag_unemployment|lag_inflation|lag_bill_share,construction_land_development_loans_qoq,4,-0.34904184636596103,1.2387196572264816,-2.776932374529865,2.078848681797943,38,control_sensitivity,tdc_residual_z,rolling_oos_standard_deviation,cumulative_sum_h0_to_h
lagged_macro_plus_bill,core,lag_tdc_bank_only_qoq|lag_fedfunds|lag_unemployment|lag_inflation|lag_bill_share,construction_land_development_loans_qoq,5,0.23938716301153296,1.0461145081950787,-1.810997273050821,2.289771599073887,37,control_sensitivity,tdc_residual_z,rolling_oos_standard_deviation,cumulative_sum_h0_to_h
lagged_macro_plus_bill,core,lag_tdc_bank_only_qoq|lag_fedfunds|lag_unemployment|lag_inflation|lag_bill_share,construction_land_development_loans_qoq,6,1.0464015621049993,0.9836317568234221,-0.8815166812689079,2.9743198054789066,36,control_sensitivity,tdc_residual_z,rolling_oos_standard_deviation,cumulative_sum_h0_to_h
lagged_macro_plus_bill,core,lag_tdc_bank_only_qoq|lag_fedfunds|lag_unemployment|lag_inflation|lag_bill_share,construction_land_development_loans_qoq,7,1.5515893920366475,1.0103968084815012,-0.4287883525870948,3.5319671366603895,35,control_sensitivity,tdc_residual_z,rolling_oos_standard_deviation,cumulative_sum_h0_to_h
lagged_macro_plus_bill,core,lag_tdc_bank_only_qoq|lag_fedfunds|lag_unemployment|lag_inflation|lag_bill_share,construction_land_development_loans_qoq,8,2.296515110584581,0.8739075794448058,0.5836562548727615,4.0093739662964,34,control_sensitivity,tdc_residual_z,rolling_oos_standard_deviation,cumulative_sum_h0_to_h
lagged_macro_plus_bill,core,lag_tdc_bank_only_qoq|lag_fedfunds|lag_unemployment|lag_inflation|lag_bill_share,cre_multifamily_loans_qoq,0,-0.7588233210256663,0.5758517924150313,-1.8874928341591275,0.3698461921077949,42,control_sensitivity,tdc_residual_z,rolling_oos_standard_deviation,cumulative_sum_h0_to_h
lagged_macro_plus_bill,core,lag_tdc_bank_only_qoq|lag_fedfunds|lag_unemployment|lag_inflation|lag_bill_share,cre_multifamily_loans_qoq,1,-0.6742727607163395,0.7700189979602153,-2.1835099967183615,0.8349644752856826,41,control_sensitivity,tdc_residual_z,rolling_oos_standard_deviation,cumulative_sum_h0_to_h
lagged_macro_plus_bill,core,lag_tdc_bank_only_qoq|lag_fedfunds|lag_unemployment|lag_inflation|lag_bill_share,cre_multifamily_loans_qoq,2,-2.4572876777152493,1.278764431516471,-4.963665963487532,0.04909060805703369,40,control_sensitivity,tdc_residual_z,rolling_oos_standard_deviation,cumulative_sum_h0_to_h
lagged_macro_plus_bill,core,lag_tdc_bank_only_qoq|lag_fedfunds|lag_unemployment|lag_inflation|lag_bill_share,cre_multifamily_loans_qoq,3,-2.3289679448932876,1.4002565062335848,-5.073470697111114,0.4155348073245384,39,control_sensitivity,tdc_residual_z,rolling_oos_standard_deviation,cumulative_sum_h0_to_h
lagged_macro_plus_bill,core,lag_tdc_bank_only_qoq|lag_fedfunds|lag_unemployment|lag_inflation|lag_bill_share,cre_multifamily_loans_qoq,4,-2.75107735168383,1.653667547145635,-5.992265744089275,0.4901110407216147,38,control_sensitivity,tdc_residual_z,rolling_oos_standard_deviation,cumulative_sum_h0_to_h
lagged_macro_plus_bill,core,lag_tdc_bank_only_qoq|lag_fedfunds|lag_unemployment|lag_inflation|lag_bill_share,cre_multifamily_loans_qoq,5,0.17146043959193946,1.2850117353714892,-2.3471625617361793,2.6900834409200582,37,control_sensitivity,tdc_residual_z,rolling_oos_standard_deviation,cumulative_sum_h0_to_h
lagged_macro_plus_bill,core,lag_tdc_bank_only_qoq|lag_fedfunds|lag_unemployment|lag_inflation|lag_bill_share,cre_multifamily_loans_qoq,6,0.5094614506541202,1.2139399566641171,-1.8698608644075492,2.8887837657157895,36,control_sensitivity,tdc_residual_z,rolling_oos_standard_deviation,cumulative_sum_h0_to_h
lagged_macro_plus_bill,core,lag_tdc_bank_only_qoq|lag_fedfunds|lag_unemployment|lag_inflation|lag_bill_share,cre_multifamily_loans_qoq,7,3.1563137148096043,2.1279446423213337,-1.0144577841402098,7.3270852137594185,35,control_sensitivity,tdc_residual_z,rolling_oos_standard_deviation,cumulative_sum_h0_to_h
lagged_macro_plus_bill,core,lag_tdc_bank_only_qoq|lag_fedfunds|lag_unemployment|lag_inflation|lag_bill_share,cre_multifamily_loans_qoq,8,2.304980071405284,0.9845706996930218,0.3752215000069612,4.234738642803607,34,control_sensitivity,tdc_residual_z,rolling_oos_standard_deviation,cumulative_sum_h0_to_h
lagged_macro_plus_bill,core,lag_tdc_bank_only_qoq|lag_fedfunds|lag_unemployment|lag_inflation|lag_bill_share,cre_nonfarm_nonresidential_loans_qoq,0,-0.3213469308250705,0.7235105264388524,-1.7394275626452211,1.0967337009950802,42,control_sensitivity,tdc_residual_z,rolling_oos_standard_deviation,cumulative_sum_h0_to_h
lagged_macro_plus_bill,core,lag_tdc_bank_only_qoq|lag_fedfunds|lag_unemployment|lag_inflation|lag_bill_share,cre_nonfarm_nonresidential_loans_qoq,1,-0.7553362876762577,1.0456388371196572,-2.804788408430786,1.2941158330782705,41,control_sensitivity,tdc_residual_z,rolling_oos_standard_deviation,cumulative_sum_h0_to_h
lagged_macro_plus_bill,core,lag_tdc_bank_only_qoq|lag_fedfunds|lag_unemployment|lag_inflation|lag_bill_share,cre_nonfarm_nonresidential_loans_qoq,2,-1.4834766749553774,1.3199451479217374,-4.070569164881983,1.1036158149712278,40,control_sensitivity,tdc_residual_z,rolling_oos_standard_deviation,cumulative_sum_h0_to_h
lagged_macro_plus_bill,core,lag_tdc_bank_only_qoq|lag_fedfunds|lag_unemployment|lag_inflation|lag_bill_share,cre_nonfarm_nonresidential_loans_qoq,3,-1.0163753216715232,1.9602672098828657,-4.85849905304194,2.8257484096988934,39,control_sensitivity,tdc_residual_z,rolling_oos_standard_deviation,cumulative_sum_h0_to_h
lagged_macro_plus_bill,core,lag_tdc_bank_only_qoq|lag_fedfunds|lag_unemployment|lag_inflation|lag_bill_share,cre_nonfarm_nonresidential_loans_qoq,4,-0.8637718825256684,2.0468072409297506,-4.875514074747979,3.1479703096966425,38,control_sensitivity,tdc_residual_z,rolling_oos_standard_deviation,cumulative_sum_h0_to_h
lagged_macro_plus_bill,core,lag_tdc_bank_only_qoq|lag_fedfunds|lag_unemployment|lag_inflation|lag_bill_share,cre_nonfarm_nonresidential_loans_qoq,5,1.1572547221818645,2.124548458525087,-3.0068602565273057,5.321369700891035,37,control_sensitivity,tdc_residual_z,rolling_oos_standard_deviation,cumulative_sum_h0_to_h
lagged_macro_plus_bill,core,lag_tdc_bank_only_qoq|lag_fedfunds|lag_unemployment|lag_inflation|lag_bill_share,cre_nonfarm_nonresidential_loans_qoq,6,2.5829314977902307,1.9687471265927576,-1.275812870331574,6.4416758659120354,36,control_sensitivity,tdc_residual_z,rolling_oos_standard_deviation,cumulative_sum_h0_to_h
lagged_macro_plus_bill,core,lag_tdc_bank_only_qoq|lag_fedfunds|lag_unemployment|lag_inflation|lag_bill_share,cre_nonfarm_nonresidential_loans_qoq,7,4.536480873828605,1.7049815350156907,1.1947170651978514,7.878244682459359,35,control_sensitivity,tdc_residual_z,rolling_oos_standard_deviation,cumulative_sum_h0_to_h
lagged_macro_plus_bill,core,lag_tdc_bank_only_qoq|lag_fedfunds|lag_unemployment|lag_inflation|lag_bill_share,cre_nonfarm_nonresidential_loans_qoq,8,4.495202474856114,1.2175475688573334,2.108809239895741,6.881595709816487,34,control_sensitivity,tdc_residual_z,rolling_oos_standard_deviation,cumulative_sum_h0_to_h
lagged_macro_plus_bill,core,lag_tdc_bank_only_qoq|lag_fedfunds|lag_unemployment|lag_inflation|lag_bill_share,consumer_loans_qoq,0,-1.8469881450735355,1.6736865844517956,-5.127413850599055,1.433437560451984,103,control_sensitivity,tdc_residual_z,rolling_oos_standard_deviation,cumulative_sum_h0_to_h
lagged_macro_plus_bill,core,lag_tdc_bank_only_qoq|lag_fedfunds|lag_unemployment|lag_inflation|lag_bill_share,consumer_loans_qoq,1,-6.354499674938566,2.590122511356617,-11.431139797197535,-1.2778595526795966,102,control_sensitivity,tdc_residual_z,rolling_oos_standard_deviation,cumulative_sum_h0_to_h
lagged_macro_plus_bill,core,lag_tdc_bank_only_qoq|lag_fedfunds|lag_unemployment|lag_inflation|lag_bill_share,consumer_loans_qoq,2,-6.075227531518534,3.951036476226645,-13.819259024922758,1.6688039618856898,101,control_sensitivity,tdc_residual_z,rolling_oos_standard_deviation,cumulative_sum_h0_to_h
lagged_macro_plus_bill,core,lag_tdc_bank_only_qoq|lag_fedfunds|lag_unemployment|lag_inflation|lag_bill_share,consumer_loans_qoq,3,-5.601684230638185,4.499052141895754,-14.419826428753861,3.216457967477492,100,control_sensitivity,tdc_residual_z,rolling_oos_standard_deviation,cumulative_sum_h0_to_h
lagged_macro_plus_bill,core,lag_tdc_bank_only_qoq|lag_fedfunds|lag_unemployment|lag_inflation|lag_bill_share,consumer_loans_qoq,4,-1.1941834807328853,5.344861256048575,-11.670111542588092,9.281744581122322,99,control_sensitivity,tdc_residual_z,rolling_oos_standard_deviation,cumulative_sum_h0_to_h
lagged_macro_plus_bill,core,lag_tdc_bank_only_qoq|lag_fedfunds|lag_unemployment|lag_inflation|lag_bill_share,consumer_loans_qoq,5,4.150671340976718,8.029210945530611,-11.58658211226328,19.887924794216715,98,control_sensitivity,tdc_residual_z,rolling_oos_standard_deviation,cumulative_sum_h0_to_h
lagged_macro_plus_bill,core,lag_tdc_bank_only_qoq|lag_fedfunds|lag_unemployment|lag_inflation|lag_bill_share,consumer_loans_qoq,6,-0.1457349931618097,6.08345049310158,-12.069297959640906,11.777827973317287,97,control_sensitivity,tdc_residual_z,rolling_oos_standard_deviation,cumulative_sum_h0_to_h
lagged_macro_plus_bill,core,lag_tdc_bank_only_qoq|lag_fedfunds|lag_unemployment|lag_inflation|lag_bill_share,consumer_loans_qoq,7,-0.9995097307179748,6.912947659852495,-14.548887144028866,12.549867682592916,96,control_sensitivity,tdc_residual_z,rolling_oos_standard_deviation,cumulative_sum_h0_to_h
lagged_macro_plus_bill,core,lag_tdc_bank_only_qoq|lag_fedfunds|lag_unemployment|lag_inflation|lag_bill_share,consumer_loans_qoq,8,-0.1453638766015768,7.252542926999823,-14.360348013521229,14.069620260318075,95,control_sensitivity,tdc_residual_z,rolling_oos_standard_deviation,cumulative_sum_h0_to_h
lagged_macro_plus_bill,core,lag_tdc_bank_only_qoq|lag_fedfunds|lag_unemployment|lag_inflation|lag_bill_share,credit_card_revolving_loans_qoq,0,-0.667423512865177,1.1608260754123034,-2.9426426206732916,1.607795594942938,101,control_sensitivity,tdc_residual_z,rolling_oos_standard_deviation,cumulative_sum_h0_to_h
lagged_macro_plus_bill,core,lag_tdc_bank_only_qoq|lag_fedfunds|lag_unemployment|lag_inflation|lag_bill_share,credit_card_revolving_loans_qoq,1,-5.2718480264576755,2.0408206733491023,-9.271856546221915,-1.2718395066934347,100,control_sensitivity,tdc_residual_z,rolling_oos_standard_deviation,cumulative_sum_h0_to_h
lagged_macro_plus_bill,core,lag_tdc_bank_only_qoq|lag_fedfunds|lag_unemployment|lag_inflation|lag_bill_share,credit_card_revolving_loans_qoq,2,-4.966494238167326,2.943753490196274,-10.736251078952023,0.8032626026173713,99,control_sensitivity,tdc_residual_z,rolling_oos_standard_deviation,cumulative_sum_h0_to_h
lagged_macro_plus_bill,core,lag_tdc_bank_only_qoq|lag_fedfunds|lag_unemployment|lag_inflation|lag_bill_share,credit_card_revolving_loans_qoq,3,-5.195391979518059,3.316792635207654,-11.69630554452506,1.3055215854889424,98,control_sensitivity,tdc_residual_z,rolling_oos_standard_deviation,cumulative_sum_h0_to_h
lagged_macro_plus_bill,core,lag_tdc_bank_only_qoq|lag_fedfunds|lag_unemployment|lag_inflation|lag_bill_share,credit_card_revolving_loans_qoq,4,-1.3276077419960801,4.2983926186387995,-9.752457274528126,7.097241790535967,97,control_sensitivity,tdc_residual_z,rolling_oos_standard_deviation,cumulative_sum_h0_to_h
lagged_macro_plus_bill,core,lag_tdc_bank_only_qoq|lag_fedfunds|lag_unemployment|lag_inflation|lag_bill_share,credit_card_revolving_loans_qoq,5,3.364955934383301,7.5826064489209095,-11.49695270550168,18.226864574268284,96,control_sensitivity,tdc_residual_z,rolling_oos_standard_deviation,cumulative_sum_h0_to_h
lagged_macro_plus_bill,core,lag_tdc_bank_only_qoq|lag_fedfunds|lag_unemployment|lag_inflation|lag_bill_share,credit_card_revolving_loans_qoq,6,-1.293493105469656,5.2700111276406165,-11.622714915645265,9.035728704705953,95,control_sensitivity,tdc_residual_z,rolling_oos_standard_deviation,cumulative_sum_h0_to_h
lagged_macro_plus_bill,core,lag_tdc_bank_only_qoq|lag_fedfunds|lag_unemployment|lag_inflation|lag_bill_share,credit_card_revolving_loans_qoq,7,-2.665765632697508,5.692942006435699,-13.823931965311477,8.492400699916463,94,control_sensitivity,tdc_residual_z,rolling_oos_standard_deviation,cumulative_sum_h0_to_h
lagged_macro_plus_bill,core,lag_tdc_bank_only_qoq|lag_fedfunds|lag_unemployment|lag_inflation|lag_bill_share,credit_card_revolving_loans_qoq,8,-1.9649270964338763,6.183839193556435,-14.085251915804488,10.155397722936737,93,control_sensitivity,tdc_residual_z,rolling_oos_standard_deviation,cumulative_sum_h0_to_h
lagged_macro_plus_bill,core,lag_tdc_bank_only_qoq|lag_fedfunds|lag_unemployment|lag_inflation|lag_bill_share,auto_loans_qoq,0,0.2740103937881434,0.2368249016411379,-0.1901664134284869,0.7381872010047736,42,control_sensitivity,tdc_residual_z,rolling_oos_standard_deviation,cumulative_sum_h0_to_h
lagged_macro_plus_bill,core,lag_tdc_bank_only_qoq|lag_fedfunds|lag_unemployment|lag_inflation|lag_bill_share,auto_loans_qoq,1,1.0983873490700309,0.6663632154049138,-0.20768455312360024,2.404459251263662,41,control_sensitivity,tdc_residual_z,rolling_oos_standard_deviation,cumulative_sum_h0_to_h
lagged_macro_plus_bill,core,lag_tdc_bank_only_qoq|lag_fedfunds|lag_unemployment|lag_inflation|lag_bill_share,auto_loans_qoq,2,2.1989333197666054,0.8121273757010617,0.6071636633925244,3.7907029761406865,40,control_sensitivity,tdc_residual_z,rolling_oos_standard_deviation,cumulative_sum_h0_to_h
lagged_macro_plus_bill,core,lag_tdc_bank_only_qoq|lag_fedfunds|lag_unemployment|lag_inflation|lag_bill_share,auto_loans_qoq,3,3.4816664726852884,0.8635638660384328,1.7890812952499602,5.174251650120617,39,control_sensitivity,tdc_residual_z,rolling_oos_standard_deviation,cumulative_sum_h0_to_h
lagged_macro_plus_bill,core,lag_tdc_bank_only_qoq|lag_fedfunds|lag_unemployment|lag_inflation|lag_bill_share,auto_loans_qoq,4,4.015451892166168,0.8903344110380345,2.2703964465316204,5.760507337800716,38,control_sensitivity,tdc_residual_z,rolling_oos_standard_deviation,cumulative_sum_h0_to_h
lagged_macro_plus_bill,core,lag_tdc_bank_only_qoq|lag_fedfunds|lag_unemployment|lag_inflation|lag_bill_share,auto_loans_qoq,5,4.347436216109399,0.9151967224093207,2.55365064018713,6.141221792031668,37,control_sensitivity,tdc_residual_z,rolling_oos_standard_deviation,cumulative_sum_h0_to_h
lagged_macro_plus_bill,core,lag_tdc_bank_only_qoq|lag_fedfunds|lag_unemployment|lag_inflation|lag_bill_share,auto_loans_qoq,6,4.45156387110139,1.1579318410668125,2.182017462610438,6.7211102795923425,36,control_sensitivity,tdc_residual_z,rolling_oos_standard_deviation,cumulative_sum_h0_to_h
lagged_macro_plus_bill,core,lag_tdc_bank_only_qoq|lag_fedfunds|lag_unemployment|lag_inflation|lag_bill_share,auto_loans_qoq,7,5.257293376690884,1.5048485636855202,2.307790191867264,8.206796561514503,35,control_sensitivity,tdc_residual_z,rolling_oos_standard_deviation,cumulative_sum_h0_to_h
lagged_macro_plus_bill,core,lag_tdc_bank_only_qoq|lag_fedfunds|lag_unemployment|lag_inflation|lag_bill_share,auto_loans_qoq,8,5.602747188161344,1.6580889521691493,2.3528928419098114,8.852601534412877,34,control_sensitivity,tdc_residual_z,rolling_oos_standard_deviation,cumulative_sum_h0_to_h
lagged_macro_plus_bill,core,lag_tdc_bank_only_qoq|lag_fedfunds|lag_unemployment|lag_inflation|lag_bill_share,other_consumer_loans_qoq,0,-1.3373684408757802,0.9022125886981213,-3.105705114724098,0.4309682329725375,101,control_sensitivity,tdc_residual_z,rolling_oos_standard_deviation,cumulative_sum_h0_to_h
lagged_macro_plus_bill,core,lag_tdc_bank_only_qoq|lag_fedfunds|lag_unemployment|lag_inflation|lag_bill_share,other_consumer_loans_qoq,1,-1.5391115420618395,1.1115192734147568,-3.7176893179547625,0.6394662338310835,100,control_sensitivity,tdc_residual_z,rolling_oos_standard_deviation,cumulative_sum_h0_to_h
lagged_macro_plus_bill,core,lag_tdc_bank_only_qoq|lag_fedfunds|lag_unemployment|lag_inflation|lag_bill_share,other_consumer_loans_qoq,2,-1.7281836464006146,1.6098622703186993,-4.883513696225266,1.4271464034240362,99,control_sensitivity,tdc_residual_z,rolling_oos_standard_deviation,cumulative_sum_h0_to_h
lagged_macro_plus_bill,core,lag_tdc_bank_only_qoq|lag_fedfunds|lag_unemployment|lag_inflation|lag_bill_share,other_consumer_loans_qoq,3,-1.0287470407473716,1.7066904007821444,-4.3738602262803745,2.316366144785632,98,control_sensitivity,tdc_residual_z,rolling_oos_standard_deviation,cumulative_sum_h0_to_h
lagged_macro_plus_bill,core,lag_tdc_bank_only_qoq|lag_fedfunds|lag_unemployment|lag_inflation|lag_bill_share,other_consumer_loans_qoq,4,-0.5688492674016952,1.8602830694045003,-4.215004083434516,3.0773055486311254,97,control_sensitivity,tdc_residual_z,rolling_oos_standard_deviation,cumulative_sum_h0_to_h
lagged_macro_plus_bill,core,lag_tdc_bank_only_qoq|lag_fedfunds|lag_unemployment|lag_inflation|lag_bill_share,other_consumer_loans_qoq,5,0.05811287418500344,2.051726174827713,-3.963270428477314,4.0794961768473215,96,control_sensitivity,tdc_residual_z,rolling_oos_standard_deviation,cumulative_sum_h0_to_h
lagged_macro_plus_bill,core,lag_tdc_bank_only_qoq|lag_fedfunds|lag_unemployment|lag_inflation|lag_bill_share,other_consumer_loans_qoq,6,0.36993743514635735,2.189214231830728,-3.9209224592418694,4.660797329534584,95,control_sensitivity,tdc_residual_z,rolling_oos_standard_deviation,cumulative_sum_h0_to_h
lagged_macro_plus_bill,core,lag_tdc_bank_only_qoq|lag_fedfunds|lag_unemployment|lag_inflation|lag_bill_share,other_consumer_loans_qoq,7,0.9083247238025116,2.626857614792659,-4.240316201191099,6.0569656487961225,94,control_sensitivity,tdc_residual_z,rolling_oos_standard_deviation,cumulative_sum_h0_to_h
lagged_macro_plus_bill,core,lag_tdc_bank_only_qoq|lag_fedfunds|lag_unemployment|lag_inflation|lag_bill_share,other_consumer_loans_qoq,8,1.1495232828534476,2.7430928302299025,-4.226938664397161,6.525985230104056,93,control_sensitivity,tdc_residual_z,rolling_oos_standard_deviation,cumulative_sum_h0_to_h
lagged_macro_plus_bill,core,lag_tdc_bank_only_qoq|lag_fedfunds|lag_unemployment|lag_inflation|lag_bill_share,heloc_loans_qoq,0,0.35724212774951636,0.501987290814442,-0.62665296224679,1.3411372177458227,103,control_sensitivity,tdc_residual_z,rolling_oos_standard_deviation,cumulative_sum_h0_to_h
lagged_macro_plus_bill,core,lag_tdc_bank_only_qoq|lag_fedfunds|lag_unemployment|lag_inflation|lag_bill_share,heloc_loans_qoq,1,-0.6364058083472086,0.6064525150785717,-1.8250527379012091,0.5522411212067919,102,control_sensitivity,tdc_residual_z,rolling_oos_standard_deviation,cumulative_sum_h0_to_h
lagged_macro_plus_bill,core,lag_tdc_bank_only_qoq|lag_fedfunds|lag_unemployment|lag_inflation|lag_bill_share,heloc_loans_qoq,2,-1.2888236595080689,1.12913931865574,-3.5019367240733192,0.9242894050571815,101,control_sensitivity,tdc_residual_z,rolling_oos_standard_deviation,cumulative_sum_h0_to_h
lagged_macro_plus_bill,core,lag_tdc_bank_only_qoq|lag_fedfunds|lag_unemployment|lag_inflation|lag_bill_share,heloc_loans_qoq,3,-1.8626417654841876,1.6245261210366266,-5.046712962715976,1.3214294317476005,100,control_sensitivity,tdc_residual_z,rolling_oos_standard_deviation,cumulative_sum_h0_to_h
lagged_macro_plus_bill,core,lag_tdc_bank_only_qoq|lag_fedfunds|lag_unemployment|lag_inflation|lag_bill_share,heloc_loans_qoq,4,-1.2680975957286296,1.8132521527488634,-4.822071815116402,2.2858766236591426,99,control_sensitivity,tdc_residual_z,rolling_oos_standard_deviation,cumulative_sum_h0_to_h
lagged_macro_plus_bill,core,lag_tdc_bank_only_qoq|lag_fedfunds|lag_unemployment|lag_inflation|lag_bill_share,heloc_loans_qoq,5,-0.924769240985615,2.1039000628528584,-5.048413364177217,3.1988748822059874,98,control_sensitivity,tdc_residual_z,rolling_oos_standard_deviation,cumulative_sum_h0_to_h
lagged_macro_plus_bill,core,lag_tdc_bank_only_qoq|lag_fedfunds|lag_unemployment|lag_inflation|lag_bill_share,heloc_loans_qoq,6,-1.171965938935685,2.4211379841692526,-5.91739638790742,3.5734645100360503,97,control_sensitivity,tdc_residual_z,rolling_oos_standard_deviation,cumulative_sum_h0_to_h
lagged_macro_plus_bill,core,lag_tdc_bank_only_qoq|lag_fedfunds|lag_unemployment|lag_inflation|lag_bill_share,heloc_loans_qoq,7,-0.7602140685960475,2.7458744040440513,-6.142127900522388,4.621699763330293,96,control_sensitivity,tdc_residual_z,rolling_oos_standard_deviation,cumulative_sum_h0_to_h
lagged_macro_plus_bill,core,lag_tdc_bank_only_qoq|lag_fedfunds|lag_unemployment|lag_inflation|lag_bill_share,heloc_loans_qoq,8,-0.2976064573590458,3.107836486483489,-6.388965970866684,5.793753056148592,95,control_sensitivity,tdc_residual_z,rolling_oos_standard_deviation,cumulative_sum_h0_to_h
lagged_macro_plus_bill,core,lag_tdc_bank_only_qoq|lag_fedfunds|lag_unemployment|lag_inflation|lag_bill_share,closed_end_residential_loans_qoq,0,0.2947762299039821,2.9059496449459603,-5.4008850741901,5.990437533998064,85,control_sensitivity,tdc_residual_z,rolling_oos_standard_deviation,cumulative_sum_h0_to_h
lagged_macro_plus_bill,core,lag_tdc_bank_only_qoq|lag_fedfunds|lag_unemployment|lag_inflation|lag_bill_share,closed_end_residential_loans_qoq,1,0.14127842744728825,3.4865727321019406,-6.692404127472516,6.974960982367092,84,control_sensitivity,tdc_residual_z,rolling_oos_standard_deviation,cumulative_sum_h0_to_h
lagged_macro_plus_bill,core,lag_tdc_bank_only_qoq|lag_fedfunds|lag_unemployment|lag_inflation|lag_bill_share,closed_end_residential_loans_qoq,2,-2.6347681904242335,3.476823969857293,-9.449343171344529,4.179806790496061,83,control_sensitivity,tdc_residual_z,rolling_oos_standard_deviation,cumulative_sum_h0_to_h
lagged_macro_plus_bill,core,lag_tdc_bank_only_qoq|lag_fedfunds|lag_unemployment|lag_inflation|lag_bill_share,closed_end_residential_loans_qoq,3,-2.7215377275163553,3.388889380075784,-9.363760912464892,3.9206854574321817,82,control_sensitivity,tdc_residual_z,rolling_oos_standard_deviation,cumulative_sum_h0_to_h
lagged_macro_plus_bill,core,lag_tdc_bank_only_qoq|lag_fedfunds|lag_unemployment|lag_inflation|lag_bill_share,closed_end_residential_loans_qoq,4,-0.24871915600858507,4.997976768169795,-10.044753621621382,9.547315309604212,81,control_sensitivity,tdc_residual_z,rolling_oos_standard_deviation,cumulative_sum_h0_to_h
lagged_macro_plus_bill,core,lag_tdc_bank_only_qoq|lag_fedfunds|lag_unemployment|lag_inflation|lag_bill_share,closed_end_residential_loans_qoq,5,-0.3833867709440124,5.889592414820129,-11.926987903991465,11.16021436210344,80,control_sensitivity,tdc_residual_z,rolling_oos_standard_deviation,cumulative_sum_h0_to_h
lagged_macro_plus_bill,core,lag_tdc_bank_only_qoq|lag_fedfunds|lag_unemployment|lag_inflation|lag_bill_share,closed_end_residential_loans_qoq,6,-2.1306878804542446,6.735302243107939,-15.331880276945805,11.070504516037316,79,control_sensitivity,tdc_residual_z,rolling_oos_standard_deviation,cumulative_sum_h0_to_h
lagged_macro_plus_bill,core,lag_tdc_bank_only_qoq|lag_fedfunds|lag_unemployment|lag_inflation|lag_bill_share,closed_end_residential_loans_qoq,7,-1.088009756011008,6.309410514507179,-13.454454364445079,11.278434852423063,78,control_sensitivity,tdc_residual_z,rolling_oos_standard_deviation,cumulative_sum_h0_to_h
lagged_macro_plus_bill,core,lag_tdc_bank_only_qoq|lag_fedfunds|lag_unemployment|lag_inflation|lag_bill_share,closed_end_residential_loans_qoq,8,0.24436245717314264,6.785661376789535,-13.055533841334345,13.54425875568063,77,control_sensitivity,tdc_residual_z,rolling_oos_standard_deviation,cumulative_sum_h0_to_h
lagged_macro_plus_bill,core,lag_tdc_bank_only_qoq|lag_fedfunds|lag_unemployment|lag_inflation|lag_bill_share,loans_to_commercial_banks_qoq,0,0.6755521945020753,0.5393949610257193,-0.3816619291083345,1.732766318112485,103,control_sensitivity,tdc_residual_z,rolling_oos_standard_deviation,cumulative_sum_h0_to_h
lagged_macro_plus_bill,core,lag_tdc_bank_only_qoq|lag_fedfunds|lag_unemployment|lag_inflation|lag_bill_share,loans_to_commercial_banks_qoq,1,2.3228825304388248,1.1158833632888232,0.13575113839273145,4.510013922484918,102,control_sensitivity,tdc_residual_z,rolling_oos_standard_deviation,cumulative_sum_h0_to_h
lagged_macro_plus_bill,core,lag_tdc_bank_only_qoq|lag_fedfunds|lag_unemployment|lag_inflation|lag_bill_share,loans_to_commercial_banks_qoq,2,1.5325744739820213,0.8954682994162387,-0.22254339287380653,3.2876923408378493,101,control_sensitivity,tdc_residual_z,rolling_oos_standard_deviation,cumulative_sum_h0_to_h
lagged_macro_plus_bill,core,lag_tdc_bank_only_qoq|lag_fedfunds|lag_unemployment|lag_inflation|lag_bill_share,loans_to_commercial_banks_qoq,3,1.1734979840846864,0.7226431034769328,-0.24288249873010193,2.5898784668994748,100,control_sensitivity,tdc_residual_z,rolling_oos_standard_deviation,cumulative_sum_h0_to_h
lagged_macro_plus_bill,core,lag_tdc_bank_only_qoq|lag_fedfunds|lag_unemployment|lag_inflation|lag_bill_share,loans_to_commercial_banks_qoq,4,-0.21732589067988717,0.723721124038048,-1.6358192937944613,1.201167512434687,99,control_sensitivity,tdc_residual_z,rolling_oos_standard_deviation,cumulative_sum_h0_to_h
lagged_macro_plus_bill,core,lag_tdc_bank_only_qoq|lag_fedfunds|lag_unemployment|lag_inflation|lag_bill_share,loans_to_commercial_banks_qoq,5,-0.3208655877072506,0.9261581108307116,-2.1361354849354455,1.4944043095209443,98,control_sensitivity,tdc_residual_z,rolling_oos_standard_deviation,cumulative_sum_h0_to_h
lagged_macro_plus_bill,core,lag_tdc_bank_only_qoq|lag_fedfunds|lag_unemployment|lag_inflation|lag_bill_share,loans_to_commercial_banks_qoq,6,-0.33989963244499466,0.8778916650204834,-2.060567295885142,1.3807680309951529,97,control_sensitivity,tdc_residual_z,rolling_oos_standard_deviation,cumulative_sum_h0_to_h
lagged_macro_plus_bill,core,lag_tdc_bank_only_qoq|lag_fedfunds|lag_unemployment|lag_inflation|lag_bill_share,loans_to_commercial_banks_qoq,7,0.6728684480127741,1.1081668971204444,-1.4991386703432967,2.844875566368845,96,control_sensitivity,tdc_residual_z,rolling_oos_standard_deviation,cumulative_sum_h0_to_h
lagged_macro_plus_bill,core,lag_tdc_bank_only_qoq|lag_fedfunds|lag_unemployment|lag_inflation|lag_bill_share,loans_to_commercial_banks_qoq,8,0.32689950549269847,1.193378320803616,-2.0121220032823888,2.6659210142677856,95,control_sensitivity,tdc_residual_z,rolling_oos_standard_deviation,cumulative_sum_h0_to_h
lagged_macro_plus_bill,core,lag_tdc_bank_only_qoq|lag_fedfunds|lag_unemployment|lag_inflation|lag_bill_share,loans_to_nondepository_financial_institutions_qoq,0,7.2141160383478535,4.61927605685497,-1.8396650330878863,16.267897109783593,42,control_sensitivity,tdc_residual_z,rolling_oos_standard_deviation,cumulative_sum_h0_to_h
lagged_macro_plus_bill,core,lag_tdc_bank_only_qoq|lag_fedfunds|lag_unemployment|lag_inflation|lag_bill_share,loans_to_nondepository_financial_institutions_qoq,1,12.460296570120857,6.214970833636788,0.27895373619275254,24.64163940404896,41,control_sensitivity,tdc_residual_z,rolling_oos_standard_deviation,cumulative_sum_h0_to_h
lagged_macro_plus_bill,core,lag_tdc_bank_only_qoq|lag_fedfunds|lag_unemployment|lag_inflation|lag_bill_share,loans_to_nondepository_financial_institutions_qoq,2,17.772011782322956,10.348365971583888,-2.5107855219814645,38.05480908662737,40,control_sensitivity,tdc_residual_z,rolling_oos_standard_deviation,cumulative_sum_h0_to_h
lagged_macro_plus_bill,core,lag_tdc_bank_only_qoq|lag_fedfunds|lag_unemployment|lag_inflation|lag_bill_share,loans_to_nondepository_financial_institutions_qoq,3,17.38247091477495,9.467416691683985,-1.1736658009256615,35.93860763047556,39,control_sensitivity,tdc_residual_z,rolling_oos_standard_deviation,cumulative_sum_h0_to_h
lagged_macro_plus_bill,core,lag_tdc_bank_only_qoq|lag_fedfunds|lag_unemployment|lag_inflation|lag_bill_share,loans_to_nondepository_financial_institutions_qoq,4,14.25143007499746,7.295798994895253,-0.048335954997234865,28.551196104992155,38,control_sensitivity,tdc_residual_z,rolling_oos_standard_deviation,cumulative_sum_h0_to_h
lagged_macro_plus_bill,core,lag_tdc_bank_only_qoq|lag_fedfunds|lag_unemployment|lag_inflation|lag_bill_share,loans_to_nondepository_financial_institutions_qoq,5,9.321587404324049,6.516056278984267,-3.449882902485113,22.093057711133213,37,control_sensitivity,tdc_residual_z,rolling_oos_standard_deviation,cumulative_sum_h0_to_h
lagged_macro_plus_bill,core,lag_tdc_bank_only_qoq|lag_fedfunds|lag_unemployment|lag_inflation|lag_bill_share,loans_to_nondepository_financial_institutions_qoq,6,6.2778765870765305,5.248790767240068,-4.009753316714004,16.565506490867065,36,control_sensitivity,tdc_residual_z,rolling_oos_standard_deviation,cumulative_sum_h0_to_h
lagged_macro_plus_bill,core,lag_tdc_bank_only_qoq|lag_fedfunds|lag_unemployment|lag_inflation|lag_bill_share,loans_to_nondepository_financial_institutions_qoq,7,5.725720640340505,4.208469938113009,-2.5228804383609926,13.974321719042003,35,control_sensitivity,tdc_residual_z,rolling_oos_standard_deviation,cumulative_sum_h0_to_h
lagged_macro_plus_bill,core,lag_tdc_bank_only_qoq|lag_fedfunds|lag_unemployment|lag_inflation|lag_bill_share,loans_to_nondepository_financial_institutions_qoq,8,3.816278675096523,5.011518022275833,-6.00629664856411,13.638853998757156,34,control_sensitivity,tdc_residual_z,rolling_oos_standard_deviation,cumulative_sum_h0_to_h
lagged_macro_plus_bill,core,lag_tdc_bank_only_qoq|lag_fedfunds|lag_unemployment|lag_inflation|lag_bill_share,loans_for_purchasing_or_carrying_securities_qoq,0,0.33391384043372263,1.0647307429220165,-1.75295841569343,2.420786096560875,103,control_sensitivity,tdc_residual_z,rolling_oos_standard_deviation,cumulative_sum_h0_to_h
lagged_macro_plus_bill,core,lag_tdc_bank_only_qoq|lag_fedfunds|lag_unemployment|lag_inflation|lag_bill_share,loans_for_purchasing_or_carrying_securities_qoq,1,1.2434176409282276,1.939162708715992,-2.557341268155117,5.044176550011572,102,control_sensitivity,tdc_residual_z,rolling_oos_standard_deviation,cumulative_sum_h0_to_h
lagged_macro_plus_bill,core,lag_tdc_bank_only_qoq|lag_fedfunds|lag_unemployment|lag_inflation|lag_bill_share,loans_for_purchasing_or_carrying_securities_qoq,2,1.3421886449262037,1.9792614488867106,-2.537163794891749,5.221541084744157,101,control_sensitivity,tdc_residual_z,rolling_oos_standard_deviation,cumulative_sum_h0_to_h
lagged_macro_plus_bill,core,lag_tdc_bank_only_qoq|lag_fedfunds|lag_unemployment|lag_inflation|lag_bill_share,loans_for_purchasing_or_carrying_securities_qoq,3,2.640437163421943,2.613235287607848,-2.4815040002894397,7.762378327133326,100,control_sensitivity,tdc_residual_z,rolling_oos_standard_deviation,cumulative_sum_h0_to_h
lagged_macro_plus_bill,core,lag_tdc_bank_only_qoq|lag_fedfunds|lag_unemployment|lag_inflation|lag_bill_share,loans_for_purchasing_or_carrying_securities_qoq,4,4.018268562399616,3.1307053896495973,-2.1179140013135953,10.154451126112827,99,control_sensitivity,tdc_residual_z,rolling_oos_standard_deviation,cumulative_sum_h0_to_h
lagged_macro_plus_bill,core,lag_tdc_bank_only_qoq|lag_fedfunds|lag_unemployment|lag_inflation|lag_bill_share,loans_for_purchasing_or_carrying_securities_qoq,5,2.624399425245636,2.476087749482491,-2.228732563740046,7.4775314142313185,98,control_sensitivity,tdc_residual_z,rolling_oos_standard_deviation,cumulative_sum_h0_to_h
lagged_macro_plus_bill,core,lag_tdc_bank_only_qoq|lag_fedfunds|lag_unemployment|lag_inflation|lag_bill_share,loans_for_purchasing_or_carrying_securities_qoq,6,-0.8450121499790568,2.4277711898964394,-5.603443682176078,3.9134193822179646,97,control_sensitivity,tdc_residual_z,rolling_oos_standard_deviation,cumulative_sum_h0_to_h
lagged_macro_plus_bill,core,lag_tdc_bank_only_qoq|lag_fedfunds|lag_unemployment|lag_inflation|lag_bill_share,loans_for_purchasing_or_carrying_securities_qoq,7,-0.1467094019595705,2.0177654517215644,-4.101529687333837,3.8081108834146957,96,control_sensitivity,tdc_residual_z,rolling_oos_standard_deviation,cumulative_sum_h0_to_h
lagged_macro_plus_bill,core,lag_tdc_bank_only_qoq|lag_fedfunds|lag_unemployment|lag_inflation|lag_bill_share,loans_for_purchasing_or_carrying_securities_qoq,8,-1.13944473440077,2.548959214531432,-6.135404794882376,3.8565153260808365,95,control_sensitivity,tdc_residual_z,rolling_oos_standard_deviation,cumulative_sum_h0_to_h
lagged_macro_plus_bill,core,lag_tdc_bank_only_qoq|lag_fedfunds|lag_unemployment|lag_inflation|lag_bill_share,treasury_securities_bank_qoq,0,2.2940743380624937,2.153631802572604,-1.92704399497981,6.515192671104797,103,control_sensitivity,tdc_residual_z,rolling_oos_standard_deviation,cumulative_sum_h0_to_h
lagged_macro_plus_bill,core,lag_tdc_bank_only_qoq|lag_fedfunds|lag_unemployment|lag_inflation|lag_bill_share,treasury_securities_bank_qoq,1,8.811530230354313,4.1838072918665805,0.6112679382958159,17.01179252241281,102,control_sensitivity,tdc_residual_z,rolling_oos_standard_deviation,cumulative_sum_h0_to_h
lagged_macro_plus_bill,core,lag_tdc_bank_only_qoq|lag_fedfunds|lag_unemployment|lag_inflation|lag_bill_share,treasury_securities_bank_qoq,2,14.464034965411495,6.439313531603464,1.842980443468706,27.08508948735428,101,control_sensitivity,tdc_residual_z,rolling_oos_standard_deviation,cumulative_sum_h0_to_h
lagged_macro_plus_bill,core,lag_tdc_bank_only_qoq|lag_fedfunds|lag_unemployment|lag_inflation|lag_bill_share,treasury_securities_bank_qoq,3,19.62324333072115,9.820834200970795,0.37440829681839105,38.8720783646239,100,control_sensitivity,tdc_residual_z,rolling_oos_standard_deviation,cumulative_sum_h0_to_h
lagged_macro_plus_bill,core,lag_tdc_bank_only_qoq|lag_fedfunds|lag_unemployment|lag_inflation|lag_bill_share,treasury_securities_bank_qoq,4,18.8366388487939,9.70605789246789,-0.18723462044316364,37.86051231803096,99,control_sensitivity,tdc_residual_z,rolling_oos_standard_deviation,cumulative_sum_h0_to_h
lagged_macro_plus_bill,core,lag_tdc_bank_only_qoq|lag_fedfunds|lag_unemployment|lag_inflation|lag_bill_share,treasury_securities_bank_qoq,5,19.260910489252073,10.730388028504887,-1.7706500466175044,40.29247102512165,98,control_sensitivity,tdc_residual_z,rolling_oos_standard_deviation,cumulative_sum_h0_to_h
lagged_macro_plus_bill,core,lag_tdc_bank_only_qoq|lag_fedfunds|lag_unemployment|lag_inflation|lag_bill_share,treasury_securities_bank_qoq,6,15.846958388640484,10.824908880461807,-5.369863017064656,37.06377979434562,97,control_sensitivity,tdc_residual_z,rolling_oos_standard_deviation,cumulative_sum_h0_to_h
lagged_macro_plus_bill,core,lag_tdc_bank_only_qoq|lag_fedfunds|lag_unemployment|lag_inflation|lag_bill_share,treasury_securities_bank_qoq,7,17.513058120071676,12.548311498006111,-7.081632416020302,42.10774865616365,96,control_sensitivity,tdc_residual_z,rolling_oos_standard_deviation,cumulative_sum_h0_to_h
lagged_macro_plus_bill,core,lag_tdc_bank_only_qoq|lag_fedfunds|lag_unemployment|lag_inflation|lag_bill_share,treasury_securities_bank_qoq,8,13.86194449345795,13.647403365408511,-12.886966102742731,40.61085508965863,95,control_sensitivity,tdc_residual_z,rolling_oos_standard_deviation,cumulative_sum_h0_to_h
lagged_macro_plus_bill,core,lag_tdc_bank_only_qoq|lag_fedfunds|lag_unemployment|lag_inflation|lag_bill_share,agency_gse_backed_securities_bank_qoq,0,11.016552853620526,4.108472727046327,2.963946308609726,19.069159398631328,103,control_sensitivity,tdc_residual_z,rolling_oos_standard_deviation,cumulative_sum_h0_to_h
lagged_macro_plus_bill,core,lag_tdc_bank_only_qoq|lag_fedfunds|lag_unemployment|lag_inflation|lag_bill_share,agency_gse_backed_securities_bank_qoq,1,13.87657443244811,7.936040232435158,-1.6780644231248,29.43121328802102,102,control_sensitivity,tdc_residual_z,rolling_oos_standard_deviation,cumulative_sum_h0_to_h
lagged_macro_plus_bill,core,lag_tdc_bank_only_qoq|lag_fedfunds|lag_unemployment|lag_inflation|lag_bill_share,agency_gse_backed_securities_bank_qoq,2,14.895742848465295,10.51318438136657,-5.710098539013179,35.50158423594377,101,control_sensitivity,tdc_residual_z,rolling_oos_standard_deviation,cumulative_sum_h0_to_h
lagged_macro_plus_bill,core,lag_tdc_bank_only_qoq|lag_fedfunds|lag_unemployment|lag_inflation|lag_bill_share,agency_gse_backed_securities_bank_qoq,3,11.54833191371444,14.52783061614336,-16.92621609392655,40.022879921355425,100,control_sensitivity,tdc_residual_z,rolling_oos_standard_deviation,cumulative_sum_h0_to_h
lagged_macro_plus_bill,core,lag_tdc_bank_only_qoq|lag_fedfunds|lag_unemployment|lag_inflation|lag_bill_share,agency_gse_backed_securities_bank_qoq,4,10.601028333106232,18.36394647932461,-25.39230676637,46.59436343258247,99,control_sensitivity,tdc_residual_z,rolling_oos_standard_deviation,cumulative_sum_h0_to_h
lagged_macro_plus_bill,core,lag_tdc_bank_only_qoq|lag_fedfunds|lag_unemployment|lag_inflation|lag_bill_share,agency_gse_backed_securities_bank_qoq,5,7.989677292498773,22.394791858568883,-35.90411475029624,51.88346933529379,98,control_sensitivity,tdc_residual_z,rolling_oos_standard_deviation,cumulative_sum_h0_to_h
lagged_macro_plus_bill,core,lag_tdc_bank_only_qoq|lag_fedfunds|lag_unemployment|lag_inflation|lag_bill_share,agency_gse_backed_securities_bank_qoq,6,7.870827605151744,25.023624797735852,-41.175476998410524,56.917132208714015,97,control_sensitivity,tdc_residual_z,rolling_oos_standard_deviation,cumulative_sum_h0_to_h
lagged_macro_plus_bill,core,lag_tdc_bank_only_qoq|lag_fedfunds|lag_unemployment|lag_inflation|lag_bill_share,agency_gse_backed_securities_bank_qoq,7,8.05817998245943,25.882124472620802,-42.67078398387734,58.7871439487962,96,control_sensitivity,tdc_residual_z,rolling_oos_standard_deviation,cumulative_sum_h0_to_h
lagged_macro_plus_bill,core,lag_tdc_bank_only_qoq|lag_fedfunds|lag_unemployment|lag_inflation|lag_bill_share,agency_gse_backed_securities_bank_qoq,8,10.709831135333525,24.765839282915866,-37.831213859181574,59.25087612984862,95,control_sensitivity,tdc_residual_z,rolling_oos_standard_deviation,cumulative_sum_h0_to_h
lagged_macro_plus_bill,core,lag_tdc_bank_only_qoq|lag_fedfunds|lag_unemployment|lag_inflation|lag_bill_share,municipal_securities_bank_qoq,0,-0.17888880496089155,0.6994334446917357,-1.5497783565566934,1.1920007466349105,103,control_sensitivity,tdc_residual_z,rolling_oos_standard_deviation,cumulative_sum_h0_to_h
lagged_macro_plus_bill,core,lag_tdc_bank_only_qoq|lag_fedfunds|lag_unemployment|lag_inflation|lag_bill_share,municipal_securities_bank_qoq,1,0.6322900155290156,1.2759702402007442,-1.8686116552644432,3.1331916863224745,102,control_sensitivity,tdc_residual_z,rolling_oos_standard_deviation,cumulative_sum_h0_to_h
lagged_macro_plus_bill,core,lag_tdc_bank_only_qoq|lag_fedfunds|lag_unemployment|lag_inflation|lag_bill_share,municipal_securities_bank_qoq,2,0.975470547575771,1.5694636873286054,-2.1006782795882954,4.051619374739838,101,control_sensitivity,tdc_residual_z,rolling_oos_standard_deviation,cumulative_sum_h0_to_h
lagged_macro_plus_bill,core,lag_tdc_bank_only_qoq|lag_fedfunds|lag_unemployment|lag_inflation|lag_bill_share,municipal_securities_bank_qoq,3,1.3764239917448275,2.1658169248143473,-2.868577180891293,5.621425164380948,100,control_sensitivity,tdc_residual_z,rolling_oos_standard_deviation,cumulative_sum_h0_to_h
lagged_macro_plus_bill,core,lag_tdc_bank_only_qoq|lag_fedfunds|lag_unemployment|lag_inflation|lag_bill_share,municipal_securities_bank_qoq,4,0.7963906029564951,2.394278255263537,-3.8963947773600367,5.489175983273027,99,control_sensitivity,tdc_residual_z,rolling_oos_standard_deviation,cumulative_sum_h0_to_h
lagged_macro_plus_bill,core,lag_tdc_bank_only_qoq|lag_fedfunds|lag_unemployment|lag_inflation|lag_bill_share,municipal_securities_bank_qoq,5,1.595518915994123,2.854497117255475,-3.999295433826608,7.1903332658148535,98,control_sensitivity,tdc_residual_z,rolling_oos_standard_deviation,cumulative_sum_h0_to_h
lagged_macro_plus_bill,core,lag_tdc_bank_only_qoq|lag_fedfunds|lag_unemployment|lag_inflation|lag_bill_share,municipal_securities_bank_qoq,6,2.5961786637907607,3.258810777209201,-3.7910904595392734,8.983447787120795,97,control_sensitivity,tdc_residual_z,rolling_oos_standard_deviation,cumulative_sum_h0_to_h
lagged_macro_plus_bill,core,lag_tdc_bank_only_qoq|lag_fedfunds|lag_unemployment|lag_inflation|lag_bill_share,municipal_securities_bank_qoq,7,3.9132431969733426,3.7407009059093697,-3.418530578609022,11.245016972555707,96,control_sensitivity,tdc_residual_z,rolling_oos_standard_deviation,cumulative_sum_h0_to_h
lagged_macro_plus_bill,core,lag_tdc_bank_only_qoq|lag_fedfunds|lag_unemployment|lag_inflation|lag_bill_share,municipal_securities_bank_qoq,8,3.718353814953984,3.807717685367611,-3.7447728483665337,11.181480478274501,95,control_sensitivity,tdc_residual_z,rolling_oos_standard_deviation,cumulative_sum_h0_to_h
lagged_macro_plus_bill,core,lag_tdc_bank_only_qoq|lag_fedfunds|lag_unemployment|lag_inflation|lag_bill_share,corporate_foreign_bonds_bank_qoq,0,2.9217761315037127,2.407323535802209,-1.7965779986686168,7.640130261676042,103,control_sensitivity,tdc_residual_z,rolling_oos_standard_deviation,cumulative_sum_h0_to_h
lagged_macro_plus_bill,core,lag_tdc_bank_only_qoq|lag_fedfunds|lag_unemployment|lag_inflation|lag_bill_share,corporate_foreign_bonds_bank_qoq,1,4.672515751443958,3.010028181233751,-1.2271394837741934,10.57217098666211,102,control_sensitivity,tdc_residual_z,rolling_oos_standard_deviation,cumulative_sum_h0_to_h
lagged_macro_plus_bill,core,lag_tdc_bank_only_qoq|lag_fedfunds|lag_unemployment|lag_inflation|lag_bill_share,corporate_foreign_bonds_bank_qoq,2,8.019546365976312,3.478659937397731,1.2013728886767598,14.837719843275865,101,control_sensitivity,tdc_residual_z,rolling_oos_standard_deviation,cumulative_sum_h0_to_h
lagged_macro_plus_bill,core,lag_tdc_bank_only_qoq|lag_fedfunds|lag_unemployment|lag_inflation|lag_bill_share,corporate_foreign_bonds_bank_qoq,3,6.448632457588804,3.8470577183603467,-1.091600670397475,13.988865585575084,100,control_sensitivity,tdc_residual_z,rolling_oos_standard_deviation,cumulative_sum_h0_to_h
lagged_macro_plus_bill,core,lag_tdc_bank_only_qoq|lag_fedfunds|lag_unemployment|lag_inflation|lag_bill_share,corporate_foreign_bonds_bank_qoq,4,7.7030132922055365,4.791910315706053,-1.6891309265783274,17.095157510989402,99,control_sensitivity,tdc_residual_z,rolling_oos_standard_deviation,cumulative_sum_h0_to_h
lagged_macro_plus_bill,core,lag_tdc_bank_only_qoq|lag_fedfunds|lag_unemployment|lag_inflation|lag_bill_share,corporate_foreign_bonds_bank_qoq,5,8.846234172867739,4.848747562411862,-0.657311049459512,18.34977939519499,98,control_sensitivity,tdc_residual_z,rolling_oos_standard_deviation,cumulative_sum_h0_to_h
lagged_macro_plus_bill,core,lag_tdc_bank_only_qoq|lag_fedfunds|lag_unemployment|lag_inflation|lag_bill_share,corporate_foreign_bonds_bank_qoq,6,10.895550464229604,5.298340271599111,0.5108035318953466,21.28029739656386,97,control_sensitivity,tdc_residual_z,rolling_oos_standard_deviation,cumulative_sum_h0_to_h
lagged_macro_plus_bill,core,lag_tdc_bank_only_qoq|lag_fedfunds|lag_unemployment|lag_inflation|lag_bill_share,corporate_foreign_bonds_bank_qoq,7,11.938089934803568,5.354256102347286,1.4437479742028874,22.43243189540425,96,control_sensitivity,tdc_residual_z,rolling_oos_standard_deviation,cumulative_sum_h0_to_h
lagged_macro_plus_bill,core,lag_tdc_bank_only_qoq|lag_fedfunds|lag_unemployment|lag_inflation|lag_bill_share,corporate_foreign_bonds_bank_qoq,8,15.756418975078466,6.257970927768242,3.490795956652711,28.02204199350422,95,control_sensitivity,tdc_residual_z,rolling_oos_standard_deviation,cumulative_sum_h0_to_h
lagged_macro_plus_bill,core,lag_tdc_bank_only_qoq|lag_fedfunds|lag_unemployment|lag_inflation|lag_bill_share,fedfunds_repo_liabilities_bank_qoq,0,-1.788010807984136,1.6749325726471178,-5.070878650372487,1.4948570344042151,103,control_sensitivity,tdc_residual_z,rolling_oos_standard_deviation,cumulative_sum_h0_to_h
lagged_macro_plus_bill,core,lag_tdc_bank_only_qoq|lag_fedfunds|lag_unemployment|lag_inflation|lag_bill_share,fedfunds_repo_liabilities_bank_qoq,1,-3.282810488476983,2.1738233848529815,-7.543504322788826,0.9778833458348606,102,control_sensitivity,tdc_residual_z,rolling_oos_standard_deviation,cumulative_sum_h0_to_h
lagged_macro_plus_bill,core,lag_tdc_bank_only_qoq|lag_fedfunds|lag_unemployment|lag_inflation|lag_bill_share,fedfunds_repo_liabilities_bank_qoq,2,-0.22349475237578087,2.5030574161755204,-5.129487288079801,4.682497783328239,101,control_sensitivity,tdc_residual_z,rolling_oos_standard_deviation,cumulative_sum_h0_to_h
lagged_macro_plus_bill,core,lag_tdc_bank_only_qoq|lag_fedfunds|lag_unemployment|lag_inflation|lag_bill_share,fedfunds_repo_liabilities_bank_qoq,3,-3.071303272613374,2.731551269995601,-8.425143761804751,2.282537216578004,100,control_sensitivity,tdc_residual_z,rolling_oos_standard_deviation,cumulative_sum_h0_to_h
lagged_macro_plus_bill,core,lag_tdc_bank_only_qoq|lag_fedfunds|lag_unemployment|lag_inflation|lag_bill_share,fedfunds_repo_liabilities_bank_qoq,4,-5.407793440976834,3.547185683394178,-12.360277380429423,1.544690498475755,99,control_sensitivity,tdc_residual_z,rolling_oos_standard_deviation,cumulative_sum_h0_to_h
lagged_macro_plus_bill,core,lag_tdc_bank_only_qoq|lag_fedfunds|lag_unemployment|lag_inflation|lag_bill_share,fedfunds_repo_liabilities_bank_qoq,5,-3.3870017889285995,4.381893651641125,-11.975513346145203,5.2015097682880045,98,control_sensitivity,tdc_residual_z,rolling_oos_standard_deviation,cumulative_sum_h0_to_h
lagged_macro_plus_bill,core,lag_tdc_bank_only_qoq|lag_fedfunds|lag_unemployment|lag_inflation|lag_bill_share,fedfunds_repo_liabilities_bank_qoq,6,0.29454880389640836,5.233447585496735,-9.963008463677191,10.552106071470007,97,control_sensitivity,tdc_residual_z,rolling_oos_standard_deviation,cumulative_sum_h0_to_h
lagged_macro_plus_bill,core,lag_tdc_bank_only_qoq|lag_fedfunds|lag_unemployment|lag_inflation|lag_bill_share,fedfunds_repo_liabilities_bank_qoq,7,-0.551087714697601,5.557486088482892,-11.44376044812407,10.341585018728868,96,control_sensitivity,tdc_residual_z,rolling_oos_standard_deviation,cumulative_sum_h0_to_h
lagged_macro_plus_bill,core,lag_tdc_bank_only_qoq|lag_fedfunds|lag_unemployment|lag_inflation|lag_bill_share,fedfunds_repo_liabilities_bank_qoq,8,-0.20029975748152218,6.282110219623134,-12.513235787942865,12.11263627297982,95,control_sensitivity,tdc_residual_z,rolling_oos_standard_deviation,cumulative_sum_h0_to_h
lagged_macro_plus_bill,core,lag_tdc_bank_only_qoq|lag_fedfunds|lag_unemployment|lag_inflation|lag_bill_share,commercial_bank_borrowings_qoq,0,10.569655928013205,6.303949997775791,-1.7860860676273447,22.925397923653755,103,control_sensitivity,tdc_residual_z,rolling_oos_standard_deviation,cumulative_sum_h0_to_h
lagged_macro_plus_bill,core,lag_tdc_bank_only_qoq|lag_fedfunds|lag_unemployment|lag_inflation|lag_bill_share,commercial_bank_borrowings_qoq,1,1.7612947011378584,6.124942681446631,-10.243592954497537,13.766182356773253,102,control_sensitivity,tdc_residual_z,rolling_oos_standard_deviation,cumulative_sum_h0_to_h
lagged_macro_plus_bill,core,lag_tdc_bank_only_qoq|lag_fedfunds|lag_unemployment|lag_inflation|lag_bill_share,commercial_bank_borrowings_qoq,2,-12.151450546201495,11.383541657145871,-34.4631921942074,10.160291101804411,101,control_sensitivity,tdc_residual_z,rolling_oos_standard_deviation,cumulative_sum_h0_to_h
lagged_macro_plus_bill,core,lag_tdc_bank_only_qoq|lag_fedfunds|lag_unemployment|lag_inflation|lag_bill_share,commercial_bank_borrowings_qoq,3,-19.214606823227196,14.811149360455335,-48.24445956971965,9.815245923265259,100,control_sensitivity,tdc_residual_z,rolling_oos_standard_deviation,cumulative_sum_h0_to_h
lagged_macro_plus_bill,core,lag_tdc_bank_only_qoq|lag_fedfunds|lag_unemployment|lag_inflation|lag_bill_share,commercial_bank_borrowings_qoq,4,-18.659555330970477,17.266872702381253,-52.50262582763773,15.183515165696775,99,control_sensitivity,tdc_residual_z,rolling_oos_standard_deviation,cumulative_sum_h0_to_h
lagged_macro_plus_bill,core,lag_tdc_bank_only_qoq|lag_fedfunds|lag_unemployment|lag_inflation|lag_bill_share,commercial_bank_borrowings_qoq,5,-25.32990207176333,23.209555491793928,-70.82063083567942,20.160826692152767,98,control_sensitivity,tdc_residual_z,rolling_oos_standard_deviation,cumulative_sum_h0_to_h
lagged_macro_plus_bill,core,lag_tdc_bank_only_qoq|lag_fedfunds|lag_unemployment|lag_inflation|lag_bill_share,commercial_bank_borrowings_qoq,6,-7.806362694026457,26.400455689155514,-59.55125584477126,43.938530456718354,97,control_sensitivity,tdc_residual_z,rolling_oos_standard_deviation,cumulative_sum_h0_to_h
lagged_macro_plus_bill,core,lag_tdc_bank_only_qoq|lag_fedfunds|lag_unemployment|lag_inflation|lag_bill_share,commercial_bank_borrowings_qoq,7,-0.5009042923137397,27.146402335965522,-53.707852870806164,52.70604428617868,96,control_sensitivity,tdc_residual_z,rolling_oos_standard_deviation,cumulative_sum_h0_to_h
lagged_macro_plus_bill,core,lag_tdc_bank_only_qoq|lag_fedfunds|lag_unemployment|lag_inflation|lag_bill_share,commercial_bank_borrowings_qoq,8,12.975771767290727,32.91970331140946,-51.54684672307181,77.49839025765326,95,control_sensitivity,tdc_residual_z,rolling_oos_standard_deviation,cumulative_sum_h0_to_h
lagged_macro_plus_bill,core,lag_tdc_bank_only_qoq|lag_fedfunds|lag_unemployment|lag_inflation|lag_bill_share,fed_borrowings_depository_institutions_qoq,0,2.5254500343965534,2.9132787141642855,-3.184576245365446,8.235476314158554,103,control_sensitivity,tdc_residual_z,rolling_oos_standard_deviation,cumulative_sum_h0_to_h
lagged_macro_plus_bill,core,lag_tdc_bank_only_qoq|lag_fedfunds|lag_unemployment|lag_inflation|lag_bill_share,fed_borrowings_depository_institutions_qoq,1,-4.177886934396967,6.197310229046236,-16.32461498332759,7.968841114533656,102,control_sensitivity,tdc_residual_z,rolling_oos_standard_deviation,cumulative_sum_h0_to_h
lagged_macro_plus_bill,core,lag_tdc_bank_only_qoq|lag_fedfunds|lag_unemployment|lag_inflation|lag_bill_share,fed_borrowings_depository_institutions_qoq,2,-10.641975105811621,10.243638203110883,-30.719505983908952,9.43555577228571,101,control_sensitivity,tdc_residual_z,rolling_oos_standard_deviation,cumulative_sum_h0_to_h
lagged_macro_plus_bill,core,lag_tdc_bank_only_qoq|lag_fedfunds|lag_unemployment|lag_inflation|lag_bill_share,fed_borrowings_depository_institutions_qoq,3,-14.24544291566123,9.827912312689444,-33.50815104853254,5.017265217210081,100,control_sensitivity,tdc_residual_z,rolling_oos_standard_deviation,cumulative_sum_h0_to_h
lagged_macro_plus_bill,core,lag_tdc_bank_only_qoq|lag_fedfunds|lag_unemployment|lag_inflation|lag_bill_share,fed_borrowings_depository_institutions_qoq,4,-12.530529658704703,8.406086470301222,-29.006459140495096,3.945399823085692,99,control_sensitivity,tdc_residual_z,rolling_oos_standard_deviation,cumulative_sum_h0_to_h
lagged_macro_plus_bill,core,lag_tdc_bank_only_qoq|lag_fedfunds|lag_unemployment|lag_inflation|lag_bill_share,fed_borrowings_depository_institutions_qoq,5,-9.59106537635795,7.3793622528823555,-24.054615392007364,4.872484639291466,98,control_sensitivity,tdc_residual_z,rolling_oos_standard_deviation,cumulative_sum_h0_to_h
lagged_macro_plus_bill,core,lag_tdc_bank_only_qoq|lag_fedfunds|lag_unemployment|lag_inflation|lag_bill_share,fed_borrowings_depository_institutions_qoq,6,-3.5722415419825477,6.553073585245446,-16.41626576906362,9.271782685098527,97,control_sensitivity,tdc_residual_z,rolling_oos_standard_deviation,cumulative_sum_h0_to_h
lagged_macro_plus_bill,core,lag_tdc_bank_only_qoq|lag_fedfunds|lag_unemployment|lag_inflation|lag_bill_share,fed_borrowings_depository_institutions_qoq,7,2.583548243852229,8.848861685325877,-14.760220659386489,19.927317147090946,96,control_sensitivity,tdc_residual_z,rolling_oos_standard_deviation,cumulative_sum_h0_to_h
lagged_macro_plus_bill,core,lag_tdc_bank_only_qoq|lag_fedfunds|lag_unemployment|lag_inflation|lag_bill_share,fed_borrowings_depository_institutions_qoq,8,11.746762531913078,11.688280880672668,-11.16226799420535,34.655793058031506,95,control_sensitivity,tdc_residual_z,rolling_oos_standard_deviation,cumulative_sum_h0_to_h
lagged_macro_plus_bill,core,lag_tdc_bank_only_qoq|lag_fedfunds|lag_unemployment|lag_inflation|lag_bill_share,debt_securities_bank_liability_qoq,0,0.09035327778315438,1.9911595092753067,-3.8123193603964465,3.9930259159627557,103,control_sensitivity,tdc_residual_z,rolling_oos_standard_deviation,cumulative_sum_h0_to_h
lagged_macro_plus_bill,core,lag_tdc_bank_only_qoq|lag_fedfunds|lag_unemployment|lag_inflation|lag_bill_share,debt_securities_bank_liability_qoq,1,-3.6743087387332474,4.4328436343400215,-12.362682262039689,5.014064784573195,102,control_sensitivity,tdc_residual_z,rolling_oos_standard_deviation,cumulative_sum_h0_to_h
lagged_macro_plus_bill,core,lag_tdc_bank_only_qoq|lag_fedfunds|lag_unemployment|lag_inflation|lag_bill_share,debt_securities_bank_liability_qoq,2,-0.25933314993803136,6.062257300042411,-12.141357458021158,11.622691158145095,101,control_sensitivity,tdc_residual_z,rolling_oos_standard_deviation,cumulative_sum_h0_to_h
lagged_macro_plus_bill,core,lag_tdc_bank_only_qoq|lag_fedfunds|lag_unemployment|lag_inflation|lag_bill_share,debt_securities_bank_liability_qoq,3,0.7184499616329652,6.0669046003757465,-11.172683055103498,12.609582978369428,100,control_sensitivity,tdc_residual_z,rolling_oos_standard_deviation,cumulative_sum_h0_to_h
lagged_macro_plus_bill,core,lag_tdc_bank_only_qoq|lag_fedfunds|lag_unemployment|lag_inflation|lag_bill_share,debt_securities_bank_liability_qoq,4,7.839468060342474,7.004462685978829,-5.88927880417603,21.56821492486098,99,control_sensitivity,tdc_residual_z,rolling_oos_standard_deviation,cumulative_sum_h0_to_h
lagged_macro_plus_bill,core,lag_tdc_bank_only_qoq|lag_fedfunds|lag_unemployment|lag_inflation|lag_bill_share,debt_securities_bank_liability_qoq,5,16.30789588609811,11.28118603256301,-5.803228737725391,38.41902050992161,98,control_sensitivity,tdc_residual_z,rolling_oos_standard_deviation,cumulative_sum_h0_to_h
lagged_macro_plus_bill,core,lag_tdc_bank_only_qoq|lag_fedfunds|lag_unemployment|lag_inflation|lag_bill_share,debt_securities_bank_liability_qoq,6,8.39236639096896,8.51621330412364,-8.299411685113377,25.084144467051296,97,control_sensitivity,tdc_residual_z,rolling_oos_standard_deviation,cumulative_sum_h0_to_h
lagged_macro_plus_bill,core,lag_tdc_bank_only_qoq|lag_fedfunds|lag_unemployment|lag_inflation|lag_bill_share,debt_securities_bank_liability_qoq,7,1.1955717025589507,9.071486225831011,-16.58454130006983,18.97568470518773,96,control_sensitivity,tdc_residual_z,rolling_oos_standard_deviation,cumulative_sum_h0_to_h
lagged_macro_plus_bill,core,lag_tdc_bank_only_qoq|lag_fedfunds|lag_unemployment|lag_inflation|lag_bill_share,debt_securities_bank_liability_qoq,8,-3.1248683458052327,9.52148801360129,-21.78698485246376,15.537248160853295,95,control_sensitivity,tdc_residual_z,rolling_oos_standard_deviation,cumulative_sum_h0_to_h
lagged_macro_plus_bill,core,lag_tdc_bank_only_qoq|lag_fedfunds|lag_unemployment|lag_inflation|lag_bill_share,fhlb_advances_sallie_mae_loans_bank_qoq,0,-4.590925935815006,3.9892536795446842,-12.409863147722588,3.228011276092575,103,control_sensitivity,tdc_residual_z,rolling_oos_standard_deviation,cumulative_sum_h0_to_h
lagged_macro_plus_bill,core,lag_tdc_bank_only_qoq|lag_fedfunds|lag_unemployment|lag_inflation|lag_bill_share,fhlb_advances_sallie_mae_loans_bank_qoq,1,-8.216588315478122,3.457374490338081,-14.993042316540759,-1.4401343144154835,102,control_sensitivity,tdc_residual_z,rolling_oos_standard_deviation,cumulative_sum_h0_to_h
lagged_macro_plus_bill,core,lag_tdc_bank_only_qoq|lag_fedfunds|lag_unemployment|lag_inflation|lag_bill_share,fhlb_advances_sallie_mae_loans_bank_qoq,2,-12.714228834938366,5.83988764699466,-24.1604086230479,-1.2680490468288337,101,control_sensitivity,tdc_residual_z,rolling_oos_standard_deviation,cumulative_sum_h0_to_h
lagged_macro_plus_bill,core,lag_tdc_bank_only_qoq|lag_fedfunds|lag_unemployment|lag_inflation|lag_bill_share,fhlb_advances_sallie_mae_loans_bank_qoq,3,-11.061692847955305,9.075603307489198,-28.849875330634134,6.726489634723523,100,control_sensitivity,tdc_residual_z,rolling_oos_standard_deviation,cumulative_sum_h0_to_h
lagged_macro_plus_bill,core,lag_tdc_bank_only_qoq|lag_fedfunds|lag_unemployment|lag_inflation|lag_bill_share,fhlb_advances_sallie_mae_loans_bank_qoq,4,-11.32982397026827,10.695789771648121,-32.29357192269859,9.633923982162047,99,control_sensitivity,tdc_residual_z,rolling_oos_standard_deviation,cumulative_sum_h0_to_h
lagged_macro_plus_bill,core,lag_tdc_bank_only_qoq|lag_fedfunds|lag_unemployment|lag_inflation|lag_bill_share,fhlb_advances_sallie_mae_loans_bank_qoq,5,-7.114769627427827,12.581773527159957,-31.77504574066134,17.54550648580569,98,control_sensitivity,tdc_residual_z,rolling_oos_standard_deviation,cumulative_sum_h0_to_h
lagged_macro_plus_bill,core,lag_tdc_bank_only_qoq|lag_fedfunds|lag_unemployment|lag_inflation|lag_bill_share,fhlb_advances_sallie_mae_loans_bank_qoq,6,0.32248210193605154,15.359859814112765,-29.782843133724967,30.427807337597073,97,control_sensitivity,tdc_residual_z,rolling_oos_standard_deviation,cumulative_sum_h0_to_h
lagged_macro_plus_bill,core,lag_tdc_bank_only_qoq|lag_fedfunds|lag_unemployment|lag_inflation|lag_bill_share,fhlb_advances_sallie_mae_loans_bank_qoq,7,4.021880953575269,16.187639253077098,-27.705891982455842,35.74965388960638,96,control_sensitivity,tdc_residual_z,rolling_oos_standard_deviation,cumulative_sum_h0_to_h
lagged_macro_plus_bill,core,lag_tdc_bank_only_qoq|lag_fedfunds|lag_unemployment|lag_inflation|lag_bill_share,fhlb_advances_sallie_mae_loans_bank_qoq,8,4.072491791215121,18.23272494466228,-31.66364910032295,39.80863268275319,95,control_sensitivity,tdc_residual_z,rolling_oos_standard_deviation,cumulative_sum_h0_to_h
lagged_macro_plus_bill,core,lag_tdc_bank_only_qoq|lag_fedfunds|lag_unemployment|lag_inflation|lag_bill_share,commercial_industrial_loans_ex_chargeoffs_qoq,0,3.217012032118499,6.943833980636947,-10.392902569929918,16.826926634166917,103,control_sensitivity,tdc_residual_z,rolling_oos_standard_deviation,cumulative_sum_h0_to_h
lagged_macro_plus_bill,core,lag_tdc_bank_only_qoq|lag_fedfunds|lag_unemployment|lag_inflation|lag_bill_share,commercial_industrial_loans_ex_chargeoffs_qoq,1,7.323146043147504,10.974935529437118,-14.187727594549248,28.834019680844253,102,control_sensitivity,tdc_residual_z,rolling_oos_standard_deviation,cumulative_sum_h0_to_h
lagged_macro_plus_bill,core,lag_tdc_bank_only_qoq|lag_fedfunds|lag_unemployment|lag_inflation|lag_bill_share,commercial_industrial_loans_ex_chargeoffs_qoq,2,-1.9475425843619618,9.551692838881898,-20.668860548570482,16.77377537984656,101,control_sensitivity,tdc_residual_z,rolling_oos_standard_deviation,cumulative_sum_h0_to_h
lagged_macro_plus_bill,core,lag_tdc_bank_only_qoq|lag_fedfunds|lag_unemployment|lag_inflation|lag_bill_share,commercial_industrial_loans_ex_chargeoffs_qoq,3,2.096140593486565,7.048260135626058,-11.718449272340509,15.910730459313639,100,control_sensitivity,tdc_residual_z,rolling_oos_standard_deviation,cumulative_sum_h0_to_h
lagged_macro_plus_bill,core,lag_tdc_bank_only_qoq|lag_fedfunds|lag_unemployment|lag_inflation|lag_bill_share,commercial_industrial_loans_ex_chargeoffs_qoq,4,5.922076261273194,7.574714389793935,-8.924363942722918,20.768516465269308,99,control_sensitivity,tdc_residual_z,rolling_oos_standard_deviation,cumulative_sum_h0_to_h
lagged_macro_plus_bill,core,lag_tdc_bank_only_qoq|lag_fedfunds|lag_unemployment|lag_inflation|lag_bill_share,commercial_industrial_loans_ex_chargeoffs_qoq,5,11.272306960304338,8.613040297468768,-5.609252022734445,28.15386594334312,98,control_sensitivity,tdc_residual_z,rolling_oos_standard_deviation,cumulative_sum_h0_to_h
lagged_macro_plus_bill,core,lag_tdc_bank_only_qoq|lag_fedfunds|lag_unemployment|lag_inflation|lag_bill_share,commercial_industrial_loans_ex_chargeoffs_qoq,6,4.644708024482199,11.29277158429861,-17.489124280743077,26.778540329707475,97,control_sensitivity,tdc_residual_z,rolling_oos_standard_deviation,cumulative_sum_h0_to_h
lagged_macro_plus_bill,core,lag_tdc_bank_only_qoq|lag_fedfunds|lag_unemployment|lag_inflation|lag_bill_share,commercial_industrial_loans_ex_chargeoffs_qoq,7,9.185293999407122,12.294303148882484,-14.911540172402546,33.28212817121679,96,control_sensitivity,tdc_residual_z,rolling_oos_standard_deviation,cumulative_sum_h0_to_h
lagged_macro_plus_bill,core,lag_tdc_bank_only_qoq|lag_fedfunds|lag_unemployment|lag_inflation|lag_bill_share,commercial_industrial_loans_ex_chargeoffs_qoq,8,7.956946751469225,12.387895064525221,-16.323327575000206,32.237221077938656,95,control_sensitivity,tdc_residual_z,rolling_oos_standard_deviation,cumulative_sum_h0_to_h
lagged_macro_plus_bill,core,lag_tdc_bank_only_qoq|lag_fedfunds|lag_unemployment|lag_inflation|lag_bill_share,consumer_loans_ex_chargeoffs_qoq,0,-1.6083700689014684,1.6174607866243467,-4.778593210685187,1.561853072882251,103,control_sensitivity,tdc_residual_z,rolling_oos_standard_deviation,cumulative_sum_h0_to_h
lagged_macro_plus_bill,core,lag_tdc_bank_only_qoq|lag_fedfunds|lag_unemployment|lag_inflation|lag_bill_share,consumer_loans_ex_chargeoffs_qoq,1,-6.011467924030376,2.367608429243134,-10.651980445346918,-1.3709554027138333,102,control_sensitivity,tdc_residual_z,rolling_oos_standard_deviation,cumulative_sum_h0_to_h
lagged_macro_plus_bill,core,lag_tdc_bank_only_qoq|lag_fedfunds|lag_unemployment|lag_inflation|lag_bill_share,consumer_loans_ex_chargeoffs_qoq,2,-5.541541411548225,3.6362563653616102,-12.668603887656982,1.5855210645605302,101,control_sensitivity,tdc_residual_z,rolling_oos_standard_deviation,cumulative_sum_h0_to_h
lagged_macro_plus_bill,core,lag_tdc_bank_only_qoq|lag_fedfunds|lag_unemployment|lag_inflation|lag_bill_share,consumer_loans_ex_chargeoffs_qoq,3,-4.860200660897309,4.001723714418479,-12.703579141157528,2.9831778193629095,100,control_sensitivity,tdc_residual_z,rolling_oos_standard_deviation,cumulative_sum_h0_to_h
lagged_macro_plus_bill,core,lag_tdc_bank_only_qoq|lag_fedfunds|lag_unemployment|lag_inflation|lag_bill_share,consumer_loans_ex_chargeoffs_qoq,4,-0.783537047684872,4.968296176234056,-10.521397553103622,8.954323457733878,99,control_sensitivity,tdc_residual_z,rolling_oos_standard_deviation,cumulative_sum_h0_to_h
lagged_macro_plus_bill,core,lag_tdc_bank_only_qoq|lag_fedfunds|lag_unemployment|lag_inflation|lag_bill_share,consumer_loans_ex_chargeoffs_qoq,5,4.360705554857066,7.903226838935824,-11.129619049457148,19.85103015917128,98,control_sensitivity,tdc_residual_z,rolling_oos_standard_deviation,cumulative_sum_h0_to_h
lagged_macro_plus_bill,core,lag_tdc_bank_only_qoq|lag_fedfunds|lag_unemployment|lag_inflation|lag_bill_share,consumer_loans_ex_chargeoffs_qoq,6,-0.07145860731289666,5.886272612053173,-11.608552926937117,11.465635712311324,97,control_sensitivity,tdc_residual_z,rolling_oos_standard_deviation,cumulative_sum_h0_to_h
lagged_macro_plus_bill,core,lag_tdc_bank_only_qoq|lag_fedfunds|lag_unemployment|lag_inflation|lag_bill_share,consumer_loans_ex_chargeoffs_qoq,7,-0.8889712835120953,6.805197792886159,-14.227158957568967,12.449216390544777,96,control_sensitivity,tdc_residual_z,rolling_oos_standard_deviation,cumulative_sum_h0_to_h
lagged_macro_plus_bill,core,lag_tdc_bank_only_qoq|lag_fedfunds|lag_unemployment|lag_inflation|lag_bill_share,consumer_loans_ex_chargeoffs_qoq,8,-0.3369419106043843,7.214064154165481,-14.476507652768726,13.802623831559957,95,control_sensitivity,tdc_residual_z,rolling_oos_standard_deviation,cumulative_sum_h0_to_h
lagged_macro_plus_bill,core,lag_tdc_bank_only_qoq|lag_fedfunds|lag_unemployment|lag_inflation|lag_bill_share,credit_card_revolving_loans_ex_chargeoffs_qoq,0,-0.4551914510978235,1.1218272300141827,-2.653972821925622,1.7435899197299747,101,control_sensitivity,tdc_residual_z,rolling_oos_standard_deviation,cumulative_sum_h0_to_h
lagged_macro_plus_bill,core,lag_tdc_bank_only_qoq|lag_fedfunds|lag_unemployment|lag_inflation|lag_bill_share,credit_card_revolving_loans_ex_chargeoffs_qoq,1,-4.9256075977609886,1.872878827450959,-8.596450099564867,-1.2547650959571093,100,control_sensitivity,tdc_residual_z,rolling_oos_standard_deviation,cumulative_sum_h0_to_h
lagged_macro_plus_bill,core,lag_tdc_bank_only_qoq|lag_fedfunds|lag_unemployment|lag_inflation|lag_bill_share,credit_card_revolving_loans_ex_chargeoffs_qoq,2,-4.484524001997874,2.7518128592719253,-9.878077206170847,0.9090292021750992,99,control_sensitivity,tdc_residual_z,rolling_oos_standard_deviation,cumulative_sum_h0_to_h
lagged_macro_plus_bill,core,lag_tdc_bank_only_qoq|lag_fedfunds|lag_unemployment|lag_inflation|lag_bill_share,credit_card_revolving_loans_ex_chargeoffs_qoq,3,-4.5983546441452745,3.0500386614355226,-10.5764304205589,1.37972113226835,98,control_sensitivity,tdc_residual_z,rolling_oos_standard_deviation,cumulative_sum_h0_to_h
lagged_macro_plus_bill,core,lag_tdc_bank_only_qoq|lag_fedfunds|lag_unemployment|lag_inflation|lag_bill_share,credit_card_revolving_loans_ex_chargeoffs_qoq,4,-1.0256330084519458,4.12104050191598,-9.102872392207265,7.051606375303374,97,control_sensitivity,tdc_residual_z,rolling_oos_standard_deviation,cumulative_sum_h0_to_h
lagged_macro_plus_bill,core,lag_tdc_bank_only_qoq|lag_fedfunds|lag_unemployment|lag_inflation|lag_bill_share,credit_card_revolving_loans_ex_chargeoffs_qoq,5,3.484309801495865,7.563288808497093,-11.339736263158438,18.308355866150166,96,control_sensitivity,tdc_residual_z,rolling_oos_standard_deviation,cumulative_sum_h0_to_h
lagged_macro_plus_bill,core,lag_tdc_bank_only_qoq|lag_fedfunds|lag_unemployment|lag_inflation|lag_bill_share,credit_card_revolving_loans_ex_chargeoffs_qoq,6,-1.2377706810972473,5.305855169745282,-11.637246813798,9.161705451603506,95,control_sensitivity,tdc_residual_z,rolling_oos_standard_deviation,cumulative_sum_h0_to_h
lagged_macro_plus_bill,core,lag_tdc_bank_only_qoq|lag_fedfunds|lag_unemployment|lag_inflation|lag_bill_share,credit_card_revolving_loans_ex_chargeoffs_qoq,7,-2.607213437417073,5.776541565868563,-13.929234906519456,8.71480803168531,94,control_sensitivity,tdc_residual_z,rolling_oos_standard_deviation,cumulative_sum_h0_to_h
lagged_macro_plus_bill,core,lag_tdc_bank_only_qoq|lag_fedfunds|lag_unemployment|lag_inflation|lag_bill_share,credit_card_revolving_loans_ex_chargeoffs_qoq,8,-2.221661335198707,6.37918096964766,-14.72485603570812,10.281533365310706,93,control_sensitivity,tdc_residual_z,rolling_oos_standard_deviation,cumulative_sum_h0_to_h
lagged_macro_plus_bill,core,lag_tdc_bank_only_qoq|lag_fedfunds|lag_unemployment|lag_inflation|lag_bill_share,other_consumer_loans_ex_chargeoffs_qoq,0,-1.2796768004840018,0.898743994697637,-3.0412150300913705,0.4818614291233667,101,control_sensitivity,tdc_residual_z,rolling_oos_standard_deviation,cumulative_sum_h0_to_h
lagged_macro_plus_bill,core,lag_tdc_bank_only_qoq|lag_fedfunds|lag_unemployment|lag_inflation|lag_bill_share,other_consumer_loans_ex_chargeoffs_qoq,1,-1.4664922403402716,1.0882598415111087,-3.599481529702045,0.6664970490215014,100,control_sensitivity,tdc_residual_z,rolling_oos_standard_deviation,cumulative_sum_h0_to_h
lagged_macro_plus_bill,core,lag_tdc_bank_only_qoq|lag_fedfunds|lag_unemployment|lag_inflation|lag_bill_share,other_consumer_loans_ex_chargeoffs_qoq,2,-1.6178069646431767,1.5740750940730128,-4.702994149026281,1.4673802197399284,99,control_sensitivity,tdc_residual_z,rolling_oos_standard_deviation,cumulative_sum_h0_to_h
lagged_macro_plus_bill,core,lag_tdc_bank_only_qoq|lag_fedfunds|lag_unemployment|lag_inflation|lag_bill_share,other_consumer_loans_ex_chargeoffs_qoq,3,-0.9413305521610646,1.6668721158492208,-4.208399899225537,2.325738794903408,98,control_sensitivity,tdc_residual_z,rolling_oos_standard_deviation,cumulative_sum_h0_to_h
lagged_macro_plus_bill,core,lag_tdc_bank_only_qoq|lag_fedfunds|lag_unemployment|lag_inflation|lag_bill_share,other_consumer_loans_ex_chargeoffs_qoq,4,-0.5366703510474329,1.817924908862348,-4.099803172417635,3.026462470322769,97,control_sensitivity,tdc_residual_z,rolling_oos_standard_deviation,cumulative_sum_h0_to_h
lagged_macro_plus_bill,core,lag_tdc_bank_only_qoq|lag_fedfunds|lag_unemployment|lag_inflation|lag_bill_share,other_consumer_loans_ex_chargeoffs_qoq,5,0.057297490284879515,2.0093544013908122,-3.8810371364411123,3.9956321170108713,96,control_sensitivity,tdc_residual_z,rolling_oos_standard_deviation,cumulative_sum_h0_to_h
lagged_macro_plus_bill,core,lag_tdc_bank_only_qoq|lag_fedfunds|lag_unemployment|lag_inflation|lag_bill_share,other_consumer_loans_ex_chargeoffs_qoq,6,0.35872964465942925,2.1237967540674827,-3.8039119933128367,4.521371282631695,95,control_sensitivity,tdc_residual_z,rolling_oos_standard_deviation,cumulative_sum_h0_to_h
lagged_macro_plus_bill,core,lag_tdc_bank_only_qoq|lag_fedfunds|lag_unemployment|lag_inflation|lag_bill_share,other_consumer_loans_ex_chargeoffs_qoq,7,0.8907636837449777,2.5709750764484802,-4.148347466094044,5.929874833583999,94,control_sensitivity,tdc_residual_z,rolling_oos_standard_deviation,cumulative_sum_h0_to_h
lagged_macro_plus_bill,core,lag_tdc_bank_only_qoq|lag_fedfunds|lag_unemployment|lag_inflation|lag_bill_share,other_consumer_loans_ex_chargeoffs_qoq,8,1.1430929333268365,2.6590709618441597,-4.068686151887716,6.354872018541389,93,control_sensitivity,tdc_residual_z,rolling_oos_standard_deviation,cumulative_sum_h0_to_h
lagged_macro_plus_bill,core,lag_tdc_bank_only_qoq|lag_fedfunds|lag_unemployment|lag_inflation|lag_bill_share,closed_end_residential_loans_ex_chargeoffs_qoq,0,0.3348463332527386,2.8839981254780276,-5.317789992684195,5.987482659189673,85,control_sensitivity,tdc_residual_z,rolling_oos_standard_deviation,cumulative_sum_h0_to_h
lagged_macro_plus_bill,core,lag_tdc_bank_only_qoq|lag_fedfunds|lag_unemployment|lag_inflation|lag_bill_share,closed_end_residential_loans_ex_chargeoffs_qoq,1,0.20922025834954594,3.4170467994681726,-6.488191468608072,6.906631985307165,84,control_sensitivity,tdc_residual_z,rolling_oos_standard_deviation,cumulative_sum_h0_to_h
lagged_macro_plus_bill,core,lag_tdc_bank_only_qoq|lag_fedfunds|lag_unemployment|lag_inflation|lag_bill_share,closed_end_residential_loans_ex_chargeoffs_qoq,2,-2.5016888949397122,3.360469876108749,-9.08820985211286,4.084832062233435,83,control_sensitivity,tdc_residual_z,rolling_oos_standard_deviation,cumulative_sum_h0_to_h
lagged_macro_plus_bill,core,lag_tdc_bank_only_qoq|lag_fedfunds|lag_unemployment|lag_inflation|lag_bill_share,closed_end_residential_loans_ex_chargeoffs_qoq,3,-2.552419005807428,3.131996338672149,-8.691131829604839,3.5862938179899837,82,control_sensitivity,tdc_residual_z,rolling_oos_standard_deviation,cumulative_sum_h0_to_h
lagged_macro_plus_bill,core,lag_tdc_bank_only_qoq|lag_fedfunds|lag_unemployment|lag_inflation|lag_bill_share,closed_end_residential_loans_ex_chargeoffs_qoq,4,0.01655438123154518,4.657421416745977,-9.111991595590569,9.145100358053659,81,control_sensitivity,tdc_residual_z,rolling_oos_standard_deviation,cumulative_sum_h0_to_h
lagged_macro_plus_bill,core,lag_tdc_bank_only_qoq|lag_fedfunds|lag_unemployment|lag_inflation|lag_bill_share,closed_end_residential_loans_ex_chargeoffs_qoq,5,0.01002290026274899,5.383499074083462,-10.541635284940835,10.561681085466333,80,control_sensitivity,tdc_residual_z,rolling_oos_standard_deviation,cumulative_sum_h0_to_h
lagged_macro_plus_bill,core,lag_tdc_bank_only_qoq|lag_fedfunds|lag_unemployment|lag_inflation|lag_bill_share,closed_end_residential_loans_ex_chargeoffs_qoq,6,-1.5335947391602538,6.106180630568306,-13.501708775074134,10.434519296753626,79,control_sensitivity,tdc_residual_z,rolling_oos_standard_deviation,cumulative_sum_h0_to_h
lagged_macro_plus_bill,core,lag_tdc_bank_only_qoq|lag_fedfunds|lag_unemployment|lag_inflation|lag_bill_share,closed_end_residential_loans_ex_chargeoffs_qoq,7,-0.4394091837279568,5.53394892813962,-11.285949082881611,10.407130715425698,78,control_sensitivity,tdc_residual_z,rolling_oos_standard_deviation,cumulative_sum_h0_to_h
lagged_macro_plus_bill,core,lag_tdc_bank_only_qoq|lag_fedfunds|lag_unemployment|lag_inflation|lag_bill_share,closed_end_residential_loans_ex_chargeoffs_qoq,8,1.1389060758585643,5.843967797707515,-10.315270807648165,12.593082959365294,77,control_sensitivity,tdc_residual_z,rolling_oos_standard_deviation,cumulative_sum_h0_to_h
lagged_macro_plus_bill,core,lag_tdc_bank_only_qoq|lag_fedfunds|lag_unemployment|lag_inflation|lag_bill_share,cb_nonts_qoq,0,39.540751179110416,12.599518854385085,14.84569422451565,64.23580813370518,91,control_sensitivity,tdc_residual_z,rolling_oos_standard_deviation,cumulative_sum_h0_to_h
lagged_macro_plus_bill,core,lag_tdc_bank_only_qoq|lag_fedfunds|lag_unemployment|lag_inflation|lag_bill_share,cb_nonts_qoq,1,63.55480559788525,55.3694341688275,-44.96928537301666,172.07889656878717,90,control_sensitivity,tdc_residual_z,rolling_oos_standard_deviation,cumulative_sum_h0_to_h
lagged_macro_plus_bill,core,lag_tdc_bank_only_qoq|lag_fedfunds|lag_unemployment|lag_inflation|lag_bill_share,cb_nonts_qoq,2,78.86012388309463,72.33883567622308,-62.923994042302624,220.64424180849187,89,control_sensitivity,tdc_residual_z,rolling_oos_standard_deviation,cumulative_sum_h0_to_h
lagged_macro_plus_bill,core,lag_tdc_bank_only_qoq|lag_fedfunds|lag_unemployment|lag_inflation|lag_bill_share,cb_nonts_qoq,3,88.73248412081755,76.41154518399372,-61.03414443981016,238.49911268144524,88,control_sensitivity,tdc_residual_z,rolling_oos_standard_deviation,cumulative_sum_h0_to_h
lagged_macro_plus_bill,core,lag_tdc_bank_only_qoq|lag_fedfunds|lag_unemployment|lag_inflation|lag_bill_share,cb_nonts_qoq,4,101.25324804755898,80.9342744426558,-57.37792986004639,259.8844259551644,87,control_sensitivity,tdc_residual_z,rolling_oos_standard_deviation,cumulative_sum_h0_to_h
lagged_macro_plus_bill,core,lag_tdc_bank_only_qoq|lag_fedfunds|lag_unemployment|lag_inflation|lag_bill_share,cb_nonts_qoq,5,77.71467072030511,87.01226493032438,-92.82936854313066,248.25870998374086,86,control_sensitivity,tdc_residual_z,rolling_oos_standard_deviation,cumulative_sum_h0_to_h
lagged_macro_plus_bill,core,lag_tdc_bank_only_qoq|lag_fedfunds|lag_unemployment|lag_inflation|lag_bill_share,cb_nonts_qoq,6,44.03614501522179,80.08652113283041,-112.9334364051258,201.0057264355694,85,control_sensitivity,tdc_residual_z,rolling_oos_standard_deviation,cumulative_sum_h0_to_h
lagged_macro_plus_bill,core,lag_tdc_bank_only_qoq|lag_fedfunds|lag_unemployment|lag_inflation|lag_bill_share,cb_nonts_qoq,7,26.97331964655844,78.45747969519866,-126.80334055603093,180.74997984914782,84,control_sensitivity,tdc_residual_z,rolling_oos_standard_deviation,cumulative_sum_h0_to_h
lagged_macro_plus_bill,core,lag_tdc_bank_only_qoq|lag_fedfunds|lag_unemployment|lag_inflation|lag_bill_share,cb_nonts_qoq,8,42.04330888001405,78.35959566982804,-111.54149863284891,195.62811639287702,83,control_sensitivity,tdc_residual_z,rolling_oos_standard_deviation,cumulative_sum_h0_to_h
lagged_macro_plus_bill,core,lag_tdc_bank_only_qoq|lag_fedfunds|lag_unemployment|lag_inflation|lag_bill_share,tga_qoq,0,-40.83988539331729,17.04292553627653,-74.24401944441928,-7.4357513422152905,91,control_sensitivity,tdc_residual_z,rolling_oos_standard_deviation,cumulative_sum_h0_to_h
lagged_macro_plus_bill,core,lag_tdc_bank_only_qoq|lag_fedfunds|lag_unemployment|lag_inflation|lag_bill_share,tga_qoq,1,-28.615080779428894,34.182066819668876,-95.61193174597989,38.3817701871221,90,control_sensitivity,tdc_residual_z,rolling_oos_standard_deviation,cumulative_sum_h0_to_h
lagged_macro_plus_bill,core,lag_tdc_bank_only_qoq|lag_fedfunds|lag_unemployment|lag_inflation|lag_bill_share,tga_qoq,2,-22.399399973869844,45.834557776491486,-112.23513321579316,67.43633326805346,89,control_sensitivity,tdc_residual_z,rolling_oos_standard_deviation,cumulative_sum_h0_to_h
lagged_macro_plus_bill,core,lag_tdc_bank_only_qoq|lag_fedfunds|lag_unemployment|lag_inflation|lag_bill_share,tga_qoq,3,0.16116830328396325,43.321741875483966,-84.74944577266461,85.07178237923253,88,control_sensitivity,tdc_residual_z,rolling_oos_standard_deviation,cumulative_sum_h0_to_h
lagged_macro_plus_bill,core,lag_tdc_bank_only_qoq|lag_fedfunds|lag_unemployment|lag_inflation|lag_bill_share,tga_qoq,4,-0.659314952385821,29.591666452423055,-58.658981199135006,57.340351294363366,87,control_sensitivity,tdc_residual_z,rolling_oos_standard_deviation,cumulative_sum_h0_to_h
lagged_macro_plus_bill,core,lag_tdc_bank_only_qoq|lag_fedfunds|lag_unemployment|lag_inflation|lag_bill_share,tga_qoq,5,-0.21020586345301417,24.711885554242908,-48.64550154976911,48.22508982286308,86,control_sensitivity,tdc_residual_z,rolling_oos_standard_deviation,cumulative_sum_h0_to_h
lagged_macro_plus_bill,core,lag_tdc_bank_only_qoq|lag_fedfunds|lag_unemployment|lag_inflation|lag_bill_share,tga_qoq,6,-33.09616488388808,24.288201817033524,-80.70104044527378,14.508710677497625,85,control_sensitivity,tdc_residual_z,rolling_oos_standard_deviation,cumulative_sum_h0_to_h
lagged_macro_plus_bill,core,lag_tdc_bank_only_qoq|lag_fedfunds|lag_unemployment|lag_inflation|lag_bill_share,tga_qoq,7,-39.949522984656895,29.47581725840989,-97.72212481114028,17.823078841826486,84,control_sensitivity,tdc_residual_z,rolling_oos_standard_deviation,cumulative_sum_h0_to_h
lagged_macro_plus_bill,core,lag_tdc_bank_only_qoq|lag_fedfunds|lag_unemployment|lag_inflation|lag_bill_share,tga_qoq,8,-52.175733437205224,31.50569513446749,-113.92689590076151,9.57542902635106,83,control_sensitivity,tdc_residual_z,rolling_oos_standard_deviation,cumulative_sum_h0_to_h
lagged_macro_plus_bill,core,lag_tdc_bank_only_qoq|lag_fedfunds|lag_unemployment|lag_inflation|lag_bill_share,reserves_qoq,0,79.18785656431467,13.874763426123456,51.9933202491127,106.38239287951664,91,control_sensitivity,tdc_residual_z,rolling_oos_standard_deviation,cumulative_sum_h0_to_h
lagged_macro_plus_bill,core,lag_tdc_bank_only_qoq|lag_fedfunds|lag_unemployment|lag_inflation|lag_bill_share,reserves_qoq,1,88.91216728042016,33.433852160425026,23.38181704598712,154.4425175148532,90,control_sensitivity,tdc_residual_z,rolling_oos_standard_deviation,cumulative_sum_h0_to_h
lagged_macro_plus_bill,core,lag_tdc_bank_only_qoq|lag_fedfunds|lag_unemployment|lag_inflation|lag_bill_share,reserves_qoq,2,94.08841258922362,42.20208019231644,11.372335412283405,176.80448976616384,89,control_sensitivity,tdc_residual_z,rolling_oos_standard_deviation,cumulative_sum_h0_to_h
lagged_macro_plus_bill,core,lag_tdc_bank_only_qoq|lag_fedfunds|lag_unemployment|lag_inflation|lag_bill_share,reserves_qoq,3,81.13469257064386,42.4356972958518,-2.0392741292256744,164.3086592705134,88,control_sensitivity,tdc_residual_z,rolling_oos_standard_deviation,cumulative_sum_h0_to_h
lagged_macro_plus_bill,core,lag_tdc_bank_only_qoq|lag_fedfunds|lag_unemployment|lag_inflation|lag_bill_share,reserves_qoq,4,94.82899456172822,56.53118758176543,-15.972133098532012,205.63012222198847,87,control_sensitivity,tdc_residual_z,rolling_oos_standard_deviation,cumulative_sum_h0_to_h
lagged_macro_plus_bill,core,lag_tdc_bank_only_qoq|lag_fedfunds|lag_unemployment|lag_inflation|lag_bill_share,reserves_qoq,5,72.36884296151511,65.35217737440477,-55.72142469231825,200.4591106153485,86,control_sensitivity,tdc_residual_z,rolling_oos_standard_deviation,cumulative_sum_h0_to_h
lagged_macro_plus_bill,core,lag_tdc_bank_only_qoq|lag_fedfunds|lag_unemployment|lag_inflation|lag_bill_share,reserves_qoq,6,71.22302503586536,70.12933671862696,-66.23047493264349,208.6765250043742,85,control_sensitivity,tdc_residual_z,rolling_oos_standard_deviation,cumulative_sum_h0_to_h
lagged_macro_plus_bill,core,lag_tdc_bank_only_qoq|lag_fedfunds|lag_unemployment|lag_inflation|lag_bill_share,reserves_qoq,7,66.0749480862221,71.35814302350204,-73.78701223984189,205.93690841228607,84,control_sensitivity,tdc_residual_z,rolling_oos_standard_deviation,cumulative_sum_h0_to_h
lagged_macro_plus_bill,core,lag_tdc_bank_only_qoq|lag_fedfunds|lag_unemployment|lag_inflation|lag_bill_share,reserves_qoq,8,95.35281759873602,67.53195188575988,-37.00980809735334,227.71544329482538,83,control_sensitivity,tdc_residual_z,rolling_oos_standard_deviation,cumulative_sum_h0_to_h
lagged_macro_plus_bill,core,lag_tdc_bank_only_qoq|lag_fedfunds|lag_unemployment|lag_inflation|lag_bill_share,foreign_nonts_qoq,0,26.877011919235276,10.63981387822551,6.022976717913277,47.73104712055728,103,control_sensitivity,tdc_residual_z,rolling_oos_standard_deviation,cumulative_sum_h0_to_h
lagged_macro_plus_bill,core,lag_tdc_bank_only_qoq|lag_fedfunds|lag_unemployment|lag_inflation|lag_bill_share,foreign_nonts_qoq,1,21.5323177971149,11.249465818574429,-0.5166352072909817,43.58127080152078,102,control_sensitivity,tdc_residual_z,rolling_oos_standard_deviation,cumulative_sum_h0_to_h
lagged_macro_plus_bill,core,lag_tdc_bank_only_qoq|lag_fedfunds|lag_unemployment|lag_inflation|lag_bill_share,foreign_nonts_qoq,2,27.329296802111543,10.621674255177796,6.510815261963064,48.147778342260025,101,control_sensitivity,tdc_residual_z,rolling_oos_standard_deviation,cumulative_sum_h0_to_h
lagged_macro_plus_bill,core,lag_tdc_bank_only_qoq|lag_fedfunds|lag_unemployment|lag_inflation|lag_bill_share,foreign_nonts_qoq,3,28.29776397896758,7.868095485337194,12.87629682770668,43.71923113022848,100,control_sensitivity,tdc_residual_z,rolling_oos_standard_deviation,cumulative_sum_h0_to_h
lagged_macro_plus_bill,core,lag_tdc_bank_only_qoq|lag_fedfunds|lag_unemployment|lag_inflation|lag_bill_share,foreign_nonts_qoq,4,35.9275782455884,9.16167796865251,17.97068942702948,53.884467064147316,99,control_sensitivity,tdc_residual_z,rolling_oos_standard_deviation,cumulative_sum_h0_to_h
lagged_macro_plus_bill,core,lag_tdc_bank_only_qoq|lag_fedfunds|lag_unemployment|lag_inflation|lag_bill_share,foreign_nonts_qoq,5,23.51943560565463,8.180315016123162,7.486018174053232,39.55285303725603,98,control_sensitivity,tdc_residual_z,rolling_oos_standard_deviation,cumulative_sum_h0_to_h
lagged_macro_plus_bill,core,lag_tdc_bank_only_qoq|lag_fedfunds|lag_unemployment|lag_inflation|lag_bill_share,foreign_nonts_qoq,6,17.92055710576566,7.328904066531968,3.5559051353630036,32.285209076168314,97,control_sensitivity,tdc_residual_z,rolling_oos_standard_deviation,cumulative_sum_h0_to_h
lagged_macro_plus_bill,core,lag_tdc_bank_only_qoq|lag_fedfunds|lag_unemployment|lag_inflation|lag_bill_share,foreign_nonts_qoq,7,18.1708621218755,8.093308538654421,2.307977386112837,34.033746857638164,96,control_sensitivity,tdc_residual_z,rolling_oos_standard_deviation,cumulative_sum_h0_to_h
lagged_macro_plus_bill,core,lag_tdc_bank_only_qoq|lag_fedfunds|lag_unemployment|lag_inflation|lag_bill_share,foreign_nonts_qoq,8,24.91438317308966,10.989576586767516,3.3748130630253286,46.45395328315399,95,control_sensitivity,tdc_residual_z,rolling_oos_standard_deviation,cumulative_sum_h0_to_h
lagged_macro_plus_bill,core,lag_tdc_bank_only_qoq|lag_fedfunds|lag_unemployment|lag_inflation|lag_bill_share,domestic_nonfinancial_mmf_reallocation_qoq,0,-19.80459654067528,10.081689210477366,-39.56470739321092,-0.04448568813964471,103,control_sensitivity,tdc_residual_z,rolling_oos_standard_deviation,cumulative_sum_h0_to_h
lagged_macro_plus_bill,core,lag_tdc_bank_only_qoq|lag_fedfunds|lag_unemployment|lag_inflation|lag_bill_share,domestic_nonfinancial_mmf_reallocation_qoq,1,-23.642711092270922,15.434964505926255,-53.895241523886384,6.609819339344536,102,control_sensitivity,tdc_residual_z,rolling_oos_standard_deviation,cumulative_sum_h0_to_h
lagged_macro_plus_bill,core,lag_tdc_bank_only_qoq|lag_fedfunds|lag_unemployment|lag_inflation|lag_bill_share,domestic_nonfinancial_mmf_reallocation_qoq,2,-7.102417511260567,14.241033522533728,-35.01484321542667,20.810008192905542,101,control_sensitivity,tdc_residual_z,rolling_oos_standard_deviation,cumulative_sum_h0_to_h
lagged_macro_plus_bill,core,lag_tdc_bank_only_qoq|lag_fedfunds|lag_unemployment|lag_inflation|lag_bill_share,domestic_nonfinancial_mmf_reallocation_qoq,3,-11.463775368681254,12.246357047671511,-35.466635182117415,12.539084444754906,100,control_sensitivity,tdc_residual_z,rolling_oos_standard_deviation,cumulative_sum_h0_to_h
lagged_macro_plus_bill,core,lag_tdc_bank_only_qoq|lag_fedfunds|lag_unemployment|lag_inflation|lag_bill_share,domestic_nonfinancial_mmf_reallocation_qoq,4,-16.491782870948136,15.805790631258363,-47.471132508214524,14.487566766318256,99,control_sensitivity,tdc_residual_z,rolling_oos_standard_deviation,cumulative_sum_h0_to_h
lagged_macro_plus_bill,core,lag_tdc_bank_only_qoq|lag_fedfunds|lag_unemployment|lag_inflation|lag_bill_share,domestic_nonfinancial_mmf_reallocation_qoq,5,-7.8313038886511634,20.45513479202721,-47.92336808102449,32.260760303722165,98,control_sensitivity,tdc_residual_z,rolling_oos_standard_deviation,cumulative_sum_h0_to_h
lagged_macro_plus_bill,core,lag_tdc_bank_only_qoq|lag_fedfunds|lag_unemployment|lag_inflation|lag_bill_share,domestic_nonfinancial_mmf_reallocation_qoq,6,-0.2789648022987592,23.963878329155907,-47.24816632744434,46.69023672284682,97,control_sensitivity,tdc_residual_z,rolling_oos_standard_deviation,cumulative_sum_h0_to_h
lagged_macro_plus_bill,core,lag_tdc_bank_only_qoq|lag_fedfunds|lag_unemployment|lag_inflation|lag_bill_share,domestic_nonfinancial_mmf_reallocation_qoq,7,-20.81668884027072,29.310714174866536,-78.26568862300914,36.63231094246769,96,control_sensitivity,tdc_residual_z,rolling_oos_standard_deviation,cumulative_sum_h0_to_h
lagged_macro_plus_bill,core,lag_tdc_bank_only_qoq|lag_fedfunds|lag_unemployment|lag_inflation|lag_bill_share,domestic_nonfinancial_mmf_reallocation_qoq,8,-38.037485116311416,36.16995612234622,-108.93059911611,32.85562888348717,95,control_sensitivity,tdc_residual_z,rolling_oos_standard_deviation,cumulative_sum_h0_to_h
lagged_macro_plus_bill,core,lag_tdc_bank_only_qoq|lag_fedfunds|lag_unemployment|lag_inflation|lag_bill_share,domestic_nonfinancial_repo_reallocation_qoq,0,-0.20646795353748373,0.6097131032401849,-1.4015056358882463,0.9885697288132788,103,control_sensitivity,tdc_residual_z,rolling_oos_standard_deviation,cumulative_sum_h0_to_h
lagged_macro_plus_bill,core,lag_tdc_bank_only_qoq|lag_fedfunds|lag_unemployment|lag_inflation|lag_bill_share,domestic_nonfinancial_repo_reallocation_qoq,1,-0.5053132146340502,0.8353671183457373,-2.1426327665916953,1.132006337323595,102,control_sensitivity,tdc_residual_z,rolling_oos_standard_deviation,cumulative_sum_h0_to_h
lagged_macro_plus_bill,core,lag_tdc_bank_only_qoq|lag_fedfunds|lag_unemployment|lag_inflation|lag_bill_share,domestic_nonfinancial_repo_reallocation_qoq,2,-1.8861901315181575,0.9114008512804562,-3.672535800027852,-0.09984446300846339,101,control_sensitivity,tdc_residual_z,rolling_oos_standard_deviation,cumulative_sum_h0_to_h
lagged_macro_plus_bill,core,lag_tdc_bank_only_qoq|lag_fedfunds|lag_unemployment|lag_inflation|lag_bill_share,domestic_nonfinancial_repo_reallocation_qoq,3,-2.211220412438053,1.005992472833869,-4.182965659192436,-0.23947516568367,100,control_sensitivity,tdc_residual_z,rolling_oos_standard_deviation,cumulative_sum_h0_to_h
lagged_macro_plus_bill,core,lag_tdc_bank_only_qoq|lag_fedfunds|lag_unemployment|lag_inflation|lag_bill_share,domestic_nonfinancial_repo_reallocation_qoq,4,-1.3261365750784893,0.9459158166843523,-3.1801315757798196,0.5278584256228414,99,control_sensitivity,tdc_residual_z,rolling_oos_standard_deviation,cumulative_sum_h0_to_h
lagged_macro_plus_bill,core,lag_tdc_bank_only_qoq|lag_fedfunds|lag_unemployment|lag_inflation|lag_bill_share,domestic_nonfinancial_repo_reallocation_qoq,5,-1.497570394224407,1.157713965314783,-3.7666897662413814,0.7715489777925675,98,control_sensitivity,tdc_residual_z,rolling_oos_standard_deviation,cumulative_sum_h0_to_h
lagged_macro_plus_bill,core,lag_tdc_bank_only_qoq|lag_fedfunds|lag_unemployment|lag_inflation|lag_bill_share,domestic_nonfinancial_repo_reallocation_qoq,6,-1.8335476641740962,1.2953952230750205,-4.372522301401136,0.7054269730529439,97,control_sensitivity,tdc_residual_z,rolling_oos_standard_deviation,cumulative_sum_h0_to_h
lagged_macro_plus_bill,core,lag_tdc_bank_only_qoq|lag_fedfunds|lag_unemployment|lag_inflation|lag_bill_share,domestic_nonfinancial_repo_reallocation_qoq,7,-2.651572609348116,1.5407616462427292,-5.671465435983865,0.3683202172876334,96,control_sensitivity,tdc_residual_z,rolling_oos_standard_deviation,cumulative_sum_h0_to_h
lagged_macro_plus_bill,core,lag_tdc_bank_only_qoq|lag_fedfunds|lag_unemployment|lag_inflation|lag_bill_share,domestic_nonfinancial_repo_reallocation_qoq,8,-2.431097185252505,1.4759715785139285,-5.324001479139804,0.46180710863479435,95,control_sensitivity,tdc_residual_z,rolling_oos_standard_deviation,cumulative_sum_h0_to_h
lagged_macro_plus_bill,core,lag_tdc_bank_only_qoq|lag_fedfunds|lag_unemployment|lag_inflation|lag_bill_share,on_rrp_reallocation_qoq,0,-0.027023275955758094,0.01178825293474539,-0.05012825170785906,-0.003918300203657129,52,control_sensitivity,tdc_residual_z,rolling_oos_standard_deviation,cumulative_sum_h0_to_h
lagged_macro_plus_bill,core,lag_tdc_bank_only_qoq|lag_fedfunds|lag_unemployment|lag_inflation|lag_bill_share,on_rrp_reallocation_qoq,1,-0.08623032537031114,0.02712130258947886,-0.1393880784456897,-0.03307257229493257,49,control_sensitivity,tdc_residual_z,rolling_oos_standard_deviation,cumulative_sum_h0_to_h
lagged_macro_plus_bill,core,lag_tdc_bank_only_qoq|lag_fedfunds|lag_unemployment|lag_inflation|lag_bill_share,on_rrp_reallocation_qoq,2,-0.12274592829584766,0.04222456152334472,-0.2055060688816033,-0.03998578771009201,47,control_sensitivity,tdc_residual_z,rolling_oos_standard_deviation,cumulative_sum_h0_to_h
lagged_macro_plus_bill,core,lag_tdc_bank_only_qoq|lag_fedfunds|lag_unemployment|lag_inflation|lag_bill_share,on_rrp_reallocation_qoq,3,-0.14675413706465948,0.04347848129653457,-0.23197196040586723,-0.061536313723451724,46,control_sensitivity,tdc_residual_z,rolling_oos_standard_deviation,cumulative_sum_h0_to_h
lagged_macro_plus_bill,core,lag_tdc_bank_only_qoq|lag_fedfunds|lag_unemployment|lag_inflation|lag_bill_share,on_rrp_reallocation_qoq,4,-0.1403851393574159,0.040854934868224335,-0.2204608116991356,-0.0603094670156962,45,control_sensitivity,tdc_residual_z,rolling_oos_standard_deviation,cumulative_sum_h0_to_h
lagged_macro_plus_bill,core,lag_tdc_bank_only_qoq|lag_fedfunds|lag_unemployment|lag_inflation|lag_bill_share,on_rrp_reallocation_qoq,5,-0.22878324218099244,0.03819354452997999,-0.3036425894597532,-0.15392389490223166,44,control_sensitivity,tdc_residual_z,rolling_oos_standard_deviation,cumulative_sum_h0_to_h
lagged_macro_plus_bill,core,lag_tdc_bank_only_qoq|lag_fedfunds|lag_unemployment|lag_inflation|lag_bill_share,on_rrp_reallocation_qoq,6,-0.30532248602507833,0.051410238732184074,-0.40608655394015913,-0.20455841810999753,43,control_sensitivity,tdc_residual_z,rolling_oos_standard_deviation,cumulative_sum_h0_to_h
lagged_macro_plus_bill,core,lag_tdc_bank_only_qoq|lag_fedfunds|lag_unemployment|lag_inflation|lag_bill_share,on_rrp_reallocation_qoq,7,-0.3712016552333215,0.06666198960047169,-0.501859154850246,-0.24054415561639697,42,control_sensitivity,tdc_residual_z,rolling_oos_standard_deviation,cumulative_sum_h0_to_h
lagged_macro_plus_bill,core,lag_tdc_bank_only_qoq|lag_fedfunds|lag_unemployment|lag_inflation|lag_bill_share,on_rrp_reallocation_qoq,8,-0.3849076100390576,0.07389637635579141,-0.5297445076964088,-0.24007071238170644,41,control_sensitivity,tdc_residual_z,rolling_oos_standard_deviation,cumulative_sum_h0_to_h
lagged_macro_plus_bill,core,lag_tdc_bank_only_qoq|lag_fedfunds|lag_unemployment|lag_inflation|lag_bill_share,household_treasury_securities_reallocation_qoq,0,16.35860853469088,11.588883598016354,-6.355603317421174,39.07282038680293,103,control_sensitivity,tdc_residual_z,rolling_oos_standard_deviation,cumulative_sum_h0_to_h
lagged_macro_plus_bill,core,lag_tdc_bank_only_qoq|lag_fedfunds|lag_unemployment|lag_inflation|lag_bill_share,household_treasury_securities_reallocation_qoq,1,41.19892954308877,21.118184410841966,-0.19271190216148426,82.59057098833901,102,control_sensitivity,tdc_residual_z,rolling_oos_standard_deviation,cumulative_sum_h0_to_h
lagged_macro_plus_bill,core,lag_tdc_bank_only_qoq|lag_fedfunds|lag_unemployment|lag_inflation|lag_bill_share,household_treasury_securities_reallocation_qoq,2,39.93243244058057,19.39303087800412,1.9220919196924982,77.94277296146865,101,control_sensitivity,tdc_residual_z,rolling_oos_standard_deviation,cumulative_sum_h0_to_h
lagged_macro_plus_bill,core,lag_tdc_bank_only_qoq|lag_fedfunds|lag_unemployment|lag_inflation|lag_bill_share,household_treasury_securities_reallocation_qoq,3,46.67088514248867,26.419546654510658,-5.111426300352214,98.45319658532955,100,control_sensitivity,tdc_residual_z,rolling_oos_standard_deviation,cumulative_sum_h0_to_h
lagged_macro_plus_bill,core,lag_tdc_bank_only_qoq|lag_fedfunds|lag_unemployment|lag_inflation|lag_bill_share,household_treasury_securities_reallocation_qoq,4,53.76276630470592,30.579164379953713,-6.172395880003357,113.6979284894152,99,control_sensitivity,tdc_residual_z,rolling_oos_standard_deviation,cumulative_sum_h0_to_h
lagged_macro_plus_bill,core,lag_tdc_bank_only_qoq|lag_fedfunds|lag_unemployment|lag_inflation|lag_bill_share,household_treasury_securities_reallocation_qoq,5,52.71094238110728,40.108915094100894,-25.902531203330476,131.32441596554503,98,control_sensitivity,tdc_residual_z,rolling_oos_standard_deviation,cumulative_sum_h0_to_h
lagged_macro_plus_bill,core,lag_tdc_bank_only_qoq|lag_fedfunds|lag_unemployment|lag_inflation|lag_bill_share,household_treasury_securities_reallocation_qoq,6,42.348363943672,40.13254964402896,-36.31143335862477,121.00816124596876,97,control_sensitivity,tdc_residual_z,rolling_oos_standard_deviation,cumulative_sum_h0_to_h
lagged_macro_plus_bill,core,lag_tdc_bank_only_qoq|lag_fedfunds|lag_unemployment|lag_inflation|lag_bill_share,household_treasury_securities_reallocation_qoq,7,32.13069099065182,42.85515494517918,-51.865412701899366,116.126794683203,96,control_sensitivity,tdc_residual_z,rolling_oos_standard_deviation,cumulative_sum_h0_to_h
lagged_macro_plus_bill,core,lag_tdc_bank_only_qoq|lag_fedfunds|lag_unemployment|lag_inflation|lag_bill_share,household_treasury_securities_reallocation_qoq,8,25.772469270242674,45.9512410882811,-64.29196326278827,115.83690180327363,95,control_sensitivity,tdc_residual_z,rolling_oos_standard_deviation,cumulative_sum_h0_to_h
lagged_macro_plus_bill,core,lag_tdc_bank_only_qoq|lag_fedfunds|lag_unemployment|lag_inflation|lag_bill_share,mmf_treasury_bills_reallocation_qoq,0,10.185592969695463,9.621629037066276,-8.672799942954438,29.043985882345364,103,control_sensitivity,tdc_residual_z,rolling_oos_standard_deviation,cumulative_sum_h0_to_h
lagged_macro_plus_bill,core,lag_tdc_bank_only_qoq|lag_fedfunds|lag_unemployment|lag_inflation|lag_bill_share,mmf_treasury_bills_reallocation_qoq,1,14.019423450287828,30.558023541968666,-45.874302691970755,73.91314959254642,102,control_sensitivity,tdc_residual_z,rolling_oos_standard_deviation,cumulative_sum_h0_to_h
lagged_macro_plus_bill,core,lag_tdc_bank_only_qoq|lag_fedfunds|lag_unemployment|lag_inflation|lag_bill_share,mmf_treasury_bills_reallocation_qoq,2,10.115052669297638,41.624389236027326,-71.46875023331592,91.6988555719112,101,control_sensitivity,tdc_residual_z,rolling_oos_standard_deviation,cumulative_sum_h0_to_h
lagged_macro_plus_bill,core,lag_tdc_bank_only_qoq|lag_fedfunds|lag_unemployment|lag_inflation|lag_bill_share,mmf_treasury_bills_reallocation_qoq,3,-0.139299153915581,38.36337171765074,-75.33150772051104,75.05290941267987,100,control_sensitivity,tdc_residual_z,rolling_oos_standard_deviation,cumulative_sum_h0_to_h
lagged_macro_plus_bill,core,lag_tdc_bank_only_qoq|lag_fedfunds|lag_unemployment|lag_inflation|lag_bill_share,mmf_treasury_bills_reallocation_qoq,4,-14.084724719120839,38.543613518887526,-89.63020721614039,61.460757777898706,99,control_sensitivity,tdc_residual_z,rolling_oos_standard_deviation,cumulative_sum_h0_to_h
lagged_macro_plus_bill,core,lag_tdc_bank_only_qoq|lag_fedfunds|lag_unemployment|lag_inflation|lag_bill_share,mmf_treasury_bills_reallocation_qoq,5,5.1355670808112786,41.881741660903565,-76.9526465745597,87.22378073618226,98,control_sensitivity,tdc_residual_z,rolling_oos_standard_deviation,cumulative_sum_h0_to_h
lagged_macro_plus_bill,core,lag_tdc_bank_only_qoq|lag_fedfunds|lag_unemployment|lag_inflation|lag_bill_share,mmf_treasury_bills_reallocation_qoq,6,31.733806400007538,36.80944211708725,-40.41270014948347,103.88031294949855,97,control_sensitivity,tdc_residual_z,rolling_oos_standard_deviation,cumulative_sum_h0_to_h
lagged_macro_plus_bill,core,lag_tdc_bank_only_qoq|lag_fedfunds|lag_unemployment|lag_inflation|lag_bill_share,mmf_treasury_bills_reallocation_qoq,7,46.610453356231446,40.21149170312229,-32.20407038188824,125.42497709435114,96,control_sensitivity,tdc_residual_z,rolling_oos_standard_deviation,cumulative_sum_h0_to_h
lagged_macro_plus_bill,core,lag_tdc_bank_only_qoq|lag_fedfunds|lag_unemployment|lag_inflation|lag_bill_share,mmf_treasury_bills_reallocation_qoq,8,37.54258232184162,39.075738649352594,-39.045865430889464,114.1310300745727,95,control_sensitivity,tdc_residual_z,rolling_oos_standard_deviation,cumulative_sum_h0_to_h
lagged_macro_plus_bill,core,lag_tdc_bank_only_qoq|lag_fedfunds|lag_unemployment|lag_inflation|lag_bill_share,currency_reallocation_qoq,0,-0.3450001851329574,0.6669226853873688,-1.6521686484922002,0.9621682782262855,103,control_sensitivity,tdc_residual_z,rolling_oos_standard_deviation,cumulative_sum_h0_to_h
lagged_macro_plus_bill,core,lag_tdc_bank_only_qoq|lag_fedfunds|lag_unemployment|lag_inflation|lag_bill_share,currency_reallocation_qoq,1,-2.6881083195256186,1.4405254435971886,-5.511538188976108,0.13532154992487122,102,control_sensitivity,tdc_residual_z,rolling_oos_standard_deviation,cumulative_sum_h0_to_h
lagged_macro_plus_bill,core,lag_tdc_bank_only_qoq|lag_fedfunds|lag_unemployment|lag_inflation|lag_bill_share,currency_reallocation_qoq,2,-2.715597188552202,2.804819242024474,-8.213042902920172,2.781848525815767,101,control_sensitivity,tdc_residual_z,rolling_oos_standard_deviation,cumulative_sum_h0_to_h
lagged_macro_plus_bill,core,lag_tdc_bank_only_qoq|lag_fedfunds|lag_unemployment|lag_inflation|lag_bill_share,currency_reallocation_qoq,3,-3.3131256406446585,3.5735437739810423,-10.317271437647502,3.691020156358184,100,control_sensitivity,tdc_residual_z,rolling_oos_standard_deviation,cumulative_sum_h0_to_h
lagged_macro_plus_bill,core,lag_tdc_bank_only_qoq|lag_fedfunds|lag_unemployment|lag_inflation|lag_bill_share,currency_reallocation_qoq,4,-4.10536113353384,4.096296484044788,-12.134102242261624,3.923379975193944,99,control_sensitivity,tdc_residual_z,rolling_oos_standard_deviation,cumulative_sum_h0_to_h
lagged_macro_plus_bill,core,lag_tdc_bank_only_qoq|lag_fedfunds|lag_unemployment|lag_inflation|lag_bill_share,currency_reallocation_qoq,5,-5.656261679692889,5.107477856752539,-15.666918278927866,4.354394919542088,98,control_sensitivity,tdc_residual_z,rolling_oos_standard_deviation,cumulative_sum_h0_to_h
lagged_macro_plus_bill,core,lag_tdc_bank_only_qoq|lag_fedfunds|lag_unemployment|lag_inflation|lag_bill_share,currency_reallocation_qoq,6,-4.342281727889835,5.576739061204389,-15.272690287850438,6.588126832070767,97,control_sensitivity,tdc_residual_z,rolling_oos_standard_deviation,cumulative_sum_h0_to_h
lagged_macro_plus_bill,core,lag_tdc_bank_only_qoq|lag_fedfunds|lag_unemployment|lag_inflation|lag_bill_share,currency_reallocation_qoq,7,-4.999183760526385,5.5897002638786875,-15.954996277728613,5.956628756675842,96,control_sensitivity,tdc_residual_z,rolling_oos_standard_deviation,cumulative_sum_h0_to_h
lagged_macro_plus_bill,core,lag_tdc_bank_only_qoq|lag_fedfunds|lag_unemployment|lag_inflation|lag_bill_share,currency_reallocation_qoq,8,-5.166583731217255,5.88285634239646,-16.696982162314317,6.363814699879807,95,control_sensitivity,tdc_residual_z,rolling_oos_standard_deviation,cumulative_sum_h0_to_h
lagged_macro_plus_trend,exploratory,lag_tdc_bank_only_qoq|lag_fedfunds|lag_unemployment|lag_inflation|quarter_index,total_deposits_bank_qoq,0,28.917387768720506,13.660556434858291,2.142697156398256,55.692078381042755,119,control_sensitivity,tdc_residual_z,rolling_oos_standard_deviation,cumulative_sum_h0_to_h
lagged_macro_plus_trend,exploratory,lag_tdc_bank_only_qoq|lag_fedfunds|lag_unemployment|lag_inflation|quarter_index,total_deposits_bank_qoq,1,44.08812031830493,32.878389709036846,-20.35352351140729,108.52976414801715,118,control_sensitivity,tdc_residual_z,rolling_oos_standard_deviation,cumulative_sum_h0_to_h
lagged_macro_plus_trend,exploratory,lag_tdc_bank_only_qoq|lag_fedfunds|lag_unemployment|lag_inflation|quarter_index,total_deposits_bank_qoq,2,40.12965836954511,43.03405095019947,-44.21708149284585,124.47639823193607,117,control_sensitivity,tdc_residual_z,rolling_oos_standard_deviation,cumulative_sum_h0_to_h
lagged_macro_plus_trend,exploratory,lag_tdc_bank_only_qoq|lag_fedfunds|lag_unemployment|lag_inflation|quarter_index,total_deposits_bank_qoq,3,55.95718638252387,50.81450718751731,-43.63924770501005,155.5536204700578,116,control_sensitivity,tdc_residual_z,rolling_oos_standard_deviation,cumulative_sum_h0_to_h
lagged_macro_plus_trend,exploratory,lag_tdc_bank_only_qoq|lag_fedfunds|lag_unemployment|lag_inflation|quarter_index,total_deposits_bank_qoq,4,69.69858428494503,60.51089945514577,-48.90277864714068,188.29994721703073,115,control_sensitivity,tdc_residual_z,rolling_oos_standard_deviation,cumulative_sum_h0_to_h
lagged_macro_plus_trend,exploratory,lag_tdc_bank_only_qoq|lag_fedfunds|lag_unemployment|lag_inflation|quarter_index,total_deposits_bank_qoq,5,49.904826107667176,64.13199871715723,-75.79389137796099,175.60354359329534,114,control_sensitivity,tdc_residual_z,rolling_oos_standard_deviation,cumulative_sum_h0_to_h
lagged_macro_plus_trend,exploratory,lag_tdc_bank_only_qoq|lag_fedfunds|lag_unemployment|lag_inflation|quarter_index,total_deposits_bank_qoq,6,32.20334573472181,66.63515004802224,-98.40154835940177,162.8082398288454,113,control_sensitivity,tdc_residual_z,rolling_oos_standard_deviation,cumulative_sum_h0_to_h
lagged_macro_plus_trend,exploratory,lag_tdc_bank_only_qoq|lag_fedfunds|lag_unemployment|lag_inflation|quarter_index,total_deposits_bank_qoq,7,44.3356224994036,71.28958821222453,-95.39197039655647,184.06321539536367,112,control_sensitivity,tdc_residual_z,rolling_oos_standard_deviation,cumulative_sum_h0_to_h
lagged_macro_plus_trend,exploratory,lag_tdc_bank_only_qoq|lag_fedfunds|lag_unemployment|lag_inflation|quarter_index,total_deposits_bank_qoq,8,54.60746400686497,75.30084907134105,-92.98220017296347,202.19712818669342,111,control_sensitivity,tdc_residual_z,rolling_oos_standard_deviation,cumulative_sum_h0_to_h
lagged_macro_plus_trend,exploratory,lag_tdc_bank_only_qoq|lag_fedfunds|lag_unemployment|lag_inflation|quarter_index,other_component_qoq,0,-55.89279241325613,12.416784978644515,-80.22969097139938,-31.555893855112885,119,control_sensitivity,tdc_residual_z,rolling_oos_standard_deviation,cumulative_sum_h0_to_h
lagged_macro_plus_trend,exploratory,lag_tdc_bank_only_qoq|lag_fedfunds|lag_unemployment|lag_inflation|quarter_index,other_component_qoq,1,-68.56396134495368,27.289929876003114,-122.05222390191979,-15.075698787987577,118,control_sensitivity,tdc_residual_z,rolling_oos_standard_deviation,cumulative_sum_h0_to_h
lagged_macro_plus_trend,exploratory,lag_tdc_bank_only_qoq|lag_fedfunds|lag_unemployment|lag_inflation|quarter_index,other_component_qoq,2,-93.5314468730316,33.54023209479784,-159.27030177883535,-27.792591967227835,117,control_sensitivity,tdc_residual_z,rolling_oos_standard_deviation,cumulative_sum_h0_to_h
lagged_macro_plus_trend,exploratory,lag_tdc_bank_only_qoq|lag_fedfunds|lag_unemployment|lag_inflation|quarter_index,other_component_qoq,3,-64.07018968468702,34.29864288585422,-131.29552974096129,3.155150371587254,116,control_sensitivity,tdc_residual_z,rolling_oos_standard_deviation,cumulative_sum_h0_to_h
lagged_macro_plus_trend,exploratory,lag_tdc_bank_only_qoq|lag_fedfunds|lag_unemployment|lag_inflation|quarter_index,other_component_qoq,4,-68.82997429589358,32.40295105176234,-132.33975835734776,-5.320190234439401,115,control_sensitivity,tdc_residual_z,rolling_oos_standard_deviation,cumulative_sum_h0_to_h
lagged_macro_plus_trend,exploratory,lag_tdc_bank_only_qoq|lag_fedfunds|lag_unemployment|lag_inflation|quarter_index,other_component_qoq,5,-88.31011465040558,32.396988975963694,-151.80821304329442,-24.81201625751674,114,control_sensitivity,tdc_residual_z,rolling_oos_standard_deviation,cumulative_sum_h0_to_h
lagged_macro_plus_trend,exploratory,lag_tdc_bank_only_qoq|lag_fedfunds|lag_unemployment|lag_inflation|quarter_index,other_component_qoq,6,-129.1167695453784,36.87233731019877,-201.386550673368,-56.8469884173888,113,control_sensitivity,tdc_residual_z,rolling_oos_standard_deviation,cumulative_sum_h0_to_h
lagged_macro_plus_trend,exploratory,lag_tdc_bank_only_qoq|lag_fedfunds|lag_unemployment|lag_inflation|quarter_index,other_component_qoq,7,-123.89368063254557,44.2786498887911,-210.67983441457613,-37.107526850515015,112,control_sensitivity,tdc_residual_z,rolling_oos_standard_deviation,cumulative_sum_h0_to_h
lagged_macro_plus_trend,exploratory,lag_tdc_bank_only_qoq|lag_fedfunds|lag_unemployment|lag_inflation|quarter_index,other_component_qoq,8,-139.2876007798531,49.09386232155979,-235.51157093011028,-43.06363062959592,111,control_sensitivity,tdc_residual_z,rolling_oos_standard_deviation,cumulative_sum_h0_to_h
lagged_macro_plus_trend,exploratory,lag_tdc_bank_only_qoq|lag_fedfunds|lag_unemployment|lag_inflation|quarter_index,accounting_deposit_substitution_qoq,0,-0.08618316222677425,0.7686292244168846,-1.5926964420838683,1.4203301176303196,92,control_sensitivity,tdc_residual_z,rolling_oos_standard_deviation,cumulative_sum_h0_to_h
lagged_macro_plus_trend,exploratory,lag_tdc_bank_only_qoq|lag_fedfunds|lag_unemployment|lag_inflation|quarter_index,accounting_deposit_substitution_qoq,1,-2.886444328100515,3.164988271887293,-9.08982134099961,3.3169326847985787,91,control_sensitivity,tdc_residual_z,rolling_oos_standard_deviation,cumulative_sum_h0_to_h
lagged_macro_plus_trend,exploratory,lag_tdc_bank_only_qoq|lag_fedfunds|lag_unemployment|lag_inflation|quarter_index,accounting_deposit_substitution_qoq,2,-4.601431123177919,2.875299851423501,-10.237018831967982,1.034156585612143,90,control_sensitivity,tdc_residual_z,rolling_oos_standard_deviation,cumulative_sum_h0_to_h
lagged_macro_plus_trend,exploratory,lag_tdc_bank_only_qoq|lag_fedfunds|lag_unemployment|lag_inflation|quarter_index,accounting_deposit_substitution_qoq,3,-8.18540572646931,4.526223805850502,-17.056804385936296,0.6859929329976726,89,control_sensitivity,tdc_residual_z,rolling_oos_standard_deviation,cumulative_sum_h0_to_h
lagged_macro_plus_trend,exploratory,lag_tdc_bank_only_qoq|lag_fedfunds|lag_unemployment|lag_inflation|quarter_index,accounting_deposit_substitution_qoq,4,-3.2424433101366725,2.5358924871588013,-8.212792584967923,1.7279059646945782,88,control_sensitivity,tdc_residual_z,rolling_oos_standard_deviation,cumulative_sum_h0_to_h
lagged_macro_plus_trend,exploratory,lag_tdc_bank_only_qoq|lag_fedfunds|lag_unemployment|lag_inflation|quarter_index,accounting_deposit_substitution_qoq,5,0.7520273582258015,2.7402983615802583,-4.6189574304715055,6.123012146923108,87,control_sensitivity,tdc_residual_z,rolling_oos_standard_deviation,cumulative_sum_h0_to_h
lagged_macro_plus_trend,exploratory,lag_tdc_bank_only_qoq|lag_fedfunds|lag_unemployment|lag_inflation|quarter_index,accounting_deposit_substitution_qoq,6,0.23446988596853213,3.17574452185776,-5.9899893768726775,6.458929148809742,86,control_sensitivity,tdc_residual_z,rolling_oos_standard_deviation,cumulative_sum_h0_to_h
lagged_macro_plus_trend,exploratory,lag_tdc_bank_only_qoq|lag_fedfunds|lag_unemployment|lag_inflation|quarter_index,accounting_deposit_substitution_qoq,7,-5.059187709411816,3.537665070458059,-11.993011247509612,1.8746358286859799,85,control_sensitivity,tdc_residual_z,rolling_oos_standard_deviation,cumulative_sum_h0_to_h
lagged_macro_plus_trend,exploratory,lag_tdc_bank_only_qoq|lag_fedfunds|lag_unemployment|lag_inflation|quarter_index,accounting_deposit_substitution_qoq,8,-6.698992111841054,2.6937733308623764,-11.97878784033131,-1.4191963833507968,84,control_sensitivity,tdc_residual_z,rolling_oos_standard_deviation,cumulative_sum_h0_to_h
lagged_macro_plus_trend,exploratory,lag_tdc_bank_only_qoq|lag_fedfunds|lag_unemployment|lag_inflation|quarter_index,accounting_bank_balance_sheet_qoq,0,-22.36945955675975,10.15144350480986,-42.26628882618708,-2.472630287332425,92,control_sensitivity,tdc_residual_z,rolling_oos_standard_deviation,cumulative_sum_h0_to_h
lagged_macro_plus_trend,exploratory,lag_tdc_bank_only_qoq|lag_fedfunds|lag_unemployment|lag_inflation|quarter_index,accounting_bank_balance_sheet_qoq,1,-29.39034067673212,14.58413070612157,-57.9752368607304,-0.8054444927338409,91,control_sensitivity,tdc_residual_z,rolling_oos_standard_deviation,cumulative_sum_h0_to_h
lagged_macro_plus_trend,exploratory,lag_tdc_bank_only_qoq|lag_fedfunds|lag_unemployment|lag_inflation|quarter_index,accounting_bank_balance_sheet_qoq,2,-44.2389652399907,16.19279814453652,-75.97684960328228,-12.501080876699117,90,control_sensitivity,tdc_residual_z,rolling_oos_standard_deviation,cumulative_sum_h0_to_h
lagged_macro_plus_trend,exploratory,lag_tdc_bank_only_qoq|lag_fedfunds|lag_unemployment|lag_inflation|quarter_index,accounting_bank_balance_sheet_qoq,3,-29.290769105467056,20.66863096031257,-69.80128578767969,11.219747576745576,89,control_sensitivity,tdc_residual_z,rolling_oos_standard_deviation,cumulative_sum_h0_to_h
lagged_macro_plus_trend,exploratory,lag_tdc_bank_only_qoq|lag_fedfunds|lag_unemployment|lag_inflation|quarter_index,accounting_bank_balance_sheet_qoq,4,-41.07578969619643,21.047424007699526,-82.3287407512875,0.17716135889463658,88,control_sensitivity,tdc_residual_z,rolling_oos_standard_deviation,cumulative_sum_h0_to_h
lagged_macro_plus_trend,exploratory,lag_tdc_bank_only_qoq|lag_fedfunds|lag_unemployment|lag_inflation|quarter_index,accounting_bank_balance_sheet_qoq,5,-28.877555129603387,21.35493623123943,-70.73323014283267,12.9781198836259,87,control_sensitivity,tdc_residual_z,rolling_oos_standard_deviation,cumulative_sum_h0_to_h
lagged_macro_plus_trend,exploratory,lag_tdc_bank_only_qoq|lag_fedfunds|lag_unemployment|lag_inflation|quarter_index,accounting_bank_balance_sheet_qoq,6,-40.474279680634915,24.27685304913484,-88.0569116569392,7.10835229566937,86,control_sensitivity,tdc_residual_z,rolling_oos_standard_deviation,cumulative_sum_h0_to_h
lagged_macro_plus_trend,exploratory,lag_tdc_bank_only_qoq|lag_fedfunds|lag_unemployment|lag_inflation|quarter_index,accounting_bank_balance_sheet_qoq,7,-20.823269856831274,24.39716179011973,-68.64170696546594,26.995167251803394,85,control_sensitivity,tdc_residual_z,rolling_oos_standard_deviation,cumulative_sum_h0_to_h
lagged_macro_plus_trend,exploratory,lag_tdc_bank_only_qoq|lag_fedfunds|lag_unemployment|lag_inflation|quarter_index,accounting_bank_balance_sheet_qoq,8,-37.49680335418874,23.960437040710424,-84.45925995398117,9.46565324560369,84,control_sensitivity,tdc_residual_z,rolling_oos_standard_deviation,cumulative_sum_h0_to_h
lagged_macro_plus_trend,exploratory,lag_tdc_bank_only_qoq|lag_fedfunds|lag_unemployment|lag_inflation|quarter_index,accounting_public_liquidity_qoq,0,44.442893188971524,17.600364334096827,9.94617909414174,78.93960728380131,91,control_sensitivity,tdc_residual_z,rolling_oos_standard_deviation,cumulative_sum_h0_to_h
lagged_macro_plus_trend,exploratory,lag_tdc_bank_only_qoq|lag_fedfunds|lag_unemployment|lag_inflation|quarter_index,accounting_public_liquidity_qoq,1,34.45422716586402,30.956774814049563,-26.22105146967312,95.12950580140117,90,control_sensitivity,tdc_residual_z,rolling_oos_standard_deviation,cumulative_sum_h0_to_h
lagged_macro_plus_trend,exploratory,lag_tdc_bank_only_qoq|lag_fedfunds|lag_unemployment|lag_inflation|quarter_index,accounting_public_liquidity_qoq,2,35.31139454996113,44.92591757686636,-52.74340390069694,123.3661930006192,89,control_sensitivity,tdc_residual_z,rolling_oos_standard_deviation,cumulative_sum_h0_to_h
lagged_macro_plus_trend,exploratory,lag_tdc_bank_only_qoq|lag_fedfunds|lag_unemployment|lag_inflation|quarter_index,accounting_public_liquidity_qoq,3,16.58716557680946,41.57809121985813,-64.90589321411247,98.0802243677314,88,control_sensitivity,tdc_residual_z,rolling_oos_standard_deviation,cumulative_sum_h0_to_h
lagged_macro_plus_trend,exploratory,lag_tdc_bank_only_qoq|lag_fedfunds|lag_unemployment|lag_inflation|quarter_index,accounting_public_liquidity_qoq,4,19.89587971614774,32.98404121336653,-44.752841062050656,84.54460049434613,87,control_sensitivity,tdc_residual_z,rolling_oos_standard_deviation,cumulative_sum_h0_to_h
lagged_macro_plus_trend,exploratory,lag_tdc_bank_only_qoq|lag_fedfunds|lag_unemployment|lag_inflation|quarter_index,accounting_public_liquidity_qoq,5,20.002774195452304,28.377681102663654,-35.617480765768455,75.62302915667306,86,control_sensitivity,tdc_residual_z,rolling_oos_standard_deviation,cumulative_sum_h0_to_h
lagged_macro_plus_trend,exploratory,lag_tdc_bank_only_qoq|lag_fedfunds|lag_unemployment|lag_inflation|quarter_index,accounting_public_liquidity_qoq,6,50.80495130557557,29.24020342927418,-6.505847415801824,108.11575002695297,85,control_sensitivity,tdc_residual_z,rolling_oos_standard_deviation,cumulative_sum_h0_to_h
lagged_macro_plus_trend,exploratory,lag_tdc_bank_only_qoq|lag_fedfunds|lag_unemployment|lag_inflation|quarter_index,accounting_public_liquidity_qoq,7,55.37272749268935,33.53341672903756,-10.352769296224267,121.09822428160297,84,control_sensitivity,tdc_residual_z,rolling_oos_standard_deviation,cumulative_sum_h0_to_h
lagged_macro_plus_trend,exploratory,lag_tdc_bank_only_qoq|lag_fedfunds|lag_unemployment|lag_inflation|quarter_index,accounting_public_liquidity_qoq,8,67.5423595485281,36.42541319759218,-3.851450318752569,138.93616941580876,83,control_sensitivity,tdc_residual_z,rolling_oos_standard_deviation,cumulative_sum_h0_to_h
lagged_macro_plus_trend,exploratory,lag_tdc_bank_only_qoq|lag_fedfunds|lag_unemployment|lag_inflation|quarter_index,accounting_external_flow_qoq,0,-89.825870764669,23.74449633715253,-136.36508358548798,-43.286657943850045,92,control_sensitivity,tdc_residual_z,rolling_oos_standard_deviation,cumulative_sum_h0_to_h
lagged_macro_plus_trend,exploratory,lag_tdc_bank_only_qoq|lag_fedfunds|lag_unemployment|lag_inflation|quarter_index,accounting_external_flow_qoq,1,-87.09400054488087,44.74443849995912,-174.79310000480075,0.6050989150389938,91,control_sensitivity,tdc_residual_z,rolling_oos_standard_deviation,cumulative_sum_h0_to_h
lagged_macro_plus_trend,exploratory,lag_tdc_bank_only_qoq|lag_fedfunds|lag_unemployment|lag_inflation|quarter_index,accounting_external_flow_qoq,2,-103.71559278177128,63.00753950626517,-227.210370214051,19.779184650508455,90,control_sensitivity,tdc_residual_z,rolling_oos_standard_deviation,cumulative_sum_h0_to_h
lagged_macro_plus_trend,exploratory,lag_tdc_bank_only_qoq|lag_fedfunds|lag_unemployment|lag_inflation|quarter_index,accounting_external_flow_qoq,3,-62.06697770314397,61.54433723773017,-182.6938786890951,58.559923282807155,89,control_sensitivity,tdc_residual_z,rolling_oos_standard_deviation,cumulative_sum_h0_to_h
lagged_macro_plus_trend,exploratory,lag_tdc_bank_only_qoq|lag_fedfunds|lag_unemployment|lag_inflation|quarter_index,accounting_external_flow_qoq,4,-63.3641360596999,50.824906481379024,-162.9809527632028,36.25268064380299,88,control_sensitivity,tdc_residual_z,rolling_oos_standard_deviation,cumulative_sum_h0_to_h
lagged_macro_plus_trend,exploratory,lag_tdc_bank_only_qoq|lag_fedfunds|lag_unemployment|lag_inflation|quarter_index,accounting_external_flow_qoq,5,-102.66095636180907,52.980296685841175,-206.50233786605776,1.1804251424396313,87,control_sensitivity,tdc_residual_z,rolling_oos_standard_deviation,cumulative_sum_h0_to_h
lagged_macro_plus_trend,exploratory,lag_tdc_bank_only_qoq|lag_fedfunds|lag_unemployment|lag_inflation|quarter_index,accounting_external_flow_qoq,6,-172.6852576348553,52.73786057875217,-276.05146436920955,-69.31905090050105,86,control_sensitivity,tdc_residual_z,rolling_oos_standard_deviation,cumulative_sum_h0_to_h
lagged_macro_plus_trend,exploratory,lag_tdc_bank_only_qoq|lag_fedfunds|lag_unemployment|lag_inflation|quarter_index,accounting_external_flow_qoq,7,-182.07439296336264,61.332975661710606,-302.28702526031543,-61.86176066640985,85,control_sensitivity,tdc_residual_z,rolling_oos_standard_deviation,cumulative_sum_h0_to_h
lagged_macro_plus_trend,exploratory,lag_tdc_bank_only_qoq|lag_fedfunds|lag_unemployment|lag_inflation|quarter_index,accounting_external_flow_qoq,8,-193.22341456673297,67.37286764215911,-325.27423514536486,-61.17259398810111,84,control_sensitivity,tdc_residual_z,rolling_oos_standard_deviation,cumulative_sum_h0_to_h
lagged_macro_plus_trend,exploratory,lag_tdc_bank_only_qoq|lag_fedfunds|lag_unemployment|lag_inflation|quarter_index,accounting_identity_total_qoq,0,-65.33627151856822,15.054719064575012,-94.84352088513525,-35.8290221520012,91,control_sensitivity,tdc_residual_z,rolling_oos_standard_deviation,cumulative_sum_h0_to_h
lagged_macro_plus_trend,exploratory,lag_tdc_bank_only_qoq|lag_fedfunds|lag_unemployment|lag_inflation|quarter_index,accounting_identity_total_qoq,1,-84.24160789884392,34.045776953491185,-150.97133072768665,-17.5118850700012,90,control_sensitivity,tdc_residual_z,rolling_oos_standard_deviation,cumulative_sum_h0_to_h
lagged_macro_plus_trend,exploratory,lag_tdc_bank_only_qoq|lag_fedfunds|lag_unemployment|lag_inflation|quarter_index,accounting_identity_total_qoq,2,-117.30129102942367,39.65081714980059,-195.0168926430328,-39.585689415814514,89,control_sensitivity,tdc_residual_z,rolling_oos_standard_deviation,cumulative_sum_h0_to_h
lagged_macro_plus_trend,exploratory,lag_tdc_bank_only_qoq|lag_fedfunds|lag_unemployment|lag_inflation|quarter_index,accounting_identity_total_qoq,3,-84.8560609164441,42.05777705593223,-167.28930394607124,-2.4228178868169294,88,control_sensitivity,tdc_residual_z,rolling_oos_standard_deviation,cumulative_sum_h0_to_h
lagged_macro_plus_trend,exploratory,lag_tdc_bank_only_qoq|lag_fedfunds|lag_unemployment|lag_inflation|quarter_index,accounting_identity_total_qoq,4,-92.37902726156905,37.508031978611456,-165.89476993964752,-18.863284583490596,87,control_sensitivity,tdc_residual_z,rolling_oos_standard_deviation,cumulative_sum_h0_to_h
lagged_macro_plus_trend,exploratory,lag_tdc_bank_only_qoq|lag_fedfunds|lag_unemployment|lag_inflation|quarter_index,accounting_identity_total_qoq,5,-115.89461088206045,37.019900809933866,-188.45361646953083,-43.33560529459007,86,control_sensitivity,tdc_residual_z,rolling_oos_standard_deviation,cumulative_sum_h0_to_h
lagged_macro_plus_trend,exploratory,lag_tdc_bank_only_qoq|lag_fedfunds|lag_unemployment|lag_inflation|quarter_index,accounting_identity_total_qoq,6,-166.3079650708349,39.484830072841184,-243.69823201360362,-88.91769812806619,85,control_sensitivity,tdc_residual_z,rolling_oos_standard_deviation,cumulative_sum_h0_to_h
lagged_macro_plus_trend,exploratory,lag_tdc_bank_only_qoq|lag_fedfunds|lag_unemployment|lag_inflation|quarter_index,accounting_identity_total_qoq,7,-158.4503189676911,49.309877738619505,-255.09767933538532,-61.802958599996856,84,control_sensitivity,tdc_residual_z,rolling_oos_standard_deviation,cumulative_sum_h0_to_h
lagged_macro_plus_trend,exploratory,lag_tdc_bank_only_qoq|lag_fedfunds|lag_unemployment|lag_inflation|quarter_index,accounting_identity_total_qoq,8,-170.64441471816923,57.12141103160681,-282.60238034011854,-58.68644909621989,83,control_sensitivity,tdc_residual_z,rolling_oos_standard_deviation,cumulative_sum_h0_to_h
lagged_macro_plus_trend,exploratory,lag_tdc_bank_only_qoq|lag_fedfunds|lag_unemployment|lag_inflation|quarter_index,accounting_identity_gap_qoq,0,-0.5411916124104394,0.8590964617705582,-2.2250206774807335,1.1426374526598546,91,control_sensitivity,tdc_residual_z,rolling_oos_standard_deviation,cumulative_sum_h0_to_h
lagged_macro_plus_trend,exploratory,lag_tdc_bank_only_qoq|lag_fedfunds|lag_unemployment|lag_inflation|quarter_index,accounting_identity_gap_qoq,1,-2.323992482060462,1.362916973505843,-4.995309750131915,0.3473247860109905,90,control_sensitivity,tdc_residual_z,rolling_oos_standard_deviation,cumulative_sum_h0_to_h
lagged_macro_plus_trend,exploratory,lag_tdc_bank_only_qoq|lag_fedfunds|lag_unemployment|lag_inflation|quarter_index,accounting_identity_gap_qoq,2,-3.4624351132823303,2.3300652164493503,-8.029362937523057,1.1044927109583957,89,control_sensitivity,tdc_residual_z,rolling_oos_standard_deviation,cumulative_sum_h0_to_h
lagged_macro_plus_trend,exploratory,lag_tdc_bank_only_qoq|lag_fedfunds|lag_unemployment|lag_inflation|quarter_index,accounting_identity_gap_qoq,3,-0.9657248343723452,2.3824271929924223,-5.635282132637493,3.7038324638928026,88,control_sensitivity,tdc_residual_z,rolling_oos_standard_deviation,cumulative_sum_h0_to_h
lagged_macro_plus_trend,exploratory,lag_tdc_bank_only_qoq|lag_fedfunds|lag_unemployment|lag_inflation|quarter_index,accounting_identity_gap_qoq,4,-2.1375595553521336,2.279727784509075,-6.605826012989921,2.3307069022856535,87,control_sensitivity,tdc_residual_z,rolling_oos_standard_deviation,cumulative_sum_h0_to_h
lagged_macro_plus_trend,exploratory,lag_tdc_bank_only_qoq|lag_fedfunds|lag_unemployment|lag_inflation|quarter_index,accounting_identity_gap_qoq,5,-0.970905867126451,2.967177841966708,-6.786574437381198,4.844762703128296,86,control_sensitivity,tdc_residual_z,rolling_oos_standard_deviation,cumulative_sum_h0_to_h
lagged_macro_plus_trend,exploratory,lag_tdc_bank_only_qoq|lag_fedfunds|lag_unemployment|lag_inflation|quarter_index,accounting_identity_gap_qoq,6,-1.1195550817337252,3.2767816659825706,-7.542047147059563,5.302936983592113,85,control_sensitivity,tdc_residual_z,rolling_oos_standard_deviation,cumulative_sum_h0_to_h
lagged_macro_plus_trend,exploratory,lag_tdc_bank_only_qoq|lag_fedfunds|lag_unemployment|lag_inflation|quarter_index,accounting_identity_gap_qoq,7,0.4179220052150465,4.363877297744458,-8.13527749836409,8.971121508794184,84,control_sensitivity,tdc_residual_z,rolling_oos_standard_deviation,cumulative_sum_h0_to_h
lagged_macro_plus_trend,exploratory,lag_tdc_bank_only_qoq|lag_fedfunds|lag_unemployment|lag_inflation|quarter_index,accounting_identity_gap_qoq,8,-0.7050040795989336,3.298747796921291,-7.170549761564663,5.760541602366796,83,control_sensitivity,tdc_residual_z,rolling_oos_standard_deviation,cumulative_sum_h0_to_h
lagged_macro_plus_trend,exploratory,lag_tdc_bank_only_qoq|lag_fedfunds|lag_unemployment|lag_inflation|quarter_index,strict_loan_source_qoq,0,-14.330729330118404,5.323335260352465,-24.764466440409237,-3.896992219827572,119,control_sensitivity,tdc_residual_z,rolling_oos_standard_deviation,cumulative_sum_h0_to_h
lagged_macro_plus_trend,exploratory,lag_tdc_bank_only_qoq|lag_fedfunds|lag_unemployment|lag_inflation|quarter_index,strict_loan_source_qoq,1,-15.952114927957846,6.626104369045189,-28.939279491286413,-2.964950364629276,118,control_sensitivity,tdc_residual_z,rolling_oos_standard_deviation,cumulative_sum_h0_to_h
lagged_macro_plus_trend,exploratory,lag_tdc_bank_only_qoq|lag_fedfunds|lag_unemployment|lag_inflation|quarter_index,strict_loan_source_qoq,2,-27.709165545764698,8.511996745768522,-44.392679167471,-11.025651924058394,117,control_sensitivity,tdc_residual_z,rolling_oos_standard_deviation,cumulative_sum_h0_to_h
lagged_macro_plus_trend,exploratory,lag_tdc_bank_only_qoq|lag_fedfunds|lag_unemployment|lag_inflation|quarter_index,strict_loan_source_qoq,3,-15.042970526280481,14.200071227700517,-42.8751101325735,12.789169080012531,116,control_sensitivity,tdc_residual_z,rolling_oos_standard_deviation,cumulative_sum_h0_to_h
lagged_macro_plus_trend,exploratory,lag_tdc_bank_only_qoq|lag_fedfunds|lag_unemployment|lag_inflation|quarter_index,strict_loan_source_qoq,4,-23.501700670727196,18.523512659451285,-59.80778548325171,12.804384141797321,115,control_sensitivity,tdc_residual_z,rolling_oos_standard_deviation,cumulative_sum_h0_to_h
lagged_macro_plus_trend,exploratory,lag_tdc_bank_only_qoq|lag_fedfunds|lag_unemployment|lag_inflation|quarter_index,strict_loan_source_qoq,5,-17.949052511676783,25.20146815645356,-67.34393009832576,31.4458250749722,114,control_sensitivity,tdc_residual_z,rolling_oos_standard_deviation,cumulative_sum_h0_to_h
lagged_macro_plus_trend,exploratory,lag_tdc_bank_only_qoq|lag_fedfunds|lag_unemployment|lag_inflation|quarter_index,strict_loan_source_qoq,6,-21.465375544589435,28.919567371492494,-78.14772759271472,35.216976503535854,113,control_sensitivity,tdc_residual_z,rolling_oos_standard_deviation,cumulative_sum_h0_to_h
lagged_macro_plus_trend,exploratory,lag_tdc_bank_only_qoq|lag_fedfunds|lag_unemployment|lag_inflation|quarter_index,strict_loan_source_qoq,7,-6.570517907360298,32.101705410735335,-69.48986051240155,56.34882469768095,112,control_sensitivity,tdc_residual_z,rolling_oos_standard_deviation,cumulative_sum_h0_to_h
lagged_macro_plus_trend,exploratory,lag_tdc_bank_only_qoq|lag_fedfunds|lag_unemployment|lag_inflation|quarter_index,strict_loan_source_qoq,8,-17.543424584187875,33.97894771474305,-84.14216210508425,49.0553129367085,111,control_sensitivity,tdc_residual_z,rolling_oos_standard_deviation,cumulative_sum_h0_to_h
lagged_macro_plus_trend,exploratory,lag_tdc_bank_only_qoq|lag_fedfunds|lag_unemployment|lag_inflation|quarter_index,strict_loan_mortgages_qoq,0,-3.7995410179459395,2.049659541592829,-7.816873719467884,0.21779168357600476,119,control_sensitivity,tdc_residual_z,rolling_oos_standard_deviation,cumulative_sum_h0_to_h
lagged_macro_plus_trend,exploratory,lag_tdc_bank_only_qoq|lag_fedfunds|lag_unemployment|lag_inflation|quarter_index,strict_loan_mortgages_qoq,1,-2.458527194794879,3.3419041458033587,-9.008659320569462,4.091604930979704,118,control_sensitivity,tdc_residual_z,rolling_oos_standard_deviation,cumulative_sum_h0_to_h
lagged_macro_plus_trend,exploratory,lag_tdc_bank_only_qoq|lag_fedfunds|lag_unemployment|lag_inflation|quarter_index,strict_loan_mortgages_qoq,2,-3.1234357519010043,4.705286829710306,-12.345797938133204,6.0989264343311955,117,control_sensitivity,tdc_residual_z,rolling_oos_standard_deviation,cumulative_sum_h0_to_h
lagged_macro_plus_trend,exploratory,lag_tdc_bank_only_qoq|lag_fedfunds|lag_unemployment|lag_inflation|quarter_index,strict_loan_mortgages_qoq,3,-0.17212352174950318,6.9102018226072675,-13.716119094059747,13.371872050560741,116,control_sensitivity,tdc_residual_z,rolling_oos_standard_deviation,cumulative_sum_h0_to_h
lagged_macro_plus_trend,exploratory,lag_tdc_bank_only_qoq|lag_fedfunds|lag_unemployment|lag_inflation|quarter_index,strict_loan_mortgages_qoq,4,-1.3576438767139862,9.631188980918326,-20.234774279313903,17.51948652588593,115,control_sensitivity,tdc_residual_z,rolling_oos_standard_deviation,cumulative_sum_h0_to_h
lagged_macro_plus_trend,exploratory,lag_tdc_bank_only_qoq|lag_fedfunds|lag_unemployment|lag_inflation|quarter_index,strict_loan_mortgages_qoq,5,2.5687584812610567,12.893253514648274,-22.70201840744956,27.839535369971674,114,control_sensitivity,tdc_residual_z,rolling_oos_standard_deviation,cumulative_sum_h0_to_h
lagged_macro_plus_trend,exploratory,lag_tdc_bank_only_qoq|lag_fedfunds|lag_unemployment|lag_inflation|quarter_index,strict_loan_mortgages_qoq,6,5.470865600282963,15.540549836496025,-24.988612079249247,35.930343279815176,113,control_sensitivity,tdc_residual_z,rolling_oos_standard_deviation,cumulative_sum_h0_to_h
lagged_macro_plus_trend,exploratory,lag_tdc_bank_only_qoq|lag_fedfunds|lag_unemployment|lag_inflation|quarter_index,strict_loan_mortgages_qoq,7,9.402170487781579,17.27420201078192,-24.455265453350986,43.25960642891414,112,control_sensitivity,tdc_residual_z,rolling_oos_standard_deviation,cumulative_sum_h0_to_h
lagged_macro_plus_trend,exploratory,lag_tdc_bank_only_qoq|lag_fedfunds|lag_unemployment|lag_inflation|quarter_index,strict_loan_mortgages_qoq,8,6.920459098329342,19.261810201237395,-30.83268889609595,44.67360709275464,111,control_sensitivity,tdc_residual_z,rolling_oos_standard_deviation,cumulative_sum_h0_to_h
lagged_macro_plus_trend,exploratory,lag_tdc_bank_only_qoq|lag_fedfunds|lag_unemployment|lag_inflation|quarter_index,strict_loan_consumer_credit_qoq,0,-4.740466892223715,2.119611776062954,-8.894905973307104,-0.5860278111403252,119,control_sensitivity,tdc_residual_z,rolling_oos_standard_deviation,cumulative_sum_h0_to_h
lagged_macro_plus_trend,exploratory,lag_tdc_bank_only_qoq|lag_fedfunds|lag_unemployment|lag_inflation|quarter_index,strict_loan_consumer_credit_qoq,1,-7.278802623122872,3.1475109631653813,-13.44792411092702,-1.1096811353187253,118,control_sensitivity,tdc_residual_z,rolling_oos_standard_deviation,cumulative_sum_h0_to_h
lagged_macro_plus_trend,exploratory,lag_tdc_bank_only_qoq|lag_fedfunds|lag_unemployment|lag_inflation|quarter_index,strict_loan_consumer_credit_qoq,2,-7.686219968090813,3.727877964384228,-14.9928607782839,-0.37957915789772656,117,control_sensitivity,tdc_residual_z,rolling_oos_standard_deviation,cumulative_sum_h0_to_h
lagged_macro_plus_trend,exploratory,lag_tdc_bank_only_qoq|lag_fedfunds|lag_unemployment|lag_inflation|quarter_index,strict_loan_consumer_credit_qoq,3,-6.467502836999237,4.460689543992225,-15.210454343223997,2.2754486692255247,116,control_sensitivity,tdc_residual_z,rolling_oos_standard_deviation,cumulative_sum_h0_to_h
lagged_macro_plus_trend,exploratory,lag_tdc_bank_only_qoq|lag_fedfunds|lag_unemployment|lag_inflation|quarter_index,strict_loan_consumer_credit_qoq,4,-9.162841703181215,5.419235975845217,-19.78454421583784,1.458860809475409,115,control_sensitivity,tdc_residual_z,rolling_oos_standard_deviation,cumulative_sum_h0_to_h
lagged_macro_plus_trend,exploratory,lag_tdc_bank_only_qoq|lag_fedfunds|lag_unemployment|lag_inflation|quarter_index,strict_loan_consumer_credit_qoq,5,-7.478807394322165,6.228641184014208,-19.686944114990013,4.729329326345682,114,control_sensitivity,tdc_residual_z,rolling_oos_standard_deviation,cumulative_sum_h0_to_h
lagged_macro_plus_trend,exploratory,lag_tdc_bank_only_qoq|lag_fedfunds|lag_unemployment|lag_inflation|quarter_index,strict_loan_consumer_credit_qoq,6,-7.009599273138185,6.066266522459912,-18.899481657159612,4.880283110883243,113,control_sensitivity,tdc_residual_z,rolling_oos_standard_deviation,cumulative_sum_h0_to_h
lagged_macro_plus_trend,exploratory,lag_tdc_bank_only_qoq|lag_fedfunds|lag_unemployment|lag_inflation|quarter_index,strict_loan_consumer_credit_qoq,7,-4.836157118145454,6.559876949146949,-17.693515938473475,8.021201702182564,112,control_sensitivity,tdc_residual_z,rolling_oos_standard_deviation,cumulative_sum_h0_to_h
lagged_macro_plus_trend,exploratory,lag_tdc_bank_only_qoq|lag_fedfunds|lag_unemployment|lag_inflation|quarter_index,strict_loan_consumer_credit_qoq,8,-6.663251111035179,6.345486088772461,-19.100403845029202,5.773901622958843,111,control_sensitivity,tdc_residual_z,rolling_oos_standard_deviation,cumulative_sum_h0_to_h
lagged_macro_plus_trend,exploratory,lag_tdc_bank_only_qoq|lag_fedfunds|lag_unemployment|lag_inflation|quarter_index,strict_loan_di_loans_nec_qoq,0,-3.2937642420113074,5.679514098297175,-14.42561187467377,7.838083390651156,119,control_sensitivity,tdc_residual_z,rolling_oos_standard_deviation,cumulative_sum_h0_to_h
lagged_macro_plus_trend,exploratory,lag_tdc_bank_only_qoq|lag_fedfunds|lag_unemployment|lag_inflation|quarter_index,strict_loan_di_loans_nec_qoq,1,-3.969999191627779,7.824353189496833,-19.30573144304157,11.365733059786013,118,control_sensitivity,tdc_residual_z,rolling_oos_standard_deviation,cumulative_sum_h0_to_h
lagged_macro_plus_trend,exploratory,lag_tdc_bank_only_qoq|lag_fedfunds|lag_unemployment|lag_inflation|quarter_index,strict_loan_di_loans_nec_qoq,2,-12.688175753692192,7.7182176934976505,-27.81588243294759,2.4395309255632025,117,control_sensitivity,tdc_residual_z,rolling_oos_standard_deviation,cumulative_sum_h0_to_h
lagged_macro_plus_trend,exploratory,lag_tdc_bank_only_qoq|lag_fedfunds|lag_unemployment|lag_inflation|quarter_index,strict_loan_di_loans_nec_qoq,3,-9.801221449978062,7.993247784451165,-25.467987107502346,5.86554420754622,116,control_sensitivity,tdc_residual_z,rolling_oos_standard_deviation,cumulative_sum_h0_to_h
lagged_macro_plus_trend,exploratory,lag_tdc_bank_only_qoq|lag_fedfunds|lag_unemployment|lag_inflation|quarter_index,strict_loan_di_loans_nec_qoq,4,-13.855330918696094,9.323977666103097,-32.13032714425816,4.419665306865976,115,control_sensitivity,tdc_residual_z,rolling_oos_standard_deviation,cumulative_sum_h0_to_h
lagged_macro_plus_trend,exploratory,lag_tdc_bank_only_qoq|lag_fedfunds|lag_unemployment|lag_inflation|quarter_index,strict_loan_di_loans_nec_qoq,5,-13.263188823656947,10.353649877524818,-33.55634258360559,7.029964936291698,114,control_sensitivity,tdc_residual_z,rolling_oos_standard_deviation,cumulative_sum_h0_to_h
lagged_macro_plus_trend,exploratory,lag_tdc_bank_only_qoq|lag_fedfunds|lag_unemployment|lag_inflation|quarter_index,strict_loan_di_loans_nec_qoq,6,-18.494709316632058,10.894861491227985,-39.84863783943891,2.8592192061747923,113,control_sensitivity,tdc_residual_z,rolling_oos_standard_deviation,cumulative_sum_h0_to_h
lagged_macro_plus_trend,exploratory,lag_tdc_bank_only_qoq|lag_fedfunds|lag_unemployment|lag_inflation|quarter_index,strict_loan_di_loans_nec_qoq,7,-14.238534983248435,11.970353248764559,-37.70042735082697,9.2233573843301,112,control_sensitivity,tdc_residual_z,rolling_oos_standard_deviation,cumulative_sum_h0_to_h
lagged_macro_plus_trend,exploratory,lag_tdc_bank_only_qoq|lag_fedfunds|lag_unemployment|lag_inflation|quarter_index,strict_loan_di_loans_nec_qoq,8,-17.801933833295628,12.02798237710575,-41.376779292422896,5.772911625831643,111,control_sensitivity,tdc_residual_z,rolling_oos_standard_deviation,cumulative_sum_h0_to_h
lagged_macro_plus_trend,exploratory,lag_tdc_bank_only_qoq|lag_fedfunds|lag_unemployment|lag_inflation|quarter_index,strict_loan_other_advances_qoq,0,0.14428893565747375,0.08154965858397335,-0.01554839516711401,0.30412626648206154,119,control_sensitivity,tdc_residual_z,rolling_oos_standard_deviation,cumulative_sum_h0_to_h
lagged_macro_plus_trend,exploratory,lag_tdc_bank_only_qoq|lag_fedfunds|lag_unemployment|lag_inflation|quarter_index,strict_loan_other_advances_qoq,1,0.2078920326271254,0.11565581697461216,-0.018793368643114428,0.43457743389736525,118,control_sensitivity,tdc_residual_z,rolling_oos_standard_deviation,cumulative_sum_h0_to_h
lagged_macro_plus_trend,exploratory,lag_tdc_bank_only_qoq|lag_fedfunds|lag_unemployment|lag_inflation|quarter_index,strict_loan_other_advances_qoq,2,0.275358855827067,0.12549140500926653,0.029395702008904595,0.5213220096452293,117,control_sensitivity,tdc_residual_z,rolling_oos_standard_deviation,cumulative_sum_h0_to_h
lagged_macro_plus_trend,exploratory,lag_tdc_bank_only_qoq|lag_fedfunds|lag_unemployment|lag_inflation|quarter_index,strict_loan_other_advances_qoq,3,0.24106225022573133,0.147924229351986,-0.04886923930416118,0.5309937397556238,116,control_sensitivity,tdc_residual_z,rolling_oos_standard_deviation,cumulative_sum_h0_to_h
lagged_macro_plus_trend,exploratory,lag_tdc_bank_only_qoq|lag_fedfunds|lag_unemployment|lag_inflation|quarter_index,strict_loan_other_advances_qoq,4,0.16850132908869803,0.17431004014032278,-0.17314634958633462,0.5101490077637307,115,control_sensitivity,tdc_residual_z,rolling_oos_standard_deviation,cumulative_sum_h0_to_h
lagged_macro_plus_trend,exploratory,lag_tdc_bank_only_qoq|lag_fedfunds|lag_unemployment|lag_inflation|quarter_index,strict_loan_other_advances_qoq,5,0.05994402325563125,0.18236936356249672,-0.2974999293268623,0.4173879758381248,114,control_sensitivity,tdc_residual_z,rolling_oos_standard_deviation,cumulative_sum_h0_to_h
lagged_macro_plus_trend,exploratory,lag_tdc_bank_only_qoq|lag_fedfunds|lag_unemployment|lag_inflation|quarter_index,strict_loan_other_advances_qoq,6,0.1284749717023678,0.1882891118003328,-0.24057168742628451,0.4975216308310201,113,control_sensitivity,tdc_residual_z,rolling_oos_standard_deviation,cumulative_sum_h0_to_h
lagged_macro_plus_trend,exploratory,lag_tdc_bank_only_qoq|lag_fedfunds|lag_unemployment|lag_inflation|quarter_index,strict_loan_other_advances_qoq,7,0.13289997701110057,0.17625529664085635,-0.21256040440497787,0.478360358427179,112,control_sensitivity,tdc_residual_z,rolling_oos_standard_deviation,cumulative_sum_h0_to_h
lagged_macro_plus_trend,exploratory,lag_tdc_bank_only_qoq|lag_fedfunds|lag_unemployment|lag_inflation|quarter_index,strict_loan_other_advances_qoq,8,0.08488643232025132,0.17068594830492448,-0.24965802635740064,0.4194308909979033,111,control_sensitivity,tdc_residual_z,rolling_oos_standard_deviation,cumulative_sum_h0_to_h
lagged_macro_plus_trend,exploratory,lag_tdc_bank_only_qoq|lag_fedfunds|lag_unemployment|lag_inflation|quarter_index,strict_non_treasury_agency_gse_qoq,0,7.744006953323242,2.3147094193725546,3.207176491353035,12.28083741529345,119,control_sensitivity,tdc_residual_z,rolling_oos_standard_deviation,cumulative_sum_h0_to_h
lagged_macro_plus_trend,exploratory,lag_tdc_bank_only_qoq|lag_fedfunds|lag_unemployment|lag_inflation|quarter_index,strict_non_treasury_agency_gse_qoq,1,9.226222308459514,4.265542207865155,0.8657595810438092,17.58668503587522,118,control_sensitivity,tdc_residual_z,rolling_oos_standard_deviation,cumulative_sum_h0_to_h
lagged_macro_plus_trend,exploratory,lag_tdc_bank_only_qoq|lag_fedfunds|lag_unemployment|lag_inflation|quarter_index,strict_non_treasury_agency_gse_qoq,2,10.35235214396074,6.388108595970243,-2.1683407041409364,22.873044992062418,117,control_sensitivity,tdc_residual_z,rolling_oos_standard_deviation,cumulative_sum_h0_to_h
lagged_macro_plus_trend,exploratory,lag_tdc_bank_only_qoq|lag_fedfunds|lag_unemployment|lag_inflation|quarter_index,strict_non_treasury_agency_gse_qoq,3,10.595720875082346,9.073435718832823,-7.188213133829986,28.37965488399468,116,control_sensitivity,tdc_residual_z,rolling_oos_standard_deviation,cumulative_sum_h0_to_h
lagged_macro_plus_trend,exploratory,lag_tdc_bank_only_qoq|lag_fedfunds|lag_unemployment|lag_inflation|quarter_index,strict_non_treasury_agency_gse_qoq,4,17.294105318376666,12.559209030239732,-7.321944380893207,41.91015501764654,115,control_sensitivity,tdc_residual_z,rolling_oos_standard_deviation,cumulative_sum_h0_to_h
lagged_macro_plus_trend,exploratory,lag_tdc_bank_only_qoq|lag_fedfunds|lag_unemployment|lag_inflation|quarter_index,strict_non_treasury_agency_gse_qoq,5,16.854954646376562,14.923070598239704,-12.394263726173257,46.10417301892638,114,control_sensitivity,tdc_residual_z,rolling_oos_standard_deviation,cumulative_sum_h0_to_h
lagged_macro_plus_trend,exploratory,lag_tdc_bank_only_qoq|lag_fedfunds|lag_unemployment|lag_inflation|quarter_index,strict_non_treasury_agency_gse_qoq,6,15.272578872946324,16.46266036149993,-16.99423543559353,47.53939318148618,113,control_sensitivity,tdc_residual_z,rolling_oos_standard_deviation,cumulative_sum_h0_to_h
lagged_macro_plus_trend,exploratory,lag_tdc_bank_only_qoq|lag_fedfunds|lag_unemployment|lag_inflation|quarter_index,strict_non_treasury_agency_gse_qoq,7,12.611468763022476,17.26176093923916,-21.22158267788628,46.44452020393123,112,control_sensitivity,tdc_residual_z,rolling_oos_standard_deviation,cumulative_sum_h0_to_h
lagged_macro_plus_trend,exploratory,lag_tdc_bank_only_qoq|lag_fedfunds|lag_unemployment|lag_inflation|quarter_index,strict_non_treasury_agency_gse_qoq,8,14.810968480385835,18.091739007552086,-20.64883997441625,50.270776935187925,111,control_sensitivity,tdc_residual_z,rolling_oos_standard_deviation,cumulative_sum_h0_to_h
lagged_macro_plus_trend,exploratory,lag_tdc_bank_only_qoq|lag_fedfunds|lag_unemployment|lag_inflation|quarter_index,strict_non_treasury_municipal_qoq,0,-0.4307849734371934,0.5404685598200135,-1.49010335068442,0.6285334038100332,119,control_sensitivity,tdc_residual_z,rolling_oos_standard_deviation,cumulative_sum_h0_to_h
lagged_macro_plus_trend,exploratory,lag_tdc_bank_only_qoq|lag_fedfunds|lag_unemployment|lag_inflation|quarter_index,strict_non_treasury_municipal_qoq,1,-0.37387987574509274,0.8482279997209206,-2.0364067551980973,1.2886470037079116,118,control_sensitivity,tdc_residual_z,rolling_oos_standard_deviation,cumulative_sum_h0_to_h
lagged_macro_plus_trend,exploratory,lag_tdc_bank_only_qoq|lag_fedfunds|lag_unemployment|lag_inflation|quarter_index,strict_non_treasury_municipal_qoq,2,-0.47389095231564893,1.1564786663791111,-2.7405891384187067,1.7928072337874088,117,control_sensitivity,tdc_residual_z,rolling_oos_standard_deviation,cumulative_sum_h0_to_h
lagged_macro_plus_trend,exploratory,lag_tdc_bank_only_qoq|lag_fedfunds|lag_unemployment|lag_inflation|quarter_index,strict_non_treasury_municipal_qoq,3,-0.18587287634424765,1.6298546252478807,-3.3803879418300937,3.0086421891415984,116,control_sensitivity,tdc_residual_z,rolling_oos_standard_deviation,cumulative_sum_h0_to_h
lagged_macro_plus_trend,exploratory,lag_tdc_bank_only_qoq|lag_fedfunds|lag_unemployment|lag_inflation|quarter_index,strict_non_treasury_municipal_qoq,4,0.0674100730419469,2.089650823505592,-4.028305541029013,4.163125687112908,115,control_sensitivity,tdc_residual_z,rolling_oos_standard_deviation,cumulative_sum_h0_to_h
lagged_macro_plus_trend,exploratory,lag_tdc_bank_only_qoq|lag_fedfunds|lag_unemployment|lag_inflation|quarter_index,strict_non_treasury_municipal_qoq,5,0.47042776581121526,2.476418828026461,-4.383353137120648,5.324208668743078,114,control_sensitivity,tdc_residual_z,rolling_oos_standard_deviation,cumulative_sum_h0_to_h
lagged_macro_plus_trend,exploratory,lag_tdc_bank_only_qoq|lag_fedfunds|lag_unemployment|lag_inflation|quarter_index,strict_non_treasury_municipal_qoq,6,0.5300901180151358,2.772349732075282,-4.903715356852417,5.963895592882689,113,control_sensitivity,tdc_residual_z,rolling_oos_standard_deviation,cumulative_sum_h0_to_h
lagged_macro_plus_trend,exploratory,lag_tdc_bank_only_qoq|lag_fedfunds|lag_unemployment|lag_inflation|quarter_index,strict_non_treasury_municipal_qoq,7,0.7238094955111696,2.982468994940305,-5.121829734571829,6.569448725594167,112,control_sensitivity,tdc_residual_z,rolling_oos_standard_deviation,cumulative_sum_h0_to_h
lagged_macro_plus_trend,exploratory,lag_tdc_bank_only_qoq|lag_fedfunds|lag_unemployment|lag_inflation|quarter_index,strict_non_treasury_municipal_qoq,8,0.6134313961300708,3.226378519487653,-5.710270502065729,6.93713329432587,111,control_sensitivity,tdc_residual_z,rolling_oos_standard_deviation,cumulative_sum_h0_to_h
lagged_macro_plus_trend,exploratory,lag_tdc_bank_only_qoq|lag_fedfunds|lag_unemployment|lag_inflation|quarter_index,strict_non_treasury_corporate_foreign_bonds_qoq,0,2.3147091580668757,1.932941786545061,-1.473856743561444,6.1032750596951955,119,control_sensitivity,tdc_residual_z,rolling_oos_standard_deviation,cumulative_sum_h0_to_h
lagged_macro_plus_trend,exploratory,lag_tdc_bank_only_qoq|lag_fedfunds|lag_unemployment|lag_inflation|quarter_index,strict_non_treasury_corporate_foreign_bonds_qoq,1,4.14785888334025,2.5286458100654343,-0.8082869043880008,9.104004671068502,118,control_sensitivity,tdc_residual_z,rolling_oos_standard_deviation,cumulative_sum_h0_to_h
lagged_macro_plus_trend,exploratory,lag_tdc_bank_only_qoq|lag_fedfunds|lag_unemployment|lag_inflation|quarter_index,strict_non_treasury_corporate_foreign_bonds_qoq,2,7.504309557673751,3.1432434529898012,1.3435523898137403,13.665066725533762,117,control_sensitivity,tdc_residual_z,rolling_oos_standard_deviation,cumulative_sum_h0_to_h
lagged_macro_plus_trend,exploratory,lag_tdc_bank_only_qoq|lag_fedfunds|lag_unemployment|lag_inflation|quarter_index,strict_non_treasury_corporate_foreign_bonds_qoq,3,6.630812464285431,3.3579807785434874,0.049170138340196345,13.212454790230666,116,control_sensitivity,tdc_residual_z,rolling_oos_standard_deviation,cumulative_sum_h0_to_h
lagged_macro_plus_trend,exploratory,lag_tdc_bank_only_qoq|lag_fedfunds|lag_unemployment|lag_inflation|quarter_index,strict_non_treasury_corporate_foreign_bonds_qoq,4,8.184538275185893,4.856562083366525,-1.3343234082124944,17.70339995858428,115,control_sensitivity,tdc_residual_z,rolling_oos_standard_deviation,cumulative_sum_h0_to_h
lagged_macro_plus_trend,exploratory,lag_tdc_bank_only_qoq|lag_fedfunds|lag_unemployment|lag_inflation|quarter_index,strict_non_treasury_corporate_foreign_bonds_qoq,5,9.17966692901571,5.178488059688052,-0.970169667972872,19.32950352600429,114,control_sensitivity,tdc_residual_z,rolling_oos_standard_deviation,cumulative_sum_h0_to_h
lagged_macro_plus_trend,exploratory,lag_tdc_bank_only_qoq|lag_fedfunds|lag_unemployment|lag_inflation|quarter_index,strict_non_treasury_corporate_foreign_bonds_qoq,6,10.349763814729783,5.642979313528348,-0.710475639785777,21.410003269245344,113,control_sensitivity,tdc_residual_z,rolling_oos_standard_deviation,cumulative_sum_h0_to_h
lagged_macro_plus_trend,exploratory,lag_tdc_bank_only_qoq|lag_fedfunds|lag_unemployment|lag_inflation|quarter_index,strict_non_treasury_corporate_foreign_bonds_qoq,7,11.83182843501917,5.832796841415839,0.3995466258441258,23.264110244194214,112,control_sensitivity,tdc_residual_z,rolling_oos_standard_deviation,cumulative_sum_h0_to_h
lagged_macro_plus_trend,exploratory,lag_tdc_bank_only_qoq|lag_fedfunds|lag_unemployment|lag_inflation|quarter_index,strict_non_treasury_corporate_foreign_bonds_qoq,8,14.41799649735227,6.858853569474121,0.9746435011829924,27.861349493521548,111,control_sensitivity,tdc_residual_z,rolling_oos_standard_deviation,cumulative_sum_h0_to_h
lagged_macro_plus_trend,exploratory,lag_tdc_bank_only_qoq|lag_fedfunds|lag_unemployment|lag_inflation|quarter_index,strict_non_treasury_securities_qoq,0,10.627604375510693,3.726253014717298,3.3241484666647887,17.931060284356597,119,control_sensitivity,tdc_residual_z,rolling_oos_standard_deviation,cumulative_sum_h0_to_h
lagged_macro_plus_trend,exploratory,lag_tdc_bank_only_qoq|lag_fedfunds|lag_unemployment|lag_inflation|quarter_index,strict_non_treasury_securities_qoq,1,14.25920040806681,5.693589398362889,3.0997651872755494,25.41863562885807,118,control_sensitivity,tdc_residual_z,rolling_oos_standard_deviation,cumulative_sum_h0_to_h
lagged_macro_plus_trend,exploratory,lag_tdc_bank_only_qoq|lag_fedfunds|lag_unemployment|lag_inflation|quarter_index,strict_non_treasury_securities_qoq,2,18.94046318128309,8.648317909062754,1.9897600795200923,35.89116628304609,117,control_sensitivity,tdc_residual_z,rolling_oos_standard_deviation,cumulative_sum_h0_to_h
lagged_macro_plus_trend,exploratory,lag_tdc_bank_only_qoq|lag_fedfunds|lag_unemployment|lag_inflation|quarter_index,strict_non_treasury_securities_qoq,3,18.13632594514303,10.50435272980391,-2.4522054052726325,38.72485729555869,116,control_sensitivity,tdc_residual_z,rolling_oos_standard_deviation,cumulative_sum_h0_to_h
lagged_macro_plus_trend,exploratory,lag_tdc_bank_only_qoq|lag_fedfunds|lag_unemployment|lag_inflation|quarter_index,strict_non_treasury_securities_qoq,4,25.927064219415804,16.166499077015963,-5.759273971535482,57.61340241036709,115,control_sensitivity,tdc_residual_z,rolling_oos_standard_deviation,cumulative_sum_h0_to_h
lagged_macro_plus_trend,exploratory,lag_tdc_bank_only_qoq|lag_fedfunds|lag_unemployment|lag_inflation|quarter_index,strict_non_treasury_securities_qoq,5,26.738130268159203,19.480994474213833,-11.444618901299911,64.92087943761831,114,control_sensitivity,tdc_residual_z,rolling_oos_standard_deviation,cumulative_sum_h0_to_h
lagged_macro_plus_trend,exploratory,lag_tdc_bank_only_qoq|lag_fedfunds|lag_unemployment|lag_inflation|quarter_index,strict_non_treasury_securities_qoq,6,26.502494184531127,21.75986900220397,-16.146849059788654,69.15183742885091,113,control_sensitivity,tdc_residual_z,rolling_oos_standard_deviation,cumulative_sum_h0_to_h
lagged_macro_plus_trend,exploratory,lag_tdc_bank_only_qoq|lag_fedfunds|lag_unemployment|lag_inflation|quarter_index,strict_non_treasury_securities_qoq,7,25.280456987244236,22.76462743222112,-19.338212779909156,69.89912675439763,112,control_sensitivity,tdc_residual_z,rolling_oos_standard_deviation,cumulative_sum_h0_to_h
lagged_macro_plus_trend,exploratory,lag_tdc_bank_only_qoq|lag_fedfunds|lag_unemployment|lag_inflation|quarter_index,strict_non_treasury_securities_qoq,8,30.22420004069337,25.372399927357314,-19.505703816926967,79.9541038983137,111,control_sensitivity,tdc_residual_z,rolling_oos_standard_deviation,cumulative_sum_h0_to_h
lagged_macro_plus_trend,exploratory,lag_tdc_bank_only_qoq|lag_fedfunds|lag_unemployment|lag_inflation|quarter_index,strict_identifiable_total_qoq,0,-3.085981444940101,6.942815585253801,-16.69389999203755,10.521937102157349,119,control_sensitivity,tdc_residual_z,rolling_oos_standard_deviation,cumulative_sum_h0_to_h
lagged_macro_plus_trend,exploratory,lag_tdc_bank_only_qoq|lag_fedfunds|lag_unemployment|lag_inflation|quarter_index,strict_identifiable_total_qoq,1,-1.2640898623195085,10.425693782132349,-21.698449675298914,19.170269950659897,118,control_sensitivity,tdc_residual_z,rolling_oos_standard_deviation,cumulative_sum_h0_to_h
lagged_macro_plus_trend,exploratory,lag_tdc_bank_only_qoq|lag_fedfunds|lag_unemployment|lag_inflation|quarter_index,strict_identifiable_total_qoq,2,-9.13655585888159,13.141620102727853,-34.89413126022818,16.621019542465,117,control_sensitivity,tdc_residual_z,rolling_oos_standard_deviation,cumulative_sum_h0_to_h
lagged_macro_plus_trend,exploratory,lag_tdc_bank_only_qoq|lag_fedfunds|lag_unemployment|lag_inflation|quarter_index,strict_identifiable_total_qoq,3,2.3567207798290752,20.191548972938257,-37.21871520712991,41.93215676678806,116,control_sensitivity,tdc_residual_z,rolling_oos_standard_deviation,cumulative_sum_h0_to_h
lagged_macro_plus_trend,exploratory,lag_tdc_bank_only_qoq|lag_fedfunds|lag_unemployment|lag_inflation|quarter_index,strict_identifiable_total_qoq,4,1.6622328607332761,26.785461996532955,-50.83727265247131,54.161738373937865,115,control_sensitivity,tdc_residual_z,rolling_oos_standard_deviation,cumulative_sum_h0_to_h
lagged_macro_plus_trend,exploratory,lag_tdc_bank_only_qoq|lag_fedfunds|lag_unemployment|lag_inflation|quarter_index,strict_identifiable_total_qoq,5,6.205550796963841,34.249137378336336,-60.922758464575374,73.33386005850306,114,control_sensitivity,tdc_residual_z,rolling_oos_standard_deviation,cumulative_sum_h0_to_h
lagged_macro_plus_trend,exploratory,lag_tdc_bank_only_qoq|lag_fedfunds|lag_unemployment|lag_inflation|quarter_index,strict_identifiable_total_qoq,6,1.6171853986680276,37.77032518073655,-72.41265195557561,75.64702275291167,113,control_sensitivity,tdc_residual_z,rolling_oos_standard_deviation,cumulative_sum_h0_to_h
lagged_macro_plus_trend,exploratory,lag_tdc_bank_only_qoq|lag_fedfunds|lag_unemployment|lag_inflation|quarter_index,strict_identifiable_total_qoq,7,15.093321675127342,41.30635439155291,-65.86713293231635,96.05377628257104,112,control_sensitivity,tdc_residual_z,rolling_oos_standard_deviation,cumulative_sum_h0_to_h
lagged_macro_plus_trend,exploratory,lag_tdc_bank_only_qoq|lag_fedfunds|lag_unemployment|lag_inflation|quarter_index,strict_identifiable_total_qoq,8,9.1210373903982,44.64914049470695,-78.39127797922741,96.63335276002381,111,control_sensitivity,tdc_residual_z,rolling_oos_standard_deviation,cumulative_sum_h0_to_h
lagged_macro_plus_trend,exploratory,lag_tdc_bank_only_qoq|lag_fedfunds|lag_unemployment|lag_inflation|quarter_index,strict_identifiable_gap_qoq,0,-51.322025527136134,11.538240489157811,-73.93697688588544,-28.707074168386825,119,control_sensitivity,tdc_residual_z,rolling_oos_standard_deviation,cumulative_sum_h0_to_h
lagged_macro_plus_trend,exploratory,lag_tdc_bank_only_qoq|lag_fedfunds|lag_unemployment|lag_inflation|quarter_index,strict_identifiable_gap_qoq,1,-67.45837033348195,24.496736489043546,-115.4719738520073,-19.4447668149566,118,control_sensitivity,tdc_residual_z,rolling_oos_standard_deviation,cumulative_sum_h0_to_h
lagged_macro_plus_trend,exploratory,lag_tdc_bank_only_qoq|lag_fedfunds|lag_unemployment|lag_inflation|quarter_index,strict_identifiable_gap_qoq,2,-85.48148762543805,31.587323947238854,-147.3926425620262,-23.570332688849895,117,control_sensitivity,tdc_residual_z,rolling_oos_standard_deviation,cumulative_sum_h0_to_h
lagged_macro_plus_trend,exploratory,lag_tdc_bank_only_qoq|lag_fedfunds|lag_unemployment|lag_inflation|quarter_index,strict_identifiable_gap_qoq,3,-68.59433799179806,32.08636703871526,-131.48361738767997,-5.7050585959161495,116,control_sensitivity,tdc_residual_z,rolling_oos_standard_deviation,cumulative_sum_h0_to_h
lagged_macro_plus_trend,exploratory,lag_tdc_bank_only_qoq|lag_fedfunds|lag_unemployment|lag_inflation|quarter_index,strict_identifiable_gap_qoq,4,-74.16673543916656,29.271475968960694,-131.53882833832952,-16.7946425400036,115,control_sensitivity,tdc_residual_z,rolling_oos_standard_deviation,cumulative_sum_h0_to_h
lagged_macro_plus_trend,exploratory,lag_tdc_bank_only_qoq|lag_fedfunds|lag_unemployment|lag_inflation|quarter_index,strict_identifiable_gap_qoq,5,-97.71378721329086,33.373239498670905,-163.12533663068584,-32.30223779589588,114,control_sensitivity,tdc_residual_z,rolling_oos_standard_deviation,cumulative_sum_h0_to_h
lagged_macro_plus_trend,exploratory,lag_tdc_bank_only_qoq|lag_fedfunds|lag_unemployment|lag_inflation|quarter_index,strict_identifiable_gap_qoq,6,-131.35431954630835,40.98066168279625,-211.676416444589,-51.0322226480277,113,control_sensitivity,tdc_residual_z,rolling_oos_standard_deviation,cumulative_sum_h0_to_h
lagged_macro_plus_trend,exploratory,lag_tdc_bank_only_qoq|lag_fedfunds|lag_unemployment|lag_inflation|quarter_index,strict_identifiable_gap_qoq,7,-137.43833348083297,45.19521125777578,-226.0209475460735,-48.85571941559243,112,control_sensitivity,tdc_residual_z,rolling_oos_standard_deviation,cumulative_sum_h0_to_h
lagged_macro_plus_trend,exploratory,lag_tdc_bank_only_qoq|lag_fedfunds|lag_unemployment|lag_inflation|quarter_index,strict_identifiable_gap_qoq,8,-147.49626545756033,47.22381432767577,-240.05494153980482,-54.937589375315824,111,control_sensitivity,tdc_residual_z,rolling_oos_standard_deviation,cumulative_sum_h0_to_h
lagged_macro_plus_trend,exploratory,lag_tdc_bank_only_qoq|lag_fedfunds|lag_unemployment|lag_inflation|quarter_index,bank_credit_private_qoq,0,10.413445776392773,13.605656945147707,-16.253641836096733,37.08053338888228,64,control_sensitivity,tdc_residual_z,rolling_oos_standard_deviation,cumulative_sum_h0_to_h
lagged_macro_plus_trend,exploratory,lag_tdc_bank_only_qoq|lag_fedfunds|lag_unemployment|lag_inflation|quarter_index,bank_credit_private_qoq,1,11.354184832388754,16.251451816254768,-20.49866072747059,43.2070303922481,63,control_sensitivity,tdc_residual_z,rolling_oos_standard_deviation,cumulative_sum_h0_to_h
lagged_macro_plus_trend,exploratory,lag_tdc_bank_only_qoq|lag_fedfunds|lag_unemployment|lag_inflation|quarter_index,bank_credit_private_qoq,2,9.073256797112933,14.789882019577362,-19.914911961258696,38.06142555548456,62,control_sensitivity,tdc_residual_z,rolling_oos_standard_deviation,cumulative_sum_h0_to_h
lagged_macro_plus_trend,exploratory,lag_tdc_bank_only_qoq|lag_fedfunds|lag_unemployment|lag_inflation|quarter_index,bank_credit_private_qoq,3,22.956256953430284,15.826173019145521,-8.063042164094938,53.975556070955506,61,control_sensitivity,tdc_residual_z,rolling_oos_standard_deviation,cumulative_sum_h0_to_h
lagged_macro_plus_trend,exploratory,lag_tdc_bank_only_qoq|lag_fedfunds|lag_unemployment|lag_inflation|quarter_index,bank_credit_private_qoq,4,34.61653359411251,18.09400121074106,-0.8477087789399604,70.08077596716498,60,control_sensitivity,tdc_residual_z,rolling_oos_standard_deviation,cumulative_sum_h0_to_h
lagged_macro_plus_trend,exploratory,lag_tdc_bank_only_qoq|lag_fedfunds|lag_unemployment|lag_inflation|quarter_index,bank_credit_private_qoq,5,42.07886697370493,20.545437615670462,1.809809246990831,82.34792470041904,59,control_sensitivity,tdc_residual_z,rolling_oos_standard_deviation,cumulative_sum_h0_to_h
lagged_macro_plus_trend,exploratory,lag_tdc_bank_only_qoq|lag_fedfunds|lag_unemployment|lag_inflation|quarter_index,bank_credit_private_qoq,6,43.71417924151443,21.480362078742427,1.6126695671792746,85.81568891584959,58,control_sensitivity,tdc_residual_z,rolling_oos_standard_deviation,cumulative_sum_h0_to_h
lagged_macro_plus_trend,exploratory,lag_tdc_bank_only_qoq|lag_fedfunds|lag_unemployment|lag_inflation|quarter_index,bank_credit_private_qoq,7,51.21058797851708,26.228840971665743,-0.19794032594777633,102.61911628298193,57,control_sensitivity,tdc_residual_z,rolling_oos_standard_deviation,cumulative_sum_h0_to_h
lagged_macro_plus_trend,exploratory,lag_tdc_bank_only_qoq|lag_fedfunds|lag_unemployment|lag_inflation|quarter_index,bank_credit_private_qoq,8,49.230814353696985,29.994937073491588,-9.559262310346526,108.0208910177405,56,control_sensitivity,tdc_residual_z,rolling_oos_standard_deviation,cumulative_sum_h0_to_h
lagged_macro_plus_trend,exploratory,lag_tdc_bank_only_qoq|lag_fedfunds|lag_unemployment|lag_inflation|quarter_index,commercial_industrial_loans_qoq,0,-0.6127875835816297,5.326955666732748,-11.053620690377816,9.828045523214556,119,control_sensitivity,tdc_residual_z,rolling_oos_standard_deviation,cumulative_sum_h0_to_h
lagged_macro_plus_trend,exploratory,lag_tdc_bank_only_qoq|lag_fedfunds|lag_unemployment|lag_inflation|quarter_index,commercial_industrial_loans_qoq,1,-2.464699781054832,8.462651484844839,-19.051496691350717,14.122097129241052,118,control_sensitivity,tdc_residual_z,rolling_oos_standard_deviation,cumulative_sum_h0_to_h
lagged_macro_plus_trend,exploratory,lag_tdc_bank_only_qoq|lag_fedfunds|lag_unemployment|lag_inflation|quarter_index,commercial_industrial_loans_qoq,2,-13.7387892206397,7.535973864232927,-28.50929799453624,1.0317195532568366,117,control_sensitivity,tdc_residual_z,rolling_oos_standard_deviation,cumulative_sum_h0_to_h
lagged_macro_plus_trend,exploratory,lag_tdc_bank_only_qoq|lag_fedfunds|lag_unemployment|lag_inflation|quarter_index,commercial_industrial_loans_qoq,3,-13.319497079363856,7.416418973802393,-27.855678268016547,1.216684109288833,116,control_sensitivity,tdc_residual_z,rolling_oos_standard_deviation,cumulative_sum_h0_to_h
lagged_macro_plus_trend,exploratory,lag_tdc_bank_only_qoq|lag_fedfunds|lag_unemployment|lag_inflation|quarter_index,commercial_industrial_loans_qoq,4,-13.609855187638574,8.779679373969616,-30.81802676061902,3.5983163853418727,115,control_sensitivity,tdc_residual_z,rolling_oos_standard_deviation,cumulative_sum_h0_to_h
lagged_macro_plus_trend,exploratory,lag_tdc_bank_only_qoq|lag_fedfunds|lag_unemployment|lag_inflation|quarter_index,commercial_industrial_loans_qoq,5,-12.796652639816196,9.918179975200422,-32.23628539120902,6.642980111576632,114,control_sensitivity,tdc_residual_z,rolling_oos_standard_deviation,cumulative_sum_h0_to_h
lagged_macro_plus_trend,exploratory,lag_tdc_bank_only_qoq|lag_fedfunds|lag_unemployment|lag_inflation|quarter_index,commercial_industrial_loans_qoq,6,-18.183430151309974,10.988553629205464,-39.720995264552684,3.3541349619327363,113,control_sensitivity,tdc_residual_z,rolling_oos_standard_deviation,cumulative_sum_h0_to_h
lagged_macro_plus_trend,exploratory,lag_tdc_bank_only_qoq|lag_fedfunds|lag_unemployment|lag_inflation|quarter_index,commercial_industrial_loans_qoq,7,-13.80846593901111,11.609900833968998,-36.56387157359035,8.946939695568126,112,control_sensitivity,tdc_residual_z,rolling_oos_standard_deviation,cumulative_sum_h0_to_h
lagged_macro_plus_trend,exploratory,lag_tdc_bank_only_qoq|lag_fedfunds|lag_unemployment|lag_inflation|quarter_index,commercial_industrial_loans_qoq,8,-13.509812927181805,11.809435565249837,-36.65630663507149,9.636680780707874,111,control_sensitivity,tdc_residual_z,rolling_oos_standard_deviation,cumulative_sum_h0_to_h
lagged_macro_plus_trend,exploratory,lag_tdc_bank_only_qoq|lag_fedfunds|lag_unemployment|lag_inflation|quarter_index,construction_land_development_loans_qoq,0,0.07370547918140014,0.24351704357584744,-0.40358792622726086,0.5509988845900611,42,control_sensitivity,tdc_residual_z,rolling_oos_standard_deviation,cumulative_sum_h0_to_h
lagged_macro_plus_trend,exploratory,lag_tdc_bank_only_qoq|lag_fedfunds|lag_unemployment|lag_inflation|quarter_index,construction_land_development_loans_qoq,1,-0.697610200242521,0.5545893966120591,-1.7846054176021569,0.3893850171171148,41,control_sensitivity,tdc_residual_z,rolling_oos_standard_deviation,cumulative_sum_h0_to_h
lagged_macro_plus_trend,exploratory,lag_tdc_bank_only_qoq|lag_fedfunds|lag_unemployment|lag_inflation|quarter_index,construction_land_development_loans_qoq,2,-1.0074386400889435,0.6856471087217889,-2.35130697318365,0.33642969300576286,40,control_sensitivity,tdc_residual_z,rolling_oos_standard_deviation,cumulative_sum_h0_to_h
lagged_macro_plus_trend,exploratory,lag_tdc_bank_only_qoq|lag_fedfunds|lag_unemployment|lag_inflation|quarter_index,construction_land_development_loans_qoq,3,-1.7343055540874501,0.7627192885481585,-3.229235359641841,-0.23937574853305943,39,control_sensitivity,tdc_residual_z,rolling_oos_standard_deviation,cumulative_sum_h0_to_h
lagged_macro_plus_trend,exploratory,lag_tdc_bank_only_qoq|lag_fedfunds|lag_unemployment|lag_inflation|quarter_index,construction_land_development_loans_qoq,4,-1.7190291059649896,0.8174808939761881,-3.321291658158318,-0.11676655377166112,38,control_sensitivity,tdc_residual_z,rolling_oos_standard_deviation,cumulative_sum_h0_to_h
lagged_macro_plus_trend,exploratory,lag_tdc_bank_only_qoq|lag_fedfunds|lag_unemployment|lag_inflation|quarter_index,construction_land_development_loans_qoq,5,-1.2875703764992785,0.6393947558387225,-2.540784097943175,-0.034356655055382435,37,control_sensitivity,tdc_residual_z,rolling_oos_standard_deviation,cumulative_sum_h0_to_h
lagged_macro_plus_trend,exploratory,lag_tdc_bank_only_qoq|lag_fedfunds|lag_unemployment|lag_inflation|quarter_index,construction_land_development_loans_qoq,6,-0.5419655478459804,0.6072994421820546,-1.7322724545228072,0.6483413588308464,36,control_sensitivity,tdc_residual_z,rolling_oos_standard_deviation,cumulative_sum_h0_to_h
lagged_macro_plus_trend,exploratory,lag_tdc_bank_only_qoq|lag_fedfunds|lag_unemployment|lag_inflation|quarter_index,construction_land_development_loans_qoq,7,0.042226069065977256,0.7664641221929528,-1.46004361043221,1.5444957485641646,35,control_sensitivity,tdc_residual_z,rolling_oos_standard_deviation,cumulative_sum_h0_to_h
lagged_macro_plus_trend,exploratory,lag_tdc_bank_only_qoq|lag_fedfunds|lag_unemployment|lag_inflation|quarter_index,construction_land_development_loans_qoq,8,1.0394118964029548,0.7953528028032923,-0.519479597091498,2.5983033898974077,34,control_sensitivity,tdc_residual_z,rolling_oos_standard_deviation,cumulative_sum_h0_to_h
lagged_macro_plus_trend,exploratory,lag_tdc_bank_only_qoq|lag_fedfunds|lag_unemployment|lag_inflation|quarter_index,cre_multifamily_loans_qoq,0,-1.1222891516603328,0.6509431591496062,-2.398137743593561,0.15355944027289525,42,control_sensitivity,tdc_residual_z,rolling_oos_standard_deviation,cumulative_sum_h0_to_h
lagged_macro_plus_trend,exploratory,lag_tdc_bank_only_qoq|lag_fedfunds|lag_unemployment|lag_inflation|quarter_index,cre_multifamily_loans_qoq,1,-1.4744074672600822,0.8395666065885175,-3.1199580161735767,0.17114308165341208,41,control_sensitivity,tdc_residual_z,rolling_oos_standard_deviation,cumulative_sum_h0_to_h
lagged_macro_plus_trend,exploratory,lag_tdc_bank_only_qoq|lag_fedfunds|lag_unemployment|lag_inflation|quarter_index,cre_multifamily_loans_qoq,2,-4.214031281832485,0.869415373213531,-5.9180854133310055,-2.509977150333964,40,control_sensitivity,tdc_residual_z,rolling_oos_standard_deviation,cumulative_sum_h0_to_h
lagged_macro_plus_trend,exploratory,lag_tdc_bank_only_qoq|lag_fedfunds|lag_unemployment|lag_inflation|quarter_index,cre_multifamily_loans_qoq,3,-4.226421733281233,0.8252420376359241,-5.843896127047644,-2.608947339514822,39,control_sensitivity,tdc_residual_z,rolling_oos_standard_deviation,cumulative_sum_h0_to_h
lagged_macro_plus_trend,exploratory,lag_tdc_bank_only_qoq|lag_fedfunds|lag_unemployment|lag_inflation|quarter_index,cre_multifamily_loans_qoq,4,-4.479937286774677,1.0502824831943167,-6.538490953835538,-2.4213836197138168,38,control_sensitivity,tdc_residual_z,rolling_oos_standard_deviation,cumulative_sum_h0_to_h
lagged_macro_plus_trend,exploratory,lag_tdc_bank_only_qoq|lag_fedfunds|lag_unemployment|lag_inflation|quarter_index,cre_multifamily_loans_qoq,5,-1.292427813780204,1.2370628065714686,-3.7170709146602827,1.1322152870998745,37,control_sensitivity,tdc_residual_z,rolling_oos_standard_deviation,cumulative_sum_h0_to_h
lagged_macro_plus_trend,exploratory,lag_tdc_bank_only_qoq|lag_fedfunds|lag_unemployment|lag_inflation|quarter_index,cre_multifamily_loans_qoq,6,-0.8854852178083608,0.9761614860545684,-2.7987617304753147,1.0277912948585932,36,control_sensitivity,tdc_residual_z,rolling_oos_standard_deviation,cumulative_sum_h0_to_h
lagged_macro_plus_trend,exploratory,lag_tdc_bank_only_qoq|lag_fedfunds|lag_unemployment|lag_inflation|quarter_index,cre_multifamily_loans_qoq,7,1.7491315228180362,1.8396584571970709,-1.8565990532882228,5.354862098924295,35,control_sensitivity,tdc_residual_z,rolling_oos_standard_deviation,cumulative_sum_h0_to_h
lagged_macro_plus_trend,exploratory,lag_tdc_bank_only_qoq|lag_fedfunds|lag_unemployment|lag_inflation|quarter_index,cre_multifamily_loans_qoq,8,1.2878480494877387,1.0586351985360063,-0.7870769396428337,3.362773038618311,34,control_sensitivity,tdc_residual_z,rolling_oos_standard_deviation,cumulative_sum_h0_to_h
lagged_macro_plus_trend,exploratory,lag_tdc_bank_only_qoq|lag_fedfunds|lag_unemployment|lag_inflation|quarter_index,cre_nonfarm_nonresidential_loans_qoq,0,-0.7142096854361375,0.7571977129914409,-2.1983172028993616,0.7698978320270866,42,control_sensitivity,tdc_residual_z,rolling_oos_standard_deviation,cumulative_sum_h0_to_h
lagged_macro_plus_trend,exploratory,lag_tdc_bank_only_qoq|lag_fedfunds|lag_unemployment|lag_inflation|quarter_index,cre_nonfarm_nonresidential_loans_qoq,1,-1.58281389757851,0.967564566415128,-3.4792404477521606,0.3136126525951408,41,control_sensitivity,tdc_residual_z,rolling_oos_standard_deviation,cumulative_sum_h0_to_h
lagged_macro_plus_trend,exploratory,lag_tdc_bank_only_qoq|lag_fedfunds|lag_unemployment|lag_inflation|quarter_index,cre_nonfarm_nonresidential_loans_qoq,2,-2.7612622915628275,1.211462609235728,-5.135729005664855,-0.38679557746080073,40,control_sensitivity,tdc_residual_z,rolling_oos_standard_deviation,cumulative_sum_h0_to_h
lagged_macro_plus_trend,exploratory,lag_tdc_bank_only_qoq|lag_fedfunds|lag_unemployment|lag_inflation|quarter_index,cre_nonfarm_nonresidential_loans_qoq,3,-2.8494248800466107,1.4861653979754512,-5.762309060078495,0.06345929998527389,39,control_sensitivity,tdc_residual_z,rolling_oos_standard_deviation,cumulative_sum_h0_to_h
lagged_macro_plus_trend,exploratory,lag_tdc_bank_only_qoq|lag_fedfunds|lag_unemployment|lag_inflation|quarter_index,cre_nonfarm_nonresidential_loans_qoq,4,-2.6708484831023487,1.6086393392767688,-5.823781588084815,0.482084621880118,38,control_sensitivity,tdc_residual_z,rolling_oos_standard_deviation,cumulative_sum_h0_to_h
lagged_macro_plus_trend,exploratory,lag_tdc_bank_only_qoq|lag_fedfunds|lag_unemployment|lag_inflation|quarter_index,cre_nonfarm_nonresidential_loans_qoq,5,-0.34886138000263855,1.7351521413955449,-3.7497595771379064,3.0520368171326293,37,control_sensitivity,tdc_residual_z,rolling_oos_standard_deviation,cumulative_sum_h0_to_h
lagged_macro_plus_trend,exploratory,lag_tdc_bank_only_qoq|lag_fedfunds|lag_unemployment|lag_inflation|quarter_index,cre_nonfarm_nonresidential_loans_qoq,6,1.2174355932366332,1.7763485770023906,-2.264207617688052,4.699078804161319,36,control_sensitivity,tdc_residual_z,rolling_oos_standard_deviation,cumulative_sum_h0_to_h
lagged_macro_plus_trend,exploratory,lag_tdc_bank_only_qoq|lag_fedfunds|lag_unemployment|lag_inflation|quarter_index,cre_nonfarm_nonresidential_loans_qoq,7,3.352589676430064,1.9833632873358986,-0.5348023667482971,7.239981719608425,35,control_sensitivity,tdc_residual_z,rolling_oos_standard_deviation,cumulative_sum_h0_to_h
lagged_macro_plus_trend,exploratory,lag_tdc_bank_only_qoq|lag_fedfunds|lag_unemployment|lag_inflation|quarter_index,cre_nonfarm_nonresidential_loans_qoq,8,3.3847385788350906,1.9417718461164348,-0.4211342395531217,7.190611397223303,34,control_sensitivity,tdc_residual_z,rolling_oos_standard_deviation,cumulative_sum_h0_to_h
lagged_macro_plus_trend,exploratory,lag_tdc_bank_only_qoq|lag_fedfunds|lag_unemployment|lag_inflation|quarter_index,consumer_loans_qoq,0,-2.3836692051317323,1.4040191123135186,-5.135546665266229,0.36820825500276433,119,control_sensitivity,tdc_residual_z,rolling_oos_standard_deviation,cumulative_sum_h0_to_h
lagged_macro_plus_trend,exploratory,lag_tdc_bank_only_qoq|lag_fedfunds|lag_unemployment|lag_inflation|quarter_index,consumer_loans_qoq,1,-5.818234692011029,2.4011754884547325,-10.524538649382304,-1.1119307346397536,118,control_sensitivity,tdc_residual_z,rolling_oos_standard_deviation,cumulative_sum_h0_to_h
lagged_macro_plus_trend,exploratory,lag_tdc_bank_only_qoq|lag_fedfunds|lag_unemployment|lag_inflation|quarter_index,consumer_loans_qoq,2,-5.71923307549765,2.99643455212465,-11.592244797661962,0.1537786466666633,117,control_sensitivity,tdc_residual_z,rolling_oos_standard_deviation,cumulative_sum_h0_to_h
lagged_macro_plus_trend,exploratory,lag_tdc_bank_only_qoq|lag_fedfunds|lag_unemployment|lag_inflation|quarter_index,consumer_loans_qoq,3,-4.811818450893829,3.5071846208588404,-11.685900307777157,2.0622634059894986,116,control_sensitivity,tdc_residual_z,rolling_oos_standard_deviation,cumulative_sum_h0_to_h
lagged_macro_plus_trend,exploratory,lag_tdc_bank_only_qoq|lag_fedfunds|lag_unemployment|lag_inflation|quarter_index,consumer_loans_qoq,4,-0.43445709244751995,4.5188384937119785,-9.291380540122997,8.422466355227957,115,control_sensitivity,tdc_residual_z,rolling_oos_standard_deviation,cumulative_sum_h0_to_h
lagged_macro_plus_trend,exploratory,lag_tdc_bank_only_qoq|lag_fedfunds|lag_unemployment|lag_inflation|quarter_index,consumer_loans_qoq,5,4.5732786728806705,7.407940641629734,-9.946284984713609,19.09284233047495,114,control_sensitivity,tdc_residual_z,rolling_oos_standard_deviation,cumulative_sum_h0_to_h
lagged_macro_plus_trend,exploratory,lag_tdc_bank_only_qoq|lag_fedfunds|lag_unemployment|lag_inflation|quarter_index,consumer_loans_qoq,6,1.9972345174144612,5.945223019721684,-9.655402601240041,13.649871636068962,113,control_sensitivity,tdc_residual_z,rolling_oos_standard_deviation,cumulative_sum_h0_to_h
lagged_macro_plus_trend,exploratory,lag_tdc_bank_only_qoq|lag_fedfunds|lag_unemployment|lag_inflation|quarter_index,consumer_loans_qoq,7,2.136442769771832,5.762264649042456,-9.157595942351382,13.430481481895047,112,control_sensitivity,tdc_residual_z,rolling_oos_standard_deviation,cumulative_sum_h0_to_h
lagged_macro_plus_trend,exploratory,lag_tdc_bank_only_qoq|lag_fedfunds|lag_unemployment|lag_inflation|quarter_index,consumer_loans_qoq,8,2.0985054928619338,5.74309553007989,-9.15796174609465,13.354972731818517,111,control_sensitivity,tdc_residual_z,rolling_oos_standard_deviation,cumulative_sum_h0_to_h
lagged_macro_plus_trend,exploratory,lag_tdc_bank_only_qoq|lag_fedfunds|lag_unemployment|lag_inflation|quarter_index,credit_card_revolving_loans_qoq,0,-1.3257302095705503,1.2824280933855987,-3.8392892726063237,1.187828853465223,101,control_sensitivity,tdc_residual_z,rolling_oos_standard_deviation,cumulative_sum_h0_to_h
lagged_macro_plus_trend,exploratory,lag_tdc_bank_only_qoq|lag_fedfunds|lag_unemployment|lag_inflation|quarter_index,credit_card_revolving_loans_qoq,1,-5.70404673848337,2.442593053134961,-10.491529122627893,-0.9165643543388473,100,control_sensitivity,tdc_residual_z,rolling_oos_standard_deviation,cumulative_sum_h0_to_h
lagged_macro_plus_trend,exploratory,lag_tdc_bank_only_qoq|lag_fedfunds|lag_unemployment|lag_inflation|quarter_index,credit_card_revolving_loans_qoq,2,-5.302857930410174,2.85191601788466,-10.892613325464108,0.28689746464375965,99,control_sensitivity,tdc_residual_z,rolling_oos_standard_deviation,cumulative_sum_h0_to_h
lagged_macro_plus_trend,exploratory,lag_tdc_bank_only_qoq|lag_fedfunds|lag_unemployment|lag_inflation|quarter_index,credit_card_revolving_loans_qoq,3,-4.975388352109117,3.262422604781826,-11.369736657481496,1.4189599532632622,98,control_sensitivity,tdc_residual_z,rolling_oos_standard_deviation,cumulative_sum_h0_to_h
lagged_macro_plus_trend,exploratory,lag_tdc_bank_only_qoq|lag_fedfunds|lag_unemployment|lag_inflation|quarter_index,credit_card_revolving_loans_qoq,4,0.022902660838643563,4.701753681682699,-9.192534555259446,9.238339876936735,97,control_sensitivity,tdc_residual_z,rolling_oos_standard_deviation,cumulative_sum_h0_to_h
lagged_macro_plus_trend,exploratory,lag_tdc_bank_only_qoq|lag_fedfunds|lag_unemployment|lag_inflation|quarter_index,credit_card_revolving_loans_qoq,5,6.147008130859168,8.926188844112717,-11.348322003601757,23.64233826532009,96,control_sensitivity,tdc_residual_z,rolling_oos_standard_deviation,cumulative_sum_h0_to_h
lagged_macro_plus_trend,exploratory,lag_tdc_bank_only_qoq|lag_fedfunds|lag_unemployment|lag_inflation|quarter_index,credit_card_revolving_loans_qoq,6,3.063421179810477,7.038225791627033,-10.731501371778506,16.85834373139946,95,control_sensitivity,tdc_residual_z,rolling_oos_standard_deviation,cumulative_sum_h0_to_h
lagged_macro_plus_trend,exploratory,lag_tdc_bank_only_qoq|lag_fedfunds|lag_unemployment|lag_inflation|quarter_index,credit_card_revolving_loans_qoq,7,2.5243144423297377,6.765036738773352,-10.735157565666032,15.783786450325508,94,control_sensitivity,tdc_residual_z,rolling_oos_standard_deviation,cumulative_sum_h0_to_h
lagged_macro_plus_trend,exploratory,lag_tdc_bank_only_qoq|lag_fedfunds|lag_unemployment|lag_inflation|quarter_index,credit_card_revolving_loans_qoq,8,3.104337747819346,6.97753487754803,-10.571630612174793,16.780306107813484,93,control_sensitivity,tdc_residual_z,rolling_oos_standard_deviation,cumulative_sum_h0_to_h
lagged_macro_plus_trend,exploratory,lag_tdc_bank_only_qoq|lag_fedfunds|lag_unemployment|lag_inflation|quarter_index,auto_loans_qoq,0,0.10688457918973915,0.22587209452905693,-0.3358247260872124,0.5495938844666908,42,control_sensitivity,tdc_residual_z,rolling_oos_standard_deviation,cumulative_sum_h0_to_h
lagged_macro_plus_trend,exploratory,lag_tdc_bank_only_qoq|lag_fedfunds|lag_unemployment|lag_inflation|quarter_index,auto_loans_qoq,1,0.6738847253613534,0.6163423535199531,-0.5341462875377547,1.8819157382604614,41,control_sensitivity,tdc_residual_z,rolling_oos_standard_deviation,cumulative_sum_h0_to_h
lagged_macro_plus_trend,exploratory,lag_tdc_bank_only_qoq|lag_fedfunds|lag_unemployment|lag_inflation|quarter_index,auto_loans_qoq,2,1.8375348321219578,0.8769985614116041,0.11861765175521377,3.556452012488702,40,control_sensitivity,tdc_residual_z,rolling_oos_standard_deviation,cumulative_sum_h0_to_h
lagged_macro_plus_trend,exploratory,lag_tdc_bank_only_qoq|lag_fedfunds|lag_unemployment|lag_inflation|quarter_index,auto_loans_qoq,3,3.061969987093065,0.9317885165314502,1.2356644946914226,4.888275479494707,39,control_sensitivity,tdc_residual_z,rolling_oos_standard_deviation,cumulative_sum_h0_to_h
lagged_macro_plus_trend,exploratory,lag_tdc_bank_only_qoq|lag_fedfunds|lag_unemployment|lag_inflation|quarter_index,auto_loans_qoq,4,3.6606374004843296,1.1275316902768722,1.4506752875416602,5.870599513426999,38,control_sensitivity,tdc_residual_z,rolling_oos_standard_deviation,cumulative_sum_h0_to_h
lagged_macro_plus_trend,exploratory,lag_tdc_bank_only_qoq|lag_fedfunds|lag_unemployment|lag_inflation|quarter_index,auto_loans_qoq,5,4.529717033968291,1.3291206678197662,1.9246405250415495,7.134793542895032,37,control_sensitivity,tdc_residual_z,rolling_oos_standard_deviation,cumulative_sum_h0_to_h
lagged_macro_plus_trend,exploratory,lag_tdc_bank_only_qoq|lag_fedfunds|lag_unemployment|lag_inflation|quarter_index,auto_loans_qoq,6,4.9612555825803994,1.5295866298939151,1.963265787988326,7.959245377172473,36,control_sensitivity,tdc_residual_z,rolling_oos_standard_deviation,cumulative_sum_h0_to_h
lagged_macro_plus_trend,exploratory,lag_tdc_bank_only_qoq|lag_fedfunds|lag_unemployment|lag_inflation|quarter_index,auto_loans_qoq,7,5.845575907956189,1.7136396858734309,2.4868421236442644,9.204309692268113,35,control_sensitivity,tdc_residual_z,rolling_oos_standard_deviation,cumulative_sum_h0_to_h
lagged_macro_plus_trend,exploratory,lag_tdc_bank_only_qoq|lag_fedfunds|lag_unemployment|lag_inflation|quarter_index,auto_loans_qoq,8,6.399811377940077,1.7644955588071936,2.941400082677978,9.858222673202176,34,control_sensitivity,tdc_residual_z,rolling_oos_standard_deviation,cumulative_sum_h0_to_h
lagged_macro_plus_trend,exploratory,lag_tdc_bank_only_qoq|lag_fedfunds|lag_unemployment|lag_inflation|quarter_index,other_consumer_loans_qoq,0,-1.323449188532893,0.8545929290226602,-2.998451329417307,0.35155295235152084,101,control_sensitivity,tdc_residual_z,rolling_oos_standard_deviation,cumulative_sum_h0_to_h
lagged_macro_plus_trend,exploratory,lag_tdc_bank_only_qoq|lag_fedfunds|lag_unemployment|lag_inflation|quarter_index,other_consumer_loans_qoq,1,-1.4555094724576807,1.0703160428618677,-3.553328916466941,0.6423099715515797,100,control_sensitivity,tdc_residual_z,rolling_oos_standard_deviation,cumulative_sum_h0_to_h
lagged_macro_plus_trend,exploratory,lag_tdc_bank_only_qoq|lag_fedfunds|lag_unemployment|lag_inflation|quarter_index,other_consumer_loans_qoq,2,-1.3915865665263216,1.4794454003519113,-4.291299551216068,1.5081264181634246,99,control_sensitivity,tdc_residual_z,rolling_oos_standard_deviation,cumulative_sum_h0_to_h
lagged_macro_plus_trend,exploratory,lag_tdc_bank_only_qoq|lag_fedfunds|lag_unemployment|lag_inflation|quarter_index,other_consumer_loans_qoq,3,-0.5665182531020949,1.7452730753461194,-3.987253480780489,2.854216974576299,98,control_sensitivity,tdc_residual_z,rolling_oos_standard_deviation,cumulative_sum_h0_to_h
lagged_macro_plus_trend,exploratory,lag_tdc_bank_only_qoq|lag_fedfunds|lag_unemployment|lag_inflation|quarter_index,other_consumer_loans_qoq,4,-0.26968830430208257,1.987385693572116,-4.16496426370343,3.6255876550992645,97,control_sensitivity,tdc_residual_z,rolling_oos_standard_deviation,cumulative_sum_h0_to_h
lagged_macro_plus_trend,exploratory,lag_tdc_bank_only_qoq|lag_fedfunds|lag_unemployment|lag_inflation|quarter_index,other_consumer_loans_qoq,5,0.09725034867807958,2.316559987201874,-4.443207226237593,4.6377079235937515,96,control_sensitivity,tdc_residual_z,rolling_oos_standard_deviation,cumulative_sum_h0_to_h
lagged_macro_plus_trend,exploratory,lag_tdc_bank_only_qoq|lag_fedfunds|lag_unemployment|lag_inflation|quarter_index,other_consumer_loans_qoq,6,0.1865262959023335,2.4582074044068967,-4.631560216735184,5.004612808539851,95,control_sensitivity,tdc_residual_z,rolling_oos_standard_deviation,cumulative_sum_h0_to_h
lagged_macro_plus_trend,exploratory,lag_tdc_bank_only_qoq|lag_fedfunds|lag_unemployment|lag_inflation|quarter_index,other_consumer_loans_qoq,7,0.35936269473143323,2.8408221519501646,-5.2086487230908896,5.927374112553756,94,control_sensitivity,tdc_residual_z,rolling_oos_standard_deviation,cumulative_sum_h0_to_h
lagged_macro_plus_trend,exploratory,lag_tdc_bank_only_qoq|lag_fedfunds|lag_unemployment|lag_inflation|quarter_index,other_consumer_loans_qoq,8,-0.03213694001566303,3.1747937485665703,-6.254732687206141,6.190458807174815,93,control_sensitivity,tdc_residual_z,rolling_oos_standard_deviation,cumulative_sum_h0_to_h
lagged_macro_plus_trend,exploratory,lag_tdc_bank_only_qoq|lag_fedfunds|lag_unemployment|lag_inflation|quarter_index,heloc_loans_qoq,0,0.7135365986252806,0.4454940262609656,-0.15963169284621204,1.5867048900967733,119,control_sensitivity,tdc_residual_z,rolling_oos_standard_deviation,cumulative_sum_h0_to_h
lagged_macro_plus_trend,exploratory,lag_tdc_bank_only_qoq|lag_fedfunds|lag_unemployment|lag_inflation|quarter_index,heloc_loans_qoq,1,0.23774394780974162,0.4427927229840351,-0.6301297892389671,1.1056176848584505,118,control_sensitivity,tdc_residual_z,rolling_oos_standard_deviation,cumulative_sum_h0_to_h
lagged_macro_plus_trend,exploratory,lag_tdc_bank_only_qoq|lag_fedfunds|lag_unemployment|lag_inflation|quarter_index,heloc_loans_qoq,2,0.20886819145751878,0.8523359645175584,-1.4617102989968958,1.8794466819119333,117,control_sensitivity,tdc_residual_z,rolling_oos_standard_deviation,cumulative_sum_h0_to_h
lagged_macro_plus_trend,exploratory,lag_tdc_bank_only_qoq|lag_fedfunds|lag_unemployment|lag_inflation|quarter_index,heloc_loans_qoq,3,0.44868483676969495,1.3382958713207265,-2.174375071018929,3.071744744558319,116,control_sensitivity,tdc_residual_z,rolling_oos_standard_deviation,cumulative_sum_h0_to_h
lagged_macro_plus_trend,exploratory,lag_tdc_bank_only_qoq|lag_fedfunds|lag_unemployment|lag_inflation|quarter_index,heloc_loans_qoq,4,1.2868985405703812,1.5811059185161578,-1.812069059721288,4.385866140862051,115,control_sensitivity,tdc_residual_z,rolling_oos_standard_deviation,cumulative_sum_h0_to_h
lagged_macro_plus_trend,exploratory,lag_tdc_bank_only_qoq|lag_fedfunds|lag_unemployment|lag_inflation|quarter_index,heloc_loans_qoq,5,1.9061224747885679,1.9280593346117525,-1.872873821050467,5.685118770627603,114,control_sensitivity,tdc_residual_z,rolling_oos_standard_deviation,cumulative_sum_h0_to_h
lagged_macro_plus_trend,exploratory,lag_tdc_bank_only_qoq|lag_fedfunds|lag_unemployment|lag_inflation|quarter_index,heloc_loans_qoq,6,2.2320683631061295,2.3026006234775496,-2.2810288589098673,6.745165585122127,113,control_sensitivity,tdc_residual_z,rolling_oos_standard_deviation,cumulative_sum_h0_to_h
lagged_macro_plus_trend,exploratory,lag_tdc_bank_only_qoq|lag_fedfunds|lag_unemployment|lag_inflation|quarter_index,heloc_loans_qoq,7,3.0923287995379654,2.730157043192595,-2.258779005119521,8.443436604195451,112,control_sensitivity,tdc_residual_z,rolling_oos_standard_deviation,cumulative_sum_h0_to_h
lagged_macro_plus_trend,exploratory,lag_tdc_bank_only_qoq|lag_fedfunds|lag_unemployment|lag_inflation|quarter_index,heloc_loans_qoq,8,3.777532008401525,3.134241997608055,-2.365582306910263,9.920646323713314,111,control_sensitivity,tdc_residual_z,rolling_oos_standard_deviation,cumulative_sum_h0_to_h
lagged_macro_plus_trend,exploratory,lag_tdc_bank_only_qoq|lag_fedfunds|lag_unemployment|lag_inflation|quarter_index,closed_end_residential_loans_qoq,0,0.2748747827661175,2.3518497225882435,-4.33475067350684,4.884500239039075,85,control_sensitivity,tdc_residual_z,rolling_oos_standard_deviation,cumulative_sum_h0_to_h
lagged_macro_plus_trend,exploratory,lag_tdc_bank_only_qoq|lag_fedfunds|lag_unemployment|lag_inflation|quarter_index,closed_end_residential_loans_qoq,1,-0.42473554982507333,2.935887081802376,-6.179074230157731,5.329603130507584,84,control_sensitivity,tdc_residual_z,rolling_oos_standard_deviation,cumulative_sum_h0_to_h
lagged_macro_plus_trend,exploratory,lag_tdc_bank_only_qoq|lag_fedfunds|lag_unemployment|lag_inflation|quarter_index,closed_end_residential_loans_qoq,2,-3.0027785463522862,2.954429690718551,-8.793460740160647,2.7879036474560737,83,control_sensitivity,tdc_residual_z,rolling_oos_standard_deviation,cumulative_sum_h0_to_h
lagged_macro_plus_trend,exploratory,lag_tdc_bank_only_qoq|lag_fedfunds|lag_unemployment|lag_inflation|quarter_index,closed_end_residential_loans_qoq,3,-1.786532006542794,3.0211178838427317,-7.707923058874548,4.13485904578896,82,control_sensitivity,tdc_residual_z,rolling_oos_standard_deviation,cumulative_sum_h0_to_h
lagged_macro_plus_trend,exploratory,lag_tdc_bank_only_qoq|lag_fedfunds|lag_unemployment|lag_inflation|quarter_index,closed_end_residential_loans_qoq,4,1.2935459289798485,4.477835329172629,-7.483011316198504,10.070103174158202,81,control_sensitivity,tdc_residual_z,rolling_oos_standard_deviation,cumulative_sum_h0_to_h
lagged_macro_plus_trend,exploratory,lag_tdc_bank_only_qoq|lag_fedfunds|lag_unemployment|lag_inflation|quarter_index,closed_end_residential_loans_qoq,5,1.3989745223362817,5.220341524160978,-8.832894865019234,11.630843909691798,80,control_sensitivity,tdc_residual_z,rolling_oos_standard_deviation,cumulative_sum_h0_to_h
lagged_macro_plus_trend,exploratory,lag_tdc_bank_only_qoq|lag_fedfunds|lag_unemployment|lag_inflation|quarter_index,closed_end_residential_loans_qoq,6,0.5490954722590278,5.932423493691222,-11.078454575375767,12.176645519893823,79,control_sensitivity,tdc_residual_z,rolling_oos_standard_deviation,cumulative_sum_h0_to_h
lagged_macro_plus_trend,exploratory,lag_tdc_bank_only_qoq|lag_fedfunds|lag_unemployment|lag_inflation|quarter_index,closed_end_residential_loans_qoq,7,2.634555198419527,5.82999916195139,-8.792243159005197,14.061353555844251,78,control_sensitivity,tdc_residual_z,rolling_oos_standard_deviation,cumulative_sum_h0_to_h
lagged_macro_plus_trend,exploratory,lag_tdc_bank_only_qoq|lag_fedfunds|lag_unemployment|lag_inflation|quarter_index,closed_end_residential_loans_qoq,8,4.87224830510435,6.130887084897776,-7.144290381295292,16.88878699150399,77,control_sensitivity,tdc_residual_z,rolling_oos_standard_deviation,cumulative_sum_h0_to_h
lagged_macro_plus_trend,exploratory,lag_tdc_bank_only_qoq|lag_fedfunds|lag_unemployment|lag_inflation|quarter_index,loans_to_commercial_banks_qoq,0,0.16720792594480136,0.6129416267769239,-1.0341576625379694,1.3685735144275721,119,control_sensitivity,tdc_residual_z,rolling_oos_standard_deviation,cumulative_sum_h0_to_h
lagged_macro_plus_trend,exploratory,lag_tdc_bank_only_qoq|lag_fedfunds|lag_unemployment|lag_inflation|quarter_index,loans_to_commercial_banks_qoq,1,1.4934721587201656,0.94521732694,-0.35915380208223446,3.3460981195225656,118,control_sensitivity,tdc_residual_z,rolling_oos_standard_deviation,cumulative_sum_h0_to_h
lagged_macro_plus_trend,exploratory,lag_tdc_bank_only_qoq|lag_fedfunds|lag_unemployment|lag_inflation|quarter_index,loans_to_commercial_banks_qoq,2,0.9445029841582002,0.7344178928759634,-0.4949560858786879,2.3839620541950883,117,control_sensitivity,tdc_residual_z,rolling_oos_standard_deviation,cumulative_sum_h0_to_h
lagged_macro_plus_trend,exploratory,lag_tdc_bank_only_qoq|lag_fedfunds|lag_unemployment|lag_inflation|quarter_index,loans_to_commercial_banks_qoq,3,0.28345660417648905,0.8318441305983778,-1.3469578917963314,1.9138711001493094,116,control_sensitivity,tdc_residual_z,rolling_oos_standard_deviation,cumulative_sum_h0_to_h
lagged_macro_plus_trend,exploratory,lag_tdc_bank_only_qoq|lag_fedfunds|lag_unemployment|lag_inflation|quarter_index,loans_to_commercial_banks_qoq,4,-0.8675089614339607,0.6912418962663478,-2.2223430781160025,0.48732515524808095,115,control_sensitivity,tdc_residual_z,rolling_oos_standard_deviation,cumulative_sum_h0_to_h
lagged_macro_plus_trend,exploratory,lag_tdc_bank_only_qoq|lag_fedfunds|lag_unemployment|lag_inflation|quarter_index,loans_to_commercial_banks_qoq,5,-1.2339059478856984,0.9851537937986374,-3.164807383731028,0.696995487959631,114,control_sensitivity,tdc_residual_z,rolling_oos_standard_deviation,cumulative_sum_h0_to_h
lagged_macro_plus_trend,exploratory,lag_tdc_bank_only_qoq|lag_fedfunds|lag_unemployment|lag_inflation|quarter_index,loans_to_commercial_banks_qoq,6,-1.6532625884057532,0.9850237190164491,-3.5839090776779936,0.2773839008664871,113,control_sensitivity,tdc_residual_z,rolling_oos_standard_deviation,cumulative_sum_h0_to_h
lagged_macro_plus_trend,exploratory,lag_tdc_bank_only_qoq|lag_fedfunds|lag_unemployment|lag_inflation|quarter_index,loans_to_commercial_banks_qoq,7,-1.06522927682175,0.9210044607174389,-2.87039801982793,0.7399394661844303,112,control_sensitivity,tdc_residual_z,rolling_oos_standard_deviation,cumulative_sum_h0_to_h
lagged_macro_plus_trend,exploratory,lag_tdc_bank_only_qoq|lag_fedfunds|lag_unemployment|lag_inflation|quarter_index,loans_to_commercial_banks_qoq,8,-1.392607632013893,1.0529456396296344,-3.456381085687976,0.6711658216601906,111,control_sensitivity,tdc_residual_z,rolling_oos_standard_deviation,cumulative_sum_h0_to_h
lagged_macro_plus_trend,exploratory,lag_tdc_bank_only_qoq|lag_fedfunds|lag_unemployment|lag_inflation|quarter_index,loans_to_nondepository_financial_institutions_qoq,0,6.331543184659741,4.586871342166813,-2.6587246459872125,15.321811015306693,42,control_sensitivity,tdc_residual_z,rolling_oos_standard_deviation,cumulative_sum_h0_to_h
lagged_macro_plus_trend,exploratory,lag_tdc_bank_only_qoq|lag_fedfunds|lag_unemployment|lag_inflation|quarter_index,loans_to_nondepository_financial_institutions_qoq,1,8.633923339178356,4.731109603995763,-0.6390514846533382,17.906898163010048,41,control_sensitivity,tdc_residual_z,rolling_oos_standard_deviation,cumulative_sum_h0_to_h
lagged_macro_plus_trend,exploratory,lag_tdc_bank_only_qoq|lag_fedfunds|lag_unemployment|lag_inflation|quarter_index,loans_to_nondepository_financial_institutions_qoq,2,13.149763063333012,7.004024370789934,-0.5781247034152592,26.877650830081283,40,control_sensitivity,tdc_residual_z,rolling_oos_standard_deviation,cumulative_sum_h0_to_h
lagged_macro_plus_trend,exploratory,lag_tdc_bank_only_qoq|lag_fedfunds|lag_unemployment|lag_inflation|quarter_index,loans_to_nondepository_financial_institutions_qoq,3,13.464368969188488,7.438939029791318,-1.115951529202496,28.044689467579474,39,control_sensitivity,tdc_residual_z,rolling_oos_standard_deviation,cumulative_sum_h0_to_h
lagged_macro_plus_trend,exploratory,lag_tdc_bank_only_qoq|lag_fedfunds|lag_unemployment|lag_inflation|quarter_index,loans_to_nondepository_financial_institutions_qoq,4,10.666747671342982,6.014192331773091,-1.1210692989322766,22.45456464161824,38,control_sensitivity,tdc_residual_z,rolling_oos_standard_deviation,cumulative_sum_h0_to_h
lagged_macro_plus_trend,exploratory,lag_tdc_bank_only_qoq|lag_fedfunds|lag_unemployment|lag_inflation|quarter_index,loans_to_nondepository_financial_institutions_qoq,5,10.791259129317638,8.893122836059202,-6.639261629358398,28.221779887993673,37,control_sensitivity,tdc_residual_z,rolling_oos_standard_deviation,cumulative_sum_h0_to_h
lagged_macro_plus_trend,exploratory,lag_tdc_bank_only_qoq|lag_fedfunds|lag_unemployment|lag_inflation|quarter_index,loans_to_nondepository_financial_institutions_qoq,6,7.942817230293823,6.688616722856236,-5.1668715465043995,21.052506007092045,36,control_sensitivity,tdc_residual_z,rolling_oos_standard_deviation,cumulative_sum_h0_to_h
lagged_macro_plus_trend,exploratory,lag_tdc_bank_only_qoq|lag_fedfunds|lag_unemployment|lag_inflation|quarter_index,loans_to_nondepository_financial_institutions_qoq,7,6.822238250184197,4.960910802304458,-2.90114692233254,16.545623422700935,35,control_sensitivity,tdc_residual_z,rolling_oos_standard_deviation,cumulative_sum_h0_to_h
lagged_macro_plus_trend,exploratory,lag_tdc_bank_only_qoq|lag_fedfunds|lag_unemployment|lag_inflation|quarter_index,loans_to_nondepository_financial_institutions_qoq,8,3.1228857002372585,4.757478595296114,-6.201772346543123,12.44754374701764,34,control_sensitivity,tdc_residual_z,rolling_oos_standard_deviation,cumulative_sum_h0_to_h
lagged_macro_plus_trend,exploratory,lag_tdc_bank_only_qoq|lag_fedfunds|lag_unemployment|lag_inflation|quarter_index,loans_for_purchasing_or_carrying_securities_qoq,0,0.21240435255561319,0.6722981206745453,-1.1052999639664955,1.530108669077722,119,control_sensitivity,tdc_residual_z,rolling_oos_standard_deviation,cumulative_sum_h0_to_h
lagged_macro_plus_trend,exploratory,lag_tdc_bank_only_qoq|lag_fedfunds|lag_unemployment|lag_inflation|quarter_index,loans_for_purchasing_or_carrying_securities_qoq,1,0.8714598015516265,1.19690441006337,-1.4744728421725783,3.2173924452758316,118,control_sensitivity,tdc_residual_z,rolling_oos_standard_deviation,cumulative_sum_h0_to_h
lagged_macro_plus_trend,exploratory,lag_tdc_bank_only_qoq|lag_fedfunds|lag_unemployment|lag_inflation|quarter_index,loans_for_purchasing_or_carrying_securities_qoq,2,0.9973709382279005,1.238662727145473,-1.4304080069772267,3.4251498834330274,117,control_sensitivity,tdc_residual_z,rolling_oos_standard_deviation,cumulative_sum_h0_to_h
lagged_macro_plus_trend,exploratory,lag_tdc_bank_only_qoq|lag_fedfunds|lag_unemployment|lag_inflation|quarter_index,loans_for_purchasing_or_carrying_securities_qoq,3,1.889898942338796,1.6709539410745529,-1.3851707821673278,5.16496866684492,116,control_sensitivity,tdc_residual_z,rolling_oos_standard_deviation,cumulative_sum_h0_to_h
lagged_macro_plus_trend,exploratory,lag_tdc_bank_only_qoq|lag_fedfunds|lag_unemployment|lag_inflation|quarter_index,loans_for_purchasing_or_carrying_securities_qoq,4,2.9422777291023783,2.033787498827809,-1.0439457686001274,6.928501226804884,115,control_sensitivity,tdc_residual_z,rolling_oos_standard_deviation,cumulative_sum_h0_to_h
lagged_macro_plus_trend,exploratory,lag_tdc_bank_only_qoq|lag_fedfunds|lag_unemployment|lag_inflation|quarter_index,loans_for_purchasing_or_carrying_securities_qoq,5,2.5627522301924834,1.6927356675443488,-0.75500967819444,5.880514138579407,114,control_sensitivity,tdc_residual_z,rolling_oos_standard_deviation,cumulative_sum_h0_to_h
lagged_macro_plus_trend,exploratory,lag_tdc_bank_only_qoq|lag_fedfunds|lag_unemployment|lag_inflation|quarter_index,loans_for_purchasing_or_carrying_securities_qoq,6,0.833116348881803,1.4944787534522708,-2.0960620078846475,3.7622947056482534,113,control_sensitivity,tdc_residual_z,rolling_oos_standard_deviation,cumulative_sum_h0_to_h
lagged_macro_plus_trend,exploratory,lag_tdc_bank_only_qoq|lag_fedfunds|lag_unemployment|lag_inflation|quarter_index,loans_for_purchasing_or_carrying_securities_qoq,7,0.8374017041371962,1.52463976097773,-2.1508922273791544,3.825695635653547,112,control_sensitivity,tdc_residual_z,rolling_oos_standard_deviation,cumulative_sum_h0_to_h
lagged_macro_plus_trend,exploratory,lag_tdc_bank_only_qoq|lag_fedfunds|lag_unemployment|lag_inflation|quarter_index,loans_for_purchasing_or_carrying_securities_qoq,8,-0.041723037914507266,1.472771675917024,-2.928355522711874,2.8449094468828595,111,control_sensitivity,tdc_residual_z,rolling_oos_standard_deviation,cumulative_sum_h0_to_h
lagged_macro_plus_trend,exploratory,lag_tdc_bank_only_qoq|lag_fedfunds|lag_unemployment|lag_inflation|quarter_index,treasury_securities_bank_qoq,0,2.285258175976596,1.4908365867969269,-0.6367815341453804,5.207297886098573,119,control_sensitivity,tdc_residual_z,rolling_oos_standard_deviation,cumulative_sum_h0_to_h
lagged_macro_plus_trend,exploratory,lag_tdc_bank_only_qoq|lag_fedfunds|lag_unemployment|lag_inflation|quarter_index,treasury_securities_bank_qoq,1,7.53264753143195,3.297673540842058,1.069207391381516,13.996087671482384,118,control_sensitivity,tdc_residual_z,rolling_oos_standard_deviation,cumulative_sum_h0_to_h
lagged_macro_plus_trend,exploratory,lag_tdc_bank_only_qoq|lag_fedfunds|lag_unemployment|lag_inflation|quarter_index,treasury_securities_bank_qoq,2,11.589472915942784,4.876227194157119,2.03206761539483,21.146878216490737,117,control_sensitivity,tdc_residual_z,rolling_oos_standard_deviation,cumulative_sum_h0_to_h
lagged_macro_plus_trend,exploratory,lag_tdc_bank_only_qoq|lag_fedfunds|lag_unemployment|lag_inflation|quarter_index,treasury_securities_bank_qoq,3,15.156593470402996,7.316113667984701,0.8170106811529827,29.49617625965301,116,control_sensitivity,tdc_residual_z,rolling_oos_standard_deviation,cumulative_sum_h0_to_h
lagged_macro_plus_trend,exploratory,lag_tdc_bank_only_qoq|lag_fedfunds|lag_unemployment|lag_inflation|quarter_index,treasury_securities_bank_qoq,4,16.490771829962952,7.138335070423361,2.4996350919331647,30.48190856799274,115,control_sensitivity,tdc_residual_z,rolling_oos_standard_deviation,cumulative_sum_h0_to_h
lagged_macro_plus_trend,exploratory,lag_tdc_bank_only_qoq|lag_fedfunds|lag_unemployment|lag_inflation|quarter_index,treasury_securities_bank_qoq,5,18.210567703755594,7.662198362827514,3.192658912613666,33.22847649489752,114,control_sensitivity,tdc_residual_z,rolling_oos_standard_deviation,cumulative_sum_h0_to_h
lagged_macro_plus_trend,exploratory,lag_tdc_bank_only_qoq|lag_fedfunds|lag_unemployment|lag_inflation|quarter_index,treasury_securities_bank_qoq,6,16.081670064865058,7.550522780668556,1.282645414754688,30.880694714975427,113,control_sensitivity,tdc_residual_z,rolling_oos_standard_deviation,cumulative_sum_h0_to_h
lagged_macro_plus_trend,exploratory,lag_tdc_bank_only_qoq|lag_fedfunds|lag_unemployment|lag_inflation|quarter_index,treasury_securities_bank_qoq,7,16.549101245447726,8.961933674318036,-1.0162887562156229,34.114491247111076,112,control_sensitivity,tdc_residual_z,rolling_oos_standard_deviation,cumulative_sum_h0_to_h
lagged_macro_plus_trend,exploratory,lag_tdc_bank_only_qoq|lag_fedfunds|lag_unemployment|lag_inflation|quarter_index,treasury_securities_bank_qoq,8,13.15643964198011,9.708779590681287,-5.872768355755213,32.185647639715434,111,control_sensitivity,tdc_residual_z,rolling_oos_standard_deviation,cumulative_sum_h0_to_h
lagged_macro_plus_trend,exploratory,lag_tdc_bank_only_qoq|lag_fedfunds|lag_unemployment|lag_inflation|quarter_index,agency_gse_backed_securities_bank_qoq,0,10.620597716998233,3.306186396209786,4.1404723804270525,17.100723053569414,119,control_sensitivity,tdc_residual_z,rolling_oos_standard_deviation,cumulative_sum_h0_to_h
lagged_macro_plus_trend,exploratory,lag_tdc_bank_only_qoq|lag_fedfunds|lag_unemployment|lag_inflation|quarter_index,agency_gse_backed_securities_bank_qoq,1,13.825323776902472,6.18383201461938,1.7050130282484872,25.945634525556457,118,control_sensitivity,tdc_residual_z,rolling_oos_standard_deviation,cumulative_sum_h0_to_h
lagged_macro_plus_trend,exploratory,lag_tdc_bank_only_qoq|lag_fedfunds|lag_unemployment|lag_inflation|quarter_index,agency_gse_backed_securities_bank_qoq,2,14.711418523662653,8.064920866357244,-1.0958263743975465,30.518663421722852,117,control_sensitivity,tdc_residual_z,rolling_oos_standard_deviation,cumulative_sum_h0_to_h
lagged_macro_plus_trend,exploratory,lag_tdc_bank_only_qoq|lag_fedfunds|lag_unemployment|lag_inflation|quarter_index,agency_gse_backed_securities_bank_qoq,3,13.97464097000756,10.822751759389874,-7.237952478396593,35.18723441841171,116,control_sensitivity,tdc_residual_z,rolling_oos_standard_deviation,cumulative_sum_h0_to_h
lagged_macro_plus_trend,exploratory,lag_tdc_bank_only_qoq|lag_fedfunds|lag_unemployment|lag_inflation|quarter_index,agency_gse_backed_securities_bank_qoq,4,13.245406907763622,13.213691679590825,-12.653428784234395,39.14424259976164,115,control_sensitivity,tdc_residual_z,rolling_oos_standard_deviation,cumulative_sum_h0_to_h
lagged_macro_plus_trend,exploratory,lag_tdc_bank_only_qoq|lag_fedfunds|lag_unemployment|lag_inflation|quarter_index,agency_gse_backed_securities_bank_qoq,5,10.38979903730152,16.065293260007827,-21.09817575231382,41.87777382691686,114,control_sensitivity,tdc_residual_z,rolling_oos_standard_deviation,cumulative_sum_h0_to_h
lagged_macro_plus_trend,exploratory,lag_tdc_bank_only_qoq|lag_fedfunds|lag_unemployment|lag_inflation|quarter_index,agency_gse_backed_securities_bank_qoq,6,9.023153609544822,17.941918506987506,-26.14300666415069,44.18931388324033,113,control_sensitivity,tdc_residual_z,rolling_oos_standard_deviation,cumulative_sum_h0_to_h
lagged_macro_plus_trend,exploratory,lag_tdc_bank_only_qoq|lag_fedfunds|lag_unemployment|lag_inflation|quarter_index,agency_gse_backed_securities_bank_qoq,7,6.3231583138599365,18.502397962599808,-29.941541692835692,42.58785832055556,112,control_sensitivity,tdc_residual_z,rolling_oos_standard_deviation,cumulative_sum_h0_to_h
lagged_macro_plus_trend,exploratory,lag_tdc_bank_only_qoq|lag_fedfunds|lag_unemployment|lag_inflation|quarter_index,agency_gse_backed_securities_bank_qoq,8,5.328750491235164,17.96019738469311,-29.87323638276333,40.530737365233655,111,control_sensitivity,tdc_residual_z,rolling_oos_standard_deviation,cumulative_sum_h0_to_h
lagged_macro_plus_trend,exploratory,lag_tdc_bank_only_qoq|lag_fedfunds|lag_unemployment|lag_inflation|quarter_index,municipal_securities_bank_qoq,0,-0.26812576369444546,0.5549543759135742,-1.3558363404850509,0.81958481309616,119,control_sensitivity,tdc_residual_z,rolling_oos_standard_deviation,cumulative_sum_h0_to_h
lagged_macro_plus_trend,exploratory,lag_tdc_bank_only_qoq|lag_fedfunds|lag_unemployment|lag_inflation|quarter_index,municipal_securities_bank_qoq,1,0.13299863214671848,1.0255294356239484,-1.8770390616762203,2.143036325969657,118,control_sensitivity,tdc_residual_z,rolling_oos_standard_deviation,cumulative_sum_h0_to_h
lagged_macro_plus_trend,exploratory,lag_tdc_bank_only_qoq|lag_fedfunds|lag_unemployment|lag_inflation|quarter_index,municipal_securities_bank_qoq,2,-0.008939845042040817,1.3200856352691785,-2.596307690169631,2.578428000085549,117,control_sensitivity,tdc_residual_z,rolling_oos_standard_deviation,cumulative_sum_h0_to_h
lagged_macro_plus_trend,exploratory,lag_tdc_bank_only_qoq|lag_fedfunds|lag_unemployment|lag_inflation|quarter_index,municipal_securities_bank_qoq,3,0.1540500751439926,1.8267771786090012,-3.4264331949296496,3.734533345217635,116,control_sensitivity,tdc_residual_z,rolling_oos_standard_deviation,cumulative_sum_h0_to_h
lagged_macro_plus_trend,exploratory,lag_tdc_bank_only_qoq|lag_fedfunds|lag_unemployment|lag_inflation|quarter_index,municipal_securities_bank_qoq,4,-0.692543017259095,2.0303938135510893,-4.67211489181923,3.28702885730104,115,control_sensitivity,tdc_residual_z,rolling_oos_standard_deviation,cumulative_sum_h0_to_h
lagged_macro_plus_trend,exploratory,lag_tdc_bank_only_qoq|lag_fedfunds|lag_unemployment|lag_inflation|quarter_index,municipal_securities_bank_qoq,5,-0.5548210704855863,2.39143440884286,-5.242032511817591,4.132390370846419,114,control_sensitivity,tdc_residual_z,rolling_oos_standard_deviation,cumulative_sum_h0_to_h
lagged_macro_plus_trend,exploratory,lag_tdc_bank_only_qoq|lag_fedfunds|lag_unemployment|lag_inflation|quarter_index,municipal_securities_bank_qoq,6,-0.41561873051479425,2.738744215362517,-5.783557392625328,4.95231993159574,113,control_sensitivity,tdc_residual_z,rolling_oos_standard_deviation,cumulative_sum_h0_to_h
lagged_macro_plus_trend,exploratory,lag_tdc_bank_only_qoq|lag_fedfunds|lag_unemployment|lag_inflation|quarter_index,municipal_securities_bank_qoq,7,0.09958856379356629,3.06061640334435,-5.899219586761359,6.098396714348492,112,control_sensitivity,tdc_residual_z,rolling_oos_standard_deviation,cumulative_sum_h0_to_h
lagged_macro_plus_trend,exploratory,lag_tdc_bank_only_qoq|lag_fedfunds|lag_unemployment|lag_inflation|quarter_index,municipal_securities_bank_qoq,8,-0.4743009438842818,3.0639139895088476,-6.479572363321623,5.53097047555306,111,control_sensitivity,tdc_residual_z,rolling_oos_standard_deviation,cumulative_sum_h0_to_h
lagged_macro_plus_trend,exploratory,lag_tdc_bank_only_qoq|lag_fedfunds|lag_unemployment|lag_inflation|quarter_index,corporate_foreign_bonds_bank_qoq,0,2.2873167440551816,2.025593899632116,-1.682847299223766,6.25748078733413,119,control_sensitivity,tdc_residual_z,rolling_oos_standard_deviation,cumulative_sum_h0_to_h
lagged_macro_plus_trend,exploratory,lag_tdc_bank_only_qoq|lag_fedfunds|lag_unemployment|lag_inflation|quarter_index,corporate_foreign_bonds_bank_qoq,1,4.184643431211634,2.579699180461695,-0.8715669624932882,9.240853824916556,118,control_sensitivity,tdc_residual_z,rolling_oos_standard_deviation,cumulative_sum_h0_to_h
lagged_macro_plus_trend,exploratory,lag_tdc_bank_only_qoq|lag_fedfunds|lag_unemployment|lag_inflation|quarter_index,corporate_foreign_bonds_bank_qoq,2,7.440920162906632,3.1794709654155255,1.2091570706922026,13.672683255121061,117,control_sensitivity,tdc_residual_z,rolling_oos_standard_deviation,cumulative_sum_h0_to_h
lagged_macro_plus_trend,exploratory,lag_tdc_bank_only_qoq|lag_fedfunds|lag_unemployment|lag_inflation|quarter_index,corporate_foreign_bonds_bank_qoq,3,6.3252703993969215,3.3557348792629615,-0.2519699639584827,12.902510762752325,116,control_sensitivity,tdc_residual_z,rolling_oos_standard_deviation,cumulative_sum_h0_to_h
lagged_macro_plus_trend,exploratory,lag_tdc_bank_only_qoq|lag_fedfunds|lag_unemployment|lag_inflation|quarter_index,corporate_foreign_bonds_bank_qoq,4,7.114879287736155,4.763522605419995,-2.2216250188870355,16.451383594359346,115,control_sensitivity,tdc_residual_z,rolling_oos_standard_deviation,cumulative_sum_h0_to_h
lagged_macro_plus_trend,exploratory,lag_tdc_bank_only_qoq|lag_fedfunds|lag_unemployment|lag_inflation|quarter_index,corporate_foreign_bonds_bank_qoq,5,7.567341185100064,5.104290345593125,-2.4370678922624602,17.571750262462587,114,control_sensitivity,tdc_residual_z,rolling_oos_standard_deviation,cumulative_sum_h0_to_h
lagged_macro_plus_trend,exploratory,lag_tdc_bank_only_qoq|lag_fedfunds|lag_unemployment|lag_inflation|quarter_index,corporate_foreign_bonds_bank_qoq,6,8.873920889394764,5.3624244161279515,-1.63643096621602,19.384272745005546,113,control_sensitivity,tdc_residual_z,rolling_oos_standard_deviation,cumulative_sum_h0_to_h
lagged_macro_plus_trend,exploratory,lag_tdc_bank_only_qoq|lag_fedfunds|lag_unemployment|lag_inflation|quarter_index,corporate_foreign_bonds_bank_qoq,7,10.356689349100312,5.570325198396684,-0.5611480397571889,21.274526737957814,112,control_sensitivity,tdc_residual_z,rolling_oos_standard_deviation,cumulative_sum_h0_to_h
lagged_macro_plus_trend,exploratory,lag_tdc_bank_only_qoq|lag_fedfunds|lag_unemployment|lag_inflation|quarter_index,corporate_foreign_bonds_bank_qoq,8,12.996787883618332,6.624425769005344,0.012913376367857055,25.980662390868808,111,control_sensitivity,tdc_residual_z,rolling_oos_standard_deviation,cumulative_sum_h0_to_h
lagged_macro_plus_trend,exploratory,lag_tdc_bank_only_qoq|lag_fedfunds|lag_unemployment|lag_inflation|quarter_index,fedfunds_repo_liabilities_bank_qoq,0,0.08560225244388608,1.5434773465928595,-2.9396133468781187,3.1108178517658907,119,control_sensitivity,tdc_residual_z,rolling_oos_standard_deviation,cumulative_sum_h0_to_h
lagged_macro_plus_trend,exploratory,lag_tdc_bank_only_qoq|lag_fedfunds|lag_unemployment|lag_inflation|quarter_index,fedfunds_repo_liabilities_bank_qoq,1,-1.3154746420477423,1.8920030407117332,-5.02380060184274,2.3928513177472546,118,control_sensitivity,tdc_residual_z,rolling_oos_standard_deviation,cumulative_sum_h0_to_h
lagged_macro_plus_trend,exploratory,lag_tdc_bank_only_qoq|lag_fedfunds|lag_unemployment|lag_inflation|quarter_index,fedfunds_repo_liabilities_bank_qoq,2,0.5964730928016486,2.029522706834399,-3.3813914125937736,4.57433759819707,117,control_sensitivity,tdc_residual_z,rolling_oos_standard_deviation,cumulative_sum_h0_to_h
lagged_macro_plus_trend,exploratory,lag_tdc_bank_only_qoq|lag_fedfunds|lag_unemployment|lag_inflation|quarter_index,fedfunds_repo_liabilities_bank_qoq,3,-1.3770656240519794,2.77061380504525,-6.807468681940669,4.05333743383671,116,control_sensitivity,tdc_residual_z,rolling_oos_standard_deviation,cumulative_sum_h0_to_h
lagged_macro_plus_trend,exploratory,lag_tdc_bank_only_qoq|lag_fedfunds|lag_unemployment|lag_inflation|quarter_index,fedfunds_repo_liabilities_bank_qoq,4,-1.8764539538059632,3.8867371449383,-9.494458757885031,5.741550850273105,115,control_sensitivity,tdc_residual_z,rolling_oos_standard_deviation,cumulative_sum_h0_to_h
lagged_macro_plus_trend,exploratory,lag_tdc_bank_only_qoq|lag_fedfunds|lag_unemployment|lag_inflation|quarter_index,fedfunds_repo_liabilities_bank_qoq,5,-0.13736426064427015,3.7636489502897668,-7.514116203212213,7.239387681923672,114,control_sensitivity,tdc_residual_z,rolling_oos_standard_deviation,cumulative_sum_h0_to_h
lagged_macro_plus_trend,exploratory,lag_tdc_bank_only_qoq|lag_fedfunds|lag_unemployment|lag_inflation|quarter_index,fedfunds_repo_liabilities_bank_qoq,6,2.6301040268240774,4.468737729919915,-6.128621923818955,11.388829977467111,113,control_sensitivity,tdc_residual_z,rolling_oos_standard_deviation,cumulative_sum_h0_to_h
lagged_macro_plus_trend,exploratory,lag_tdc_bank_only_qoq|lag_fedfunds|lag_unemployment|lag_inflation|quarter_index,fedfunds_repo_liabilities_bank_qoq,7,1.7803894611265607,4.611662421722483,-7.2584688854495045,10.819247807702626,112,control_sensitivity,tdc_residual_z,rolling_oos_standard_deviation,cumulative_sum_h0_to_h
lagged_macro_plus_trend,exploratory,lag_tdc_bank_only_qoq|lag_fedfunds|lag_unemployment|lag_inflation|quarter_index,fedfunds_repo_liabilities_bank_qoq,8,2.624967956575895,6.200013516194891,-9.52705853516609,14.77699444831788,111,control_sensitivity,tdc_residual_z,rolling_oos_standard_deviation,cumulative_sum_h0_to_h
lagged_macro_plus_trend,exploratory,lag_tdc_bank_only_qoq|lag_fedfunds|lag_unemployment|lag_inflation|quarter_index,commercial_bank_borrowings_qoq,0,6.921004943630779,4.770647834278971,-2.429464811556004,16.271474698817563,119,control_sensitivity,tdc_residual_z,rolling_oos_standard_deviation,cumulative_sum_h0_to_h
lagged_macro_plus_trend,exploratory,lag_tdc_bank_only_qoq|lag_fedfunds|lag_unemployment|lag_inflation|quarter_index,commercial_bank_borrowings_qoq,1,-1.4527201226501978,4.172592381591464,-9.631001190569467,6.725560945269071,118,control_sensitivity,tdc_residual_z,rolling_oos_standard_deviation,cumulative_sum_h0_to_h
lagged_macro_plus_trend,exploratory,lag_tdc_bank_only_qoq|lag_fedfunds|lag_unemployment|lag_inflation|quarter_index,commercial_bank_borrowings_qoq,2,-13.837652354440392,8.254511917126855,-30.016495712009025,2.341191003128243,117,control_sensitivity,tdc_residual_z,rolling_oos_standard_deviation,cumulative_sum_h0_to_h
lagged_macro_plus_trend,exploratory,lag_tdc_bank_only_qoq|lag_fedfunds|lag_unemployment|lag_inflation|quarter_index,commercial_bank_borrowings_qoq,3,-17.998893007979184,11.916035551866615,-41.354322689637755,5.356536673679383,116,control_sensitivity,tdc_residual_z,rolling_oos_standard_deviation,cumulative_sum_h0_to_h
lagged_macro_plus_trend,exploratory,lag_tdc_bank_only_qoq|lag_fedfunds|lag_unemployment|lag_inflation|quarter_index,commercial_bank_borrowings_qoq,4,-19.48031792869693,13.35122036118896,-45.64870983662729,6.68807397923343,115,control_sensitivity,tdc_residual_z,rolling_oos_standard_deviation,cumulative_sum_h0_to_h
lagged_macro_plus_trend,exploratory,lag_tdc_bank_only_qoq|lag_fedfunds|lag_unemployment|lag_inflation|quarter_index,commercial_bank_borrowings_qoq,5,-26.66025650058236,17.612278905170733,-61.180323154717,7.859810153552278,114,control_sensitivity,tdc_residual_z,rolling_oos_standard_deviation,cumulative_sum_h0_to_h
lagged_macro_plus_trend,exploratory,lag_tdc_bank_only_qoq|lag_fedfunds|lag_unemployment|lag_inflation|quarter_index,commercial_bank_borrowings_qoq,6,-14.05269932988996,19.802324628042065,-52.86525560085241,24.759856941072485,113,control_sensitivity,tdc_residual_z,rolling_oos_standard_deviation,cumulative_sum_h0_to_h
lagged_macro_plus_trend,exploratory,lag_tdc_bank_only_qoq|lag_fedfunds|lag_unemployment|lag_inflation|quarter_index,commercial_bank_borrowings_qoq,7,-7.273080160698289,20.699912135208848,-47.84490794570763,33.29874762431105,112,control_sensitivity,tdc_residual_z,rolling_oos_standard_deviation,cumulative_sum_h0_to_h
lagged_macro_plus_trend,exploratory,lag_tdc_bank_only_qoq|lag_fedfunds|lag_unemployment|lag_inflation|quarter_index,commercial_bank_borrowings_qoq,8,3.0307266717030217,26.817022326723322,-49.53063708867469,55.59209043208073,111,control_sensitivity,tdc_residual_z,rolling_oos_standard_deviation,cumulative_sum_h0_to_h
lagged_macro_plus_trend,exploratory,lag_tdc_bank_only_qoq|lag_fedfunds|lag_unemployment|lag_inflation|quarter_index,fed_borrowings_depository_institutions_qoq,0,2.1111822438737304,2.5365928616910915,-2.8605397650408086,7.0829042527882695,119,control_sensitivity,tdc_residual_z,rolling_oos_standard_deviation,cumulative_sum_h0_to_h
lagged_macro_plus_trend,exploratory,lag_tdc_bank_only_qoq|lag_fedfunds|lag_unemployment|lag_inflation|quarter_index,fed_borrowings_depository_institutions_qoq,1,-2.592724683353204,4.59020267309896,-11.589521922627165,6.404072555920758,118,control_sensitivity,tdc_residual_z,rolling_oos_standard_deviation,cumulative_sum_h0_to_h
lagged_macro_plus_trend,exploratory,lag_tdc_bank_only_qoq|lag_fedfunds|lag_unemployment|lag_inflation|quarter_index,fed_borrowings_depository_institutions_qoq,2,-8.221238442295949,7.724477072300608,-23.361213504005143,6.918736619413243,117,control_sensitivity,tdc_residual_z,rolling_oos_standard_deviation,cumulative_sum_h0_to_h
lagged_macro_plus_trend,exploratory,lag_tdc_bank_only_qoq|lag_fedfunds|lag_unemployment|lag_inflation|quarter_index,fed_borrowings_depository_institutions_qoq,3,-12.054858338391064,8.03862422988891,-27.810561828973327,3.7008451521911994,116,control_sensitivity,tdc_residual_z,rolling_oos_standard_deviation,cumulative_sum_h0_to_h
lagged_macro_plus_trend,exploratory,lag_tdc_bank_only_qoq|lag_fedfunds|lag_unemployment|lag_inflation|quarter_index,fed_borrowings_depository_institutions_qoq,4,-11.513574764367178,7.596727839516993,-26.403161329820485,3.376011801086129,115,control_sensitivity,tdc_residual_z,rolling_oos_standard_deviation,cumulative_sum_h0_to_h
lagged_macro_plus_trend,exploratory,lag_tdc_bank_only_qoq|lag_fedfunds|lag_unemployment|lag_inflation|quarter_index,fed_borrowings_depository_institutions_qoq,5,-10.658748463990902,7.050367412237965,-24.477468591977313,3.1599716639955098,114,control_sensitivity,tdc_residual_z,rolling_oos_standard_deviation,cumulative_sum_h0_to_h
lagged_macro_plus_trend,exploratory,lag_tdc_bank_only_qoq|lag_fedfunds|lag_unemployment|lag_inflation|quarter_index,fed_borrowings_depository_institutions_qoq,6,-7.138739882297565,6.543731834020063,-19.964454276976888,5.6869745123817586,113,control_sensitivity,tdc_residual_z,rolling_oos_standard_deviation,cumulative_sum_h0_to_h
lagged_macro_plus_trend,exploratory,lag_tdc_bank_only_qoq|lag_fedfunds|lag_unemployment|lag_inflation|quarter_index,fed_borrowings_depository_institutions_qoq,7,-2.566060612585592,7.845447105986239,-17.94313694031862,12.811015715147438,112,control_sensitivity,tdc_residual_z,rolling_oos_standard_deviation,cumulative_sum_h0_to_h
lagged_macro_plus_trend,exploratory,lag_tdc_bank_only_qoq|lag_fedfunds|lag_unemployment|lag_inflation|quarter_index,fed_borrowings_depository_institutions_qoq,8,5.262448549514557,9.878622875851834,-14.099652287155036,24.62454938618415,111,control_sensitivity,tdc_residual_z,rolling_oos_standard_deviation,cumulative_sum_h0_to_h
lagged_macro_plus_trend,exploratory,lag_tdc_bank_only_qoq|lag_fedfunds|lag_unemployment|lag_inflation|quarter_index,debt_securities_bank_liability_qoq,0,-0.8541268296740759,1.885463899054894,-4.549636071821668,2.841382412473516,119,control_sensitivity,tdc_residual_z,rolling_oos_standard_deviation,cumulative_sum_h0_to_h
lagged_macro_plus_trend,exploratory,lag_tdc_bank_only_qoq|lag_fedfunds|lag_unemployment|lag_inflation|quarter_index,debt_securities_bank_liability_qoq,1,-3.8811529561900895,4.1741053496866645,-12.062399441575952,4.300093529195774,118,control_sensitivity,tdc_residual_z,rolling_oos_standard_deviation,cumulative_sum_h0_to_h
lagged_macro_plus_trend,exploratory,lag_tdc_bank_only_qoq|lag_fedfunds|lag_unemployment|lag_inflation|quarter_index,debt_securities_bank_liability_qoq,2,-1.1182636711336562,4.942445482818388,-10.805456817457696,8.568929475190384,117,control_sensitivity,tdc_residual_z,rolling_oos_standard_deviation,cumulative_sum_h0_to_h
lagged_macro_plus_trend,exploratory,lag_tdc_bank_only_qoq|lag_fedfunds|lag_unemployment|lag_inflation|quarter_index,debt_securities_bank_liability_qoq,3,0.3033464181027279,5.191139132686545,-9.871286281962899,10.477979118168356,116,control_sensitivity,tdc_residual_z,rolling_oos_standard_deviation,cumulative_sum_h0_to_h
lagged_macro_plus_trend,exploratory,lag_tdc_bank_only_qoq|lag_fedfunds|lag_unemployment|lag_inflation|quarter_index,debt_securities_bank_liability_qoq,4,7.827388534834473,6.553879510249418,-5.018215305254387,20.672992374923332,115,control_sensitivity,tdc_residual_z,rolling_oos_standard_deviation,cumulative_sum_h0_to_h
lagged_macro_plus_trend,exploratory,lag_tdc_bank_only_qoq|lag_fedfunds|lag_unemployment|lag_inflation|quarter_index,debt_securities_bank_liability_qoq,5,16.088522769929632,11.50173797890635,-6.454883668726815,38.63192920858608,114,control_sensitivity,tdc_residual_z,rolling_oos_standard_deviation,cumulative_sum_h0_to_h
lagged_macro_plus_trend,exploratory,lag_tdc_bank_only_qoq|lag_fedfunds|lag_unemployment|lag_inflation|quarter_index,debt_securities_bank_liability_qoq,6,12.080274036600025,9.807028294279911,-7.141501420188602,31.30204949338865,113,control_sensitivity,tdc_residual_z,rolling_oos_standard_deviation,cumulative_sum_h0_to_h
lagged_macro_plus_trend,exploratory,lag_tdc_bank_only_qoq|lag_fedfunds|lag_unemployment|lag_inflation|quarter_index,debt_securities_bank_liability_qoq,7,8.37197624220975,9.068618510389001,-9.402516038152692,26.146468522572192,112,control_sensitivity,tdc_residual_z,rolling_oos_standard_deviation,cumulative_sum_h0_to_h
lagged_macro_plus_trend,exploratory,lag_tdc_bank_only_qoq|lag_fedfunds|lag_unemployment|lag_inflation|quarter_index,debt_securities_bank_liability_qoq,8,5.79959138657518,9.018314272650665,-11.876304587820123,23.475487360970483,111,control_sensitivity,tdc_residual_z,rolling_oos_standard_deviation,cumulative_sum_h0_to_h
lagged_macro_plus_trend,exploratory,lag_tdc_bank_only_qoq|lag_fedfunds|lag_unemployment|lag_inflation|quarter_index,fhlb_advances_sallie_mae_loans_bank_qoq,0,-5.027938699335101,3.1360374348904085,-11.174572071720302,1.1186946730500997,119,control_sensitivity,tdc_residual_z,rolling_oos_standard_deviation,cumulative_sum_h0_to_h
lagged_macro_plus_trend,exploratory,lag_tdc_bank_only_qoq|lag_fedfunds|lag_unemployment|lag_inflation|quarter_index,fhlb_advances_sallie_mae_loans_bank_qoq,1,-9.835650213300852,3.561585759389748,-16.81635830170476,-2.8549421248969455,118,control_sensitivity,tdc_residual_z,rolling_oos_standard_deviation,cumulative_sum_h0_to_h
lagged_macro_plus_trend,exploratory,lag_tdc_bank_only_qoq|lag_fedfunds|lag_unemployment|lag_inflation|quarter_index,fhlb_advances_sallie_mae_loans_bank_qoq,2,-14.990491592996513,4.868235461641891,-24.53223309781462,-5.4487500881784054,117,control_sensitivity,tdc_residual_z,rolling_oos_standard_deviation,cumulative_sum_h0_to_h
lagged_macro_plus_trend,exploratory,lag_tdc_bank_only_qoq|lag_fedfunds|lag_unemployment|lag_inflation|quarter_index,fhlb_advances_sallie_mae_loans_bank_qoq,3,-13.703450966178238,6.814907697587222,-27.060670053449194,-0.34623187890728424,116,control_sensitivity,tdc_residual_z,rolling_oos_standard_deviation,cumulative_sum_h0_to_h
lagged_macro_plus_trend,exploratory,lag_tdc_bank_only_qoq|lag_fedfunds|lag_unemployment|lag_inflation|quarter_index,fhlb_advances_sallie_mae_loans_bank_qoq,4,-16.476730141563095,7.933495142793044,-32.02638062143746,-0.9270796616887296,115,control_sensitivity,tdc_residual_z,rolling_oos_standard_deviation,cumulative_sum_h0_to_h
lagged_macro_plus_trend,exploratory,lag_tdc_bank_only_qoq|lag_fedfunds|lag_unemployment|lag_inflation|quarter_index,fhlb_advances_sallie_mae_loans_bank_qoq,5,-14.38325869823403,9.54043382083961,-33.08250898707966,4.315991590611606,114,control_sensitivity,tdc_residual_z,rolling_oos_standard_deviation,cumulative_sum_h0_to_h
lagged_macro_plus_trend,exploratory,lag_tdc_bank_only_qoq|lag_fedfunds|lag_unemployment|lag_inflation|quarter_index,fhlb_advances_sallie_mae_loans_bank_qoq,6,-9.002034441594787,12.192248819645023,-32.898842128099034,14.894773244909459,113,control_sensitivity,tdc_residual_z,rolling_oos_standard_deviation,cumulative_sum_h0_to_h
lagged_macro_plus_trend,exploratory,lag_tdc_bank_only_qoq|lag_fedfunds|lag_unemployment|lag_inflation|quarter_index,fhlb_advances_sallie_mae_loans_bank_qoq,7,-5.1152656602716515,13.324041313831108,-31.230386635380626,20.99985531483732,112,control_sensitivity,tdc_residual_z,rolling_oos_standard_deviation,cumulative_sum_h0_to_h
lagged_macro_plus_trend,exploratory,lag_tdc_bank_only_qoq|lag_fedfunds|lag_unemployment|lag_inflation|quarter_index,fhlb_advances_sallie_mae_loans_bank_qoq,8,-4.687996837723731,15.675268171672037,-35.41152245420093,26.035528778753463,111,control_sensitivity,tdc_residual_z,rolling_oos_standard_deviation,cumulative_sum_h0_to_h
lagged_macro_plus_trend,exploratory,lag_tdc_bank_only_qoq|lag_fedfunds|lag_unemployment|lag_inflation|quarter_index,commercial_industrial_loans_ex_chargeoffs_qoq,0,-0.5110184530355077,5.344309593728154,-10.985865256742688,9.963828350671672,119,control_sensitivity,tdc_residual_z,rolling_oos_standard_deviation,cumulative_sum_h0_to_h
lagged_macro_plus_trend,exploratory,lag_tdc_bank_only_qoq|lag_fedfunds|lag_unemployment|lag_inflation|quarter_index,commercial_industrial_loans_ex_chargeoffs_qoq,1,-2.2266808748418843,8.512557666679795,-18.91129390153428,14.457932151850512,118,control_sensitivity,tdc_residual_z,rolling_oos_standard_deviation,cumulative_sum_h0_to_h
lagged_macro_plus_trend,exploratory,lag_tdc_bank_only_qoq|lag_fedfunds|lag_unemployment|lag_inflation|quarter_index,commercial_industrial_loans_ex_chargeoffs_qoq,2,-13.368126138553015,7.532323306977111,-28.13147982022815,1.3952275431221235,117,control_sensitivity,tdc_residual_z,rolling_oos_standard_deviation,cumulative_sum_h0_to_h
lagged_macro_plus_trend,exploratory,lag_tdc_bank_only_qoq|lag_fedfunds|lag_unemployment|lag_inflation|quarter_index,commercial_industrial_loans_ex_chargeoffs_qoq,3,-12.914441819387712,7.176222671726403,-26.97983825597146,1.150954617196037,116,control_sensitivity,tdc_residual_z,rolling_oos_standard_deviation,cumulative_sum_h0_to_h
lagged_macro_plus_trend,exploratory,lag_tdc_bank_only_qoq|lag_fedfunds|lag_unemployment|lag_inflation|quarter_index,commercial_industrial_loans_ex_chargeoffs_qoq,4,-13.260230225279344,8.454523550276992,-29.83109638382225,3.310635933263562,115,control_sensitivity,tdc_residual_z,rolling_oos_standard_deviation,cumulative_sum_h0_to_h
lagged_macro_plus_trend,exploratory,lag_tdc_bank_only_qoq|lag_fedfunds|lag_unemployment|lag_inflation|quarter_index,commercial_industrial_loans_ex_chargeoffs_qoq,5,-12.50173780469687,9.43491904974728,-30.99417914220154,5.9907035328077995,114,control_sensitivity,tdc_residual_z,rolling_oos_standard_deviation,cumulative_sum_h0_to_h
lagged_macro_plus_trend,exploratory,lag_tdc_bank_only_qoq|lag_fedfunds|lag_unemployment|lag_inflation|quarter_index,commercial_industrial_loans_ex_chargeoffs_qoq,6,-17.942927907760343,10.456010847094676,-38.4367091680659,2.5508533525452215,113,control_sensitivity,tdc_residual_z,rolling_oos_standard_deviation,cumulative_sum_h0_to_h
lagged_macro_plus_trend,exploratory,lag_tdc_bank_only_qoq|lag_fedfunds|lag_unemployment|lag_inflation|quarter_index,commercial_industrial_loans_ex_chargeoffs_qoq,7,-13.661054174101082,11.031537264398313,-35.282867212321776,7.960758864119612,112,control_sensitivity,tdc_residual_z,rolling_oos_standard_deviation,cumulative_sum_h0_to_h
lagged_macro_plus_trend,exploratory,lag_tdc_bank_only_qoq|lag_fedfunds|lag_unemployment|lag_inflation|quarter_index,commercial_industrial_loans_ex_chargeoffs_qoq,8,-13.431028096531737,11.216265733976593,-35.41490893512586,8.552852742062385,111,control_sensitivity,tdc_residual_z,rolling_oos_standard_deviation,cumulative_sum_h0_to_h
lagged_macro_plus_trend,exploratory,lag_tdc_bank_only_qoq|lag_fedfunds|lag_unemployment|lag_inflation|quarter_index,consumer_loans_ex_chargeoffs_qoq,0,-2.224104070526256,1.3845641552735084,-4.937849814862332,0.4896416738098206,119,control_sensitivity,tdc_residual_z,rolling_oos_standard_deviation,cumulative_sum_h0_to_h
lagged_macro_plus_trend,exploratory,lag_tdc_bank_only_qoq|lag_fedfunds|lag_unemployment|lag_inflation|quarter_index,consumer_loans_ex_chargeoffs_qoq,1,-5.570083871872449,2.28400781198455,-10.046739183362167,-1.0934285603827307,118,control_sensitivity,tdc_residual_z,rolling_oos_standard_deviation,cumulative_sum_h0_to_h
lagged_macro_plus_trend,exploratory,lag_tdc_bank_only_qoq|lag_fedfunds|lag_unemployment|lag_inflation|quarter_index,consumer_loans_ex_chargeoffs_qoq,2,-5.379445203532079,2.8308481813272746,-10.927907638933537,0.169017231869379,117,control_sensitivity,tdc_residual_z,rolling_oos_standard_deviation,cumulative_sum_h0_to_h
lagged_macro_plus_trend,exploratory,lag_tdc_bank_only_qoq|lag_fedfunds|lag_unemployment|lag_inflation|quarter_index,consumer_loans_ex_chargeoffs_qoq,3,-4.349112028855962,3.183744845101367,-10.58925192525464,1.891027867542717,116,control_sensitivity,tdc_residual_z,rolling_oos_standard_deviation,cumulative_sum_h0_to_h
lagged_macro_plus_trend,exploratory,lag_tdc_bank_only_qoq|lag_fedfunds|lag_unemployment|lag_inflation|quarter_index,consumer_loans_ex_chargeoffs_qoq,4,-0.05732229416125634,4.456503128107966,-8.792068425252868,8.677423836930355,115,control_sensitivity,tdc_residual_z,rolling_oos_standard_deviation,cumulative_sum_h0_to_h
lagged_macro_plus_trend,exploratory,lag_tdc_bank_only_qoq|lag_fedfunds|lag_unemployment|lag_inflation|quarter_index,consumer_loans_ex_chargeoffs_qoq,5,5.003501159112867,7.716753906112157,-10.12133649686696,20.128338815092693,114,control_sensitivity,tdc_residual_z,rolling_oos_standard_deviation,cumulative_sum_h0_to_h
lagged_macro_plus_trend,exploratory,lag_tdc_bank_only_qoq|lag_fedfunds|lag_unemployment|lag_inflation|quarter_index,consumer_loans_ex_chargeoffs_qoq,6,2.5340473539452333,6.260278126634984,-9.736097774259335,14.804192482149801,113,control_sensitivity,tdc_residual_z,rolling_oos_standard_deviation,cumulative_sum_h0_to_h
lagged_macro_plus_trend,exploratory,lag_tdc_bank_only_qoq|lag_fedfunds|lag_unemployment|lag_inflation|quarter_index,consumer_loans_ex_chargeoffs_qoq,7,2.7319735068241897,6.046891132939566,-9.119933113737359,14.583880127385738,112,control_sensitivity,tdc_residual_z,rolling_oos_standard_deviation,cumulative_sum_h0_to_h
lagged_macro_plus_trend,exploratory,lag_tdc_bank_only_qoq|lag_fedfunds|lag_unemployment|lag_inflation|quarter_index,consumer_loans_ex_chargeoffs_qoq,8,2.6450017062280473,5.958231327429543,-9.033131695533855,14.32313510798995,111,control_sensitivity,tdc_residual_z,rolling_oos_standard_deviation,cumulative_sum_h0_to_h
lagged_macro_plus_trend,exploratory,lag_tdc_bank_only_qoq|lag_fedfunds|lag_unemployment|lag_inflation|quarter_index,credit_card_revolving_loans_ex_chargeoffs_qoq,0,-1.14136072456699,1.2376497372156152,-3.567154209509596,1.2844327603756158,101,control_sensitivity,tdc_residual_z,rolling_oos_standard_deviation,cumulative_sum_h0_to_h
lagged_macro_plus_trend,exploratory,lag_tdc_bank_only_qoq|lag_fedfunds|lag_unemployment|lag_inflation|quarter_index,credit_card_revolving_loans_ex_chargeoffs_qoq,1,-5.392933074567181,2.305099636464197,-9.910928362037009,-0.8749377870973545,100,control_sensitivity,tdc_residual_z,rolling_oos_standard_deviation,cumulative_sum_h0_to_h
lagged_macro_plus_trend,exploratory,lag_tdc_bank_only_qoq|lag_fedfunds|lag_unemployment|lag_inflation|quarter_index,credit_card_revolving_loans_ex_chargeoffs_qoq,2,-4.944496386946653,2.7047939244374923,-10.245892478844137,0.35689970495083134,99,control_sensitivity,tdc_residual_z,rolling_oos_standard_deviation,cumulative_sum_h0_to_h
lagged_macro_plus_trend,exploratory,lag_tdc_bank_only_qoq|lag_fedfunds|lag_unemployment|lag_inflation|quarter_index,credit_card_revolving_loans_ex_chargeoffs_qoq,3,-4.587402997452455,3.03591856108845,-10.537803377185817,1.3629973822809074,98,control_sensitivity,tdc_residual_z,rolling_oos_standard_deviation,cumulative_sum_h0_to_h
lagged_macro_plus_trend,exploratory,lag_tdc_bank_only_qoq|lag_fedfunds|lag_unemployment|lag_inflation|quarter_index,credit_card_revolving_loans_ex_chargeoffs_qoq,4,0.24119996721987036,4.6663539595873855,-8.904853793571405,9.387253728011146,97,control_sensitivity,tdc_residual_z,rolling_oos_standard_deviation,cumulative_sum_h0_to_h
lagged_macro_plus_trend,exploratory,lag_tdc_bank_only_qoq|lag_fedfunds|lag_unemployment|lag_inflation|quarter_index,credit_card_revolving_loans_ex_chargeoffs_qoq,5,6.34027358893968,9.16660843712272,-11.62627894782085,24.306826125700212,96,control_sensitivity,tdc_residual_z,rolling_oos_standard_deviation,cumulative_sum_h0_to_h
lagged_macro_plus_trend,exploratory,lag_tdc_bank_only_qoq|lag_fedfunds|lag_unemployment|lag_inflation|quarter_index,credit_card_revolving_loans_ex_chargeoffs_qoq,6,3.3742692775047285,7.4219542153028035,-11.172760984488766,17.92129953949822,95,control_sensitivity,tdc_residual_z,rolling_oos_standard_deviation,cumulative_sum_h0_to_h
lagged_macro_plus_trend,exploratory,lag_tdc_bank_only_qoq|lag_fedfunds|lag_unemployment|lag_inflation|quarter_index,credit_card_revolving_loans_ex_chargeoffs_qoq,7,2.836665991592943,7.207531148649384,-11.29009505975985,16.963427042945735,94,control_sensitivity,tdc_residual_z,rolling_oos_standard_deviation,cumulative_sum_h0_to_h
lagged_macro_plus_trend,exploratory,lag_tdc_bank_only_qoq|lag_fedfunds|lag_unemployment|lag_inflation|quarter_index,credit_card_revolving_loans_ex_chargeoffs_qoq,8,3.263657251957781,7.47299334709187,-11.383409708342283,17.910724212257847,93,control_sensitivity,tdc_residual_z,rolling_oos_standard_deviation,cumulative_sum_h0_to_h
lagged_macro_plus_trend,exploratory,lag_tdc_bank_only_qoq|lag_fedfunds|lag_unemployment|lag_inflation|quarter_index,other_consumer_loans_ex_chargeoffs_qoq,0,-1.257774040866317,0.8546311637406167,-2.932851121797926,0.41730304006529173,101,control_sensitivity,tdc_residual_z,rolling_oos_standard_deviation,cumulative_sum_h0_to_h
lagged_macro_plus_trend,exploratory,lag_tdc_bank_only_qoq|lag_fedfunds|lag_unemployment|lag_inflation|quarter_index,other_consumer_loans_ex_chargeoffs_qoq,1,-1.357059691341676,1.0506992235138675,-3.416430169428856,0.7023107867455041,100,control_sensitivity,tdc_residual_z,rolling_oos_standard_deviation,cumulative_sum_h0_to_h
lagged_macro_plus_trend,exploratory,lag_tdc_bank_only_qoq|lag_fedfunds|lag_unemployment|lag_inflation|quarter_index,other_consumer_loans_ex_chargeoffs_qoq,2,-1.242552228847444,1.4446344366385355,-4.074035724658973,1.5889312669640856,99,control_sensitivity,tdc_residual_z,rolling_oos_standard_deviation,cumulative_sum_h0_to_h
lagged_macro_plus_trend,exploratory,lag_tdc_bank_only_qoq|lag_fedfunds|lag_unemployment|lag_inflation|quarter_index,other_consumer_loans_ex_chargeoffs_qoq,3,-0.4305943268305321,1.690604702143632,-3.7441795430320504,2.882990889370986,98,control_sensitivity,tdc_residual_z,rolling_oos_standard_deviation,cumulative_sum_h0_to_h
lagged_macro_plus_trend,exploratory,lag_tdc_bank_only_qoq|lag_fedfunds|lag_unemployment|lag_inflation|quarter_index,other_consumer_loans_ex_chargeoffs_qoq,4,-0.1658604730664841,1.9220822202555312,-3.9331416247673254,3.601420678634357,97,control_sensitivity,tdc_residual_z,rolling_oos_standard_deviation,cumulative_sum_h0_to_h
lagged_macro_plus_trend,exploratory,lag_tdc_bank_only_qoq|lag_fedfunds|lag_unemployment|lag_inflation|quarter_index,other_consumer_loans_ex_chargeoffs_qoq,5,0.1873986255465825,2.2411930807852025,-4.205339812792414,4.580137063885579,96,control_sensitivity,tdc_residual_z,rolling_oos_standard_deviation,cumulative_sum_h0_to_h
lagged_macro_plus_trend,exploratory,lag_tdc_bank_only_qoq|lag_fedfunds|lag_unemployment|lag_inflation|quarter_index,other_consumer_loans_ex_chargeoffs_qoq,6,0.2823473874601188,2.33042144130676,-4.285278637501131,4.8499734124213685,95,control_sensitivity,tdc_residual_z,rolling_oos_standard_deviation,cumulative_sum_h0_to_h
lagged_macro_plus_trend,exploratory,lag_tdc_bank_only_qoq|lag_fedfunds|lag_unemployment|lag_inflation|quarter_index,other_consumer_loans_ex_chargeoffs_qoq,7,0.4601011847804033,2.6901982503677275,-4.812687385940342,5.732889755501149,94,control_sensitivity,tdc_residual_z,rolling_oos_standard_deviation,cumulative_sum_h0_to_h
lagged_macro_plus_trend,exploratory,lag_tdc_bank_only_qoq|lag_fedfunds|lag_unemployment|lag_inflation|quarter_index,other_consumer_loans_ex_chargeoffs_qoq,8,0.10819988073565767,2.9574803049158596,-5.688461516899427,5.904861278370742,93,control_sensitivity,tdc_residual_z,rolling_oos_standard_deviation,cumulative_sum_h0_to_h
lagged_macro_plus_trend,exploratory,lag_tdc_bank_only_qoq|lag_fedfunds|lag_unemployment|lag_inflation|quarter_index,closed_end_residential_loans_ex_chargeoffs_qoq,0,0.29364885244246364,2.411723046362434,-4.4333283184279075,5.020626023312834,85,control_sensitivity,tdc_residual_z,rolling_oos_standard_deviation,cumulative_sum_h0_to_h
lagged_macro_plus_trend,exploratory,lag_tdc_bank_only_qoq|lag_fedfunds|lag_unemployment|lag_inflation|quarter_index,closed_end_residential_loans_ex_chargeoffs_qoq,1,-0.3484573474503194,3.0418936572852244,-6.310568915729359,5.613654220828721,84,control_sensitivity,tdc_residual_z,rolling_oos_standard_deviation,cumulative_sum_h0_to_h
lagged_macro_plus_trend,exploratory,lag_tdc_bank_only_qoq|lag_fedfunds|lag_unemployment|lag_inflation|quarter_index,closed_end_residential_loans_ex_chargeoffs_qoq,2,-2.782073279394678,3.126269767356171,-8.909562023412773,3.3454154646234167,83,control_sensitivity,tdc_residual_z,rolling_oos_standard_deviation,cumulative_sum_h0_to_h
lagged_macro_plus_trend,exploratory,lag_tdc_bank_only_qoq|lag_fedfunds|lag_unemployment|lag_inflation|quarter_index,closed_end_residential_loans_ex_chargeoffs_qoq,3,-1.4061182746420569,2.978772269874876,-7.244511923596813,4.4322753743127,82,control_sensitivity,tdc_residual_z,rolling_oos_standard_deviation,cumulative_sum_h0_to_h
lagged_macro_plus_trend,exploratory,lag_tdc_bank_only_qoq|lag_fedfunds|lag_unemployment|lag_inflation|quarter_index,closed_end_residential_loans_ex_chargeoffs_qoq,4,1.821995863089784,4.462554643265088,-6.924611237709788,10.568602963889356,81,control_sensitivity,tdc_residual_z,rolling_oos_standard_deviation,cumulative_sum_h0_to_h
lagged_macro_plus_trend,exploratory,lag_tdc_bank_only_qoq|lag_fedfunds|lag_unemployment|lag_inflation|quarter_index,closed_end_residential_loans_ex_chargeoffs_qoq,5,2.0701797121322514,4.965893043152288,-7.6629706524462335,11.803330076710736,80,control_sensitivity,tdc_residual_z,rolling_oos_standard_deviation,cumulative_sum_h0_to_h
lagged_macro_plus_trend,exploratory,lag_tdc_bank_only_qoq|lag_fedfunds|lag_unemployment|lag_inflation|quarter_index,closed_end_residential_loans_ex_chargeoffs_qoq,6,1.4103353690730138,5.515584458254532,-9.400210169105868,12.220880907251896,79,control_sensitivity,tdc_residual_z,rolling_oos_standard_deviation,cumulative_sum_h0_to_h
lagged_macro_plus_trend,exploratory,lag_tdc_bank_only_qoq|lag_fedfunds|lag_unemployment|lag_inflation|quarter_index,closed_end_residential_loans_ex_chargeoffs_qoq,7,3.6638169777840286,5.245525226435943,-6.617412466030419,13.945046421598477,78,control_sensitivity,tdc_residual_z,rolling_oos_standard_deviation,cumulative_sum_h0_to_h
lagged_macro_plus_trend,exploratory,lag_tdc_bank_only_qoq|lag_fedfunds|lag_unemployment|lag_inflation|quarter_index,closed_end_residential_loans_ex_chargeoffs_qoq,8,6.095681769530552,5.351942137049972,-4.394124819087391,16.585488358148496,77,control_sensitivity,tdc_residual_z,rolling_oos_standard_deviation,cumulative_sum_h0_to_h
lagged_macro_plus_trend,exploratory,lag_tdc_bank_only_qoq|lag_fedfunds|lag_unemployment|lag_inflation|quarter_index,cb_nonts_qoq,0,34.58946231245076,11.849777109671598,11.363899177494432,57.815025447407095,91,control_sensitivity,tdc_residual_z,rolling_oos_standard_deviation,cumulative_sum_h0_to_h
lagged_macro_plus_trend,exploratory,lag_tdc_bank_only_qoq|lag_fedfunds|lag_unemployment|lag_inflation|quarter_index,cb_nonts_qoq,1,56.11618481894358,44.45678169032704,-31.019107294097424,143.2514769319846,90,control_sensitivity,tdc_residual_z,rolling_oos_standard_deviation,cumulative_sum_h0_to_h
lagged_macro_plus_trend,exploratory,lag_tdc_bank_only_qoq|lag_fedfunds|lag_unemployment|lag_inflation|quarter_index,cb_nonts_qoq,2,64.74128136787111,55.56512709726307,-44.16636774276451,173.6489304785067,89,control_sensitivity,tdc_residual_z,rolling_oos_standard_deviation,cumulative_sum_h0_to_h
lagged_macro_plus_trend,exploratory,lag_tdc_bank_only_qoq|lag_fedfunds|lag_unemployment|lag_inflation|quarter_index,cb_nonts_qoq,3,65.44292445433764,59.14474900061203,-50.48078358686193,181.3666324955372,88,control_sensitivity,tdc_residual_z,rolling_oos_standard_deviation,cumulative_sum_h0_to_h
lagged_macro_plus_trend,exploratory,lag_tdc_bank_only_qoq|lag_fedfunds|lag_unemployment|lag_inflation|quarter_index,cb_nonts_qoq,4,80.27436860125324,66.36243872405889,-49.79601129790218,210.34474850040868,87,control_sensitivity,tdc_residual_z,rolling_oos_standard_deviation,cumulative_sum_h0_to_h
lagged_macro_plus_trend,exploratory,lag_tdc_bank_only_qoq|lag_fedfunds|lag_unemployment|lag_inflation|quarter_index,cb_nonts_qoq,5,48.638048765337174,73.06261565403392,-94.56467791656931,191.84077544724366,86,control_sensitivity,tdc_residual_z,rolling_oos_standard_deviation,cumulative_sum_h0_to_h
lagged_macro_plus_trend,exploratory,lag_tdc_bank_only_qoq|lag_fedfunds|lag_unemployment|lag_inflation|quarter_index,cb_nonts_qoq,6,14.77497350551977,70.15141211977546,-122.72179424924013,152.27174126027967,85,control_sensitivity,tdc_residual_z,rolling_oos_standard_deviation,cumulative_sum_h0_to_h
lagged_macro_plus_trend,exploratory,lag_tdc_bank_only_qoq|lag_fedfunds|lag_unemployment|lag_inflation|quarter_index,cb_nonts_qoq,7,-2.229393425804151,72.45530028990864,-144.24178199402508,139.78299514241678,84,control_sensitivity,tdc_residual_z,rolling_oos_standard_deviation,cumulative_sum_h0_to_h
lagged_macro_plus_trend,exploratory,lag_tdc_bank_only_qoq|lag_fedfunds|lag_unemployment|lag_inflation|quarter_index,cb_nonts_qoq,8,15.639617681113634,73.63728951164873,-128.68946976171787,159.96870512394514,83,control_sensitivity,tdc_residual_z,rolling_oos_standard_deviation,cumulative_sum_h0_to_h
lagged_macro_plus_trend,exploratory,lag_tdc_bank_only_qoq|lag_fedfunds|lag_unemployment|lag_inflation|quarter_index,tga_qoq,0,-42.51183572288315,17.557064102834776,-76.92368136443932,-8.099990081326986,91,control_sensitivity,tdc_residual_z,rolling_oos_standard_deviation,cumulative_sum_h0_to_h
lagged_macro_plus_trend,exploratory,lag_tdc_bank_only_qoq|lag_fedfunds|lag_unemployment|lag_inflation|quarter_index,tga_qoq,1,-34.1979297604001,32.135343077019925,-97.18320219135916,28.78734267055895,90,control_sensitivity,tdc_residual_z,rolling_oos_standard_deviation,cumulative_sum_h0_to_h
lagged_macro_plus_trend,exploratory,lag_tdc_bank_only_qoq|lag_fedfunds|lag_unemployment|lag_inflation|quarter_index,tga_qoq,2,-33.8210970143596,42.392687341075614,-116.9107642028678,49.2685701741486,89,control_sensitivity,tdc_residual_z,rolling_oos_standard_deviation,cumulative_sum_h0_to_h
lagged_macro_plus_trend,exploratory,lag_tdc_bank_only_qoq|lag_fedfunds|lag_unemployment|lag_inflation|quarter_index,tga_qoq,3,-20.642508364191993,40.7568731205582,-100.52597968048606,59.240962952102066,88,control_sensitivity,tdc_residual_z,rolling_oos_standard_deviation,cumulative_sum_h0_to_h
lagged_macro_plus_trend,exploratory,lag_tdc_bank_only_qoq|lag_fedfunds|lag_unemployment|lag_inflation|quarter_index,tga_qoq,4,-19.643543892417682,29.957889869959427,-78.36100803753816,39.07392025270279,87,control_sensitivity,tdc_residual_z,rolling_oos_standard_deviation,cumulative_sum_h0_to_h
lagged_macro_plus_trend,exploratory,lag_tdc_bank_only_qoq|lag_fedfunds|lag_unemployment|lag_inflation|quarter_index,tga_qoq,5,-21.096378512186195,25.63983873230481,-71.35046242750362,29.157705403131228,86,control_sensitivity,tdc_residual_z,rolling_oos_standard_deviation,cumulative_sum_h0_to_h
lagged_macro_plus_trend,exploratory,lag_tdc_bank_only_qoq|lag_fedfunds|lag_unemployment|lag_inflation|quarter_index,tga_qoq,6,-47.834720981246264,26.45655897080488,-99.68957656402384,4.0201346015313035,85,control_sensitivity,tdc_residual_z,rolling_oos_standard_deviation,cumulative_sum_h0_to_h
lagged_macro_plus_trend,exploratory,lag_tdc_bank_only_qoq|lag_fedfunds|lag_unemployment|lag_inflation|quarter_index,tga_qoq,7,-55.26341808730077,31.8916971855927,-117.77114457106246,7.244308396460923,84,control_sensitivity,tdc_residual_z,rolling_oos_standard_deviation,cumulative_sum_h0_to_h
lagged_macro_plus_trend,exploratory,lag_tdc_bank_only_qoq|lag_fedfunds|lag_unemployment|lag_inflation|quarter_index,tga_qoq,8,-65.21711762867236,34.877222141663104,-133.57647302633205,3.1422377689873286,83,control_sensitivity,tdc_residual_z,rolling_oos_standard_deviation,cumulative_sum_h0_to_h
lagged_macro_plus_trend,exploratory,lag_tdc_bank_only_qoq|lag_fedfunds|lag_unemployment|lag_inflation|quarter_index,reserves_qoq,0,77.18886615678595,12.9564907109743,51.79414436327632,102.58358795029558,91,control_sensitivity,tdc_residual_z,rolling_oos_standard_deviation,cumulative_sum_h0_to_h
lagged_macro_plus_trend,exploratory,lag_tdc_bank_only_qoq|lag_fedfunds|lag_unemployment|lag_inflation|quarter_index,reserves_qoq,1,90.82216123696458,27.789016279393017,36.35568932935426,145.28863314457487,90,control_sensitivity,tdc_residual_z,rolling_oos_standard_deviation,cumulative_sum_h0_to_h
lagged_macro_plus_trend,exploratory,lag_tdc_bank_only_qoq|lag_fedfunds|lag_unemployment|lag_inflation|quarter_index,reserves_qoq,2,99.19459423277607,35.204585102119744,30.193607432621377,168.19558103293076,89,control_sensitivity,tdc_residual_z,rolling_oos_standard_deviation,cumulative_sum_h0_to_h
lagged_macro_plus_trend,exploratory,lag_tdc_bank_only_qoq|lag_fedfunds|lag_unemployment|lag_inflation|quarter_index,reserves_qoq,3,86.37892974102012,35.68418339722763,16.437930282453962,156.31992919958628,88,control_sensitivity,tdc_residual_z,rolling_oos_standard_deviation,cumulative_sum_h0_to_h
lagged_macro_plus_trend,exploratory,lag_tdc_bank_only_qoq|lag_fedfunds|lag_unemployment|lag_inflation|quarter_index,reserves_qoq,4,100.45072209874803,49.25419214363691,3.9125054972196978,196.98893870027638,87,control_sensitivity,tdc_residual_z,rolling_oos_standard_deviation,cumulative_sum_h0_to_h
lagged_macro_plus_trend,exploratory,lag_tdc_bank_only_qoq|lag_fedfunds|lag_unemployment|lag_inflation|quarter_index,reserves_qoq,5,69.89096553269653,56.1829171689934,-40.22755211853054,180.00948318392358,86,control_sensitivity,tdc_residual_z,rolling_oos_standard_deviation,cumulative_sum_h0_to_h
lagged_macro_plus_trend,exploratory,lag_tdc_bank_only_qoq|lag_fedfunds|lag_unemployment|lag_inflation|quarter_index,reserves_qoq,6,62.7898208546209,61.05245300092991,-56.87298702720172,182.4526287364435,85,control_sensitivity,tdc_residual_z,rolling_oos_standard_deviation,cumulative_sum_h0_to_h
lagged_macro_plus_trend,exploratory,lag_tdc_bank_only_qoq|lag_fedfunds|lag_unemployment|lag_inflation|quarter_index,reserves_qoq,7,52.7534832046476,62.16426449191229,-69.0884751995005,174.59544160879568,84,control_sensitivity,tdc_residual_z,rolling_oos_standard_deviation,cumulative_sum_h0_to_h
lagged_macro_plus_trend,exploratory,lag_tdc_bank_only_qoq|lag_fedfunds|lag_unemployment|lag_inflation|quarter_index,reserves_qoq,8,80.14542537494883,59.09503178725687,-35.68083692807464,195.97168767797228,83,control_sensitivity,tdc_residual_z,rolling_oos_standard_deviation,cumulative_sum_h0_to_h
lagged_macro_plus_trend,exploratory,lag_tdc_bank_only_qoq|lag_fedfunds|lag_unemployment|lag_inflation|quarter_index,foreign_nonts_qoq,0,20.647284432328682,8.702413226207359,3.59055450896226,37.70401435569511,119,control_sensitivity,tdc_residual_z,rolling_oos_standard_deviation,cumulative_sum_h0_to_h
lagged_macro_plus_trend,exploratory,lag_tdc_bank_only_qoq|lag_fedfunds|lag_unemployment|lag_inflation|quarter_index,foreign_nonts_qoq,1,17.29575401251903,8.102858052068026,1.4141522304656995,33.177355794572364,118,control_sensitivity,tdc_residual_z,rolling_oos_standard_deviation,cumulative_sum_h0_to_h
lagged_macro_plus_trend,exploratory,lag_tdc_bank_only_qoq|lag_fedfunds|lag_unemployment|lag_inflation|quarter_index,foreign_nonts_qoq,2,20.784954675020387,7.998190864836733,5.10850057994039,36.461408770100384,117,control_sensitivity,tdc_residual_z,rolling_oos_standard_deviation,cumulative_sum_h0_to_h
lagged_macro_plus_trend,exploratory,lag_tdc_bank_only_qoq|lag_fedfunds|lag_unemployment|lag_inflation|quarter_index,foreign_nonts_qoq,3,24.307408092776242,7.527457143892048,9.553592090747829,39.06122409480466,116,control_sensitivity,tdc_residual_z,rolling_oos_standard_deviation,cumulative_sum_h0_to_h
lagged_macro_plus_trend,exploratory,lag_tdc_bank_only_qoq|lag_fedfunds|lag_unemployment|lag_inflation|quarter_index,foreign_nonts_qoq,4,30.16550133049633,7.945037272397357,14.59322827659751,45.73777438439515,115,control_sensitivity,tdc_residual_z,rolling_oos_standard_deviation,cumulative_sum_h0_to_h
lagged_macro_plus_trend,exploratory,lag_tdc_bank_only_qoq|lag_fedfunds|lag_unemployment|lag_inflation|quarter_index,foreign_nonts_qoq,5,22.664889132253684,8.371403820616145,6.25693764384604,39.072840620661324,114,control_sensitivity,tdc_residual_z,rolling_oos_standard_deviation,cumulative_sum_h0_to_h
lagged_macro_plus_trend,exploratory,lag_tdc_bank_only_qoq|lag_fedfunds|lag_unemployment|lag_inflation|quarter_index,foreign_nonts_qoq,6,19.903764990450313,7.445363053077293,5.310853406418818,34.49667657448181,113,control_sensitivity,tdc_residual_z,rolling_oos_standard_deviation,cumulative_sum_h0_to_h
lagged_macro_plus_trend,exploratory,lag_tdc_bank_only_qoq|lag_fedfunds|lag_unemployment|lag_inflation|quarter_index,foreign_nonts_qoq,7,25.464502752688244,7.491039468087801,10.782065395236154,40.146940110140335,112,control_sensitivity,tdc_residual_z,rolling_oos_standard_deviation,cumulative_sum_h0_to_h
lagged_macro_plus_trend,exploratory,lag_tdc_bank_only_qoq|lag_fedfunds|lag_unemployment|lag_inflation|quarter_index,foreign_nonts_qoq,8,31.263982277150703,9.034716994496025,13.555936967938496,48.97202758636291,111,control_sensitivity,tdc_residual_z,rolling_oos_standard_deviation,cumulative_sum_h0_to_h
lagged_macro_plus_trend,exploratory,lag_tdc_bank_only_qoq|lag_fedfunds|lag_unemployment|lag_inflation|quarter_index,domestic_nonfinancial_mmf_reallocation_qoq,0,-14.564573841607181,7.866665923386338,-29.983239051444404,0.8540913682300406,119,control_sensitivity,tdc_residual_z,rolling_oos_standard_deviation,cumulative_sum_h0_to_h
lagged_macro_plus_trend,exploratory,lag_tdc_bank_only_qoq|lag_fedfunds|lag_unemployment|lag_inflation|quarter_index,domestic_nonfinancial_mmf_reallocation_qoq,1,-15.54822771644966,11.515870871746246,-38.1193346250723,7.022879192172983,118,control_sensitivity,tdc_residual_z,rolling_oos_standard_deviation,cumulative_sum_h0_to_h
lagged_macro_plus_trend,exploratory,lag_tdc_bank_only_qoq|lag_fedfunds|lag_unemployment|lag_inflation|quarter_index,domestic_nonfinancial_mmf_reallocation_qoq,2,0.23207002307957403,10.434934854608473,-20.220402291953036,20.68454233811218,117,control_sensitivity,tdc_residual_z,rolling_oos_standard_deviation,cumulative_sum_h0_to_h
lagged_macro_plus_trend,exploratory,lag_tdc_bank_only_qoq|lag_fedfunds|lag_unemployment|lag_inflation|quarter_index,domestic_nonfinancial_mmf_reallocation_qoq,3,-0.5220271079731411,9.922898010852782,-19.970907209244594,18.92685299329831,116,control_sensitivity,tdc_residual_z,rolling_oos_standard_deviation,cumulative_sum_h0_to_h
lagged_macro_plus_trend,exploratory,lag_tdc_bank_only_qoq|lag_fedfunds|lag_unemployment|lag_inflation|quarter_index,domestic_nonfinancial_mmf_reallocation_qoq,4,-3.5881858644161717,13.08955157526962,-29.243706951944628,22.067335223112284,115,control_sensitivity,tdc_residual_z,rolling_oos_standard_deviation,cumulative_sum_h0_to_h
lagged_macro_plus_trend,exploratory,lag_tdc_bank_only_qoq|lag_fedfunds|lag_unemployment|lag_inflation|quarter_index,domestic_nonfinancial_mmf_reallocation_qoq,5,5.541221248371858,15.30319905809792,-24.453048905500065,35.53549140224378,114,control_sensitivity,tdc_residual_z,rolling_oos_standard_deviation,cumulative_sum_h0_to_h
lagged_macro_plus_trend,exploratory,lag_tdc_bank_only_qoq|lag_fedfunds|lag_unemployment|lag_inflation|quarter_index,domestic_nonfinancial_mmf_reallocation_qoq,6,9.204558948245815,15.645752337696116,-21.461115633638574,39.87023353013021,113,control_sensitivity,tdc_residual_z,rolling_oos_standard_deviation,cumulative_sum_h0_to_h
lagged_macro_plus_trend,exploratory,lag_tdc_bank_only_qoq|lag_fedfunds|lag_unemployment|lag_inflation|quarter_index,domestic_nonfinancial_mmf_reallocation_qoq,7,-8.494815110302753,18.944075381438147,-45.62520285792152,28.635572637316017,112,control_sensitivity,tdc_residual_z,rolling_oos_standard_deviation,cumulative_sum_h0_to_h
lagged_macro_plus_trend,exploratory,lag_tdc_bank_only_qoq|lag_fedfunds|lag_unemployment|lag_inflation|quarter_index,domestic_nonfinancial_mmf_reallocation_qoq,8,-29.821722922969215,21.70412948295163,-72.3618167095544,12.718370863615974,111,control_sensitivity,tdc_residual_z,rolling_oos_standard_deviation,cumulative_sum_h0_to_h
lagged_macro_plus_trend,exploratory,lag_tdc_bank_only_qoq|lag_fedfunds|lag_unemployment|lag_inflation|quarter_index,domestic_nonfinancial_repo_reallocation_qoq,0,-0.03393445066267253,0.5006549867452762,-1.0152182246834138,0.9473493233580688,119,control_sensitivity,tdc_residual_z,rolling_oos_standard_deviation,cumulative_sum_h0_to_h
lagged_macro_plus_trend,exploratory,lag_tdc_bank_only_qoq|lag_fedfunds|lag_unemployment|lag_inflation|quarter_index,domestic_nonfinancial_repo_reallocation_qoq,1,-0.04966675626631728,0.7126876566366395,-1.4465345632741307,1.347201050741496,118,control_sensitivity,tdc_residual_z,rolling_oos_standard_deviation,cumulative_sum_h0_to_h
lagged_macro_plus_trend,exploratory,lag_tdc_bank_only_qoq|lag_fedfunds|lag_unemployment|lag_inflation|quarter_index,domestic_nonfinancial_repo_reallocation_qoq,2,-0.6472935225553093,0.8114479802846571,-2.237731563913237,0.9431445188026187,117,control_sensitivity,tdc_residual_z,rolling_oos_standard_deviation,cumulative_sum_h0_to_h
lagged_macro_plus_trend,exploratory,lag_tdc_bank_only_qoq|lag_fedfunds|lag_unemployment|lag_inflation|quarter_index,domestic_nonfinancial_repo_reallocation_qoq,3,-0.9882579201492514,0.8058379679365058,-2.5677003373048026,0.5911844970062998,116,control_sensitivity,tdc_residual_z,rolling_oos_standard_deviation,cumulative_sum_h0_to_h
lagged_macro_plus_trend,exploratory,lag_tdc_bank_only_qoq|lag_fedfunds|lag_unemployment|lag_inflation|quarter_index,domestic_nonfinancial_repo_reallocation_qoq,4,-0.6639885533900292,0.7741670549838092,-2.181355981158295,0.8533788743782369,115,control_sensitivity,tdc_residual_z,rolling_oos_standard_deviation,cumulative_sum_h0_to_h
lagged_macro_plus_trend,exploratory,lag_tdc_bank_only_qoq|lag_fedfunds|lag_unemployment|lag_inflation|quarter_index,domestic_nonfinancial_repo_reallocation_qoq,5,-0.8181137839317412,1.0372605842478535,-2.851144529057534,1.2149169611940516,114,control_sensitivity,tdc_residual_z,rolling_oos_standard_deviation,cumulative_sum_h0_to_h
lagged_macro_plus_trend,exploratory,lag_tdc_bank_only_qoq|lag_fedfunds|lag_unemployment|lag_inflation|quarter_index,domestic_nonfinancial_repo_reallocation_qoq,6,-1.2256724692059755,1.1002451911239841,-3.3821530438089846,0.9308081053970334,113,control_sensitivity,tdc_residual_z,rolling_oos_standard_deviation,cumulative_sum_h0_to_h
lagged_macro_plus_trend,exploratory,lag_tdc_bank_only_qoq|lag_fedfunds|lag_unemployment|lag_inflation|quarter_index,domestic_nonfinancial_repo_reallocation_qoq,7,-1.9022055144542291,1.1891819927905145,-4.2330022203236375,0.42859119141517943,112,control_sensitivity,tdc_residual_z,rolling_oos_standard_deviation,cumulative_sum_h0_to_h
lagged_macro_plus_trend,exploratory,lag_tdc_bank_only_qoq|lag_fedfunds|lag_unemployment|lag_inflation|quarter_index,domestic_nonfinancial_repo_reallocation_qoq,8,-2.0278375681356624,1.1136725635015332,-4.2106357925986675,0.15496065632734268,111,control_sensitivity,tdc_residual_z,rolling_oos_standard_deviation,cumulative_sum_h0_to_h
lagged_macro_plus_trend,exploratory,lag_tdc_bank_only_qoq|lag_fedfunds|lag_unemployment|lag_inflation|quarter_index,on_rrp_reallocation_qoq,0,-0.02385187290033504,0.011284252902280521,-0.04596900858880486,-0.0017347372118652164,52,control_sensitivity,tdc_residual_z,rolling_oos_standard_deviation,cumulative_sum_h0_to_h
lagged_macro_plus_trend,exploratory,lag_tdc_bank_only_qoq|lag_fedfunds|lag_unemployment|lag_inflation|quarter_index,on_rrp_reallocation_qoq,1,-0.08282065594482778,0.026389954806631078,-0.1345449673658247,-0.031096344523830866,49,control_sensitivity,tdc_residual_z,rolling_oos_standard_deviation,cumulative_sum_h0_to_h
lagged_macro_plus_trend,exploratory,lag_tdc_bank_only_qoq|lag_fedfunds|lag_unemployment|lag_inflation|quarter_index,on_rrp_reallocation_qoq,2,-0.10828070131171191,0.040497709468692605,-0.18765621187034942,-0.028905190753074406,47,control_sensitivity,tdc_residual_z,rolling_oos_standard_deviation,cumulative_sum_h0_to_h
lagged_macro_plus_trend,exploratory,lag_tdc_bank_only_qoq|lag_fedfunds|lag_unemployment|lag_inflation|quarter_index,on_rrp_reallocation_qoq,3,-0.13705347289841152,0.04159506841190284,-0.2185798069857411,-0.055527138811081955,46,control_sensitivity,tdc_residual_z,rolling_oos_standard_deviation,cumulative_sum_h0_to_h
lagged_macro_plus_trend,exploratory,lag_tdc_bank_only_qoq|lag_fedfunds|lag_unemployment|lag_inflation|quarter_index,on_rrp_reallocation_qoq,4,-0.13128899697266902,0.04055507774347682,-0.21077694934988359,-0.051801044595454454,45,control_sensitivity,tdc_residual_z,rolling_oos_standard_deviation,cumulative_sum_h0_to_h
lagged_macro_plus_trend,exploratory,lag_tdc_bank_only_qoq|lag_fedfunds|lag_unemployment|lag_inflation|quarter_index,on_rrp_reallocation_qoq,5,-0.2246654642396551,0.04195719396421825,-0.3069015644095229,-0.14242936406978735,44,control_sensitivity,tdc_residual_z,rolling_oos_standard_deviation,cumulative_sum_h0_to_h
lagged_macro_plus_trend,exploratory,lag_tdc_bank_only_qoq|lag_fedfunds|lag_unemployment|lag_inflation|quarter_index,on_rrp_reallocation_qoq,6,-0.29872070601550826,0.05417758823138401,-0.4049087789490209,-0.1925326330819956,43,control_sensitivity,tdc_residual_z,rolling_oos_standard_deviation,cumulative_sum_h0_to_h
lagged_macro_plus_trend,exploratory,lag_tdc_bank_only_qoq|lag_fedfunds|lag_unemployment|lag_inflation|quarter_index,on_rrp_reallocation_qoq,7,-0.3623933307456123,0.0668121102132735,-0.4933450667636284,-0.23144159472759623,42,control_sensitivity,tdc_residual_z,rolling_oos_standard_deviation,cumulative_sum_h0_to_h
lagged_macro_plus_trend,exploratory,lag_tdc_bank_only_qoq|lag_fedfunds|lag_unemployment|lag_inflation|quarter_index,on_rrp_reallocation_qoq,8,-0.3784185872198911,0.07424435227858783,-0.5239375176859232,-0.23289965675385893,41,control_sensitivity,tdc_residual_z,rolling_oos_standard_deviation,cumulative_sum_h0_to_h
lagged_macro_plus_trend,exploratory,lag_tdc_bank_only_qoq|lag_fedfunds|lag_unemployment|lag_inflation|quarter_index,household_treasury_securities_reallocation_qoq,0,14.398235248318723,9.914785335466542,-5.034744009195698,33.831214505833145,119,control_sensitivity,tdc_residual_z,rolling_oos_standard_deviation,cumulative_sum_h0_to_h
lagged_macro_plus_trend,exploratory,lag_tdc_bank_only_qoq|lag_fedfunds|lag_unemployment|lag_inflation|quarter_index,household_treasury_securities_reallocation_qoq,1,34.226166970426696,18.163814520169378,-1.3749094891052849,69.82724342995868,118,control_sensitivity,tdc_residual_z,rolling_oos_standard_deviation,cumulative_sum_h0_to_h
lagged_macro_plus_trend,exploratory,lag_tdc_bank_only_qoq|lag_fedfunds|lag_unemployment|lag_inflation|quarter_index,household_treasury_securities_reallocation_qoq,2,35.533710556255485,17.595013260304988,1.0474845660577117,70.01993654645327,117,control_sensitivity,tdc_residual_z,rolling_oos_standard_deviation,cumulative_sum_h0_to_h
lagged_macro_plus_trend,exploratory,lag_tdc_bank_only_qoq|lag_fedfunds|lag_unemployment|lag_inflation|quarter_index,household_treasury_securities_reallocation_qoq,3,39.04067228740682,25.379201358324043,-10.702562374908304,88.78390694972194,116,control_sensitivity,tdc_residual_z,rolling_oos_standard_deviation,cumulative_sum_h0_to_h
lagged_macro_plus_trend,exploratory,lag_tdc_bank_only_qoq|lag_fedfunds|lag_unemployment|lag_inflation|quarter_index,household_treasury_securities_reallocation_qoq,4,40.15961886476188,29.47665716523568,-17.61462917910005,97.93386690862381,115,control_sensitivity,tdc_residual_z,rolling_oos_standard_deviation,cumulative_sum_h0_to_h
lagged_macro_plus_trend,exploratory,lag_tdc_bank_only_qoq|lag_fedfunds|lag_unemployment|lag_inflation|quarter_index,household_treasury_securities_reallocation_qoq,5,37.37582293974394,36.377245400323396,-33.92357804488991,108.67522392437779,114,control_sensitivity,tdc_residual_z,rolling_oos_standard_deviation,cumulative_sum_h0_to_h
lagged_macro_plus_trend,exploratory,lag_tdc_bank_only_qoq|lag_fedfunds|lag_unemployment|lag_inflation|quarter_index,household_treasury_securities_reallocation_qoq,6,24.040491474681403,36.939458063277804,-48.36084632934309,96.4418292787059,113,control_sensitivity,tdc_residual_z,rolling_oos_standard_deviation,cumulative_sum_h0_to_h
lagged_macro_plus_trend,exploratory,lag_tdc_bank_only_qoq|lag_fedfunds|lag_unemployment|lag_inflation|quarter_index,household_treasury_securities_reallocation_qoq,7,17.525280082195554,36.6150693582802,-54.24025586003364,89.29081602442474,112,control_sensitivity,tdc_residual_z,rolling_oos_standard_deviation,cumulative_sum_h0_to_h
lagged_macro_plus_trend,exploratory,lag_tdc_bank_only_qoq|lag_fedfunds|lag_unemployment|lag_inflation|quarter_index,household_treasury_securities_reallocation_qoq,8,7.527978717021652,36.62324265903933,-64.25357689469543,79.30953432873874,111,control_sensitivity,tdc_residual_z,rolling_oos_standard_deviation,cumulative_sum_h0_to_h
lagged_macro_plus_trend,exploratory,lag_tdc_bank_only_qoq|lag_fedfunds|lag_unemployment|lag_inflation|quarter_index,mmf_treasury_bills_reallocation_qoq,0,8.283384930093767,7.082650639401666,-5.598610323133498,22.165380183321034,119,control_sensitivity,tdc_residual_z,rolling_oos_standard_deviation,cumulative_sum_h0_to_h
lagged_macro_plus_trend,exploratory,lag_tdc_bank_only_qoq|lag_fedfunds|lag_unemployment|lag_inflation|quarter_index,mmf_treasury_bills_reallocation_qoq,1,9.601115991176357,21.612438273372188,-32.75926302463313,51.96149500698584,118,control_sensitivity,tdc_residual_z,rolling_oos_standard_deviation,cumulative_sum_h0_to_h
lagged_macro_plus_trend,exploratory,lag_tdc_bank_only_qoq|lag_fedfunds|lag_unemployment|lag_inflation|quarter_index,mmf_treasury_bills_reallocation_qoq,2,15.573082916086687,29.28998821382143,-41.83529398300331,72.98145981517669,117,control_sensitivity,tdc_residual_z,rolling_oos_standard_deviation,cumulative_sum_h0_to_h
lagged_macro_plus_trend,exploratory,lag_tdc_bank_only_qoq|lag_fedfunds|lag_unemployment|lag_inflation|quarter_index,mmf_treasury_bills_reallocation_qoq,3,14.148554631867203,28.346254321775262,-41.410103838812304,69.70721310254672,116,control_sensitivity,tdc_residual_z,rolling_oos_standard_deviation,cumulative_sum_h0_to_h
lagged_macro_plus_trend,exploratory,lag_tdc_bank_only_qoq|lag_fedfunds|lag_unemployment|lag_inflation|quarter_index,mmf_treasury_bills_reallocation_qoq,4,3.9253668544692117,30.273799615761263,-55.41128039242286,63.26201410136128,115,control_sensitivity,tdc_residual_z,rolling_oos_standard_deviation,cumulative_sum_h0_to_h
lagged_macro_plus_trend,exploratory,lag_tdc_bank_only_qoq|lag_fedfunds|lag_unemployment|lag_inflation|quarter_index,mmf_treasury_bills_reallocation_qoq,5,24.061451371719812,33.30632276654904,-41.2189412507163,89.34184399415592,114,control_sensitivity,tdc_residual_z,rolling_oos_standard_deviation,cumulative_sum_h0_to_h
lagged_macro_plus_trend,exploratory,lag_tdc_bank_only_qoq|lag_fedfunds|lag_unemployment|lag_inflation|quarter_index,mmf_treasury_bills_reallocation_qoq,6,44.87327286804044,33.07465544010316,-19.953051794561752,109.69959753064262,113,control_sensitivity,tdc_residual_z,rolling_oos_standard_deviation,cumulative_sum_h0_to_h
lagged_macro_plus_trend,exploratory,lag_tdc_bank_only_qoq|lag_fedfunds|lag_unemployment|lag_inflation|quarter_index,mmf_treasury_bills_reallocation_qoq,7,53.77169897679197,36.86364374983398,-18.481042772882645,126.02444072646658,112,control_sensitivity,tdc_residual_z,rolling_oos_standard_deviation,cumulative_sum_h0_to_h
lagged_macro_plus_trend,exploratory,lag_tdc_bank_only_qoq|lag_fedfunds|lag_unemployment|lag_inflation|quarter_index,mmf_treasury_bills_reallocation_qoq,8,46.51376719909974,35.6944745423956,-23.44740290399563,116.47493730219512,111,control_sensitivity,tdc_residual_z,rolling_oos_standard_deviation,cumulative_sum_h0_to_h
lagged_macro_plus_trend,exploratory,lag_tdc_bank_only_qoq|lag_fedfunds|lag_unemployment|lag_inflation|quarter_index,currency_reallocation_qoq,0,-0.13729545483992278,0.694975777190965,-1.4994479781342143,1.2248570684543687,119,control_sensitivity,tdc_residual_z,rolling_oos_standard_deviation,cumulative_sum_h0_to_h
lagged_macro_plus_trend,exploratory,lag_tdc_bank_only_qoq|lag_fedfunds|lag_unemployment|lag_inflation|quarter_index,currency_reallocation_qoq,1,-1.859508285047088,1.2927653223770617,-4.393328316906128,0.6743117468119526,118,control_sensitivity,tdc_residual_z,rolling_oos_standard_deviation,cumulative_sum_h0_to_h
lagged_macro_plus_trend,exploratory,lag_tdc_bank_only_qoq|lag_fedfunds|lag_unemployment|lag_inflation|quarter_index,currency_reallocation_qoq,2,-1.1920469457715734,2.1545450525101937,-5.414955248691553,3.0308613571484058,117,control_sensitivity,tdc_residual_z,rolling_oos_standard_deviation,cumulative_sum_h0_to_h
lagged_macro_plus_trend,exploratory,lag_tdc_bank_only_qoq|lag_fedfunds|lag_unemployment|lag_inflation|quarter_index,currency_reallocation_qoq,3,-1.2556551897402342,2.6405053576624566,-6.4310456907586495,3.919735311278181,116,control_sensitivity,tdc_residual_z,rolling_oos_standard_deviation,cumulative_sum_h0_to_h
lagged_macro_plus_trend,exploratory,lag_tdc_bank_only_qoq|lag_fedfunds|lag_unemployment|lag_inflation|quarter_index,currency_reallocation_qoq,4,-1.7813738420444656,3.210299338126907,-8.073560544773203,4.510812860684272,115,control_sensitivity,tdc_residual_z,rolling_oos_standard_deviation,cumulative_sum_h0_to_h
lagged_macro_plus_trend,exploratory,lag_tdc_bank_only_qoq|lag_fedfunds|lag_unemployment|lag_inflation|quarter_index,currency_reallocation_qoq,5,-2.277196561956691,4.065848837518097,-10.246260283492159,5.691867159578778,114,control_sensitivity,tdc_residual_z,rolling_oos_standard_deviation,cumulative_sum_h0_to_h
lagged_macro_plus_trend,exploratory,lag_tdc_bank_only_qoq|lag_fedfunds|lag_unemployment|lag_inflation|quarter_index,currency_reallocation_qoq,6,-0.8061965610264128,4.34900974528201,-9.330255661779152,7.717862539726326,113,control_sensitivity,tdc_residual_z,rolling_oos_standard_deviation,cumulative_sum_h0_to_h
lagged_macro_plus_trend,exploratory,lag_tdc_bank_only_qoq|lag_fedfunds|lag_unemployment|lag_inflation|quarter_index,currency_reallocation_qoq,7,-0.7469879579944916,4.465620973669827,-9.499605066387351,8.005629150398368,112,control_sensitivity,tdc_residual_z,rolling_oos_standard_deviation,cumulative_sum_h0_to_h
lagged_macro_plus_trend,exploratory,lag_tdc_bank_only_qoq|lag_fedfunds|lag_unemployment|lag_inflation|quarter_index,currency_reallocation_qoq,8,-1.1602965764872977,4.754177174349336,-10.478483838211996,8.157890685237401,111,control_sensitivity,tdc_residual_z,rolling_oos_standard_deviation,cumulative_sum_h0_to_h
