outcome,horizon,beta,se,lower95,upper95,n,spec_name,shock_column,shock_scale,response_type
tdc_bank_only_qoq,0,86.08814077380539,14.307190562452137,58.0460472713992,114.13023427621158,119,baseline,tdc_residual_z,rolling_oos_standard_deviation,cumulative_sum_h0_to_h
tdc_bank_only_qoq,1,115.95916898888741,23.446035221790385,70.00493995417825,161.91339802359659,118,baseline,tdc_residual_z,rolling_oos_standard_deviation,cumulative_sum_h0_to_h
tdc_bank_only_qoq,2,146.89154006334346,36.853032010926995,74.65959732192654,219.12348280476039,117,baseline,tdc_residual_z,rolling_oos_standard_deviation,cumulative_sum_h0_to_h
tdc_bank_only_qoq,3,144.51010865008578,40.97137690231744,64.2062099215436,224.81400737862796,116,baseline,tdc_residual_z,rolling_oos_standard_deviation,cumulative_sum_h0_to_h
tdc_bank_only_qoq,4,172.8674661880664,50.028812654854036,74.81099338455249,270.9239389915803,115,baseline,tdc_residual_z,rolling_oos_standard_deviation,cumulative_sum_h0_to_h
tdc_bank_only_qoq,5,174.6857194206256,58.52744657755605,59.97192412861574,289.39951471263544,114,baseline,tdc_residual_z,rolling_oos_standard_deviation,cumulative_sum_h0_to_h
tdc_bank_only_qoq,6,194.29624566042375,72.29046851308121,52.60692737478459,335.98556394606294,113,baseline,tdc_residual_z,rolling_oos_standard_deviation,cumulative_sum_h0_to_h
tdc_bank_only_qoq,7,199.1957353817741,78.7704919459548,44.80557116770271,353.5858995958455,112,baseline,tdc_residual_z,rolling_oos_standard_deviation,cumulative_sum_h0_to_h
tdc_bank_only_qoq,8,219.83216429237058,81.1308670184492,60.81566493621017,378.848663648531,111,baseline,tdc_residual_z,rolling_oos_standard_deviation,cumulative_sum_h0_to_h
total_deposits_bank_qoq,0,28.95006368418275,13.625048119004301,2.244969370934321,55.65515799743118,119,baseline,tdc_residual_z,rolling_oos_standard_deviation,cumulative_sum_h0_to_h
total_deposits_bank_qoq,1,44.45196715467209,33.02376942088602,-20.274620910264503,109.17855521960868,118,baseline,tdc_residual_z,rolling_oos_standard_deviation,cumulative_sum_h0_to_h
total_deposits_bank_qoq,2,41.5026075787145,43.61215019770538,-43.97720680878804,126.98242196621705,117,baseline,tdc_residual_z,rolling_oos_standard_deviation,cumulative_sum_h0_to_h
total_deposits_bank_qoq,3,58.59828794606983,51.85870771996211,-43.0447791850559,160.24135507719558,116,baseline,tdc_residual_z,rolling_oos_standard_deviation,cumulative_sum_h0_to_h
total_deposits_bank_qoq,4,71.79333642998903,61.72917014443666,-49.19583705310683,192.78250991308488,115,baseline,tdc_residual_z,rolling_oos_standard_deviation,cumulative_sum_h0_to_h
total_deposits_bank_qoq,5,51.03649376811648,65.57587681116931,-77.49222478177535,179.56521231800832,114,baseline,tdc_residual_z,rolling_oos_standard_deviation,cumulative_sum_h0_to_h
total_deposits_bank_qoq,6,30.82706261034538,68.26399207786814,-102.97036186227616,164.62448708296694,113,baseline,tdc_residual_z,rolling_oos_standard_deviation,cumulative_sum_h0_to_h
total_deposits_bank_qoq,7,43.66277889572578,73.6704253132131,-100.7312547181719,188.05681250962346,112,baseline,tdc_residual_z,rolling_oos_standard_deviation,cumulative_sum_h0_to_h
total_deposits_bank_qoq,8,51.06433451600243,77.49350708209145,-100.82293936489681,202.9516083969017,111,baseline,tdc_residual_z,rolling_oos_standard_deviation,cumulative_sum_h0_to_h
checkable_deposits_bank_qoq,0,10.516967566740554,6.386358548037036,-2.0002951874120356,23.034230320893144,119,baseline,tdc_residual_z,rolling_oos_standard_deviation,cumulative_sum_h0_to_h
checkable_deposits_bank_qoq,1,7.381340907501661,15.772568993425194,-23.53289431961172,38.29557613461504,118,baseline,tdc_residual_z,rolling_oos_standard_deviation,cumulative_sum_h0_to_h
checkable_deposits_bank_qoq,2,8.761403970266853,16.347533064152,-23.279760835471066,40.802568776004776,117,baseline,tdc_residual_z,rolling_oos_standard_deviation,cumulative_sum_h0_to_h
checkable_deposits_bank_qoq,3,37.599828844365426,29.69198211746754,-20.59645610587095,95.79611379460181,116,baseline,tdc_residual_z,rolling_oos_standard_deviation,cumulative_sum_h0_to_h
checkable_deposits_bank_qoq,4,43.7646442960198,37.712029272440226,-30.15093307796304,117.68022167000265,115,baseline,tdc_residual_z,rolling_oos_standard_deviation,cumulative_sum_h0_to_h
checkable_deposits_bank_qoq,5,45.865564781380904,44.504520463063415,-41.36329532622339,133.0944248889852,114,baseline,tdc_residual_z,rolling_oos_standard_deviation,cumulative_sum_h0_to_h
checkable_deposits_bank_qoq,6,33.43880985849347,49.71097809934356,-63.99470721621991,130.87232693320686,113,baseline,tdc_residual_z,rolling_oos_standard_deviation,cumulative_sum_h0_to_h
checkable_deposits_bank_qoq,7,47.88358965337004,53.624556787187096,-57.22054164951666,152.98772095625674,112,baseline,tdc_residual_z,rolling_oos_standard_deviation,cumulative_sum_h0_to_h
checkable_deposits_bank_qoq,8,39.63084854266818,56.230143132195266,-70.58023199643455,149.8419290817709,111,baseline,tdc_residual_z,rolling_oos_standard_deviation,cumulative_sum_h0_to_h
interbank_transactions_bank_qoq,0,8.150221225811842,3.8960918982530295,0.5138811052359049,15.78656134638778,119,baseline,tdc_residual_z,rolling_oos_standard_deviation,cumulative_sum_h0_to_h
interbank_transactions_bank_qoq,1,4.2176502970294445,4.691659898177719,-4.978003103398886,13.413303697457774,118,baseline,tdc_residual_z,rolling_oos_standard_deviation,cumulative_sum_h0_to_h
interbank_transactions_bank_qoq,2,-0.1559352634619806,8.47629000463265,-16.769463672541974,16.457593145618013,117,baseline,tdc_residual_z,rolling_oos_standard_deviation,cumulative_sum_h0_to_h
interbank_transactions_bank_qoq,3,-2.656077543915602,8.012184365510706,-18.359958900316585,13.04780381248538,116,baseline,tdc_residual_z,rolling_oos_standard_deviation,cumulative_sum_h0_to_h
interbank_transactions_bank_qoq,4,0.02054105838801057,7.974118674906088,-15.608731544427922,15.649813661203943,115,baseline,tdc_residual_z,rolling_oos_standard_deviation,cumulative_sum_h0_to_h
interbank_transactions_bank_qoq,5,-3.264916017406497,7.868609225030553,-18.68739009846638,12.157558063653386,114,baseline,tdc_residual_z,rolling_oos_standard_deviation,cumulative_sum_h0_to_h
interbank_transactions_bank_qoq,6,3.8167261090901086,6.930782142758985,-9.767606890717502,17.40105910889772,113,baseline,tdc_residual_z,rolling_oos_standard_deviation,cumulative_sum_h0_to_h
interbank_transactions_bank_qoq,7,6.997628854959611,8.063834429069889,-8.80748662601737,22.802744335936595,112,baseline,tdc_residual_z,rolling_oos_standard_deviation,cumulative_sum_h0_to_h
interbank_transactions_bank_qoq,8,20.418393025091618,10.197069428327055,0.43213694557059057,40.404649104612645,111,baseline,tdc_residual_z,rolling_oos_standard_deviation,cumulative_sum_h0_to_h
time_savings_deposits_bank_qoq,0,15.2413730715749,9.453348429668095,-3.287189850574565,33.76993599372437,119,baseline,tdc_residual_z,rolling_oos_standard_deviation,cumulative_sum_h0_to_h
time_savings_deposits_bank_qoq,1,24.736592829806256,18.153548622285346,-10.844362469873019,60.31754812948553,118,baseline,tdc_residual_z,rolling_oos_standard_deviation,cumulative_sum_h0_to_h
time_savings_deposits_bank_qoq,2,22.649182386952393,22.36138758029628,-21.179137270428317,66.47750204433311,117,baseline,tdc_residual_z,rolling_oos_standard_deviation,cumulative_sum_h0_to_h
time_savings_deposits_bank_qoq,3,10.42834832629331,19.403836028367927,-27.603170289307826,48.45986694189445,116,baseline,tdc_residual_z,rolling_oos_standard_deviation,cumulative_sum_h0_to_h
time_savings_deposits_bank_qoq,4,15.082853224592569,20.160356289406092,-24.431445102643373,54.59715155182851,115,baseline,tdc_residual_z,rolling_oos_standard_deviation,cumulative_sum_h0_to_h
time_savings_deposits_bank_qoq,5,1.354413276439253,20.013967010290465,-37.87296206373006,40.58178861660856,114,baseline,tdc_residual_z,rolling_oos_standard_deviation,cumulative_sum_h0_to_h
time_savings_deposits_bank_qoq,6,-13.861528711431355,20.759692509554984,-54.550526030159126,26.827468607296417,113,baseline,tdc_residual_z,rolling_oos_standard_deviation,cumulative_sum_h0_to_h
time_savings_deposits_bank_qoq,7,-21.60278040295696,24.530093090626682,-69.68176286058525,26.476202054671333,112,baseline,tdc_residual_z,rolling_oos_standard_deviation,cumulative_sum_h0_to_h
time_savings_deposits_bank_qoq,8,-17.908132816446823,25.83424999166197,-68.54326280010429,32.72699716721064,111,baseline,tdc_residual_z,rolling_oos_standard_deviation,cumulative_sum_h0_to_h
checkable_federal_govt_bank_qoq,0,-2.4911462125623633,0.8079645604645235,-4.0747567510728295,-0.9075356740518974,119,baseline,tdc_residual_z,rolling_oos_standard_deviation,cumulative_sum_h0_to_h
checkable_federal_govt_bank_qoq,1,-1.9563248725711384,0.9254572947108041,-3.770221170204314,-0.14242857493796257,118,baseline,tdc_residual_z,rolling_oos_standard_deviation,cumulative_sum_h0_to_h
checkable_federal_govt_bank_qoq,2,-0.43283942759308935,0.6657261482817189,-1.7376626782252584,0.8719838230390797,117,baseline,tdc_residual_z,rolling_oos_standard_deviation,cumulative_sum_h0_to_h
checkable_federal_govt_bank_qoq,3,0.052023249647398906,0.5449364967997242,-1.0160522840800605,1.1200987833748584,116,baseline,tdc_residual_z,rolling_oos_standard_deviation,cumulative_sum_h0_to_h
checkable_federal_govt_bank_qoq,4,-1.4174817920439429,0.7633140110143475,-2.913577253632064,0.07861366954417814,115,baseline,tdc_residual_z,rolling_oos_standard_deviation,cumulative_sum_h0_to_h
checkable_federal_govt_bank_qoq,5,-1.7727576008830925,0.9012739031160683,-3.5392544509905863,-0.0062607507755987335,114,baseline,tdc_residual_z,rolling_oos_standard_deviation,cumulative_sum_h0_to_h
checkable_federal_govt_bank_qoq,6,-0.4304408893802809,0.6921564787039011,-1.787067587639927,0.9261858088793651,113,baseline,tdc_residual_z,rolling_oos_standard_deviation,cumulative_sum_h0_to_h
checkable_federal_govt_bank_qoq,7,-0.307944496566606,0.6365905764722577,-1.5556620264522312,0.9397730333190191,112,baseline,tdc_residual_z,rolling_oos_standard_deviation,cumulative_sum_h0_to_h
checkable_federal_govt_bank_qoq,8,-2.372240166527308,0.9385923044621896,-4.2118810832732,-0.5325992497814165,111,baseline,tdc_residual_z,rolling_oos_standard_deviation,cumulative_sum_h0_to_h
checkable_state_local_bank_qoq,0,1.1498898165587401,0.47924817860620667,0.21056338649057504,2.089216246626905,119,baseline,tdc_residual_z,rolling_oos_standard_deviation,cumulative_sum_h0_to_h
checkable_state_local_bank_qoq,1,1.4911895402965878,0.7067596307179811,0.10594066408934477,2.876438416503831,118,baseline,tdc_residual_z,rolling_oos_standard_deviation,cumulative_sum_h0_to_h
checkable_state_local_bank_qoq,2,1.816713569483836,1.0140582550425976,-0.17084061039965515,3.8042677493673276,117,baseline,tdc_residual_z,rolling_oos_standard_deviation,cumulative_sum_h0_to_h
checkable_state_local_bank_qoq,3,2.6931816774982575,1.3817790797666492,-0.015105318844374604,5.40146867384089,116,baseline,tdc_residual_z,rolling_oos_standard_deviation,cumulative_sum_h0_to_h
checkable_state_local_bank_qoq,4,4.1651573373450415,1.8061004938933682,0.6252003693140398,7.705114305376043,115,baseline,tdc_residual_z,rolling_oos_standard_deviation,cumulative_sum_h0_to_h
checkable_state_local_bank_qoq,5,4.7899752224176195,2.5675330552874533,-0.2423895659457891,9.822340010781028,114,baseline,tdc_residual_z,rolling_oos_standard_deviation,cumulative_sum_h0_to_h
checkable_state_local_bank_qoq,6,4.209679290509568,3.080159535995731,-1.8274334000420644,10.2467919810612,113,baseline,tdc_residual_z,rolling_oos_standard_deviation,cumulative_sum_h0_to_h
checkable_state_local_bank_qoq,7,4.890689727128482,3.4958114989928823,-1.961100810897567,11.74248026515453,112,baseline,tdc_residual_z,rolling_oos_standard_deviation,cumulative_sum_h0_to_h
checkable_state_local_bank_qoq,8,5.822580045695368,3.6538251447134615,-1.3389172379430168,12.984077329333752,111,baseline,tdc_residual_z,rolling_oos_standard_deviation,cumulative_sum_h0_to_h
checkable_rest_of_world_bank_qoq,0,0.38759473406740835,0.3440159812522735,-0.2866765891870477,1.0618660573218643,119,baseline,tdc_residual_z,rolling_oos_standard_deviation,cumulative_sum_h0_to_h
checkable_rest_of_world_bank_qoq,1,-0.18732497789195796,0.5019039762693385,-1.1710567713798614,0.7964068155959454,118,baseline,tdc_residual_z,rolling_oos_standard_deviation,cumulative_sum_h0_to_h
checkable_rest_of_world_bank_qoq,2,0.30317213434395746,0.7520710234433468,-1.1708870716050022,1.7772313402929172,117,baseline,tdc_residual_z,rolling_oos_standard_deviation,cumulative_sum_h0_to_h
checkable_rest_of_world_bank_qoq,3,-0.09977981428572325,0.8051858273590375,-1.6779440359094369,1.4783844073379901,116,baseline,tdc_residual_z,rolling_oos_standard_deviation,cumulative_sum_h0_to_h
checkable_rest_of_world_bank_qoq,4,0.01867944063776039,0.931243735497383,-1.8065582809371104,1.8439171622126311,115,baseline,tdc_residual_z,rolling_oos_standard_deviation,cumulative_sum_h0_to_h
checkable_rest_of_world_bank_qoq,5,-0.5674076767946028,0.7889238561619478,-2.1136984348720205,0.9788830812828149,114,baseline,tdc_residual_z,rolling_oos_standard_deviation,cumulative_sum_h0_to_h
checkable_rest_of_world_bank_qoq,6,-0.19440118104152027,0.8550784012031805,-1.870354847399754,1.4815524853167135,113,baseline,tdc_residual_z,rolling_oos_standard_deviation,cumulative_sum_h0_to_h
checkable_rest_of_world_bank_qoq,7,0.15064027155746318,0.8402100541240483,-1.4961714345256714,1.797451977640598,112,baseline,tdc_residual_z,rolling_oos_standard_deviation,cumulative_sum_h0_to_h
checkable_rest_of_world_bank_qoq,8,0.17528980348046896,0.7827538737603579,-1.3589077890898325,1.7094873960507702,111,baseline,tdc_residual_z,rolling_oos_standard_deviation,cumulative_sum_h0_to_h
checkable_private_domestic_bank_qoq,0,11.938745751057379,5.969007050390087,0.23949193229280752,23.63799956982195,119,baseline,tdc_residual_z,rolling_oos_standard_deviation,cumulative_sum_h0_to_h
checkable_private_domestic_bank_qoq,1,9.382842651749556,14.96933341578086,-19.957050843180927,38.722736146680035,118,baseline,tdc_residual_z,rolling_oos_standard_deviation,cumulative_sum_h0_to_h
checkable_private_domestic_bank_qoq,2,8.562789180549215,15.713230832740123,-22.235143251621423,39.36072161271986,117,baseline,tdc_residual_z,rolling_oos_standard_deviation,cumulative_sum_h0_to_h
checkable_private_domestic_bank_qoq,3,37.018511010118864,28.32386878212167,-18.49627180283961,92.53329382307734,116,baseline,tdc_residual_z,rolling_oos_standard_deviation,cumulative_sum_h0_to_h
checkable_private_domestic_bank_qoq,4,43.99170484759441,35.93856220402204,-26.447877072288783,114.43128676747762,115,baseline,tdc_residual_z,rolling_oos_standard_deviation,cumulative_sum_h0_to_h
checkable_private_domestic_bank_qoq,5,46.12849901520317,41.90595172690818,-36.007166369536854,128.26416439994318,114,baseline,tdc_residual_z,rolling_oos_standard_deviation,cumulative_sum_h0_to_h
checkable_private_domestic_bank_qoq,6,32.75955551857075,46.49083739829732,-58.36248578209201,123.88159681923351,113,baseline,tdc_residual_z,rolling_oos_standard_deviation,cumulative_sum_h0_to_h
checkable_private_domestic_bank_qoq,7,45.89759016799585,49.982218242440695,-52.06755758718791,143.86273792317962,112,baseline,tdc_residual_z,rolling_oos_standard_deviation,cumulative_sum_h0_to_h
checkable_private_domestic_bank_qoq,8,38.85533041598935,52.37780456821768,-63.80516653771729,141.51582736969598,111,baseline,tdc_residual_z,rolling_oos_standard_deviation,cumulative_sum_h0_to_h
interbank_transactions_foreign_banks_liability_qoq,0,3.383398610757385,2.3650764706785363,-1.2521512717725463,8.018948493287315,119,baseline,tdc_residual_z,rolling_oos_standard_deviation,cumulative_sum_h0_to_h
interbank_transactions_foreign_banks_liability_qoq,1,4.038465213965709,2.3867598274428237,-0.6395840478222254,8.716514475753643,118,baseline,tdc_residual_z,rolling_oos_standard_deviation,cumulative_sum_h0_to_h
interbank_transactions_foreign_banks_liability_qoq,2,4.444449066279755,3.235609335176518,-1.89734523066622,10.78624336322573,117,baseline,tdc_residual_z,rolling_oos_standard_deviation,cumulative_sum_h0_to_h
interbank_transactions_foreign_banks_liability_qoq,3,6.785858390976548,4.1705014638490105,-1.3883244781675117,14.960041260120608,116,baseline,tdc_residual_z,rolling_oos_standard_deviation,cumulative_sum_h0_to_h
interbank_transactions_foreign_banks_liability_qoq,4,7.691604152995312,4.490841147241659,-1.1104444955983404,16.493652801588965,115,baseline,tdc_residual_z,rolling_oos_standard_deviation,cumulative_sum_h0_to_h
interbank_transactions_foreign_banks_liability_qoq,5,5.758957333517516,5.372834167365989,-4.771797634519821,16.289712301554854,114,baseline,tdc_residual_z,rolling_oos_standard_deviation,cumulative_sum_h0_to_h
interbank_transactions_foreign_banks_liability_qoq,6,6.158787244352042,5.292876988235485,-4.215251652589509,16.532826141293594,113,baseline,tdc_residual_z,rolling_oos_standard_deviation,cumulative_sum_h0_to_h
interbank_transactions_foreign_banks_liability_qoq,7,6.756939096246874,5.619022576127508,-4.256345152963042,17.770223345456788,112,baseline,tdc_residual_z,rolling_oos_standard_deviation,cumulative_sum_h0_to_h
interbank_transactions_foreign_banks_liability_qoq,8,9.047408097248638,5.709609837823366,-2.1434271848851587,20.238243379382435,111,baseline,tdc_residual_z,rolling_oos_standard_deviation,cumulative_sum_h0_to_h
interbank_transactions_foreign_banks_asset_qoq,0,4.475787216068066,2.204820042427781,0.15433993290961556,8.797234499226516,119,baseline,tdc_residual_z,rolling_oos_standard_deviation,cumulative_sum_h0_to_h
interbank_transactions_foreign_banks_asset_qoq,1,4.676899564043927,2.055496141258755,0.6481271271767666,8.705672000911086,118,baseline,tdc_residual_z,rolling_oos_standard_deviation,cumulative_sum_h0_to_h
interbank_transactions_foreign_banks_asset_qoq,2,4.433749724785547,2.705447748970759,-0.8689278631971407,9.736427312768235,117,baseline,tdc_residual_z,rolling_oos_standard_deviation,cumulative_sum_h0_to_h
interbank_transactions_foreign_banks_asset_qoq,3,6.8148930554184695,2.7983970331620367,1.330034870420878,12.299751240416061,116,baseline,tdc_residual_z,rolling_oos_standard_deviation,cumulative_sum_h0_to_h
interbank_transactions_foreign_banks_asset_qoq,4,12.996131614022651,3.050435594850381,7.017277848115905,18.9749853799294,115,baseline,tdc_residual_z,rolling_oos_standard_deviation,cumulative_sum_h0_to_h
interbank_transactions_foreign_banks_asset_qoq,5,13.530160406654957,3.719551000314812,6.239840446037927,20.820480367271987,114,baseline,tdc_residual_z,rolling_oos_standard_deviation,cumulative_sum_h0_to_h
interbank_transactions_foreign_banks_asset_qoq,6,11.428857346369423,4.291188504128256,3.018127878278042,19.8395868144608,113,baseline,tdc_residual_z,rolling_oos_standard_deviation,cumulative_sum_h0_to_h
interbank_transactions_foreign_banks_asset_qoq,7,10.196759336207869,4.288198605568542,1.791890069293526,18.60162860312221,112,baseline,tdc_residual_z,rolling_oos_standard_deviation,cumulative_sum_h0_to_h
interbank_transactions_foreign_banks_asset_qoq,8,13.913245809530899,3.990380043556314,6.0921009241605235,21.734390694901276,111,baseline,tdc_residual_z,rolling_oos_standard_deviation,cumulative_sum_h0_to_h
deposits_at_foreign_banks_asset_qoq,0,0.2779378878578994,0.15999825382980823,-0.0356586896485247,0.5915344653643235,119,baseline,tdc_residual_z,rolling_oos_standard_deviation,cumulative_sum_h0_to_h
deposits_at_foreign_banks_asset_qoq,1,0.26993752573295055,0.2293508711381223,-0.17959018169776914,0.7194652331636702,118,baseline,tdc_residual_z,rolling_oos_standard_deviation,cumulative_sum_h0_to_h
deposits_at_foreign_banks_asset_qoq,2,0.27418180847337514,0.3249123803587955,-0.362646457029864,0.9110100739766143,117,baseline,tdc_residual_z,rolling_oos_standard_deviation,cumulative_sum_h0_to_h
deposits_at_foreign_banks_asset_qoq,3,0.28853981727862965,0.3757199498980071,-0.4478712845214643,1.0249509190787236,116,baseline,tdc_residual_z,rolling_oos_standard_deviation,cumulative_sum_h0_to_h
deposits_at_foreign_banks_asset_qoq,4,0.3719255334996131,0.3609880714493531,-0.33561108654111893,1.0794621535403452,115,baseline,tdc_residual_z,rolling_oos_standard_deviation,cumulative_sum_h0_to_h
deposits_at_foreign_banks_asset_qoq,5,0.35813285299120123,0.34714664585857985,-0.3222745728916152,1.0385402788740177,114,baseline,tdc_residual_z,rolling_oos_standard_deviation,cumulative_sum_h0_to_h
deposits_at_foreign_banks_asset_qoq,6,0.3103988888291697,0.32874673452278763,-0.333944710835494,0.9547424884938334,113,baseline,tdc_residual_z,rolling_oos_standard_deviation,cumulative_sum_h0_to_h
deposits_at_foreign_banks_asset_qoq,7,0.36890185784048635,0.3088175196633019,-0.2363804806995854,0.9741841963805581,112,baseline,tdc_residual_z,rolling_oos_standard_deviation,cumulative_sum_h0_to_h
deposits_at_foreign_banks_asset_qoq,8,0.4750435090049359,0.32483323093560645,-0.16162962362885275,1.1117166416387245,111,baseline,tdc_residual_z,rolling_oos_standard_deviation,cumulative_sum_h0_to_h
other_component_qoq,0,-56.223002789186694,12.517283696834168,-80.75687883498166,-31.689126743391725,119,baseline,tdc_residual_z,rolling_oos_standard_deviation,cumulative_sum_h0_to_h
other_component_qoq,1,-68.99579094659518,27.36359299323923,-122.62843321334407,-15.36314867984629,118,baseline,tdc_residual_z,rolling_oos_standard_deviation,cumulative_sum_h0_to_h
other_component_qoq,2,-95.17061531756876,33.572069552807214,-160.9718716410709,-29.369358994066616,117,baseline,tdc_residual_z,rolling_oos_standard_deviation,cumulative_sum_h0_to_h
other_component_qoq,3,-66.64949456041825,34.00991533562763,-133.3089286182484,0.009939497411906473,116,baseline,tdc_residual_z,rolling_oos_standard_deviation,cumulative_sum_h0_to_h
other_component_qoq,4,-70.27564601632174,31.87297979793321,-132.74668642027083,-7.804605612372654,115,baseline,tdc_residual_z,rolling_oos_standard_deviation,cumulative_sum_h0_to_h
other_component_qoq,5,-88.90421794686286,31.801740078817804,-151.23562850134576,-26.572807392379964,114,baseline,tdc_residual_z,rolling_oos_standard_deviation,cumulative_sum_h0_to_h
other_component_qoq,6,-128.35022879375526,36.097839261929686,-199.10199374713744,-57.598463840373086,113,baseline,tdc_residual_z,rolling_oos_standard_deviation,cumulative_sum_h0_to_h
other_component_qoq,7,-123.49309907480924,43.29142499957037,-208.34429207396715,-38.64190607565132,112,baseline,tdc_residual_z,rolling_oos_standard_deviation,cumulative_sum_h0_to_h
other_component_qoq,8,-137.14820495288674,48.01420550118734,-231.25604773521394,-43.04036217055956,111,baseline,tdc_residual_z,rolling_oos_standard_deviation,cumulative_sum_h0_to_h
accounting_deposit_substitution_qoq,0,0.06311304113808158,0.747489248086963,-1.401965885112366,1.5281919673885291,92,baseline,tdc_residual_z,rolling_oos_standard_deviation,cumulative_sum_h0_to_h
accounting_deposit_substitution_qoq,1,-2.504916003860984,3.690020320376671,-9.73735583179926,4.727523824077291,91,baseline,tdc_residual_z,rolling_oos_standard_deviation,cumulative_sum_h0_to_h
accounting_deposit_substitution_qoq,2,-4.454833148936697,3.4796119630578786,-11.274872596530138,2.3652062986567453,90,baseline,tdc_residual_z,rolling_oos_standard_deviation,cumulative_sum_h0_to_h
accounting_deposit_substitution_qoq,3,-8.277736608275786,5.555705378811528,-19.16691915074638,2.6114459341948084,89,baseline,tdc_residual_z,rolling_oos_standard_deviation,cumulative_sum_h0_to_h
accounting_deposit_substitution_qoq,4,-3.0126403875425227,3.166104185749512,-9.218204591611567,3.1929238165265206,88,baseline,tdc_residual_z,rolling_oos_standard_deviation,cumulative_sum_h0_to_h
accounting_deposit_substitution_qoq,5,1.2634113968312188,2.30349892768171,-3.2514465014249323,5.77826929508737,87,baseline,tdc_residual_z,rolling_oos_standard_deviation,cumulative_sum_h0_to_h
accounting_deposit_substitution_qoq,6,0.9385375260206761,2.6610035121663715,-4.277029357825412,6.154104409866764,86,baseline,tdc_residual_z,rolling_oos_standard_deviation,cumulative_sum_h0_to_h
accounting_deposit_substitution_qoq,7,-4.829074979979257,3.3201798360988795,-11.33662745873306,1.678477498774546,85,baseline,tdc_residual_z,rolling_oos_standard_deviation,cumulative_sum_h0_to_h
accounting_deposit_substitution_qoq,8,-5.959075131005311,3.706949568932337,-13.224696286112692,1.3065460241020697,84,baseline,tdc_residual_z,rolling_oos_standard_deviation,cumulative_sum_h0_to_h
accounting_bank_balance_sheet_qoq,0,-22.361894157006002,10.07868924538257,-42.11612507795584,-2.6076632360561653,92,baseline,tdc_residual_z,rolling_oos_standard_deviation,cumulative_sum_h0_to_h
accounting_bank_balance_sheet_qoq,1,-29.4354067209874,14.667083767224327,-58.18289090474708,-0.6879225372277205,91,baseline,tdc_residual_z,rolling_oos_standard_deviation,cumulative_sum_h0_to_h
accounting_bank_balance_sheet_qoq,2,-44.068909602057225,16.277255281798418,-75.97232995438212,-12.165489249732328,90,baseline,tdc_residual_z,rolling_oos_standard_deviation,cumulative_sum_h0_to_h
accounting_bank_balance_sheet_qoq,3,-28.696201360512823,21.2174749281419,-70.28245221967094,12.890049498645304,89,baseline,tdc_residual_z,rolling_oos_standard_deviation,cumulative_sum_h0_to_h
accounting_bank_balance_sheet_qoq,4,-41.06637675193981,21.88310419519333,-83.95726097451873,1.8245074706391122,88,baseline,tdc_residual_z,rolling_oos_standard_deviation,cumulative_sum_h0_to_h
accounting_bank_balance_sheet_qoq,5,-29.275603564577146,22.80351140630927,-73.9704859209433,15.419278791789019,87,baseline,tdc_residual_z,rolling_oos_standard_deviation,cumulative_sum_h0_to_h
accounting_bank_balance_sheet_qoq,6,-41.292265600710564,26.238901214151063,-92.72051198044664,10.135980779025516,86,baseline,tdc_residual_z,rolling_oos_standard_deviation,cumulative_sum_h0_to_h
accounting_bank_balance_sheet_qoq,7,-20.548957085978387,27.101423545204955,-73.6677472345801,32.569833062623324,85,baseline,tdc_residual_z,rolling_oos_standard_deviation,cumulative_sum_h0_to_h
accounting_bank_balance_sheet_qoq,8,-38.196772444276945,27.18612822503924,-91.48158376535386,15.088038876799963,84,baseline,tdc_residual_z,rolling_oos_standard_deviation,cumulative_sum_h0_to_h
accounting_public_liquidity_qoq,0,44.25298739106782,17.91758899461282,9.13451296162669,79.37146182050896,91,baseline,tdc_residual_z,rolling_oos_standard_deviation,cumulative_sum_h0_to_h
accounting_public_liquidity_qoq,1,34.098232376807246,31.36273244683265,-27.372723218984746,95.56918797259924,90,baseline,tdc_residual_z,rolling_oos_standard_deviation,cumulative_sum_h0_to_h
accounting_public_liquidity_qoq,2,35.34366518574228,45.83332372682406,-54.489649318832875,125.17697969031744,89,baseline,tdc_residual_z,rolling_oos_standard_deviation,cumulative_sum_h0_to_h
accounting_public_liquidity_qoq,3,16.925725274966688,42.5782015275016,-66.52754971893646,100.37900026886982,88,baseline,tdc_residual_z,rolling_oos_standard_deviation,cumulative_sum_h0_to_h
accounting_public_liquidity_qoq,4,19.84686499619064,33.39625665787548,-45.60979805324531,85.30352804562659,87,baseline,tdc_residual_z,rolling_oos_standard_deviation,cumulative_sum_h0_to_h
accounting_public_liquidity_qoq,5,20.006164852375193,28.160189363785044,-35.187806300643494,75.20013600539389,86,baseline,tdc_residual_z,rolling_oos_standard_deviation,cumulative_sum_h0_to_h
accounting_public_liquidity_qoq,6,50.93872292433582,28.57530886334513,-5.068882447820627,106.94632829649227,85,baseline,tdc_residual_z,rolling_oos_standard_deviation,cumulative_sum_h0_to_h
accounting_public_liquidity_qoq,7,55.402306258227824,33.18690774228389,-9.644032916648598,120.44864543310425,84,baseline,tdc_residual_z,rolling_oos_standard_deviation,cumulative_sum_h0_to_h
accounting_public_liquidity_qoq,8,67.44567080413596,36.39311140642386,-3.8848275524548086,138.77616916072674,83,baseline,tdc_residual_z,rolling_oos_standard_deviation,cumulative_sum_h0_to_h
accounting_external_flow_qoq,0,-88.48626992626153,24.393641008189945,-136.29780630231383,-40.67473355020923,92,baseline,tdc_residual_z,rolling_oos_standard_deviation,cumulative_sum_h0_to_h
accounting_external_flow_qoq,1,-84.7544712039797,45.59553745417894,-174.12172461417043,4.612782206211008,91,baseline,tdc_residual_z,rolling_oos_standard_deviation,cumulative_sum_h0_to_h
accounting_external_flow_qoq,2,-101.47610949143979,64.92078368087395,-228.72084550595275,25.768626523073166,90,baseline,tdc_residual_z,rolling_oos_standard_deviation,cumulative_sum_h0_to_h
accounting_external_flow_qoq,3,-60.29852322526166,63.80862503790051,-185.36342829954668,64.76638184902335,89,baseline,tdc_residual_z,rolling_oos_standard_deviation,cumulative_sum_h0_to_h
accounting_external_flow_qoq,4,-58.54164299528435,53.08002574199129,-162.57849344958728,45.49520745901859,88,baseline,tdc_residual_z,rolling_oos_standard_deviation,cumulative_sum_h0_to_h
accounting_external_flow_qoq,5,-96.88611367849758,54.84599652395963,-204.38426686545844,10.612039508463283,87,baseline,tdc_residual_z,rolling_oos_standard_deviation,cumulative_sum_h0_to_h
accounting_external_flow_qoq,6,-164.73074360286859,56.328906557221146,-275.135400455022,-54.32608675071515,86,baseline,tdc_residual_z,rolling_oos_standard_deviation,cumulative_sum_h0_to_h
accounting_external_flow_qoq,7,-175.60831401159953,65.27329727567086,-303.5439766719144,-47.67265135128466,85,baseline,tdc_residual_z,rolling_oos_standard_deviation,cumulative_sum_h0_to_h
accounting_external_flow_qoq,8,-183.95499745372663,70.34607208873,-321.8332987476374,-46.07669615981584,84,baseline,tdc_residual_z,rolling_oos_standard_deviation,cumulative_sum_h0_to_h
accounting_identity_total_qoq,0,-65.03773830060437,15.613096137202154,-95.6394067295206,-34.436069871688154,91,baseline,tdc_residual_z,rolling_oos_standard_deviation,cumulative_sum_h0_to_h
accounting_identity_total_qoq,1,-83.55130148086025,34.46337169373859,-151.09951000058788,-16.003092961132623,90,baseline,tdc_residual_z,rolling_oos_standard_deviation,cumulative_sum_h0_to_h
accounting_identity_total_qoq,2,-117.61410941792504,40.60364850329981,-197.19726048439264,-38.030958351457414,89,baseline,tdc_residual_z,rolling_oos_standard_deviation,cumulative_sum_h0_to_h
accounting_identity_total_qoq,3,-86.13835218668801,42.37189807801763,-169.18727241960255,-3.089431953773456,88,baseline,tdc_residual_z,rolling_oos_standard_deviation,cumulative_sum_h0_to_h
accounting_identity_total_qoq,4,-91.50872100732244,36.92114023157932,-163.8741558612179,-19.14328615342697,87,baseline,tdc_residual_z,rolling_oos_standard_deviation,cumulative_sum_h0_to_h
accounting_identity_total_qoq,5,-114.11981176791451,36.0920153662743,-184.86016188581215,-43.37946165001688,86,baseline,tdc_residual_z,rolling_oos_standard_deviation,cumulative_sum_h0_to_h
accounting_identity_total_qoq,6,-162.8226776457021,38.486620365526655,-238.25645356213434,-87.38890172926986,85,baseline,tdc_residual_z,rolling_oos_standard_deviation,cumulative_sum_h0_to_h
accounting_identity_total_qoq,7,-156.3215613708605,48.14349908066974,-250.6828195689732,-61.960303172747814,84,baseline,tdc_residual_z,rolling_oos_standard_deviation,cumulative_sum_h0_to_h
accounting_identity_total_qoq,8,-167.02611592089917,56.071301101274074,-276.92586607939637,-57.12636576240199,83,baseline,tdc_residual_z,rolling_oos_standard_deviation,cumulative_sum_h0_to_h
accounting_identity_gap_qoq,0,-0.641483087652235,0.922911243524295,-2.4503891249598535,1.1674229496553832,91,baseline,tdc_residual_z,rolling_oos_standard_deviation,cumulative_sum_h0_to_h
accounting_identity_gap_qoq,1,-2.56764787432439,1.6208877340336512,-5.744587833030346,0.6092920843815666,90,baseline,tdc_residual_z,rolling_oos_standard_deviation,cumulative_sum_h0_to_h
accounting_identity_gap_qoq,2,-3.6092931948144695,2.6671430786630363,-8.83689362899402,1.6183072393650813,89,baseline,tdc_residual_z,rolling_oos_standard_deviation,cumulative_sum_h0_to_h
accounting_identity_gap_qoq,3,-1.0294474489911591,2.7402328223436903,-6.400303780784792,4.341408882802473,88,baseline,tdc_residual_z,rolling_oos_standard_deviation,cumulative_sum_h0_to_h
accounting_identity_gap_qoq,4,-2.534574523609713,2.687431442485769,-7.80194015088182,2.732791103662394,87,baseline,tdc_residual_z,rolling_oos_standard_deviation,cumulative_sum_h0_to_h
accounting_identity_gap_qoq,5,-1.5779476572899658,3.465512090759047,-8.370351355177698,5.214456040597766,86,baseline,tdc_residual_z,rolling_oos_standard_deviation,cumulative_sum_h0_to_h
accounting_identity_gap_qoq,6,-1.930544175944168,3.805424194704382,-9.389175597564757,5.528087245676421,85,baseline,tdc_residual_z,rolling_oos_standard_deviation,cumulative_sum_h0_to_h
accounting_identity_gap_qoq,7,-0.22732076952482094,4.83323557724488,-9.700462500924786,9.245820961875143,84,baseline,tdc_residual_z,rolling_oos_standard_deviation,cumulative_sum_h0_to_h
accounting_identity_gap_qoq,8,-1.728467544265366,4.114124897945523,-9.79215234423859,6.335217255707858,83,baseline,tdc_residual_z,rolling_oos_standard_deviation,cumulative_sum_h0_to_h
strict_loan_core_min_qoq,0,-12.936216667743267,3.630426658560682,-20.051852918522204,-5.82058041696433,119,baseline,tdc_residual_z,rolling_oos_standard_deviation,cumulative_sum_h0_to_h
strict_loan_core_min_qoq,1,-16.311852037522378,5.695566103212528,-27.475161599818932,-5.148542475225824,118,baseline,tdc_residual_z,rolling_oos_standard_deviation,cumulative_sum_h0_to_h
strict_loan_core_min_qoq,2,-22.46943932854726,7.445017718939856,-37.06167405766938,-7.877204599425143,117,baseline,tdc_residual_z,rolling_oos_standard_deviation,cumulative_sum_h0_to_h
strict_loan_core_min_qoq,3,-17.794475198279226,10.668495389098501,-38.70472616091229,3.1157757643538346,116,baseline,tdc_residual_z,rolling_oos_standard_deviation,cumulative_sum_h0_to_h
strict_loan_core_min_qoq,4,-24.85888739376021,14.989609358550272,-54.23852173651874,4.5207469489983225,115,baseline,tdc_residual_z,rolling_oos_standard_deviation,cumulative_sum_h0_to_h
strict_loan_core_min_qoq,5,-21.88649716706267,19.49303708250822,-60.09284984877878,16.31985551465344,114,baseline,tdc_residual_z,rolling_oos_standard_deviation,cumulative_sum_h0_to_h
strict_loan_core_min_qoq,6,-21.339697991665858,22.19551043086743,-64.84289843616602,22.1635024528343,113,baseline,tdc_residual_z,rolling_oos_standard_deviation,cumulative_sum_h0_to_h
strict_loan_core_min_qoq,7,-13.987755116907366,24.229170644432752,-61.476929579995556,33.501419346180825,112,baseline,tdc_residual_z,rolling_oos_standard_deviation,cumulative_sum_h0_to_h
strict_loan_core_min_qoq,8,-20.179364374136664,26.025711976548905,-71.18975984817251,30.83103109989919,111,baseline,tdc_residual_z,rolling_oos_standard_deviation,cumulative_sum_h0_to_h
strict_loan_source_qoq,0,-14.361312827632876,5.346581169933267,-24.84061192070208,-3.8820137345636727,119,baseline,tdc_residual_z,rolling_oos_standard_deviation,cumulative_sum_h0_to_h
strict_loan_source_qoq,1,-16.059645508791995,6.610266419263587,-29.015767690548625,-3.103523327035365,118,baseline,tdc_residual_z,rolling_oos_standard_deviation,cumulative_sum_h0_to_h
strict_loan_source_qoq,2,-28.061312668871658,8.376515106535408,-44.47928227768105,-11.64334306006226,117,baseline,tdc_residual_z,rolling_oos_standard_deviation,cumulative_sum_h0_to_h
strict_loan_source_qoq,3,-15.436018730398068,13.967395033019509,-42.81211299511631,11.940075534320169,116,baseline,tdc_residual_z,rolling_oos_standard_deviation,cumulative_sum_h0_to_h
strict_loan_source_qoq,4,-23.7266209046791,18.357054361780644,-59.70644745376916,12.253205644410965,115,baseline,tdc_residual_z,rolling_oos_standard_deviation,cumulative_sum_h0_to_h
strict_loan_source_qoq,5,-18.10633579096514,25.10022450385742,-67.30277581852567,31.0901042365954,114,baseline,tdc_residual_z,rolling_oos_standard_deviation,cumulative_sum_h0_to_h
strict_loan_source_qoq,6,-21.620042010328014,28.812923060183998,-78.09337120828866,34.853287187632624,113,baseline,tdc_residual_z,rolling_oos_standard_deviation,cumulative_sum_h0_to_h
strict_loan_source_qoq,7,-6.782359421050984,31.984165663949764,-69.47132412239252,55.90660528029055,112,baseline,tdc_residual_z,rolling_oos_standard_deviation,cumulative_sum_h0_to_h
strict_loan_source_qoq,8,-17.516864309908087,33.777073927193335,-83.71992920720702,48.68620058739084,111,baseline,tdc_residual_z,rolling_oos_standard_deviation,cumulative_sum_h0_to_h
strict_loan_mortgages_qoq,0,-3.978042275219278,2.059968682069893,-8.015580892076269,0.059496341637712113,119,baseline,tdc_residual_z,rolling_oos_standard_deviation,cumulative_sum_h0_to_h
strict_loan_mortgages_qoq,1,-2.8935524836688646,3.477198064430388,-9.708860689952425,3.921755722614696,118,baseline,tdc_residual_z,rolling_oos_standard_deviation,cumulative_sum_h0_to_h
strict_loan_mortgages_qoq,2,-4.252697957577334,4.927504407646077,-13.910606596563644,5.405210681408976,117,baseline,tdc_residual_z,rolling_oos_standard_deviation,cumulative_sum_h0_to_h
strict_loan_mortgages_qoq,3,-1.9161427420397015,6.968328502547211,-15.574066607032234,11.741781122952831,116,baseline,tdc_residual_z,rolling_oos_standard_deviation,cumulative_sum_h0_to_h
strict_loan_mortgages_qoq,4,-2.7723501785221565,9.742659941859554,-21.867963664566883,16.32326330752257,115,baseline,tdc_residual_z,rolling_oos_standard_deviation,cumulative_sum_h0_to_h
strict_loan_mortgages_qoq,5,1.3751145428450222,13.1080084548082,-24.31658202857905,27.066811114269093,114,baseline,tdc_residual_z,rolling_oos_standard_deviation,cumulative_sum_h0_to_h
strict_loan_mortgages_qoq,6,4.5849297882173765,15.869023186745315,-26.51835565780344,35.68821523423819,113,baseline,tdc_residual_z,rolling_oos_standard_deviation,cumulative_sum_h0_to_h
strict_loan_mortgages_qoq,7,8.079094322923499,17.576230730196055,-26.37031790826077,42.528506554107764,112,baseline,tdc_residual_z,rolling_oos_standard_deviation,cumulative_sum_h0_to_h
strict_loan_mortgages_qoq,8,6.643857080006978,19.70033795679215,-31.968805315305634,45.25651947531959,111,baseline,tdc_residual_z,rolling_oos_standard_deviation,cumulative_sum_h0_to_h
strict_loan_consumer_credit_qoq,0,-4.727049310636028,2.0861980177621144,-8.815997425449773,-0.6381011958222835,119,baseline,tdc_residual_z,rolling_oos_standard_deviation,cumulative_sum_h0_to_h
strict_loan_consumer_credit_qoq,1,-7.303482537870657,3.178816914792057,-13.53396369086309,-1.0730013848782258,118,baseline,tdc_residual_z,rolling_oos_standard_deviation,cumulative_sum_h0_to_h
strict_loan_consumer_credit_qoq,2,-7.5959349612566305,3.732369718719466,-14.911379609946785,-0.28049031256647705,117,baseline,tdc_residual_z,rolling_oos_standard_deviation,cumulative_sum_h0_to_h
strict_loan_consumer_credit_qoq,3,-6.349775817981893,4.449132763548283,-15.070076034536527,2.3705243985727407,116,baseline,tdc_residual_z,rolling_oos_standard_deviation,cumulative_sum_h0_to_h
strict_loan_consumer_credit_qoq,4,-9.050428927665745,5.399794509873013,-19.63402616701685,1.53316831168536,115,baseline,tdc_residual_z,rolling_oos_standard_deviation,cumulative_sum_h0_to_h
strict_loan_consumer_credit_qoq,5,-7.4340687965255885,6.279277196055922,-19.741452100795193,4.873314507744018,114,baseline,tdc_residual_z,rolling_oos_standard_deviation,cumulative_sum_h0_to_h
strict_loan_consumer_credit_qoq,6,-7.023285146782763,6.125275003363749,-19.02882415337571,4.982253859810184,113,baseline,tdc_residual_z,rolling_oos_standard_deviation,cumulative_sum_h0_to_h
strict_loan_consumer_credit_qoq,7,-5.171787858973913,6.603574287591319,-18.114793462652898,7.771217744705073,112,baseline,tdc_residual_z,rolling_oos_standard_deviation,cumulative_sum_h0_to_h
strict_loan_consumer_credit_qoq,8,-7.191490548742362,6.382903732070525,-19.70198186360059,5.319000766115867,111,baseline,tdc_residual_z,rolling_oos_standard_deviation,cumulative_sum_h0_to_h
strict_loan_di_loans_nec_qoq,0,-3.0570197270342403,5.662204476086389,-14.154940500163562,8.040901046095083,119,baseline,tdc_residual_z,rolling_oos_standard_deviation,cumulative_sum_h0_to_h
strict_loan_di_loans_nec_qoq,1,-3.3807175717467874,7.944511148946434,-18.9519594236818,12.190524280188223,118,baseline,tdc_residual_z,rolling_oos_standard_deviation,cumulative_sum_h0_to_h
strict_loan_di_loans_nec_qoq,2,-11.45240611872982,7.99471939829949,-27.122056139396822,4.217243901937181,117,baseline,tdc_residual_z,rolling_oos_standard_deviation,cumulative_sum_h0_to_h
strict_loan_di_loans_nec_qoq,3,-7.906797941166435,8.541827491824296,-24.648779825142057,8.835183942809188,116,baseline,tdc_residual_z,rolling_oos_standard_deviation,cumulative_sum_h0_to_h
strict_loan_di_loans_nec_qoq,4,-12.188680634789879,9.823259937200394,-31.44227011170265,7.064908842122893,115,baseline,tdc_residual_z,rolling_oos_standard_deviation,cumulative_sum_h0_to_h
strict_loan_di_loans_nec_qoq,5,-11.66369303646767,11.008775359169402,-33.2408927404397,9.913506667504357,114,baseline,tdc_residual_z,rolling_oos_standard_deviation,cumulative_sum_h0_to_h
strict_loan_di_loans_nec_qoq,6,-17.241069910569017,11.71011503174898,-40.19289537279702,5.710755551658984,113,baseline,tdc_residual_z,rolling_oos_standard_deviation,cumulative_sum_h0_to_h
strict_loan_di_loans_nec_qoq,7,-12.447163649794241,12.929401210705096,-37.788790022776226,12.894462723187747,112,baseline,tdc_residual_z,rolling_oos_standard_deviation,cumulative_sum_h0_to_h
strict_loan_di_loans_nec_qoq,8,-16.82313368312014,13.207213150034928,-42.7092714571886,9.063004090948318,111,baseline,tdc_residual_z,rolling_oos_standard_deviation,cumulative_sum_h0_to_h
strict_di_loans_nec_private_domestic_borrower_qoq,0,-1.0742494463261876,6.572609331508989,-13.956563736083805,11.808064843431431,119,baseline,tdc_residual_z,rolling_oos_standard_deviation,cumulative_sum_h0_to_h
strict_di_loans_nec_private_domestic_borrower_qoq,1,-3.850943792204861,9.187305617086311,-21.858062801694032,14.156175217284309,118,baseline,tdc_residual_z,rolling_oos_standard_deviation,cumulative_sum_h0_to_h
strict_di_loans_nec_private_domestic_borrower_qoq,2,-15.223741208449885,8.456097004280577,-31.79769133683982,1.3502089199400462,117,baseline,tdc_residual_z,rolling_oos_standard_deviation,cumulative_sum_h0_to_h
strict_di_loans_nec_private_domestic_borrower_qoq,3,-12.974879006270339,7.8549966517625345,-28.370672443724906,2.4209144311842294,116,baseline,tdc_residual_z,rolling_oos_standard_deviation,cumulative_sum_h0_to_h
strict_di_loans_nec_private_domestic_borrower_qoq,4,-13.198418915784673,9.528349690437107,-31.873984309041404,5.477146477472056,115,baseline,tdc_residual_z,rolling_oos_standard_deviation,cumulative_sum_h0_to_h
strict_di_loans_nec_private_domestic_borrower_qoq,5,-12.653124377413377,10.513227485743926,-33.25905024947147,7.952801494644717,114,baseline,tdc_residual_z,rolling_oos_standard_deviation,cumulative_sum_h0_to_h
strict_di_loans_nec_private_domestic_borrower_qoq,6,-18.582054800197355,11.931784256876572,-41.96835194367544,4.804242343280727,113,baseline,tdc_residual_z,rolling_oos_standard_deviation,cumulative_sum_h0_to_h
strict_di_loans_nec_private_domestic_borrower_qoq,7,-13.50364789321564,13.32245312079192,-39.6156560099678,12.608360223536522,112,baseline,tdc_residual_z,rolling_oos_standard_deviation,cumulative_sum_h0_to_h
strict_di_loans_nec_private_domestic_borrower_qoq,8,-13.75509128178399,13.348156095533051,-39.91747722902877,12.407294665460789,111,baseline,tdc_residual_z,rolling_oos_standard_deviation,cumulative_sum_h0_to_h
strict_di_loans_nec_noncore_system_borrower_qoq,0,-2.699559961082934,3.761820125721609,-10.072727407497286,4.673607485331419,119,baseline,tdc_residual_z,rolling_oos_standard_deviation,cumulative_sum_h0_to_h
strict_di_loans_nec_noncore_system_borrower_qoq,1,-7.944885354533477,7.471676862058056,-22.589372004167267,6.699601295100312,118,baseline,tdc_residual_z,rolling_oos_standard_deviation,cumulative_sum_h0_to_h
strict_di_loans_nec_noncore_system_borrower_qoq,2,-9.568672599037427,8.828088914599238,-26.871726871651934,7.734381673577079,117,baseline,tdc_residual_z,rolling_oos_standard_deviation,cumulative_sum_h0_to_h
strict_di_loans_nec_noncore_system_borrower_qoq,3,-4.618793050298594,8.931378850557733,-22.12429559739175,12.886709496794564,116,baseline,tdc_residual_z,rolling_oos_standard_deviation,cumulative_sum_h0_to_h
strict_di_loans_nec_noncore_system_borrower_qoq,4,-6.0490713501123885,8.237867375714048,-22.195291406511924,10.097148706287147,115,baseline,tdc_residual_z,rolling_oos_standard_deviation,cumulative_sum_h0_to_h
strict_di_loans_nec_noncore_system_borrower_qoq,5,-7.078908991930251,8.455184725819928,-23.65107105453731,9.493253070676808,114,baseline,tdc_residual_z,rolling_oos_standard_deviation,cumulative_sum_h0_to_h
strict_di_loans_nec_noncore_system_borrower_qoq,6,-5.0515019978036,8.992237802246642,-22.676288090207017,12.573284094599819,113,baseline,tdc_residual_z,rolling_oos_standard_deviation,cumulative_sum_h0_to_h
strict_di_loans_nec_noncore_system_borrower_qoq,7,0.5661591522312914,10.059531835147158,-19.150523244657137,20.282841549119723,112,baseline,tdc_residual_z,rolling_oos_standard_deviation,cumulative_sum_h0_to_h
strict_di_loans_nec_noncore_system_borrower_qoq,8,-0.44699224523587944,10.619230349476666,-21.260683730210143,20.366699239738384,111,baseline,tdc_residual_z,rolling_oos_standard_deviation,cumulative_sum_h0_to_h
strict_loan_core_plus_private_borrower_qoq,0,-12.557371580970514,6.1882725137476084,-24.686385707915825,-0.42835745402520153,119,baseline,tdc_residual_z,rolling_oos_standard_deviation,cumulative_sum_h0_to_h
strict_loan_core_plus_private_borrower_qoq,1,-15.738976800479406,7.509039539400578,-30.456694297704537,-1.0212593032542738,118,baseline,tdc_residual_z,rolling_oos_standard_deviation,cumulative_sum_h0_to_h
strict_loan_core_plus_private_borrower_qoq,2,-30.826134957071815,8.28223229461198,-47.059310254511296,-14.592959659632335,117,baseline,tdc_residual_z,rolling_oos_standard_deviation,cumulative_sum_h0_to_h
strict_loan_core_plus_private_borrower_qoq,3,-19.19030665514517,13.117699014482255,-44.90099672353039,6.520383413240047,116,baseline,tdc_residual_z,rolling_oos_standard_deviation,cumulative_sum_h0_to_h
strict_loan_core_plus_private_borrower_qoq,4,-23.494321757484773,17.974479114678246,-58.724300822254136,11.735657307284587,115,baseline,tdc_residual_z,rolling_oos_standard_deviation,cumulative_sum_h0_to_h
strict_loan_core_plus_private_borrower_qoq,5,-17.15636548156558,24.987385561282984,-66.13164118168024,31.81891021854907,114,baseline,tdc_residual_z,rolling_oos_standard_deviation,cumulative_sum_h0_to_h
strict_loan_core_plus_private_borrower_qoq,6,-22.002243423799847,29.103766402168876,-79.04562557205085,35.04113872445115,113,baseline,tdc_residual_z,rolling_oos_standard_deviation,cumulative_sum_h0_to_h
strict_loan_core_plus_private_borrower_qoq,7,-6.522616049990617,32.68250100463185,-70.58031801906904,57.535085919087805,112,baseline,tdc_residual_z,rolling_oos_standard_deviation,cumulative_sum_h0_to_h
strict_loan_core_plus_private_borrower_qoq,8,-13.029783252305677,34.16364273887717,-79.99052302050494,53.930956515893584,111,baseline,tdc_residual_z,rolling_oos_standard_deviation,cumulative_sum_h0_to_h
strict_loan_noncore_system_qoq,0,-2.499428461735584,3.8219458183540613,-9.990442265709543,4.991585342238376,119,baseline,tdc_residual_z,rolling_oos_standard_deviation,cumulative_sum_h0_to_h
strict_loan_noncore_system_qoq,1,-7.678893501632208,7.496467694648282,-22.371970183142842,7.014183179878424,118,baseline,tdc_residual_z,rolling_oos_standard_deviation,cumulative_sum_h0_to_h
strict_loan_noncore_system_qoq,2,-9.258198833399444,8.834560661454313,-26.5739377298499,8.057540063051011,117,baseline,tdc_residual_z,rolling_oos_standard_deviation,cumulative_sum_h0_to_h
strict_loan_noncore_system_qoq,3,-4.312417923413399,8.923040291706767,-21.801576895158664,13.176741048331866,116,baseline,tdc_residual_z,rolling_oos_standard_deviation,cumulative_sum_h0_to_h
strict_loan_noncore_system_qoq,4,-5.87268099863966,8.198360948037223,-21.941468456792617,10.196106459513299,115,baseline,tdc_residual_z,rolling_oos_standard_deviation,cumulative_sum_h0_to_h
strict_loan_noncore_system_qoq,5,-7.008592739650083,8.404297678046673,-23.481016188621563,9.463830709321396,114,baseline,tdc_residual_z,rolling_oos_standard_deviation,cumulative_sum_h0_to_h
strict_loan_noncore_system_qoq,6,-4.8610371410949575,8.948473486522964,-22.400045174679967,12.677970892490052,113,baseline,tdc_residual_z,rolling_oos_standard_deviation,cumulative_sum_h0_to_h
strict_loan_noncore_system_qoq,7,0.7390488824662587,10.059145297344667,-18.97687590032929,20.454973665261804,112,baseline,tdc_residual_z,rolling_oos_standard_deviation,cumulative_sum_h0_to_h
strict_loan_noncore_system_qoq,8,-0.3585530091814455,10.626226118926363,-21.185956202277115,20.468850183914224,111,baseline,tdc_residual_z,rolling_oos_standard_deviation,cumulative_sum_h0_to_h
strict_di_loans_nec_households_nonprofits_qoq,0,-0.7425296923580293,0.6939751757211339,-2.1027210367714515,0.617661652055393,119,baseline,tdc_residual_z,rolling_oos_standard_deviation,cumulative_sum_h0_to_h
strict_di_loans_nec_households_nonprofits_qoq,1,-0.7534487733247153,0.8292018848330412,-2.378684467597476,0.8717869209480456,118,baseline,tdc_residual_z,rolling_oos_standard_deviation,cumulative_sum_h0_to_h
strict_di_loans_nec_households_nonprofits_qoq,2,-1.2223999218673554,0.7551899509533399,-2.7025722257359015,0.2577723820011908,117,baseline,tdc_residual_z,rolling_oos_standard_deviation,cumulative_sum_h0_to_h
strict_di_loans_nec_households_nonprofits_qoq,3,0.7491445177372473,1.1074317054716096,-1.4214216249871077,2.919710660461602,116,baseline,tdc_residual_z,rolling_oos_standard_deviation,cumulative_sum_h0_to_h
strict_di_loans_nec_households_nonprofits_qoq,4,1.718297918091992,1.2891148509805053,-0.8083671898297982,4.244963026013782,115,baseline,tdc_residual_z,rolling_oos_standard_deviation,cumulative_sum_h0_to_h
strict_di_loans_nec_households_nonprofits_qoq,5,2.9811805967876013,1.7692862607336413,-0.4866204742503357,6.448981667825539,114,baseline,tdc_residual_z,rolling_oos_standard_deviation,cumulative_sum_h0_to_h
strict_di_loans_nec_households_nonprofits_qoq,6,2.068198891289557,1.8373781693854063,-1.5330623207058394,5.669460103284953,113,baseline,tdc_residual_z,rolling_oos_standard_deviation,cumulative_sum_h0_to_h
strict_di_loans_nec_households_nonprofits_qoq,7,3.1458360507410834,1.9856639261873548,-0.746065244586132,7.037737346068299,112,baseline,tdc_residual_z,rolling_oos_standard_deviation,cumulative_sum_h0_to_h
strict_di_loans_nec_households_nonprofits_qoq,8,2.738599770096396,1.7901160316556,-0.7700276519485798,6.247227192141372,111,baseline,tdc_residual_z,rolling_oos_standard_deviation,cumulative_sum_h0_to_h
strict_di_loans_nec_nonfinancial_corporate_qoq,0,2.273710847456367,6.058232257229347,-9.600424376713153,14.147846071625889,119,baseline,tdc_residual_z,rolling_oos_standard_deviation,cumulative_sum_h0_to_h
strict_di_loans_nec_nonfinancial_corporate_qoq,1,0.3106926586942991,7.812536059585951,-15.001878018094166,15.623263335482763,118,baseline,tdc_residual_z,rolling_oos_standard_deviation,cumulative_sum_h0_to_h
strict_di_loans_nec_nonfinancial_corporate_qoq,2,-8.18990956703683,6.65396417074098,-21.23167934168915,4.8518602076154895,117,baseline,tdc_residual_z,rolling_oos_standard_deviation,cumulative_sum_h0_to_h
strict_di_loans_nec_nonfinancial_corporate_qoq,3,-7.801339390258267,6.097013089176645,-19.75148504504449,4.148806264527957,116,baseline,tdc_residual_z,rolling_oos_standard_deviation,cumulative_sum_h0_to_h
strict_di_loans_nec_nonfinancial_corporate_qoq,4,-7.953336035100651,7.428942750892559,-22.514063826850066,6.607391756648764,115,baseline,tdc_residual_z,rolling_oos_standard_deviation,cumulative_sum_h0_to_h
strict_di_loans_nec_nonfinancial_corporate_qoq,5,-9.123374835213337,8.376048540101309,-25.5404299738119,7.293680303385226,114,baseline,tdc_residual_z,rolling_oos_standard_deviation,cumulative_sum_h0_to_h
strict_di_loans_nec_nonfinancial_corporate_qoq,6,-14.10180639562353,8.95356576207115,-31.650795289282986,3.447182498035925,113,baseline,tdc_residual_z,rolling_oos_standard_deviation,cumulative_sum_h0_to_h
strict_di_loans_nec_nonfinancial_corporate_qoq,7,-11.204962310442085,9.733315836820431,-30.282261350610128,7.8723367297259585,112,baseline,tdc_residual_z,rolling_oos_standard_deviation,cumulative_sum_h0_to_h
strict_di_loans_nec_nonfinancial_corporate_qoq,8,-10.376274972624362,9.520884879913746,-29.037209337255305,8.284659392006581,111,baseline,tdc_residual_z,rolling_oos_standard_deviation,cumulative_sum_h0_to_h
strict_di_loans_nec_nonfinancial_noncorporate_qoq,0,-2.0698253778271636,0.9332400254657621,-3.898975827740057,-0.24067492791426992,119,baseline,tdc_residual_z,rolling_oos_standard_deviation,cumulative_sum_h0_to_h
strict_di_loans_nec_nonfinancial_noncorporate_qoq,1,-3.0179094394614374,1.8861729251700348,-6.714808372794705,0.6789894938718306,118,baseline,tdc_residual_z,rolling_oos_standard_deviation,cumulative_sum_h0_to_h
strict_di_loans_nec_nonfinancial_noncorporate_qoq,2,-5.53114472045671,2.8962120594893825,-11.2077203570559,0.14543091614248027,117,baseline,tdc_residual_z,rolling_oos_standard_deviation,cumulative_sum_h0_to_h
strict_di_loans_nec_nonfinancial_noncorporate_qoq,3,-5.235086901087078,2.933866704327627,-10.985465641569228,0.5152918393950712,116,baseline,tdc_residual_z,rolling_oos_standard_deviation,cumulative_sum_h0_to_h
strict_di_loans_nec_nonfinancial_noncorporate_qoq,4,-5.420006864613125,3.434900010108204,-12.152410884425205,1.3123971551989548,115,baseline,tdc_residual_z,rolling_oos_standard_deviation,cumulative_sum_h0_to_h
strict_di_loans_nec_nonfinancial_noncorporate_qoq,5,-4.910235688420541,4.00194779148519,-12.754053359731513,2.9335819828904306,114,baseline,tdc_residual_z,rolling_oos_standard_deviation,cumulative_sum_h0_to_h
strict_di_loans_nec_nonfinancial_noncorporate_qoq,6,-5.348483930338277,4.8886731822331475,-14.930283367515246,4.233315506838691,113,baseline,tdc_residual_z,rolling_oos_standard_deviation,cumulative_sum_h0_to_h
strict_di_loans_nec_nonfinancial_noncorporate_qoq,7,-4.267098236858361,5.465694942753834,-14.979860324655876,6.4456638509391535,112,baseline,tdc_residual_z,rolling_oos_standard_deviation,cumulative_sum_h0_to_h
strict_di_loans_nec_nonfinancial_noncorporate_qoq,8,-5.165379311083916,5.849418899265298,-16.6302403536439,6.299481731476067,111,baseline,tdc_residual_z,rolling_oos_standard_deviation,cumulative_sum_h0_to_h
strict_di_loans_nec_state_local_qoq,0,-0.20986553063467228,0.10027562629717762,-0.4064057581771404,-0.013325303092204144,119,baseline,tdc_residual_z,rolling_oos_standard_deviation,cumulative_sum_h0_to_h
strict_di_loans_nec_state_local_qoq,1,-0.43754141757287324,0.2179528168092438,-0.8647289385189911,-0.010353896626755399,118,baseline,tdc_residual_z,rolling_oos_standard_deviation,cumulative_sum_h0_to_h
strict_di_loans_nec_state_local_qoq,2,-0.6170804344557742,0.3291714400577152,-1.2622564569688959,0.028095588057347576,117,baseline,tdc_residual_z,rolling_oos_standard_deviation,cumulative_sum_h0_to_h
strict_di_loans_nec_state_local_qoq,3,-0.5475472686738785,0.3407821094598724,-1.2154802032152285,0.12038566586747146,116,baseline,tdc_residual_z,rolling_oos_standard_deviation,cumulative_sum_h0_to_h
strict_di_loans_nec_state_local_qoq,4,-0.7080132675836778,0.3742138520000627,-1.4414724175038005,0.02544588233644507,115,baseline,tdc_residual_z,rolling_oos_standard_deviation,cumulative_sum_h0_to_h
strict_di_loans_nec_state_local_qoq,5,-0.9220443870806859,0.3292902211152183,-1.5674532204665137,-0.27663555369485815,114,baseline,tdc_residual_z,rolling_oos_standard_deviation,cumulative_sum_h0_to_h
strict_di_loans_nec_state_local_qoq,6,-0.9781685080187429,0.3748031622414475,-1.71278270601198,-0.24355431002550576,113,baseline,tdc_residual_z,rolling_oos_standard_deviation,cumulative_sum_h0_to_h
strict_di_loans_nec_state_local_qoq,7,-1.020496368239776,0.3672643820363327,-1.7403345570309883,-0.300658179448564,112,baseline,tdc_residual_z,rolling_oos_standard_deviation,cumulative_sum_h0_to_h
strict_di_loans_nec_state_local_qoq,8,-1.1596912908640404,0.4065875648784905,-1.9566029180258817,-0.36277966370219905,111,baseline,tdc_residual_z,rolling_oos_standard_deviation,cumulative_sum_h0_to_h
strict_di_loans_nec_domestic_financial_qoq,0,-3.9196500825673573,2.9323691558162923,-9.66709362796729,1.8277934628325756,119,baseline,tdc_residual_z,rolling_oos_standard_deviation,cumulative_sum_h0_to_h
strict_di_loans_nec_domestic_financial_qoq,1,-8.140009085716006,6.558255242439388,-20.994189360897206,4.714171189465194,118,baseline,tdc_residual_z,rolling_oos_standard_deviation,cumulative_sum_h0_to_h
strict_di_loans_nec_domestic_financial_qoq,2,-9.904211560557746,7.968324525180572,-25.522127629911665,5.713704508796175,117,baseline,tdc_residual_z,rolling_oos_standard_deviation,cumulative_sum_h0_to_h
strict_di_loans_nec_domestic_financial_qoq,3,-7.528413460884113,7.166915411317149,-21.575567667065723,6.518740745297499,116,baseline,tdc_residual_z,rolling_oos_standard_deviation,cumulative_sum_h0_to_h
strict_di_loans_nec_domestic_financial_qoq,4,-7.490819111160883,6.4262151836498065,-20.086200871114503,5.1045626487927365,115,baseline,tdc_residual_z,rolling_oos_standard_deviation,cumulative_sum_h0_to_h
strict_di_loans_nec_domestic_financial_qoq,5,-8.380524635493984,6.648402500924265,-21.411393537305543,4.650344266317575,114,baseline,tdc_residual_z,rolling_oos_standard_deviation,cumulative_sum_h0_to_h
strict_di_loans_nec_domestic_financial_qoq,6,-6.519188854330462,7.032012800565629,-20.301933943439096,7.26355623477817,113,baseline,tdc_residual_z,rolling_oos_standard_deviation,cumulative_sum_h0_to_h
strict_di_loans_nec_domestic_financial_qoq,7,-2.0986610604404445,8.378862430857366,-18.52123142492088,14.32390930403999,112,baseline,tdc_residual_z,rolling_oos_standard_deviation,cumulative_sum_h0_to_h
strict_di_loans_nec_domestic_financial_qoq,8,-1.3805333789978627,9.071409236843543,-19.160495483211207,16.39942872521548,111,baseline,tdc_residual_z,rolling_oos_standard_deviation,cumulative_sum_h0_to_h
strict_di_loans_nec_rest_of_world_qoq,0,1.3096652636278543,0.9484871111844289,-0.5493694742936261,3.1687000015493347,119,baseline,tdc_residual_z,rolling_oos_standard_deviation,cumulative_sum_h0_to_h
strict_di_loans_nec_rest_of_world_qoq,1,1.329227090319549,1.080892146942835,-0.7893215176884074,3.4477756983275056,118,baseline,tdc_residual_z,rolling_oos_standard_deviation,cumulative_sum_h0_to_h
strict_di_loans_nec_rest_of_world_qoq,2,1.4638744913917252,1.5594295655407928,-1.5926074570682287,4.520356439851679,117,baseline,tdc_residual_z,rolling_oos_standard_deviation,cumulative_sum_h0_to_h
strict_di_loans_nec_rest_of_world_qoq,3,3.7509962889659514,2.885615407938688,-1.9048099105938778,9.40680248852578,116,baseline,tdc_residual_z,rolling_oos_standard_deviation,cumulative_sum_h0_to_h
strict_di_loans_nec_rest_of_world_qoq,4,2.9032885259143004,3.0901858130205544,-3.153475667605986,8.960052719434586,115,baseline,tdc_residual_z,rolling_oos_standard_deviation,cumulative_sum_h0_to_h
strict_di_loans_nec_rest_of_world_qoq,5,2.832780043635932,3.3874750044713693,-3.806670965127952,9.472231052399817,114,baseline,tdc_residual_z,rolling_oos_standard_deviation,cumulative_sum_h0_to_h
strict_di_loans_nec_rest_of_world_qoq,6,2.7336150832822366,3.744894191350087,-4.6063775317639335,10.073607698328406,113,baseline,tdc_residual_z,rolling_oos_standard_deviation,cumulative_sum_h0_to_h
strict_di_loans_nec_rest_of_world_qoq,7,5.334870444112898,4.269080327366837,-3.0325269975261033,13.7022678857519,112,baseline,tdc_residual_z,rolling_oos_standard_deviation,cumulative_sum_h0_to_h
strict_di_loans_nec_rest_of_world_qoq,8,4.093488216287675,4.436093728411261,-4.601255491398396,12.788231923973745,111,baseline,tdc_residual_z,rolling_oos_standard_deviation,cumulative_sum_h0_to_h
strict_di_loans_nec_systemwide_liability_total_qoq,0,-2.098947283839943,9.051449351100564,-19.839788011997047,15.64189344431716,119,baseline,tdc_residual_z,rolling_oos_standard_deviation,cumulative_sum_h0_to_h
strict_di_loans_nec_systemwide_liability_total_qoq,1,-8.98392785837102,14.109472258845962,-36.638493485709105,18.67063776896706,118,baseline,tdc_residual_z,rolling_oos_standard_deviation,cumulative_sum_h0_to_h
strict_di_loans_nec_systemwide_liability_total_qoq,2,-22.80599558856115,15.29325992304769,-52.780785037734624,7.168793860612325,117,baseline,tdc_residual_z,rolling_oos_standard_deviation,cumulative_sum_h0_to_h
strict_di_loans_nec_systemwide_liability_total_qoq,3,-17.169352271173686,17.053903610889556,-50.59500334851722,16.256298806169845,116,baseline,tdc_residual_z,rolling_oos_standard_deviation,cumulative_sum_h0_to_h
strict_di_loans_nec_systemwide_liability_total_qoq,4,-18.40571375303596,18.06490688933832,-53.812931256139066,17.001503750067144,115,baseline,tdc_residual_z,rolling_oos_standard_deviation,cumulative_sum_h0_to_h
strict_di_loans_nec_systemwide_liability_total_qoq,5,-18.52064976547164,18.821799904637246,-55.41137757856064,18.370078047617362,114,baseline,tdc_residual_z,rolling_oos_standard_deviation,cumulative_sum_h0_to_h
strict_di_loans_nec_systemwide_liability_total_qoq,6,-23.91240247782425,20.00669764381515,-63.12552985970195,15.300724904053446,113,baseline,tdc_residual_z,rolling_oos_standard_deviation,cumulative_sum_h0_to_h
strict_di_loans_nec_systemwide_liability_total_qoq,7,-13.991843124242074,22.665862021583692,-58.41693268654611,30.433246438061964,112,baseline,tdc_residual_z,rolling_oos_standard_deviation,cumulative_sum_h0_to_h
strict_di_loans_nec_systemwide_liability_total_qoq,8,-16.322243583975755,23.53109351491253,-62.44318687320431,29.7986997052528,111,baseline,tdc_residual_z,rolling_oos_standard_deviation,cumulative_sum_h0_to_h
strict_di_loans_nec_systemwide_borrower_total_qoq,0,-2.098947283839909,9.051449351100594,-19.839788011997072,15.641893444317255,119,baseline,tdc_residual_z,rolling_oos_standard_deviation,cumulative_sum_h0_to_h
strict_di_loans_nec_systemwide_borrower_total_qoq,1,-8.98392785837094,14.109472258846006,-36.63849348570911,18.670637768967232,118,baseline,tdc_residual_z,rolling_oos_standard_deviation,cumulative_sum_h0_to_h
strict_di_loans_nec_systemwide_borrower_total_qoq,2,-22.805995588561217,15.293259923047662,-52.78078503773463,7.168793860612201,117,baseline,tdc_residual_z,rolling_oos_standard_deviation,cumulative_sum_h0_to_h
strict_di_loans_nec_systemwide_borrower_total_qoq,3,-17.16935227117372,17.053903610889574,-50.59500334851729,16.256298806169845,116,baseline,tdc_residual_z,rolling_oos_standard_deviation,cumulative_sum_h0_to_h
strict_di_loans_nec_systemwide_borrower_total_qoq,4,-18.40571375303598,18.064906889338257,-53.81293125613897,17.001503750067005,115,baseline,tdc_residual_z,rolling_oos_standard_deviation,cumulative_sum_h0_to_h
strict_di_loans_nec_systemwide_borrower_total_qoq,5,-18.520649765471877,18.821799904637448,-55.41137757856127,18.370078047617522,114,baseline,tdc_residual_z,rolling_oos_standard_deviation,cumulative_sum_h0_to_h
strict_di_loans_nec_systemwide_borrower_total_qoq,6,-23.912402477824298,20.00669764381514,-63.12552985970197,15.300724904053379,113,baseline,tdc_residual_z,rolling_oos_standard_deviation,cumulative_sum_h0_to_h
strict_di_loans_nec_systemwide_borrower_total_qoq,7,-13.99184312424191,22.66586202158357,-58.41693268654571,30.433246438061886,112,baseline,tdc_residual_z,rolling_oos_standard_deviation,cumulative_sum_h0_to_h
strict_di_loans_nec_systemwide_borrower_total_qoq,8,-16.322243583975542,23.531093514912524,-62.443186873204084,29.798699705253,111,baseline,tdc_residual_z,rolling_oos_standard_deviation,cumulative_sum_h0_to_h
strict_di_loans_nec_systemwide_borrower_gap_qoq,0,-1.401676754788427e-15,1.43324180723727e-15,-4.210830696973476e-15,1.4074771873966218e-15,119,baseline,tdc_residual_z,rolling_oos_standard_deviation,cumulative_sum_h0_to_h
strict_di_loans_nec_systemwide_borrower_gap_qoq,1,-1.6632839292828333e-15,1.8664654416203587e-15,-5.321556194858737e-15,1.9949883362930696e-15,118,baseline,tdc_residual_z,rolling_oos_standard_deviation,cumulative_sum_h0_to_h
strict_di_loans_nec_systemwide_borrower_gap_qoq,2,-2.386996570581111e-15,2.2293540828051277e-15,-6.756530572879162e-15,1.9825374317169393e-15,117,baseline,tdc_residual_z,rolling_oos_standard_deviation,cumulative_sum_h0_to_h
strict_di_loans_nec_systemwide_borrower_gap_qoq,3,-1.7077135184506473e-15,2.2522779995830487e-15,-6.122178397633423e-15,2.706751360732128e-15,116,baseline,tdc_residual_z,rolling_oos_standard_deviation,cumulative_sum_h0_to_h
strict_di_loans_nec_systemwide_borrower_gap_qoq,4,-2.500265897607805e-15,2.3814519810630103e-15,-7.167911780491306e-15,2.167379985275695e-15,115,baseline,tdc_residual_z,rolling_oos_standard_deviation,cumulative_sum_h0_to_h
strict_di_loans_nec_systemwide_borrower_gap_qoq,5,-2.184457291948094e-15,2.137311163529243e-15,-6.3735871724654104e-15,2.0046725885692223e-15,114,baseline,tdc_residual_z,rolling_oos_standard_deviation,cumulative_sum_h0_to_h
strict_di_loans_nec_systemwide_borrower_gap_qoq,6,-2.0530221917463357e-15,2.1172843564189438e-15,-6.2028995303274656e-15,2.096855146834794e-15,113,baseline,tdc_residual_z,rolling_oos_standard_deviation,cumulative_sum_h0_to_h
strict_di_loans_nec_systemwide_borrower_gap_qoq,7,-7.286557740415274e-16,1.830024934509342e-15,-4.315504645679837e-15,2.858193097596783e-15,112,baseline,tdc_residual_z,rolling_oos_standard_deviation,cumulative_sum_h0_to_h
strict_di_loans_nec_systemwide_borrower_gap_qoq,8,-6.030130229438968e-16,1.78280135405148e-15,-4.097303676884797e-15,2.8912776309970034e-15,111,baseline,tdc_residual_z,rolling_oos_standard_deviation,cumulative_sum_h0_to_h
strict_loan_other_advances_qoq,0,0.15295182331822602,0.08233193282024996,-0.008418765009463897,0.3143224116459159,119,baseline,tdc_residual_z,rolling_oos_standard_deviation,cumulative_sum_h0_to_h
strict_loan_other_advances_qoq,1,0.2195264950654465,0.11536152935670124,-0.0065821024736879286,0.4456350926045809,118,baseline,tdc_residual_z,rolling_oos_standard_deviation,cumulative_sum_h0_to_h
strict_loan_other_advances_qoq,2,0.305529847052452,0.12282655722854201,0.06478979488450967,0.5462698992203944,117,baseline,tdc_residual_z,rolling_oos_standard_deviation,cumulative_sum_h0_to_h
strict_loan_other_advances_qoq,3,0.29040708213995814,0.14737933669615103,0.0015435822155021595,0.5792705820644142,116,baseline,tdc_residual_z,rolling_oos_standard_deviation,cumulative_sum_h0_to_h
strict_loan_other_advances_qoq,4,0.19849107280168377,0.15541539734723256,-0.10612310599889202,0.5031052516022596,115,baseline,tdc_residual_z,rolling_oos_standard_deviation,cumulative_sum_h0_to_h
strict_loan_other_advances_qoq,5,0.08239478561949953,0.16443966185333805,-0.23990695161304304,0.4046965228520421,114,baseline,tdc_residual_z,rolling_oos_standard_deviation,cumulative_sum_h0_to_h
strict_loan_other_advances_qoq,6,0.1416305977240887,0.1720509011978172,-0.19558916862363301,0.4788503640718104,113,baseline,tdc_residual_z,rolling_oos_standard_deviation,cumulative_sum_h0_to_h
strict_loan_other_advances_qoq,7,0.15429052150508174,0.17177758488391026,-0.18239354486738238,0.4909745878775459,112,baseline,tdc_residual_z,rolling_oos_standard_deviation,cumulative_sum_h0_to_h
strict_loan_other_advances_qoq,8,0.07963168554030665,0.17598212909506744,-0.26529328748602554,0.4245566585666388,111,baseline,tdc_residual_z,rolling_oos_standard_deviation,cumulative_sum_h0_to_h
strict_non_treasury_agency_gse_qoq,0,7.8016916235167635,2.3587373541175256,3.1785664094464137,12.424816837587112,119,baseline,tdc_residual_z,rolling_oos_standard_deviation,cumulative_sum_h0_to_h
strict_non_treasury_agency_gse_qoq,1,9.485803966558853,4.2213107414688595,1.2120349132798882,17.759573019837816,118,baseline,tdc_residual_z,rolling_oos_standard_deviation,cumulative_sum_h0_to_h
strict_non_treasury_agency_gse_qoq,2,10.972795461059953,6.466222730543331,-1.7010010908049757,23.64659201292488,117,baseline,tdc_residual_z,rolling_oos_standard_deviation,cumulative_sum_h0_to_h
strict_non_treasury_agency_gse_qoq,3,11.541389398532043,9.384048454986518,-6.851345573241531,29.934124370305618,116,baseline,tdc_residual_z,rolling_oos_standard_deviation,cumulative_sum_h0_to_h
strict_non_treasury_agency_gse_qoq,4,18.212772721844185,12.978476629145758,-7.2250414712815,43.65058691496987,115,baseline,tdc_residual_z,rolling_oos_standard_deviation,cumulative_sum_h0_to_h
strict_non_treasury_agency_gse_qoq,5,17.889667510490618,15.390552932731708,-12.27581623766353,48.05515125864477,114,baseline,tdc_residual_z,rolling_oos_standard_deviation,cumulative_sum_h0_to_h
strict_non_treasury_agency_gse_qoq,6,16.362641245894373,17.05159317553042,-17.058481378145252,49.783763869934,113,baseline,tdc_residual_z,rolling_oos_standard_deviation,cumulative_sum_h0_to_h
strict_non_treasury_agency_gse_qoq,7,13.901066483459463,18.085981605987243,-21.547457464275535,49.34959043119446,112,baseline,tdc_residual_z,rolling_oos_standard_deviation,cumulative_sum_h0_to_h
strict_non_treasury_agency_gse_qoq,8,15.668641117398183,18.760309296946087,-21.10156510461615,52.43884733941251,111,baseline,tdc_residual_z,rolling_oos_standard_deviation,cumulative_sum_h0_to_h
strict_non_treasury_municipal_qoq,0,-0.46780324636641424,0.5387465073673173,-1.5237464008063561,0.5881399080735278,119,baseline,tdc_residual_z,rolling_oos_standard_deviation,cumulative_sum_h0_to_h
strict_non_treasury_municipal_qoq,1,-0.42717975463066304,0.8439100810907016,-2.081243513568438,1.226884004307112,118,baseline,tdc_residual_z,rolling_oos_standard_deviation,cumulative_sum_h0_to_h
strict_non_treasury_municipal_qoq,2,-0.5611067673530328,1.1423433869682098,-2.800099805810724,1.6778862711046583,117,baseline,tdc_residual_z,rolling_oos_standard_deviation,cumulative_sum_h0_to_h
strict_non_treasury_municipal_qoq,3,-0.2848442862001126,1.6150700707604737,-3.450381624890641,2.880693052490416,116,baseline,tdc_residual_z,rolling_oos_standard_deviation,cumulative_sum_h0_to_h
strict_non_treasury_municipal_qoq,4,-0.015415143204674298,2.0810736141322805,-4.094319426903944,4.063489140494596,115,baseline,tdc_residual_z,rolling_oos_standard_deviation,cumulative_sum_h0_to_h
strict_non_treasury_municipal_qoq,5,0.39568118153752607,2.4742082632364495,-4.453767014405915,5.245129377480967,114,baseline,tdc_residual_z,rolling_oos_standard_deviation,cumulative_sum_h0_to_h
strict_non_treasury_municipal_qoq,6,0.4570432505659179,2.772439896285719,-4.976938946154091,5.8910254472859265,113,baseline,tdc_residual_z,rolling_oos_standard_deviation,cumulative_sum_h0_to_h
strict_non_treasury_municipal_qoq,7,0.6085961350961733,2.9846509801969723,-5.241319786089893,6.458512056282238,112,baseline,tdc_residual_z,rolling_oos_standard_deviation,cumulative_sum_h0_to_h
strict_non_treasury_municipal_qoq,8,0.5289735640159856,3.213655999065437,-5.769792194152271,6.827739322184242,111,baseline,tdc_residual_z,rolling_oos_standard_deviation,cumulative_sum_h0_to_h
strict_non_treasury_corporate_foreign_bonds_qoq,0,2.2342293317151274,1.931071917096771,-1.5506716257945437,6.019130289224798,119,baseline,tdc_residual_z,rolling_oos_standard_deviation,cumulative_sum_h0_to_h
strict_non_treasury_corporate_foreign_bonds_qoq,1,4.033675422930902,2.563846833805866,-0.9914643713285951,9.0588152171904,118,baseline,tdc_residual_z,rolling_oos_standard_deviation,cumulative_sum_h0_to_h
strict_non_treasury_corporate_foreign_bonds_qoq,2,7.285673188946472,3.1879124601014848,1.0373647671475617,13.533981610745382,117,baseline,tdc_residual_z,rolling_oos_standard_deviation,cumulative_sum_h0_to_h
strict_non_treasury_corporate_foreign_bonds_qoq,3,6.3617764575691735,3.424678327539597,-0.35059306440843585,13.074145979546783,116,baseline,tdc_residual_z,rolling_oos_standard_deviation,cumulative_sum_h0_to_h
strict_non_treasury_corporate_foreign_bonds_qoq,4,7.930613823419565,4.886987820617678,-1.647882304991084,17.50910995183021,115,baseline,tdc_residual_z,rolling_oos_standard_deviation,cumulative_sum_h0_to_h
strict_non_treasury_corporate_foreign_bonds_qoq,5,9.037935608488601,5.149166158346405,-1.0544300618703524,19.130301278847554,114,baseline,tdc_residual_z,rolling_oos_standard_deviation,cumulative_sum_h0_to_h
strict_non_treasury_corporate_foreign_bonds_qoq,6,10.270555950230799,5.5946957171694365,-0.6950476554212965,21.236159555882892,113,baseline,tdc_residual_z,rolling_oos_standard_deviation,cumulative_sum_h0_to_h
strict_non_treasury_corporate_foreign_bonds_qoq,7,11.732037622724903,5.791031500635356,0.3816158814796058,23.0824593639702,112,baseline,tdc_residual_z,rolling_oos_standard_deviation,cumulative_sum_h0_to_h
strict_non_treasury_corporate_foreign_bonds_qoq,8,14.413032849431826,6.756291257269233,1.1707019851841292,27.65536371367952,111,baseline,tdc_residual_z,rolling_oos_standard_deviation,cumulative_sum_h0_to_h
strict_non_treasury_securities_qoq,0,10.512832325809482,3.8376637009437307,2.9910114719597702,18.034653179659195,119,baseline,tdc_residual_z,rolling_oos_standard_deviation,cumulative_sum_h0_to_h
strict_non_treasury_securities_qoq,1,14.222523995260342,5.837296169831269,2.781423502391055,25.663624488129628,118,baseline,tdc_residual_z,rolling_oos_standard_deviation,cumulative_sum_h0_to_h
strict_non_treasury_securities_qoq,2,19.19274890721303,8.972654733630598,1.6063456292970564,36.77915218512901,117,baseline,tdc_residual_z,rolling_oos_standard_deviation,cumulative_sum_h0_to_h
strict_non_treasury_securities_qoq,3,18.782083013278843,11.071225611665326,-2.9175191855851956,40.48168521214288,116,baseline,tdc_residual_z,rolling_oos_standard_deviation,cumulative_sum_h0_to_h
strict_non_treasury_securities_qoq,4,26.443065297344976,16.872458899332056,-6.626954145345852,59.51308474003581,115,baseline,tdc_residual_z,rolling_oos_standard_deviation,cumulative_sum_h0_to_h
strict_non_treasury_securities_qoq,5,27.470533352954693,20.20868389315995,-12.13848707763881,67.07955378354819,114,baseline,tdc_residual_z,rolling_oos_standard_deviation,cumulative_sum_h0_to_h
strict_non_treasury_securities_qoq,6,27.278211788168935,22.5355113089097,-16.891390377294076,71.44781395363195,113,baseline,tdc_residual_z,rolling_oos_standard_deviation,cumulative_sum_h0_to_h
strict_non_treasury_securities_qoq,7,26.251100871192676,23.82403097135486,-20.443999832662847,72.9462015750482,112,baseline,tdc_residual_z,rolling_oos_standard_deviation,cumulative_sum_h0_to_h
strict_non_treasury_securities_qoq,8,30.833509805595828,26.154298752017,-20.428915748357486,82.09593535954915,111,baseline,tdc_residual_z,rolling_oos_standard_deviation,cumulative_sum_h0_to_h
strict_identifiable_total_qoq,0,-3.3212742360073477,7.0574160358523566,-17.153809666277965,10.511261194263271,119,baseline,tdc_residual_z,rolling_oos_standard_deviation,cumulative_sum_h0_to_h
strict_identifiable_total_qoq,1,-1.55093125282648,10.590284003470053,-22.307887899627783,19.206025393974823,118,baseline,tdc_residual_z,rolling_oos_standard_deviation,cumulative_sum_h0_to_h
strict_identifiable_total_qoq,2,-9.563593239826258,13.308908218101196,-35.6490533473046,16.521866867652086,117,baseline,tdc_residual_z,rolling_oos_standard_deviation,cumulative_sum_h0_to_h
strict_identifiable_total_qoq,3,2.1646944625925997,20.315036157109137,-37.65277640534131,41.982165330526506,116,baseline,tdc_residual_z,rolling_oos_standard_deviation,cumulative_sum_h0_to_h
strict_identifiable_total_qoq,4,1.6242148598417572,26.983616569507834,-51.263673616393596,54.51210333607711,115,baseline,tdc_residual_z,rolling_oos_standard_deviation,cumulative_sum_h0_to_h
strict_identifiable_total_qoq,5,6.454855383069557,34.50111039473189,-61.16732099060495,74.07703175674406,114,baseline,tdc_residual_z,rolling_oos_standard_deviation,cumulative_sum_h0_to_h
strict_identifiable_total_qoq,6,1.8476544156253993,37.99797025787693,-72.62836728981338,76.32367612106418,113,baseline,tdc_residual_z,rolling_oos_standard_deviation,cumulative_sum_h0_to_h
strict_identifiable_total_qoq,7,15.33496979981166,41.59542207435149,-66.19205746591726,96.86199706554058,112,baseline,tdc_residual_z,rolling_oos_standard_deviation,cumulative_sum_h0_to_h
strict_identifiable_total_qoq,8,9.15206279903046,44.76379442273261,-78.58497426952545,96.88909986758637,111,baseline,tdc_residual_z,rolling_oos_standard_deviation,cumulative_sum_h0_to_h
strict_identifiable_gap_qoq,0,-51.45101110629406,11.612583938530694,-74.21167562581422,-28.690346586773902,119,baseline,tdc_residual_z,rolling_oos_standard_deviation,cumulative_sum_h0_to_h
strict_identifiable_gap_qoq,1,-67.5818703711079,24.5227004267397,-115.64636320751771,-19.517377534698085,118,baseline,tdc_residual_z,rolling_oos_standard_deviation,cumulative_sum_h0_to_h
strict_identifiable_gap_qoq,2,-86.25202441447844,31.722876472819884,-148.4288623012054,-24.07518652775147,117,baseline,tdc_residual_z,rolling_oos_standard_deviation,cumulative_sum_h0_to_h
strict_identifiable_gap_qoq,3,-69.90249529832533,32.384241895324976,-133.3756094131623,-6.429381183488381,116,baseline,tdc_residual_z,rolling_oos_standard_deviation,cumulative_sum_h0_to_h
strict_identifiable_gap_qoq,4,-74.73928102867838,29.50488312747682,-132.56885195853295,-16.90971009882381,115,baseline,tdc_residual_z,rolling_oos_standard_deviation,cumulative_sum_h0_to_h
strict_identifiable_gap_qoq,5,-97.6971133459243,33.62060943038145,-163.59350782947195,-31.800718862376655,114,baseline,tdc_residual_z,rolling_oos_standard_deviation,cumulative_sum_h0_to_h
strict_identifiable_gap_qoq,6,-130.1097942637959,40.99211881285254,-210.45434713698688,-49.76524139060491,113,baseline,tdc_residual_z,rolling_oos_standard_deviation,cumulative_sum_h0_to_h
strict_identifiable_gap_qoq,7,-136.45058127714066,45.31127270500169,-225.26067577894398,-47.64048677533734,112,baseline,tdc_residual_z,rolling_oos_standard_deviation,cumulative_sum_h0_to_h
strict_identifiable_gap_qoq,8,-145.1436729824548,46.820325900599066,-236.91151174762896,-53.37583421728064,111,baseline,tdc_residual_z,rolling_oos_standard_deviation,cumulative_sum_h0_to_h
strict_funding_fedfunds_repo_qoq,0,0.025502521954184565,1.5429489206174247,-2.9986773624559677,3.049682406364337,119,baseline,tdc_residual_z,rolling_oos_standard_deviation,cumulative_sum_h0_to_h
strict_funding_fedfunds_repo_qoq,1,-1.4059708687942065,1.9041785713708108,-5.138160868680996,2.326219131092583,118,baseline,tdc_residual_z,rolling_oos_standard_deviation,cumulative_sum_h0_to_h
strict_funding_fedfunds_repo_qoq,2,0.44025518730402297,2.0460391570745897,-3.5699815605621725,4.450491935170218,117,baseline,tdc_residual_z,rolling_oos_standard_deviation,cumulative_sum_h0_to_h
strict_funding_fedfunds_repo_qoq,3,-1.6630616374285203,2.772894854380317,-7.097935552013942,3.7718122771569007,116,baseline,tdc_residual_z,rolling_oos_standard_deviation,cumulative_sum_h0_to_h
strict_funding_fedfunds_repo_qoq,4,-2.094078491459003,3.8930783379476175,-9.724512033836334,5.536355050918327,115,baseline,tdc_residual_z,rolling_oos_standard_deviation,cumulative_sum_h0_to_h
strict_funding_fedfunds_repo_qoq,5,-0.3024158290697101,3.8604690832194466,-7.868935232179826,7.264103574040405,114,baseline,tdc_residual_z,rolling_oos_standard_deviation,cumulative_sum_h0_to_h
strict_funding_fedfunds_repo_qoq,6,2.57343979876104,4.600727095103919,-6.443985307642642,11.590864905164722,113,baseline,tdc_residual_z,rolling_oos_standard_deviation,cumulative_sum_h0_to_h
strict_funding_fedfunds_repo_qoq,7,1.645485379951091,4.740967836003872,-7.646811578616497,10.93778233851868,112,baseline,tdc_residual_z,rolling_oos_standard_deviation,cumulative_sum_h0_to_h
strict_funding_fedfunds_repo_qoq,8,2.6457859121151017,6.250724970838105,-9.605635030727584,14.897206854957787,111,baseline,tdc_residual_z,rolling_oos_standard_deviation,cumulative_sum_h0_to_h
strict_funding_debt_securities_qoq,0,-0.4464304718753729,1.291862696396096,-2.978481356811721,2.0856204130609752,119,baseline,tdc_residual_z,rolling_oos_standard_deviation,cumulative_sum_h0_to_h
strict_funding_debt_securities_qoq,1,-1.906641850978598,2.4364003209903258,-6.681986480119637,2.86870277816244,118,baseline,tdc_residual_z,rolling_oos_standard_deviation,cumulative_sum_h0_to_h
strict_funding_debt_securities_qoq,2,-0.30807094986501893,3.189701982800326,-6.559886836153657,5.94374493642362,117,baseline,tdc_residual_z,rolling_oos_standard_deviation,cumulative_sum_h0_to_h
strict_funding_debt_securities_qoq,3,0.9269438629821318,3.4057639465913905,-5.748353472336993,7.6022411983012566,116,baseline,tdc_residual_z,rolling_oos_standard_deviation,cumulative_sum_h0_to_h
strict_funding_debt_securities_qoq,4,3.754336608701289,3.3647930637472645,-2.8406577962433497,10.349331013645926,115,baseline,tdc_residual_z,rolling_oos_standard_deviation,cumulative_sum_h0_to_h
strict_funding_debt_securities_qoq,5,6.586385222614523,3.2776844924477926,0.16212361741684944,13.010646827812197,114,baseline,tdc_residual_z,rolling_oos_standard_deviation,cumulative_sum_h0_to_h
strict_funding_debt_securities_qoq,6,5.79518199213806,3.4124119379006466,-0.893145406147207,12.483509390423327,113,baseline,tdc_residual_z,rolling_oos_standard_deviation,cumulative_sum_h0_to_h
strict_funding_debt_securities_qoq,7,4.073486903226543,3.2320285297394733,-2.2612890150628244,10.408262821515912,112,baseline,tdc_residual_z,rolling_oos_standard_deviation,cumulative_sum_h0_to_h
strict_funding_debt_securities_qoq,8,2.9718467451223836,3.0384425570323166,-2.983500666660957,8.927194156905724,111,baseline,tdc_residual_z,rolling_oos_standard_deviation,cumulative_sum_h0_to_h
strict_funding_fhlb_advances_qoq,0,-5.287972399866888,3.153427910716827,-11.46869110487187,0.8927463051380933,119,baseline,tdc_residual_z,rolling_oos_standard_deviation,cumulative_sum_h0_to_h
strict_funding_fhlb_advances_qoq,1,-10.219478360602324,3.538737867191748,-17.15540458029815,-3.2835521409064974,118,baseline,tdc_residual_z,rolling_oos_standard_deviation,cumulative_sum_h0_to_h
strict_funding_fhlb_advances_qoq,2,-15.93458266956921,4.844520070552857,-25.42984200785281,-6.43932333128561,117,baseline,tdc_residual_z,rolling_oos_standard_deviation,cumulative_sum_h0_to_h
strict_funding_fhlb_advances_qoq,3,-15.169599396408334,6.829214601116589,-28.554860014596848,-1.7843387782198192,116,baseline,tdc_residual_z,rolling_oos_standard_deviation,cumulative_sum_h0_to_h
strict_funding_fhlb_advances_qoq,4,-17.639333307635418,7.98192504173956,-33.28390638944495,-1.9947602258258819,115,baseline,tdc_residual_z,rolling_oos_standard_deviation,cumulative_sum_h0_to_h
strict_funding_fhlb_advances_qoq,5,-15.308578350579245,9.572908822717892,-34.071479643106315,3.454322941947824,114,baseline,tdc_residual_z,rolling_oos_standard_deviation,cumulative_sum_h0_to_h
strict_funding_fhlb_advances_qoq,6,-9.599885811891632,12.04705433071417,-33.212112300091405,14.012340676308142,113,baseline,tdc_residual_z,rolling_oos_standard_deviation,cumulative_sum_h0_to_h
strict_funding_fhlb_advances_qoq,7,-5.941433900893635,13.237209657815395,-31.88636483021181,20.00349702842454,112,baseline,tdc_residual_z,rolling_oos_standard_deviation,cumulative_sum_h0_to_h
strict_funding_fhlb_advances_qoq,8,-4.8190380432372395,15.447022817909046,-35.09520276633897,25.45712667986449,111,baseline,tdc_residual_z,rolling_oos_standard_deviation,cumulative_sum_h0_to_h
strict_funding_offset_total_qoq,0,-5.336247784922859,4.135892291292697,-13.442596675856544,2.7701011060108254,119,baseline,tdc_residual_z,rolling_oos_standard_deviation,cumulative_sum_h0_to_h
strict_funding_offset_total_qoq,1,-13.13374527154323,5.353613564906987,-23.626827858760926,-2.6406626843255356,118,baseline,tdc_residual_z,rolling_oos_standard_deviation,cumulative_sum_h0_to_h
strict_funding_offset_total_qoq,2,-15.413600914223151,6.857802339784055,-28.8548935001999,-1.9723083282464042,117,baseline,tdc_residual_z,rolling_oos_standard_deviation,cumulative_sum_h0_to_h
strict_funding_offset_total_qoq,3,-16.10067357768028,9.406321252701446,-34.537063232975115,2.3357160776145527,116,baseline,tdc_residual_z,rolling_oos_standard_deviation,cumulative_sum_h0_to_h
strict_funding_offset_total_qoq,4,-16.763402756182057,10.643785953647724,-37.625223225331595,4.098417712967482,115,baseline,tdc_residual_z,rolling_oos_standard_deviation,cumulative_sum_h0_to_h
strict_funding_offset_total_qoq,5,-9.610320902162487,11.832169388310916,-32.80137290325188,13.58073109892691,114,baseline,tdc_residual_z,rolling_oos_standard_deviation,cumulative_sum_h0_to_h
strict_funding_offset_total_qoq,6,-2.0048378417854096,14.596217680727085,-30.613424496010495,26.603748812439676,113,baseline,tdc_residual_z,rolling_oos_standard_deviation,cumulative_sum_h0_to_h
strict_funding_offset_total_qoq,7,-1.3741966017347225,17.012953962634633,-34.719586368498604,31.971193165029156,112,baseline,tdc_residual_z,rolling_oos_standard_deviation,cumulative_sum_h0_to_h
strict_funding_offset_total_qoq,8,-0.06264078163144404,20.263335421552704,-39.778778207874744,39.653496644611856,111,baseline,tdc_residual_z,rolling_oos_standard_deviation,cumulative_sum_h0_to_h
strict_identifiable_net_after_funding_qoq,0,1.5529270871549983,5.238687546409818,-8.714900503808245,11.820754678118242,119,baseline,tdc_residual_z,rolling_oos_standard_deviation,cumulative_sum_h0_to_h
strict_identifiable_net_after_funding_qoq,1,10.664211669372794,9.834637665893617,-8.611678155778694,29.94010149452428,118,baseline,tdc_residual_z,rolling_oos_standard_deviation,cumulative_sum_h0_to_h
strict_identifiable_net_after_funding_qoq,2,5.470108168888714,12.633899632466784,-19.292335110746183,30.232551448523612,117,baseline,tdc_residual_z,rolling_oos_standard_deviation,cumulative_sum_h0_to_h
strict_identifiable_net_after_funding_qoq,3,17.04311170051183,18.60489864798192,-19.42248964953273,53.50871305055639,116,baseline,tdc_residual_z,rolling_oos_standard_deviation,cumulative_sum_h0_to_h
strict_identifiable_net_after_funding_qoq,4,18.947649503453988,24.037903214200124,-28.166640796378253,66.06193980328624,115,baseline,tdc_residual_z,rolling_oos_standard_deviation,cumulative_sum_h0_to_h
strict_identifiable_net_after_funding_qoq,5,16.32493781234877,30.23277007934451,-42.93129154316647,75.58116716786401,114,baseline,tdc_residual_z,rolling_oos_standard_deviation,cumulative_sum_h0_to_h
strict_identifiable_net_after_funding_qoq,6,4.504135282099014,30.6604347237359,-55.59031677642335,64.59858734062138,113,baseline,tdc_residual_z,rolling_oos_standard_deviation,cumulative_sum_h0_to_h
strict_identifiable_net_after_funding_qoq,7,18.194980204637673,33.094318756019156,-46.669884557159875,83.05984496643522,112,baseline,tdc_residual_z,rolling_oos_standard_deviation,cumulative_sum_h0_to_h
strict_identifiable_net_after_funding_qoq,8,12.869410490424201,34.317217269314305,-54.39233535743183,80.13115633828023,111,baseline,tdc_residual_z,rolling_oos_standard_deviation,cumulative_sum_h0_to_h
strict_gap_after_funding_qoq,0,-55.34389158661477,12.35342035859386,-79.55659548945873,-31.1311876837708,119,baseline,tdc_residual_z,rolling_oos_standard_deviation,cumulative_sum_h0_to_h
strict_gap_after_funding_qoq,1,-78.71353651092026,26.467275118772907,-130.58939574371516,-26.83767727812537,118,baseline,tdc_residual_z,rolling_oos_standard_deviation,cumulative_sum_h0_to_h
strict_gap_after_funding_qoq,2,-100.01665221489348,33.32241691771186,-165.32858937360874,-34.70471505617823,117,baseline,tdc_residual_z,rolling_oos_standard_deviation,cumulative_sum_h0_to_h
strict_gap_after_funding_qoq,3,-85.21801190567854,33.59671615214082,-151.06757556387453,-19.368448247482533,116,baseline,tdc_residual_z,rolling_oos_standard_deviation,cumulative_sum_h0_to_h
strict_gap_after_funding_qoq,4,-91.72250541034254,30.977597934256725,-152.4385973614857,-31.006413459199358,115,baseline,tdc_residual_z,rolling_oos_standard_deviation,cumulative_sum_h0_to_h
strict_gap_after_funding_qoq,5,-107.16330184091296,34.337242748209455,-174.46429762740348,-39.86230605442243,114,baseline,tdc_residual_z,rolling_oos_standard_deviation,cumulative_sum_h0_to_h
strict_gap_after_funding_qoq,6,-130.53639179505842,40.80423975858459,-210.51270172188424,-50.560081868232615,113,baseline,tdc_residual_z,rolling_oos_standard_deviation,cumulative_sum_h0_to_h
strict_gap_after_funding_qoq,7,-136.51324377933338,45.40934761754872,-225.51556510972887,-47.51092244893789,112,baseline,tdc_residual_z,rolling_oos_standard_deviation,cumulative_sum_h0_to_h
strict_gap_after_funding_qoq,8,-145.42979307994756,44.42477736022275,-232.50235670598414,-58.357229453910975,111,baseline,tdc_residual_z,rolling_oos_standard_deviation,cumulative_sum_h0_to_h
bank_credit_private_qoq,0,13.417303271228572,12.79506019172449,-11.661014704551427,38.49562124700857,64,baseline,tdc_residual_z,rolling_oos_standard_deviation,cumulative_sum_h0_to_h
bank_credit_private_qoq,1,18.26262920283891,15.074663498098188,-11.283711253433538,47.808969659111355,63,baseline,tdc_residual_z,rolling_oos_standard_deviation,cumulative_sum_h0_to_h
bank_credit_private_qoq,2,19.584636941105167,13.579773740339196,-7.031719589959657,46.20099347216999,62,baseline,tdc_residual_z,rolling_oos_standard_deviation,cumulative_sum_h0_to_h
bank_credit_private_qoq,3,36.01605178414327,16.90084385213539,2.8903978339579055,69.14170573432864,61,baseline,tdc_residual_z,rolling_oos_standard_deviation,cumulative_sum_h0_to_h
bank_credit_private_qoq,4,50.72042121880935,20.002187345397477,11.516134021830297,89.9247084157884,60,baseline,tdc_residual_z,rolling_oos_standard_deviation,cumulative_sum_h0_to_h
bank_credit_private_qoq,5,63.157400443374755,25.934009508449613,12.326741806813516,113.988059079936,59,baseline,tdc_residual_z,rolling_oos_standard_deviation,cumulative_sum_h0_to_h
bank_credit_private_qoq,6,66.71027634143869,27.88834975631268,12.049110819065831,121.37144186381154,58,baseline,tdc_residual_z,rolling_oos_standard_deviation,cumulative_sum_h0_to_h
bank_credit_private_qoq,7,75.77130663700238,31.629834401335987,13.776831210383847,137.76578206362092,57,baseline,tdc_residual_z,rolling_oos_standard_deviation,cumulative_sum_h0_to_h
bank_credit_private_qoq,8,73.23477235763156,31.326014858683212,11.835783234612464,134.63376148065066,56,baseline,tdc_residual_z,rolling_oos_standard_deviation,cumulative_sum_h0_to_h
commercial_industrial_loans_qoq,0,-0.8482291577015069,5.239195687364588,-11.1170527049361,9.420594389533086,119,baseline,tdc_residual_z,rolling_oos_standard_deviation,cumulative_sum_h0_to_h
commercial_industrial_loans_qoq,1,-2.7223053011328977,8.436545821272496,-19.257935110826992,13.813324508561195,118,baseline,tdc_residual_z,rolling_oos_standard_deviation,cumulative_sum_h0_to_h
commercial_industrial_loans_qoq,2,-14.146869498240944,7.616205069404289,-29.07463143427335,0.7808924377914632,117,baseline,tdc_residual_z,rolling_oos_standard_deviation,cumulative_sum_h0_to_h
commercial_industrial_loans_qoq,3,-13.97204475842642,7.291028449642508,-28.262460519725735,0.3183710028728939,116,baseline,tdc_residual_z,rolling_oos_standard_deviation,cumulative_sum_h0_to_h
commercial_industrial_loans_qoq,4,-13.965140023410362,8.65213540576553,-30.923325418710803,2.9930453718900782,115,baseline,tdc_residual_z,rolling_oos_standard_deviation,cumulative_sum_h0_to_h
commercial_industrial_loans_qoq,5,-12.937307907949883,9.773084759448611,-32.09255403646916,6.217938220569394,114,baseline,tdc_residual_z,rolling_oos_standard_deviation,cumulative_sum_h0_to_h
commercial_industrial_loans_qoq,6,-18.245467266067134,10.85159889507922,-39.51460110042241,3.0236665682881387,113,baseline,tdc_residual_z,rolling_oos_standard_deviation,cumulative_sum_h0_to_h
commercial_industrial_loans_qoq,7,-13.883624517625432,11.37918311222999,-36.186823417596216,8.419574382345349,112,baseline,tdc_residual_z,rolling_oos_standard_deviation,cumulative_sum_h0_to_h
commercial_industrial_loans_qoq,8,-13.599101562242353,11.616697093722014,-36.3678278659375,9.169624741452793,111,baseline,tdc_residual_z,rolling_oos_standard_deviation,cumulative_sum_h0_to_h
construction_land_development_loans_qoq,0,0.20531975845538308,0.23514318828046066,-0.2555608905743198,0.666200407485086,42,baseline,tdc_residual_z,rolling_oos_standard_deviation,cumulative_sum_h0_to_h
construction_land_development_loans_qoq,1,-0.37028991400476297,0.6040415666448624,-1.5542113846286933,0.8136315566191673,41,baseline,tdc_residual_z,rolling_oos_standard_deviation,cumulative_sum_h0_to_h
construction_land_development_loans_qoq,2,-0.18898140836108168,0.770130107291529,-1.6984364186524785,1.3204736019303152,40,baseline,tdc_residual_z,rolling_oos_standard_deviation,cumulative_sum_h0_to_h
construction_land_development_loans_qoq,3,-0.7989485374244132,0.8810150270563811,-2.52573799045492,0.9278409156060938,39,baseline,tdc_residual_z,rolling_oos_standard_deviation,cumulative_sum_h0_to_h
construction_land_development_loans_qoq,4,-0.7042878264910684,1.0265060394462888,-2.7162396638057946,1.307664010823658,38,baseline,tdc_residual_z,rolling_oos_standard_deviation,cumulative_sum_h0_to_h
construction_land_development_loans_qoq,5,-0.37684861060624186,0.8576189436292647,-2.0577817401196006,1.3040845189071169,37,baseline,tdc_residual_z,rolling_oos_standard_deviation,cumulative_sum_h0_to_h
construction_land_development_loans_qoq,6,0.24793092134201533,0.8326096011457118,-1.3839838969035798,1.8798457395876105,36,baseline,tdc_residual_z,rolling_oos_standard_deviation,cumulative_sum_h0_to_h
construction_land_development_loans_qoq,7,0.7432856084832515,0.8897047350028435,-1.0005356721223218,2.4871068890888246,35,baseline,tdc_residual_z,rolling_oos_standard_deviation,cumulative_sum_h0_to_h
construction_land_development_loans_qoq,8,1.5808380043550008,0.8379202709993713,-0.06148572680376696,3.2231617355137683,34,baseline,tdc_residual_z,rolling_oos_standard_deviation,cumulative_sum_h0_to_h
cre_multifamily_loans_qoq,0,-0.7345683611962199,0.5186733911975492,-1.7511682079434163,0.28203148555097646,42,baseline,tdc_residual_z,rolling_oos_standard_deviation,cumulative_sum_h0_to_h
cre_multifamily_loans_qoq,1,-0.7417956558744625,0.7163356223731184,-2.1458134757257747,0.6622221639768495,41,baseline,tdc_residual_z,rolling_oos_standard_deviation,cumulative_sum_h0_to_h
cre_multifamily_loans_qoq,2,-2.458722183620403,1.0604428745315806,-4.537190217702301,-0.38025414953850545,40,baseline,tdc_residual_z,rolling_oos_standard_deviation,cumulative_sum_h0_to_h
cre_multifamily_loans_qoq,3,-2.494765350878274,1.186304430573033,-4.819922034801419,-0.16960866695512955,39,baseline,tdc_residual_z,rolling_oos_standard_deviation,cumulative_sum_h0_to_h
cre_multifamily_loans_qoq,4,-3.1215938207285854,1.5382773062314645,-6.136617340942256,-0.10657030051491478,38,baseline,tdc_residual_z,rolling_oos_standard_deviation,cumulative_sum_h0_to_h
cre_multifamily_loans_qoq,5,-0.32436006140593143,1.186996820645648,-2.6508738298714016,2.0021537070595388,37,baseline,tdc_residual_z,rolling_oos_standard_deviation,cumulative_sum_h0_to_h
cre_multifamily_loans_qoq,6,0.1200102415647244,1.1389090813420146,-2.112251557865624,2.352272040995073,36,baseline,tdc_residual_z,rolling_oos_standard_deviation,cumulative_sum_h0_to_h
cre_multifamily_loans_qoq,7,3.092372012498,2.1167878304619294,-1.056532135207381,7.241276160203381,35,baseline,tdc_residual_z,rolling_oos_standard_deviation,cumulative_sum_h0_to_h
cre_multifamily_loans_qoq,8,2.425655070234475,1.0363218921290722,0.3944641616614937,4.456845978807456,34,baseline,tdc_residual_z,rolling_oos_standard_deviation,cumulative_sum_h0_to_h
cre_nonfarm_nonresidential_loans_qoq,0,-0.4333775432123832,0.6956905551072083,-1.7969310312225115,0.9301759447977451,42,baseline,tdc_residual_z,rolling_oos_standard_deviation,cumulative_sum_h0_to_h
cre_nonfarm_nonresidential_loans_qoq,1,-0.9942967902969908,0.9951914155859941,-2.9448719648455395,0.9562783842515576,41,baseline,tdc_residual_z,rolling_oos_standard_deviation,cumulative_sum_h0_to_h
cre_nonfarm_nonresidential_loans_qoq,2,-2.0733949330433674,1.2790125166111475,-4.580259465601216,0.4334695995144817,40,baseline,tdc_residual_z,rolling_oos_standard_deviation,cumulative_sum_h0_to_h
cre_nonfarm_nonresidential_loans_qoq,3,-2.1405697481092574,1.8708878383938197,-5.807509911361144,1.5263704151426292,39,baseline,tdc_residual_z,rolling_oos_standard_deviation,cumulative_sum_h0_to_h
cre_nonfarm_nonresidential_loans_qoq,4,-2.3941701016098467,1.9632360877304356,-6.2421128335615,1.453772630341807,38,baseline,tdc_residual_z,rolling_oos_standard_deviation,cumulative_sum_h0_to_h
cre_nonfarm_nonresidential_loans_qoq,5,-0.44517052764851783,1.9272663965684633,-4.222612664922706,3.3322716096256704,37,baseline,tdc_residual_z,rolling_oos_standard_deviation,cumulative_sum_h0_to_h
cre_nonfarm_nonresidential_loans_qoq,6,0.9438138556683349,1.9084132747972034,-2.7966761629341836,4.684303874270853,36,baseline,tdc_residual_z,rolling_oos_standard_deviation,cumulative_sum_h0_to_h
cre_nonfarm_nonresidential_loans_qoq,7,3.292882591976035,1.913978871009301,-0.4585159952021951,7.0442811791542645,35,baseline,tdc_residual_z,rolling_oos_standard_deviation,cumulative_sum_h0_to_h
cre_nonfarm_nonresidential_loans_qoq,8,3.509345832299161,1.6325077552837346,0.3096306319430413,6.70906103265528,34,baseline,tdc_residual_z,rolling_oos_standard_deviation,cumulative_sum_h0_to_h
consumer_loans_qoq,0,-2.373205911897445,1.4116417766443938,-5.140023794120458,0.39361197032556694,119,baseline,tdc_residual_z,rolling_oos_standard_deviation,cumulative_sum_h0_to_h
consumer_loans_qoq,1,-5.835904132770126,2.410587682502312,-10.560655990474658,-1.111152275065594,118,baseline,tdc_residual_z,rolling_oos_standard_deviation,cumulative_sum_h0_to_h
consumer_loans_qoq,2,-5.818248608839708,3.0546097536020094,-11.805283725899645,0.16878650822023022,117,baseline,tdc_residual_z,rolling_oos_standard_deviation,cumulative_sum_h0_to_h
consumer_loans_qoq,3,-4.948459473784112,3.5777379972658183,-11.960825948425116,2.063907000856892,116,baseline,tdc_residual_z,rolling_oos_standard_deviation,cumulative_sum_h0_to_h
consumer_loans_qoq,4,-0.5082111658192847,4.570374256368577,-9.466144708301696,8.449722376663127,115,baseline,tdc_residual_z,rolling_oos_standard_deviation,cumulative_sum_h0_to_h
consumer_loans_qoq,5,4.54494677321529,7.426703121933866,-10.011391345775088,19.10128489220567,114,baseline,tdc_residual_z,rolling_oos_standard_deviation,cumulative_sum_h0_to_h
consumer_loans_qoq,6,1.9931598610686185,5.9580134859425655,-9.68454657137881,13.670866293516045,113,baseline,tdc_residual_z,rolling_oos_standard_deviation,cumulative_sum_h0_to_h
consumer_loans_qoq,7,2.1804899716979564,5.786639390010529,-9.16132323272268,13.522303176118594,112,baseline,tdc_residual_z,rolling_oos_standard_deviation,cumulative_sum_h0_to_h
consumer_loans_qoq,8,2.1298136023858447,5.783664907500948,-9.206169616316012,13.465796821087702,111,baseline,tdc_residual_z,rolling_oos_standard_deviation,cumulative_sum_h0_to_h
credit_card_revolving_loans_qoq,0,-1.3833290984699913,1.2787238995789536,-3.88962794164474,1.1229697447047575,101,baseline,tdc_residual_z,rolling_oos_standard_deviation,cumulative_sum_h0_to_h
credit_card_revolving_loans_qoq,1,-5.804189953887999,2.4676240565136975,-10.640733104654846,-0.967646803121152,100,baseline,tdc_residual_z,rolling_oos_standard_deviation,cumulative_sum_h0_to_h
credit_card_revolving_loans_qoq,2,-5.358955445973005,2.8465548796538136,-10.93820301009448,0.22029211814846938,99,baseline,tdc_residual_z,rolling_oos_standard_deviation,cumulative_sum_h0_to_h
credit_card_revolving_loans_qoq,3,-4.998225819137392,3.2730494334240037,-11.413402708648439,1.4169510703736545,98,baseline,tdc_residual_z,rolling_oos_standard_deviation,cumulative_sum_h0_to_h
credit_card_revolving_loans_qoq,4,-0.0847068391351753,4.671426875177517,-9.240703514483108,9.07128983621276,97,baseline,tdc_residual_z,rolling_oos_standard_deviation,cumulative_sum_h0_to_h
credit_card_revolving_loans_qoq,5,5.9754762939020125,8.9083474314563,-11.484884671752333,23.435837259556358,96,baseline,tdc_residual_z,rolling_oos_standard_deviation,cumulative_sum_h0_to_h
credit_card_revolving_loans_qoq,6,2.8598522778760582,7.0379591907642585,-10.934547736021887,16.654252291774004,95,baseline,tdc_residual_z,rolling_oos_standard_deviation,cumulative_sum_h0_to_h
credit_card_revolving_loans_qoq,7,2.326117159117067,6.729462926130095,-10.86363017609792,15.515864494332053,94,baseline,tdc_residual_z,rolling_oos_standard_deviation,cumulative_sum_h0_to_h
credit_card_revolving_loans_qoq,8,2.7653536961467857,6.9424938926043005,-10.841934333357644,16.372641725651214,93,baseline,tdc_residual_z,rolling_oos_standard_deviation,cumulative_sum_h0_to_h
auto_loans_qoq,0,0.14241427584634014,0.19718543778368997,-0.2440691822096922,0.5288977339023725,42,baseline,tdc_residual_z,rolling_oos_standard_deviation,cumulative_sum_h0_to_h
auto_loans_qoq,1,0.7101160341518999,0.6169719957769061,-0.49914907757083604,1.919381145874636,41,baseline,tdc_residual_z,rolling_oos_standard_deviation,cumulative_sum_h0_to_h
auto_loans_qoq,2,1.4675730408836054,0.8165356861049781,-0.13283690388215152,3.0679829856493623,40,baseline,tdc_residual_z,rolling_oos_standard_deviation,cumulative_sum_h0_to_h
auto_loans_qoq,3,2.572658876090709,0.8331579818078153,0.9396692317473909,4.205648520434027,39,baseline,tdc_residual_z,rolling_oos_standard_deviation,cumulative_sum_h0_to_h
auto_loans_qoq,4,3.020643982939922,0.8947702154410155,1.2668943606755316,4.774393605204312,38,baseline,tdc_residual_z,rolling_oos_standard_deviation,cumulative_sum_h0_to_h
auto_loans_qoq,5,3.5313683119967907,1.0210282095569692,1.5301530212651313,5.53258360272845,37,baseline,tdc_residual_z,rolling_oos_standard_deviation,cumulative_sum_h0_to_h
auto_loans_qoq,6,3.79225492363662,1.270980760537464,1.3011326329831907,6.283377214290049,36,baseline,tdc_residual_z,rolling_oos_standard_deviation,cumulative_sum_h0_to_h
auto_loans_qoq,7,4.704072801460933,1.5530443738480038,1.6601058287188457,7.74803977420302,35,baseline,tdc_residual_z,rolling_oos_standard_deviation,cumulative_sum_h0_to_h
auto_loans_qoq,8,4.953845938930109,1.678166318522084,1.6646399546268245,8.243051923233393,34,baseline,tdc_residual_z,rolling_oos_standard_deviation,cumulative_sum_h0_to_h
other_consumer_loans_qoq,0,-1.3025975877171594,0.8531545962609817,-2.9747805963886833,0.36958542095436475,101,baseline,tdc_residual_z,rolling_oos_standard_deviation,cumulative_sum_h0_to_h
other_consumer_loans_qoq,1,-1.3924582528723484,1.0337290227848681,-3.41856713753069,0.6336506317859931,100,baseline,tdc_residual_z,rolling_oos_standard_deviation,cumulative_sum_h0_to_h
other_consumer_loans_qoq,2,-1.39380520704512,1.4667738672359971,-4.268681986827675,1.4810715727374346,99,baseline,tdc_residual_z,rolling_oos_standard_deviation,cumulative_sum_h0_to_h
other_consumer_loans_qoq,3,-0.5685050730663526,1.704131624474757,-3.9086030570368764,2.7715929109041713,98,baseline,tdc_residual_z,rolling_oos_standard_deviation,cumulative_sum_h0_to_h
other_consumer_loans_qoq,4,-0.1673015633782473,1.8753750541978094,-3.8430366696059535,3.508433542849459,97,baseline,tdc_residual_z,rolling_oos_standard_deviation,cumulative_sum_h0_to_h
other_consumer_loans_qoq,5,0.23413170199172662,2.1620759390258355,-4.003537138498911,4.471800542482364,96,baseline,tdc_residual_z,rolling_oos_standard_deviation,cumulative_sum_h0_to_h
other_consumer_loans_qoq,6,0.3602363446432326,2.304706343557947,-4.156988088730343,4.877460778016808,95,baseline,tdc_residual_z,rolling_oos_standard_deviation,cumulative_sum_h0_to_h
other_consumer_loans_qoq,7,0.49842769312092905,2.74266665912739,-4.877198958768755,5.874054345010613,94,baseline,tdc_residual_z,rolling_oos_standard_deviation,cumulative_sum_h0_to_h
other_consumer_loans_qoq,8,0.17807307050740206,3.045351505460459,-5.7908158801950975,6.146962021209902,93,baseline,tdc_residual_z,rolling_oos_standard_deviation,cumulative_sum_h0_to_h
heloc_loans_qoq,0,0.6313234677084043,0.43233011437625685,-0.21604355646905915,1.4786904918858679,119,baseline,tdc_residual_z,rolling_oos_standard_deviation,cumulative_sum_h0_to_h
heloc_loans_qoq,1,0.09228295277930987,0.43855040656762634,-0.7672758440932378,0.9518417496518575,118,baseline,tdc_residual_z,rolling_oos_standard_deviation,cumulative_sum_h0_to_h
heloc_loans_qoq,2,-0.11233171244885543,0.8429149964667688,-1.7644451055237222,1.5397816806260114,117,baseline,tdc_residual_z,rolling_oos_standard_deviation,cumulative_sum_h0_to_h
heloc_loans_qoq,3,-0.06973015689750284,1.3151582958752477,-2.647440416812988,2.5079801030179825,116,baseline,tdc_residual_z,rolling_oos_standard_deviation,cumulative_sum_h0_to_h
heloc_loans_qoq,4,0.7236433764632113,1.585806967097538,-2.3845382790479634,3.831825031974386,115,baseline,tdc_residual_z,rolling_oos_standard_deviation,cumulative_sum_h0_to_h
heloc_loans_qoq,5,1.2649993898693195,1.9441076055336362,-2.545451516976607,5.075450296715246,114,baseline,tdc_residual_z,rolling_oos_standard_deviation,cumulative_sum_h0_to_h
heloc_loans_qoq,6,1.519212215612582,2.32044109402571,-3.0288523286778095,6.067276759902974,113,baseline,tdc_residual_z,rolling_oos_standard_deviation,cumulative_sum_h0_to_h
heloc_loans_qoq,7,2.205429518566854,2.7162613578308847,-3.1184427427816797,7.529301779915388,112,baseline,tdc_residual_z,rolling_oos_standard_deviation,cumulative_sum_h0_to_h
heloc_loans_qoq,8,2.937299450317689,3.1447045655411627,-3.22632149814299,9.100920398778367,111,baseline,tdc_residual_z,rolling_oos_standard_deviation,cumulative_sum_h0_to_h
closed_end_residential_loans_qoq,0,0.14665345425522947,2.414650144126408,-4.58606082823253,4.8793677367429895,85,baseline,tdc_residual_z,rolling_oos_standard_deviation,cumulative_sum_h0_to_h
closed_end_residential_loans_qoq,1,-0.6313087604204877,3.0655583974012863,-6.639803219327009,5.377185698486034,84,baseline,tdc_residual_z,rolling_oos_standard_deviation,cumulative_sum_h0_to_h
closed_end_residential_loans_qoq,2,-3.4799436185886683,3.175317203596239,-9.703565337637297,2.74367810045996,83,baseline,tdc_residual_z,rolling_oos_standard_deviation,cumulative_sum_h0_to_h
closed_end_residential_loans_qoq,3,-2.4995895191599633,2.9718928533233036,-8.324499511673638,3.3253204733537114,82,baseline,tdc_residual_z,rolling_oos_standard_deviation,cumulative_sum_h0_to_h
closed_end_residential_loans_qoq,4,0.7620595531267522,4.492702729685752,-8.043637797057322,9.567756903310826,81,baseline,tdc_residual_z,rolling_oos_standard_deviation,cumulative_sum_h0_to_h
closed_end_residential_loans_qoq,5,0.9364780698235542,5.118591245191496,-9.095960770751777,10.968916910398885,80,baseline,tdc_residual_z,rolling_oos_standard_deviation,cumulative_sum_h0_to_h
closed_end_residential_loans_qoq,6,0.16104164691166467,5.85195794894654,-11.308795933023553,11.630879226846883,79,baseline,tdc_residual_z,rolling_oos_standard_deviation,cumulative_sum_h0_to_h
closed_end_residential_loans_qoq,7,2.188528371878448,5.6566898595382,-8.898583752816423,13.275640496573319,78,baseline,tdc_residual_z,rolling_oos_standard_deviation,cumulative_sum_h0_to_h
closed_end_residential_loans_qoq,8,4.573766587154067,5.924672425237663,-7.038591366311753,16.186124540619886,77,baseline,tdc_residual_z,rolling_oos_standard_deviation,cumulative_sum_h0_to_h
loans_to_commercial_banks_qoq,0,0.1554756815911831,0.616034791330759,-1.0519525094171045,1.3629038725994707,119,baseline,tdc_residual_z,rolling_oos_standard_deviation,cumulative_sum_h0_to_h
loans_to_commercial_banks_qoq,1,1.4771116386968457,0.9528936997914339,-0.3905600128943647,3.3447832902880563,118,baseline,tdc_residual_z,rolling_oos_standard_deviation,cumulative_sum_h0_to_h
loans_to_commercial_banks_qoq,2,0.9130692407938579,0.7425622088589878,-0.5423526885697583,2.368491170157474,117,baseline,tdc_residual_z,rolling_oos_standard_deviation,cumulative_sum_h0_to_h
loans_to_commercial_banks_qoq,3,0.24918529142586074,0.8344395807583541,-1.3863162868605132,1.8846868697122348,116,baseline,tdc_residual_z,rolling_oos_standard_deviation,cumulative_sum_h0_to_h
loans_to_commercial_banks_qoq,4,-0.8855690466377424,0.6966365717247162,-2.2509767272181858,0.4798386339427012,115,baseline,tdc_residual_z,rolling_oos_standard_deviation,cumulative_sum_h0_to_h
loans_to_commercial_banks_qoq,5,-1.2379893332916607,0.9899839405377898,-3.1783578567457287,0.7023791901624072,114,baseline,tdc_residual_z,rolling_oos_standard_deviation,cumulative_sum_h0_to_h
loans_to_commercial_banks_qoq,6,-1.6498231256383284,0.9900165293375891,-3.5902555231400033,0.2906092718633462,113,baseline,tdc_residual_z,rolling_oos_standard_deviation,cumulative_sum_h0_to_h
loans_to_commercial_banks_qoq,7,-1.0577115660144272,0.9297399372752534,-2.8800018430739236,0.7645787110450695,112,baseline,tdc_residual_z,rolling_oos_standard_deviation,cumulative_sum_h0_to_h
loans_to_commercial_banks_qoq,8,-1.3922823289839332,1.0550659089585954,-3.46021151054278,0.6756468525749137,111,baseline,tdc_residual_z,rolling_oos_standard_deviation,cumulative_sum_h0_to_h
loans_to_nondepository_financial_institutions_qoq,0,7.3671089978686775,4.893646512230938,-2.224438166103961,16.958656161841315,42,baseline,tdc_residual_z,rolling_oos_standard_deviation,cumulative_sum_h0_to_h
loans_to_nondepository_financial_institutions_qoq,1,10.89062035015778,5.921736215310713,-0.715982631851217,22.497223332166776,41,baseline,tdc_residual_z,rolling_oos_standard_deviation,cumulative_sum_h0_to_h
loans_to_nondepository_financial_institutions_qoq,2,14.796619233143044,9.035643729010648,-2.9132424757178264,32.50648094200392,40,baseline,tdc_residual_z,rolling_oos_standard_deviation,cumulative_sum_h0_to_h
loans_to_nondepository_financial_institutions_qoq,3,14.81450805377698,8.129025466417508,-1.1183818604013354,30.747397967955294,39,baseline,tdc_residual_z,rolling_oos_standard_deviation,cumulative_sum_h0_to_h
loans_to_nondepository_financial_institutions_qoq,4,10.7171603759039,5.523476769348668,-0.10885409201948981,21.543174843827288,38,baseline,tdc_residual_z,rolling_oos_standard_deviation,cumulative_sum_h0_to_h
loans_to_nondepository_financial_institutions_qoq,5,9.302415971831849,6.988732908432153,-4.395500528695171,23.00033247235887,37,baseline,tdc_residual_z,rolling_oos_standard_deviation,cumulative_sum_h0_to_h
loans_to_nondepository_financial_institutions_qoq,6,7.631057939424725,6.003926003346209,-4.136637027133846,19.398752905983294,36,baseline,tdc_residual_z,rolling_oos_standard_deviation,cumulative_sum_h0_to_h
loans_to_nondepository_financial_institutions_qoq,7,6.506738489929436,4.043504847142485,-1.4185310104698337,14.432007990328707,35,baseline,tdc_residual_z,rolling_oos_standard_deviation,cumulative_sum_h0_to_h
loans_to_nondepository_financial_institutions_qoq,8,4.953740425375528,4.786714428988749,-4.4282198554424195,14.335700706193476,34,baseline,tdc_residual_z,rolling_oos_standard_deviation,cumulative_sum_h0_to_h
loans_for_purchasing_or_carrying_securities_qoq,0,0.2830368763020709,0.7804813314215118,-1.246706533284092,1.812780285888234,119,baseline,tdc_residual_z,rolling_oos_standard_deviation,cumulative_sum_h0_to_h
loans_for_purchasing_or_carrying_securities_qoq,1,0.9764570892462575,1.4217148965977808,-1.810104108085393,3.763018286577908,118,baseline,tdc_residual_z,rolling_oos_standard_deviation,cumulative_sum_h0_to_h
loans_for_purchasing_or_carrying_securities_qoq,2,1.4261480064359016,1.675505053338854,-1.8578418981082523,4.710137910980055,117,baseline,tdc_residual_z,rolling_oos_standard_deviation,cumulative_sum_h0_to_h
loans_for_purchasing_or_carrying_securities_qoq,3,2.678235715762019,2.358724535989291,-1.944864374776992,7.301335806301029,116,baseline,tdc_residual_z,rolling_oos_standard_deviation,cumulative_sum_h0_to_h
loans_for_purchasing_or_carrying_securities_qoq,4,4.140218014132167,2.987415780115834,-1.7151169148948675,9.995552943159202,115,baseline,tdc_residual_z,rolling_oos_standard_deviation,cumulative_sum_h0_to_h
loans_for_purchasing_or_carrying_securities_qoq,5,3.4749759382614016,2.500060642673537,-1.4251429213787308,8.375094797901534,114,baseline,tdc_residual_z,rolling_oos_standard_deviation,cumulative_sum_h0_to_h
loans_for_purchasing_or_carrying_securities_qoq,6,1.2498380507484088,1.6315094754366715,-1.947920521107467,4.4475966226042845,113,baseline,tdc_residual_z,rolling_oos_standard_deviation,cumulative_sum_h0_to_h
loans_for_purchasing_or_carrying_securities_qoq,7,1.398604234342566,1.710895272028254,-1.9547504988328117,4.751958967517943,112,baseline,tdc_residual_z,rolling_oos_standard_deviation,cumulative_sum_h0_to_h
loans_for_purchasing_or_carrying_securities_qoq,8,0.08204381438028063,1.6337711667711714,-3.1201476724912154,3.2842353012517767,111,baseline,tdc_residual_z,rolling_oos_standard_deviation,cumulative_sum_h0_to_h
treasury_securities_bank_qoq,0,2.4719848201926267,1.5586106836400313,-0.5828921197418344,5.526861760127088,119,baseline,tdc_residual_z,rolling_oos_standard_deviation,cumulative_sum_h0_to_h
treasury_securities_bank_qoq,1,7.914351861110314,3.4930100216383067,1.0680522186992327,14.760651503521395,118,baseline,tdc_residual_z,rolling_oos_standard_deviation,cumulative_sum_h0_to_h
treasury_securities_bank_qoq,2,12.5668158815353,5.303566262957599,2.1718260061384065,22.961805756932193,117,baseline,tdc_residual_z,rolling_oos_standard_deviation,cumulative_sum_h0_to_h
treasury_securities_bank_qoq,3,16.927735478367545,8.144810370302313,0.9639071525750111,32.89156380416008,116,baseline,tdc_residual_z,rolling_oos_standard_deviation,cumulative_sum_h0_to_h
treasury_securities_bank_qoq,4,18.069314785003165,8.269112072615377,1.861855122677028,34.2767744473293,115,baseline,tdc_residual_z,rolling_oos_standard_deviation,cumulative_sum_h0_to_h
treasury_securities_bank_qoq,5,19.577492110214994,9.0863512880079,1.7682435857195102,37.38674063471048,114,baseline,tdc_residual_z,rolling_oos_standard_deviation,cumulative_sum_h0_to_h
treasury_securities_bank_qoq,6,16.900643664604946,9.073871844361674,-0.8841451503439366,34.685432479553825,113,baseline,tdc_residual_z,rolling_oos_standard_deviation,cumulative_sum_h0_to_h
treasury_securities_bank_qoq,7,17.815946276901855,10.633321457736445,-3.0253637802615785,38.65725633406529,112,baseline,tdc_residual_z,rolling_oos_standard_deviation,cumulative_sum_h0_to_h
treasury_securities_bank_qoq,8,13.376129247012747,11.37212943528376,-8.913244446143421,35.66550294016891,111,baseline,tdc_residual_z,rolling_oos_standard_deviation,cumulative_sum_h0_to_h
agency_gse_backed_securities_bank_qoq,0,10.684665127032899,3.3358664698390808,4.1463668461483,17.222963407917497,119,baseline,tdc_residual_z,rolling_oos_standard_deviation,cumulative_sum_h0_to_h
agency_gse_backed_securities_bank_qoq,1,14.103927052844586,6.259312020655271,1.8356754923602558,26.372178613328916,118,baseline,tdc_residual_z,rolling_oos_standard_deviation,cumulative_sum_h0_to_h
agency_gse_backed_securities_bank_qoq,2,15.398724106163453,8.309584134533422,-0.8880607975220549,31.68550900984896,117,baseline,tdc_residual_z,rolling_oos_standard_deviation,cumulative_sum_h0_to_h
agency_gse_backed_securities_bank_qoq,3,15.100357909159065,11.301643411192021,-7.050863176777295,37.25157899509543,116,baseline,tdc_residual_z,rolling_oos_standard_deviation,cumulative_sum_h0_to_h
agency_gse_backed_securities_bank_qoq,4,14.026988855762818,13.542638541164443,-12.51658268491949,40.570560396445124,115,baseline,tdc_residual_z,rolling_oos_standard_deviation,cumulative_sum_h0_to_h
agency_gse_backed_securities_bank_qoq,5,11.361871729961411,16.345025627333243,-20.674378499611745,43.39812195953456,114,baseline,tdc_residual_z,rolling_oos_standard_deviation,cumulative_sum_h0_to_h
agency_gse_backed_securities_bank_qoq,6,9.791581853799245,18.23244676448955,-25.944013804600267,45.527177512198755,113,baseline,tdc_residual_z,rolling_oos_standard_deviation,cumulative_sum_h0_to_h
agency_gse_backed_securities_bank_qoq,7,7.030530339585822,18.968782922118677,-30.148284187766784,44.20934486693843,112,baseline,tdc_residual_z,rolling_oos_standard_deviation,cumulative_sum_h0_to_h
agency_gse_backed_securities_bank_qoq,8,5.995262550908464,18.15477322120832,-29.588092962659843,41.57861806447677,111,baseline,tdc_residual_z,rolling_oos_standard_deviation,cumulative_sum_h0_to_h
municipal_securities_bank_qoq,0,-0.314740985310187,0.5360459182721133,-1.365390985123529,0.735909014503155,119,baseline,tdc_residual_z,rolling_oos_standard_deviation,cumulative_sum_h0_to_h
municipal_securities_bank_qoq,1,0.07801646041510302,1.0023298014711703,-1.886549950468391,2.042582871298597,118,baseline,tdc_residual_z,rolling_oos_standard_deviation,cumulative_sum_h0_to_h
municipal_securities_bank_qoq,2,-0.12188209340155831,1.2802640017476465,-2.6311995368269456,2.387435350023829,117,baseline,tdc_residual_z,rolling_oos_standard_deviation,cumulative_sum_h0_to_h
municipal_securities_bank_qoq,3,0.03167589359298684,1.7962870474916726,-3.489046719490691,3.5523985066766652,116,baseline,tdc_residual_z,rolling_oos_standard_deviation,cumulative_sum_h0_to_h
municipal_securities_bank_qoq,4,-0.8104021985486707,2.0112495967345074,-4.752451408148305,3.1316470110509638,115,baseline,tdc_residual_z,rolling_oos_standard_deviation,cumulative_sum_h0_to_h
municipal_securities_bank_qoq,5,-0.6498932046029129,2.3818388803554607,-5.318297410099616,4.01851100089379,114,baseline,tdc_residual_z,rolling_oos_standard_deviation,cumulative_sum_h0_to_h
municipal_securities_bank_qoq,6,-0.5223647631150303,2.715345711067261,-5.844442356806862,4.7997128305768015,113,baseline,tdc_residual_z,rolling_oos_standard_deviation,cumulative_sum_h0_to_h
municipal_securities_bank_qoq,7,-0.04342375731740056,3.0167165074947544,-5.956188112007119,5.869340597372318,112,baseline,tdc_residual_z,rolling_oos_standard_deviation,cumulative_sum_h0_to_h
municipal_securities_bank_qoq,8,-0.5638143199906454,3.021164553831607,-6.485296845500595,5.357668205519304,111,baseline,tdc_residual_z,rolling_oos_standard_deviation,cumulative_sum_h0_to_h
corporate_foreign_bonds_bank_qoq,0,2.2066446571615432,2.0228940967636984,-1.7582277724953053,6.171517086818392,119,baseline,tdc_residual_z,rolling_oos_standard_deviation,cumulative_sum_h0_to_h
corporate_foreign_bonds_bank_qoq,1,4.063430574478283,2.6049325926928946,-1.0422373071997901,9.169098456156355,118,baseline,tdc_residual_z,rolling_oos_standard_deviation,cumulative_sum_h0_to_h
corporate_foreign_bonds_bank_qoq,2,7.2477937605188005,3.2238753466491636,0.9289980810864398,13.566589439951162,117,baseline,tdc_residual_z,rolling_oos_standard_deviation,cumulative_sum_h0_to_h
corporate_foreign_bonds_bank_qoq,3,6.091165945874158,3.4274067011452187,-0.6265511883704704,12.808883080118786,116,baseline,tdc_residual_z,rolling_oos_standard_deviation,cumulative_sum_h0_to_h
corporate_foreign_bonds_bank_qoq,4,6.891161966940179,4.805975351854612,-2.5285497226948612,16.310873656575218,115,baseline,tdc_residual_z,rolling_oos_standard_deviation,cumulative_sum_h0_to_h
corporate_foreign_bonds_bank_qoq,5,7.441409303678801,5.089696951269488,-2.5343967208093954,17.417215328166996,114,baseline,tdc_residual_z,rolling_oos_standard_deviation,cumulative_sum_h0_to_h
corporate_foreign_bonds_bank_qoq,6,8.800846599545908,5.329886741981554,-1.6457314147379378,19.247424613829754,113,baseline,tdc_residual_z,rolling_oos_standard_deviation,cumulative_sum_h0_to_h
corporate_foreign_bonds_bank_qoq,7,10.256350159665452,5.538591410581157,-0.599289005073615,21.11198932440452,112,baseline,tdc_residual_z,rolling_oos_standard_deviation,cumulative_sum_h0_to_h
corporate_foreign_bonds_bank_qoq,8,12.987996033280508,6.536634985689097,0.1761914613298785,25.799800605231137,111,baseline,tdc_residual_z,rolling_oos_standard_deviation,cumulative_sum_h0_to_h
fedfunds_repo_liabilities_bank_qoq,0,0.025509352459609946,1.5429498705435662,-2.99867239380578,3.049691098725,119,baseline,tdc_residual_z,rolling_oos_standard_deviation,cumulative_sum_h0_to_h
fedfunds_repo_liabilities_bank_qoq,1,-1.4059815941527687,1.9041771512691181,-5.138168810640241,2.3262056223347027,118,baseline,tdc_residual_z,rolling_oos_standard_deviation,cumulative_sum_h0_to_h
fedfunds_repo_liabilities_bank_qoq,2,0.4402551546104656,2.046036283780565,-3.5699759615994413,4.450486270820372,117,baseline,tdc_residual_z,rolling_oos_standard_deviation,cumulative_sum_h0_to_h
fedfunds_repo_liabilities_bank_qoq,3,-1.6630781911058004,2.7728934939979815,-7.097949439341844,3.7717930571302434,116,baseline,tdc_residual_z,rolling_oos_standard_deviation,cumulative_sum_h0_to_h
fedfunds_repo_liabilities_bank_qoq,4,-2.094110760487397,3.8930787581273756,-9.724545126417052,5.536323605442258,115,baseline,tdc_residual_z,rolling_oos_standard_deviation,cumulative_sum_h0_to_h
fedfunds_repo_liabilities_bank_qoq,5,-0.3024291245932651,3.8604679059092524,-7.868946220175399,7.26408797098887,114,baseline,tdc_residual_z,rolling_oos_standard_deviation,cumulative_sum_h0_to_h
fedfunds_repo_liabilities_bank_qoq,6,2.5734273146488,4.600726526648068,-6.4439966775814135,11.590851306879014,113,baseline,tdc_residual_z,rolling_oos_standard_deviation,cumulative_sum_h0_to_h
fedfunds_repo_liabilities_bank_qoq,7,1.6454606673027063,4.740971454321752,-7.646843383167927,10.93776471777334,112,baseline,tdc_residual_z,rolling_oos_standard_deviation,cumulative_sum_h0_to_h
fedfunds_repo_liabilities_bank_qoq,8,2.645785101811433,6.2507290746698425,-9.605643884541458,14.897214088164326,111,baseline,tdc_residual_z,rolling_oos_standard_deviation,cumulative_sum_h0_to_h
commercial_bank_borrowings_qoq,0,6.362247145391219,5.0615652708966365,-3.558420785566188,16.282915076348626,119,baseline,tdc_residual_z,rolling_oos_standard_deviation,cumulative_sum_h0_to_h
commercial_bank_borrowings_qoq,1,-2.161250672715563,4.546859057294874,-11.073094425013515,6.75059307958239,118,baseline,tdc_residual_z,rolling_oos_standard_deviation,cumulative_sum_h0_to_h
commercial_bank_borrowings_qoq,2,-15.329479653968395,8.522040516037164,-32.03267906540124,1.3737197574644462,117,baseline,tdc_residual_z,rolling_oos_standard_deviation,cumulative_sum_h0_to_h
commercial_bank_borrowings_qoq,3,-20.54377924458626,12.063462713817993,-44.18816616366952,3.1006076744970024,116,baseline,tdc_residual_z,rolling_oos_standard_deviation,cumulative_sum_h0_to_h
commercial_bank_borrowings_qoq,4,-21.703456639282884,13.718462379527281,-48.591642903156355,5.184729624590588,115,baseline,tdc_residual_z,rolling_oos_standard_deviation,cumulative_sum_h0_to_h
commercial_bank_borrowings_qoq,5,-28.709931966456494,18.151670410364307,-64.28720597077054,6.867342037857547,114,baseline,tdc_residual_z,rolling_oos_standard_deviation,cumulative_sum_h0_to_h
commercial_bank_borrowings_qoq,6,-15.715072348303526,20.209448689619318,-55.32559177995739,23.895447083350337,113,baseline,tdc_residual_z,rolling_oos_standard_deviation,cumulative_sum_h0_to_h
commercial_bank_borrowings_qoq,7,-9.201330958927436,21.139587306248917,-50.63492207917531,32.23226016132044,112,baseline,tdc_residual_z,rolling_oos_standard_deviation,cumulative_sum_h0_to_h
commercial_bank_borrowings_qoq,8,2.2139603488987127,26.80851629836669,-50.330731595900005,54.75865229369742,111,baseline,tdc_residual_z,rolling_oos_standard_deviation,cumulative_sum_h0_to_h
fed_borrowings_depository_institutions_qoq,0,2.0188049098270557,2.528463530571852,-2.9369836100937743,6.974593429747886,119,baseline,tdc_residual_z,rolling_oos_standard_deviation,cumulative_sum_h0_to_h
fed_borrowings_depository_institutions_qoq,1,-2.7417846344897523,4.574986897813264,-11.708758954203748,6.225189685224244,118,baseline,tdc_residual_z,rolling_oos_standard_deviation,cumulative_sum_h0_to_h
fed_borrowings_depository_institutions_qoq,2,-8.513894227607366,7.654271386502161,-23.516266145151604,6.48847768993687,117,baseline,tdc_residual_z,rolling_oos_standard_deviation,cumulative_sum_h0_to_h
fed_borrowings_depository_institutions_qoq,3,-12.460846028400512,7.900341074457043,-27.94551453433632,3.023822477535292,116,baseline,tdc_residual_z,rolling_oos_standard_deviation,cumulative_sum_h0_to_h
fed_borrowings_depository_institutions_qoq,4,-11.817260900021157,7.533692270117969,-26.583297749452377,2.948775949410061,115,baseline,tdc_residual_z,rolling_oos_standard_deviation,cumulative_sum_h0_to_h
fed_borrowings_depository_institutions_qoq,5,-10.844099444304888,7.006835503245094,-24.57749703066527,2.8892981420554964,114,baseline,tdc_residual_z,rolling_oos_standard_deviation,cumulative_sum_h0_to_h
fed_borrowings_depository_institutions_qoq,6,-7.191910060820481,6.480621325444943,-19.89392785869257,5.510107737051607,113,baseline,tdc_residual_z,rolling_oos_standard_deviation,cumulative_sum_h0_to_h
fed_borrowings_depository_institutions_qoq,7,-2.5925306587988306,7.847209989267386,-17.973062237762907,12.788000920165246,112,baseline,tdc_residual_z,rolling_oos_standard_deviation,cumulative_sum_h0_to_h
fed_borrowings_depository_institutions_qoq,8,5.222235335145548,9.904724701905726,-14.191025080589675,24.63549575088077,111,baseline,tdc_residual_z,rolling_oos_standard_deviation,cumulative_sum_h0_to_h
debt_securities_bank_liability_qoq,0,-0.800799742877936,1.854287617151412,-4.435203472494703,2.833603986738831,119,baseline,tdc_residual_z,rolling_oos_standard_deviation,cumulative_sum_h0_to_h
debt_securities_bank_liability_qoq,1,-3.799020744696276,4.129177192292083,-11.89220804158876,4.294166552196207,118,baseline,tdc_residual_z,rolling_oos_standard_deviation,cumulative_sum_h0_to_h
debt_securities_bank_liability_qoq,2,-1.021422549891403,4.9269737433634635,-10.67829108688379,8.635445987100985,117,baseline,tdc_residual_z,rolling_oos_standard_deviation,cumulative_sum_h0_to_h
debt_securities_bank_liability_qoq,3,0.26240557313498114,5.218313719588,-9.9654893172575,10.490300463527461,116,baseline,tdc_residual_z,rolling_oos_standard_deviation,cumulative_sum_h0_to_h
debt_securities_bank_liability_qoq,4,7.69475828037992,6.613202086843997,-5.267117809834314,20.656634370594155,115,baseline,tdc_residual_z,rolling_oos_standard_deviation,cumulative_sum_h0_to_h
debt_securities_bank_liability_qoq,5,15.969070874300371,11.527870823386971,-6.625555939538092,38.56369768813883,114,baseline,tdc_residual_z,rolling_oos_standard_deviation,cumulative_sum_h0_to_h
debt_securities_bank_liability_qoq,6,11.973550234699358,9.850088656862425,-7.332623532750995,31.279724002149713,113,baseline,tdc_residual_z,rolling_oos_standard_deviation,cumulative_sum_h0_to_h
debt_securities_bank_liability_qoq,7,8.253178775411333,9.089311329420205,-9.56187143025227,26.068228981074938,112,baseline,tdc_residual_z,rolling_oos_standard_deviation,cumulative_sum_h0_to_h
debt_securities_bank_liability_qoq,8,5.77691302388884,9.025915081297653,-11.913880535454558,23.467706583232236,111,baseline,tdc_residual_z,rolling_oos_standard_deviation,cumulative_sum_h0_to_h
fhlb_advances_sallie_mae_loans_bank_qoq,0,-5.282797335142851,3.1528720135117196,-11.46242648162582,0.8968318113401192,119,baseline,tdc_residual_z,rolling_oos_standard_deviation,cumulative_sum_h0_to_h
fhlb_advances_sallie_mae_loans_bank_qoq,1,-10.21482022175506,3.539154801150312,-17.15156363200967,-3.2780768115004495,118,baseline,tdc_residual_z,rolling_oos_standard_deviation,cumulative_sum_h0_to_h
fhlb_advances_sallie_mae_loans_bank_qoq,2,-15.934678963234813,4.844823214599427,-25.430532463849687,-6.438825462619937,117,baseline,tdc_residual_z,rolling_oos_standard_deviation,cumulative_sum_h0_to_h
fhlb_advances_sallie_mae_loans_bank_qoq,3,-15.16782791997177,6.830699592164732,-28.555999120614644,-1.7796567193288961,116,baseline,tdc_residual_z,rolling_oos_standard_deviation,cumulative_sum_h0_to_h
fhlb_advances_sallie_mae_loans_bank_qoq,4,-17.625783715177405,7.98465825679702,-33.27571389849956,-1.9758535318552468,115,baseline,tdc_residual_z,rolling_oos_standard_deviation,cumulative_sum_h0_to_h
fhlb_advances_sallie_mae_loans_bank_qoq,5,-15.291248781764503,9.574763494019471,-34.05778523004267,3.47528766651366,114,baseline,tdc_residual_z,rolling_oos_standard_deviation,cumulative_sum_h0_to_h
fhlb_advances_sallie_mae_loans_bank_qoq,6,-9.583086681531586,12.047066423033675,-33.19533687067759,14.029163507614417,113,baseline,tdc_residual_z,rolling_oos_standard_deviation,cumulative_sum_h0_to_h
fhlb_advances_sallie_mae_loans_bank_qoq,7,-5.923022243109399,13.236960560018991,-31.867464940746622,20.02142045452782,112,baseline,tdc_residual_z,rolling_oos_standard_deviation,cumulative_sum_h0_to_h
fhlb_advances_sallie_mae_loans_bank_qoq,8,-4.797218585205416,15.44518102209492,-35.06977338851146,25.47533621810063,111,baseline,tdc_residual_z,rolling_oos_standard_deviation,cumulative_sum_h0_to_h
commercial_industrial_loans_ex_chargeoffs_qoq,0,-0.741666124414313,5.2571500304890995,-11.045680184172948,9.56234793534432,119,baseline,tdc_residual_z,rolling_oos_standard_deviation,cumulative_sum_h0_to_h
commercial_industrial_loans_ex_chargeoffs_qoq,1,-2.469536557564206,8.491003787266864,-19.11190398060726,14.172830865478849,118,baseline,tdc_residual_z,rolling_oos_standard_deviation,cumulative_sum_h0_to_h
commercial_industrial_loans_ex_chargeoffs_qoq,2,-13.739242331011354,7.6268707635000625,-28.687909027471477,1.2094243654487684,117,baseline,tdc_residual_z,rolling_oos_standard_deviation,cumulative_sum_h0_to_h
commercial_industrial_loans_ex_chargeoffs_qoq,3,-13.502719353014351,7.07308699367841,-27.365969860624034,0.360531154595332,116,baseline,tdc_residual_z,rolling_oos_standard_deviation,cumulative_sum_h0_to_h
commercial_industrial_loans_ex_chargeoffs_qoq,4,-13.562485411869812,8.352155036412526,-29.932709283238363,2.80773845949874,115,baseline,tdc_residual_z,rolling_oos_standard_deviation,cumulative_sum_h0_to_h
commercial_industrial_loans_ex_chargeoffs_qoq,5,-12.586859043137155,9.315715707244026,-30.845661829335448,5.671943743061137,114,baseline,tdc_residual_z,rolling_oos_standard_deviation,cumulative_sum_h0_to_h
commercial_industrial_loans_ex_chargeoffs_qoq,6,-17.955453070354988,10.347558184861649,-38.23666711268382,2.3257609719738426,113,baseline,tdc_residual_z,rolling_oos_standard_deviation,cumulative_sum_h0_to_h
commercial_industrial_loans_ex_chargeoffs_qoq,7,-13.663922427753366,10.834409774427058,-34.8993655856304,7.571520730123666,112,baseline,tdc_residual_z,rolling_oos_standard_deviation,cumulative_sum_h0_to_h
commercial_industrial_loans_ex_chargeoffs_qoq,8,-13.473951114612756,11.066518746872205,-35.16432785848228,8.216425629256765,111,baseline,tdc_residual_z,rolling_oos_standard_deviation,cumulative_sum_h0_to_h
consumer_loans_ex_chargeoffs_qoq,0,-2.1341118362228793,1.3544063671212598,-4.788748315780548,0.5205246433347899,119,baseline,tdc_residual_z,rolling_oos_standard_deviation,cumulative_sum_h0_to_h
consumer_loans_ex_chargeoffs_qoq,1,-5.4610441526842965,2.276687315319774,-9.923351290711054,-0.9987370146575394,118,baseline,tdc_residual_z,rolling_oos_standard_deviation,cumulative_sum_h0_to_h
consumer_loans_ex_chargeoffs_qoq,2,-5.204962457324672,2.827476656894156,-10.746816704837219,0.33689179018787296,117,baseline,tdc_residual_z,rolling_oos_standard_deviation,cumulative_sum_h0_to_h
consumer_loans_ex_chargeoffs_qoq,3,-4.049154776545991,3.202505482333813,-10.326065521920263,2.2277559688282826,116,baseline,tdc_residual_z,rolling_oos_standard_deviation,cumulative_sum_h0_to_h
consumer_loans_ex_chargeoffs_qoq,4,0.19489081989737933,4.453031592651906,-8.533051101700357,8.922832741495116,115,baseline,tdc_residual_z,rolling_oos_standard_deviation,cumulative_sum_h0_to_h
consumer_loans_ex_chargeoffs_qoq,5,5.236812181753086,7.655326971237189,-9.767628681871804,20.241253045377974,114,baseline,tdc_residual_z,rolling_oos_standard_deviation,cumulative_sum_h0_to_h
consumer_loans_ex_chargeoffs_qoq,6,2.724735105334343,6.2267947887583075,-9.47978268063194,14.929252891300626,113,baseline,tdc_residual_z,rolling_oos_standard_deviation,cumulative_sum_h0_to_h
consumer_loans_ex_chargeoffs_qoq,7,3.033171086007199,6.04105605119035,-8.807298774325886,14.873640946340284,112,baseline,tdc_residual_z,rolling_oos_standard_deviation,cumulative_sum_h0_to_h
consumer_loans_ex_chargeoffs_qoq,8,2.778292006843854,6.0186150296563,-9.018193451282494,14.574777464970202,111,baseline,tdc_residual_z,rolling_oos_standard_deviation,cumulative_sum_h0_to_h
credit_card_revolving_loans_ex_chargeoffs_qoq,0,-1.222955173845182,1.2147994114343172,-3.6039620202564437,1.1580516725660797,101,baseline,tdc_residual_z,rolling_oos_standard_deviation,cumulative_sum_h0_to_h
credit_card_revolving_loans_ex_chargeoffs_qoq,1,-5.568405912366431,2.3406117042309655,-10.156004852659123,-0.9808069720737382,100,baseline,tdc_residual_z,rolling_oos_standard_deviation,cumulative_sum_h0_to_h
credit_card_revolving_loans_ex_chargeoffs_qoq,2,-5.030107421425452,2.68538660383271,-10.293465164937563,0.23325032208665952,99,baseline,tdc_residual_z,rolling_oos_standard_deviation,cumulative_sum_h0_to_h
credit_card_revolving_loans_ex_chargeoffs_qoq,3,-4.584203219796871,3.068653842985528,-10.598764752048506,1.4303583124547634,98,baseline,tdc_residual_z,rolling_oos_standard_deviation,cumulative_sum_h0_to_h
credit_card_revolving_loans_ex_chargeoffs_qoq,4,0.030137658464322925,4.612276732179692,-9.009924736607873,9.070200053536519,97,baseline,tdc_residual_z,rolling_oos_standard_deviation,cumulative_sum_h0_to_h
credit_card_revolving_loans_ex_chargeoffs_qoq,5,5.991221350181571,9.103712074456771,-11.852054315753698,23.834497016116842,96,baseline,tdc_residual_z,rolling_oos_standard_deviation,cumulative_sum_h0_to_h
credit_card_revolving_loans_ex_chargeoffs_qoq,6,2.9147834373028756,7.394649425664008,-11.578729436998579,17.40829631160433,95,baseline,tdc_residual_z,rolling_oos_standard_deviation,cumulative_sum_h0_to_h
credit_card_revolving_loans_ex_chargeoffs_qoq,7,2.4187329048695236,7.130289067039886,-11.556633666528652,16.394099476267698,94,baseline,tdc_residual_z,rolling_oos_standard_deviation,cumulative_sum_h0_to_h
credit_card_revolving_loans_ex_chargeoffs_qoq,8,2.576414794558122,7.435936871975504,-11.998021474513866,17.15085106363011,93,baseline,tdc_residual_z,rolling_oos_standard_deviation,cumulative_sum_h0_to_h
other_consumer_loans_ex_chargeoffs_qoq,0,-1.2374532448811641,0.8528820420810547,-2.9091020473600313,0.434195557597703,101,baseline,tdc_residual_z,rolling_oos_standard_deviation,cumulative_sum_h0_to_h
other_consumer_loans_ex_chargeoffs_qoq,1,-1.2958876330576314,1.01821580219715,-3.2915906053640454,0.6998153392487823,100,baseline,tdc_residual_z,rolling_oos_standard_deviation,cumulative_sum_h0_to_h
other_consumer_loans_ex_chargeoffs_qoq,2,-1.240782141520103,1.437536336740349,-4.0583533615311875,1.576789078490981,99,baseline,tdc_residual_z,rolling_oos_standard_deviation,cumulative_sum_h0_to_h
other_consumer_loans_ex_chargeoffs_qoq,3,-0.42368348890371843,1.6570502165401777,-3.6715019133224667,2.82413493551503,98,baseline,tdc_residual_z,rolling_oos_standard_deviation,cumulative_sum_h0_to_h
other_consumer_loans_ex_chargeoffs_qoq,4,-0.0592908363127953,1.8206747812283162,-3.627813407520295,3.5092317348947044,97,baseline,tdc_residual_z,rolling_oos_standard_deviation,cumulative_sum_h0_to_h
other_consumer_loans_ex_chargeoffs_qoq,5,0.3239701238191719,2.0970358506402653,-3.786220143435748,4.434160391074092,96,baseline,tdc_residual_z,rolling_oos_standard_deviation,cumulative_sum_h0_to_h
other_consumer_loans_ex_chargeoffs_qoq,6,0.4497508536985775,2.189274357118292,-3.841226886253275,4.74072859365043,95,baseline,tdc_residual_z,rolling_oos_standard_deviation,cumulative_sum_h0_to_h
other_consumer_loans_ex_chargeoffs_qoq,7,0.5898055916429135,2.60825789133111,-4.522379875366061,5.701991058651888,94,baseline,tdc_residual_z,rolling_oos_standard_deviation,cumulative_sum_h0_to_h
other_consumer_loans_ex_chargeoffs_qoq,8,0.289083448325429,2.8475682258158974,-5.292150274273729,5.870317170924587,93,baseline,tdc_residual_z,rolling_oos_standard_deviation,cumulative_sum_h0_to_h
closed_end_residential_loans_ex_chargeoffs_qoq,0,0.1386753105015823,2.4857732336649723,-4.733440227481764,5.010790848484928,85,baseline,tdc_residual_z,rolling_oos_standard_deviation,cumulative_sum_h0_to_h
closed_end_residential_loans_ex_chargeoffs_qoq,1,-0.5997746617395738,3.1970473999541493,-6.865987565649707,5.666438242170559,84,baseline,tdc_residual_z,rolling_oos_standard_deviation,cumulative_sum_h0_to_h
closed_end_residential_loans_ex_chargeoffs_qoq,2,-3.3639473542773763,3.3870408017985834,-10.002547325802599,3.2746526172478467,83,baseline,tdc_residual_z,rolling_oos_standard_deviation,cumulative_sum_h0_to_h
closed_end_residential_loans_ex_chargeoffs_qoq,3,-2.2958658927478925,3.0363821302655767,-8.247174868068424,3.6554430825726376,82,baseline,tdc_residual_z,rolling_oos_standard_deviation,cumulative_sum_h0_to_h
closed_end_residential_loans_ex_chargeoffs_qoq,4,1.117111395951806,4.595890695153008,-7.89083436654809,10.125057158451702,81,baseline,tdc_residual_z,rolling_oos_standard_deviation,cumulative_sum_h0_to_h
closed_end_residential_loans_ex_chargeoffs_qoq,5,1.4201647894025946,4.979410432959411,-8.33947965919785,11.17980923800304,80,baseline,tdc_residual_z,rolling_oos_standard_deviation,cumulative_sum_h0_to_h
closed_end_residential_loans_ex_chargeoffs_qoq,6,0.831875175478709,5.508689012227201,-9.965155288486605,11.628905639444023,79,baseline,tdc_residual_z,rolling_oos_standard_deviation,cumulative_sum_h0_to_h
closed_end_residential_loans_ex_chargeoffs_qoq,7,2.9399794455087402,5.125947788401659,-7.10687821975851,12.98683711077599,78,baseline,tdc_residual_z,rolling_oos_standard_deviation,cumulative_sum_h0_to_h
closed_end_residential_loans_ex_chargeoffs_qoq,8,5.564251530797044,5.175488914473972,-4.57970674157194,15.708209803166028,77,baseline,tdc_residual_z,rolling_oos_standard_deviation,cumulative_sum_h0_to_h
cb_nonts_qoq,0,34.76027494833025,12.124580448836053,10.996097268611585,58.52445262804891,91,baseline,tdc_residual_z,rolling_oos_standard_deviation,cumulative_sum_h0_to_h
cb_nonts_qoq,1,56.38229406633907,44.58729239728987,-31.008799032349074,143.7733871650272,90,baseline,tdc_residual_z,rolling_oos_standard_deviation,cumulative_sum_h0_to_h
cb_nonts_qoq,2,64.70616640102298,55.66754223006289,-44.40221636990029,173.81454917194625,89,baseline,tdc_residual_z,rolling_oos_standard_deviation,cumulative_sum_h0_to_h
cb_nonts_qoq,3,65.17283259250765,59.54720826475123,-51.53969560640476,181.88536079142006,88,baseline,tdc_residual_z,rolling_oos_standard_deviation,cumulative_sum_h0_to_h
cb_nonts_qoq,4,80.28002986236913,66.28204844599338,-49.63278509177789,210.19284481651616,87,baseline,tdc_residual_z,rolling_oos_standard_deviation,cumulative_sum_h0_to_h
cb_nonts_qoq,5,48.40974594197821,72.2555707263587,-93.21117268168484,190.03066456564125,86,baseline,tdc_residual_z,rolling_oos_standard_deviation,cumulative_sum_h0_to_h
cb_nonts_qoq,6,14.124616215481499,68.65290575318,-120.43507906075129,148.68431149171428,85,baseline,tdc_residual_z,rolling_oos_standard_deviation,cumulative_sum_h0_to_h
cb_nonts_qoq,7,-2.581916079268616,70.86770056381897,-141.48260918435378,136.31877702581656,84,baseline,tdc_residual_z,rolling_oos_standard_deviation,cumulative_sum_h0_to_h
cb_nonts_qoq,8,14.622011710454036,71.59713124536769,-125.70836553046665,154.95238895137473,83,baseline,tdc_residual_z,rolling_oos_standard_deviation,cumulative_sum_h0_to_h
tga_qoq,0,-42.29419828467739,17.856373029736048,-77.29268942296005,-7.29570714639474,91,baseline,tdc_residual_z,rolling_oos_standard_deviation,cumulative_sum_h0_to_h
tga_qoq,1,-33.79199369343735,32.52381058366193,-97.53866243741473,29.954675050540025,90,baseline,tdc_residual_z,rolling_oos_standard_deviation,cumulative_sum_h0_to_h
tga_qoq,2,-33.80994985297333,43.18316391868101,-118.44895113358811,50.829051427641446,89,baseline,tdc_residual_z,rolling_oos_standard_deviation,cumulative_sum_h0_to_h
tga_qoq,3,-20.9154391779574,41.6118617915719,-102.47468828943832,60.64380993352353,88,baseline,tdc_residual_z,rolling_oos_standard_deviation,cumulative_sum_h0_to_h
tga_qoq,4,-19.585588158059608,30.179191591386218,-78.7368036771766,39.56562736105738,87,baseline,tdc_residual_z,rolling_oos_standard_deviation,cumulative_sum_h0_to_h
tga_qoq,5,-21.125223317116948,25.321208469756478,-70.75479191783964,28.504345283605744,86,baseline,tdc_residual_z,rolling_oos_standard_deviation,cumulative_sum_h0_to_h
tga_qoq,6,-48.03586204357913,25.68357691356987,-98.37567279417607,2.3039487070178097,85,baseline,tdc_residual_z,rolling_oos_standard_deviation,cumulative_sum_h0_to_h
tga_qoq,7,-55.3096317486947,31.493460941388808,-117.03681519381675,6.41755169642736,84,baseline,tdc_residual_z,rolling_oos_standard_deviation,cumulative_sum_h0_to_h
tga_qoq,8,-65.10481715959298,34.772942511877375,-133.25978448287265,3.0501501636866664,83,baseline,tdc_residual_z,rolling_oos_standard_deviation,cumulative_sum_h0_to_h
reserves_qoq,0,77.19113151416232,12.967388462921063,51.775050126837044,102.6072129014876,91,baseline,tdc_residual_z,rolling_oos_standard_deviation,cumulative_sum_h0_to_h
reserves_qoq,1,90.7122153420153,27.847854391673714,36.13042073433482,145.29400994969578,90,baseline,tdc_residual_z,rolling_oos_standard_deviation,cumulative_sum_h0_to_h
reserves_qoq,2,99.32501709231948,35.744334074985716,29.26612230534748,169.38391187929147,89,baseline,tdc_residual_z,rolling_oos_standard_deviation,cumulative_sum_h0_to_h
reserves_qoq,3,86.72270794682547,36.202684812222515,15.765445714869344,157.6799701787816,88,baseline,tdc_residual_z,rolling_oos_standard_deviation,cumulative_sum_h0_to_h
reserves_qoq,4,100.33488395872514,49.34698169845432,3.6147998297546735,197.0549680876956,87,baseline,tdc_residual_z,rolling_oos_standard_deviation,cumulative_sum_h0_to_h
reserves_qoq,5,69.56162465519311,55.68300771082341,-39.57707045802077,178.70031976840698,86,baseline,tdc_residual_z,rolling_oos_standard_deviation,cumulative_sum_h0_to_h
reserves_qoq,6,62.25614003911922,60.45301712067133,-56.23177351739659,180.74405359563502,85,baseline,tdc_residual_z,rolling_oos_standard_deviation,cumulative_sum_h0_to_h
reserves_qoq,7,52.59784079050229,61.89391252872581,-68.71422776580029,173.90990934680485,84,baseline,tdc_residual_z,rolling_oos_standard_deviation,cumulative_sum_h0_to_h
reserves_qoq,8,79.39252122955592,58.6663668649233,-35.593557825693736,194.3786002848056,83,baseline,tdc_residual_z,rolling_oos_standard_deviation,cumulative_sum_h0_to_h
foreign_nonts_qoq,0,20.77386320365451,8.691620953966337,3.7382861338804894,37.809440273428535,119,baseline,tdc_residual_z,rolling_oos_standard_deviation,cumulative_sum_h0_to_h
foreign_nonts_qoq,1,17.51118708693982,8.154577507744346,1.5282151717609018,33.494159002118735,118,baseline,tdc_residual_z,rolling_oos_standard_deviation,cumulative_sum_h0_to_h
foreign_nonts_qoq,2,21.28017836186708,8.09613411955388,5.411755487541473,37.14860123619269,117,baseline,tdc_residual_z,rolling_oos_standard_deviation,cumulative_sum_h0_to_h
foreign_nonts_qoq,3,25.209866924851497,7.615046219929784,10.28437633378912,40.135357515913874,116,baseline,tdc_residual_z,rolling_oos_standard_deviation,cumulative_sum_h0_to_h
foreign_nonts_qoq,4,31.024846623730987,8.11848988345604,15.11260645215715,46.93708679530482,115,baseline,tdc_residual_z,rolling_oos_standard_deviation,cumulative_sum_h0_to_h
foreign_nonts_qoq,5,23.30707172885793,8.530017544823778,6.588237341003325,40.025906116712534,114,baseline,tdc_residual_z,rolling_oos_standard_deviation,cumulative_sum_h0_to_h
foreign_nonts_qoq,6,20.389244027345995,7.787015430291518,5.12669378397462,35.651794270717375,113,baseline,tdc_residual_z,rolling_oos_standard_deviation,cumulative_sum_h0_to_h
foreign_nonts_qoq,7,26.032948339338102,7.892525209866665,10.563598927999438,41.50229775067677,112,baseline,tdc_residual_z,rolling_oos_standard_deviation,cumulative_sum_h0_to_h
foreign_nonts_qoq,8,31.584778081997413,9.344040160834545,13.270459366761706,49.89909679723312,111,baseline,tdc_residual_z,rolling_oos_standard_deviation,cumulative_sum_h0_to_h
domestic_nonfinancial_mmf_reallocation_qoq,0,-13.460242201299241,8.302582811657416,-29.733304512147775,2.8128201095492926,119,baseline,tdc_residual_z,rolling_oos_standard_deviation,cumulative_sum_h0_to_h
domestic_nonfinancial_mmf_reallocation_qoq,1,-12.769995396190534,12.932979353658393,-38.11863492936098,12.578644136979914,118,baseline,tdc_residual_z,rolling_oos_standard_deviation,cumulative_sum_h0_to_h
domestic_nonfinancial_mmf_reallocation_qoq,2,2.8901396414718032,12.54448439978461,-21.697049782106028,27.477329065049638,117,baseline,tdc_residual_z,rolling_oos_standard_deviation,cumulative_sum_h0_to_h
domestic_nonfinancial_mmf_reallocation_qoq,3,2.213277680579992,13.676433185645736,-24.59253136328565,29.019086724445636,116,baseline,tdc_residual_z,rolling_oos_standard_deviation,cumulative_sum_h0_to_h
domestic_nonfinancial_mmf_reallocation_qoq,4,1.6416501347845127,16.928404685845425,-31.53802304947252,34.82132331904155,115,baseline,tdc_residual_z,rolling_oos_standard_deviation,cumulative_sum_h0_to_h
domestic_nonfinancial_mmf_reallocation_qoq,5,13.625230852319905,18.93712468949262,-23.491533539085626,50.74199524372544,114,baseline,tdc_residual_z,rolling_oos_standard_deviation,cumulative_sum_h0_to_h
domestic_nonfinancial_mmf_reallocation_qoq,6,21.170046898292092,20.16020799619858,-18.34396077425712,60.684054570841305,113,baseline,tdc_residual_z,rolling_oos_standard_deviation,cumulative_sum_h0_to_h
domestic_nonfinancial_mmf_reallocation_qoq,7,4.904127346476891,22.793673641572592,-39.77147299100539,49.57972768395917,112,baseline,tdc_residual_z,rolling_oos_standard_deviation,cumulative_sum_h0_to_h
domestic_nonfinancial_mmf_reallocation_qoq,8,-11.463474477775122,27.532042591974918,-65.42627795804596,42.49932900249571,111,baseline,tdc_residual_z,rolling_oos_standard_deviation,cumulative_sum_h0_to_h
domestic_nonfinancial_repo_reallocation_qoq,0,-0.06445707988976607,0.5194506220873366,-1.082580299180946,0.9536661394014136,119,baseline,tdc_residual_z,rolling_oos_standard_deviation,cumulative_sum_h0_to_h
domestic_nonfinancial_repo_reallocation_qoq,1,-0.1063165503812496,0.7468147145028871,-1.5700733908069082,1.3574402900444091,118,baseline,tdc_residual_z,rolling_oos_standard_deviation,cumulative_sum_h0_to_h
domestic_nonfinancial_repo_reallocation_qoq,2,-0.7836905680914201,0.8485153753049991,-2.4467807036892184,0.8793995675063782,117,baseline,tdc_residual_z,rolling_oos_standard_deviation,cumulative_sum_h0_to_h
domestic_nonfinancial_repo_reallocation_qoq,3,-1.2258093364210043,0.9110355046797783,-3.01143892559337,0.5598202527513612,116,baseline,tdc_residual_z,rolling_oos_standard_deviation,cumulative_sum_h0_to_h
domestic_nonfinancial_repo_reallocation_qoq,4,-0.8034077574350139,0.8713877620325763,-2.5113277710188635,0.9045122561488356,115,baseline,tdc_residual_z,rolling_oos_standard_deviation,cumulative_sum_h0_to_h
domestic_nonfinancial_repo_reallocation_qoq,5,-0.9225640409049396,1.1140638900867303,-3.106129265474931,1.2610011836650517,114,baseline,tdc_residual_z,rolling_oos_standard_deviation,cumulative_sum_h0_to_h
domestic_nonfinancial_repo_reallocation_qoq,6,-1.2632238785487222,1.1476543397319987,-3.5126263844234398,0.9861786273259954,113,baseline,tdc_residual_z,rolling_oos_standard_deviation,cumulative_sum_h0_to_h
domestic_nonfinancial_repo_reallocation_qoq,7,-1.9851850924932446,1.2412670998226383,-4.4180686081456155,0.44769842315912634,112,baseline,tdc_residual_z,rolling_oos_standard_deviation,cumulative_sum_h0_to_h
domestic_nonfinancial_repo_reallocation_qoq,8,-2.0014426599487383,1.1655268905173632,-4.28587536536277,0.2829900454652936,111,baseline,tdc_residual_z,rolling_oos_standard_deviation,cumulative_sum_h0_to_h
on_rrp_reallocation_qoq,0,-0.02426734325880216,0.011314240373510802,-0.04644325439088333,-0.0020914321267209886,52,baseline,tdc_residual_z,rolling_oos_standard_deviation,cumulative_sum_h0_to_h
on_rrp_reallocation_qoq,1,-0.08264601468602503,0.025916849519204924,-0.13344303974366667,-0.03184898962838338,49,baseline,tdc_residual_z,rolling_oos_standard_deviation,cumulative_sum_h0_to_h
on_rrp_reallocation_qoq,2,-0.11812928125080001,0.04265530954276557,-0.20173368795462054,-0.03452487454697949,47,baseline,tdc_residual_z,rolling_oos_standard_deviation,cumulative_sum_h0_to_h
on_rrp_reallocation_qoq,3,-0.1533265028493874,0.04344348526171579,-0.23847573396235033,-0.06817727173642445,46,baseline,tdc_residual_z,rolling_oos_standard_deviation,cumulative_sum_h0_to_h
on_rrp_reallocation_qoq,4,-0.1494131812226473,0.03943081838591652,-0.22669758525904365,-0.07212877718625092,45,baseline,tdc_residual_z,rolling_oos_standard_deviation,cumulative_sum_h0_to_h
on_rrp_reallocation_qoq,5,-0.24174209649418807,0.038805967092172135,-0.3178017919948455,-0.16568240099353068,44,baseline,tdc_residual_z,rolling_oos_standard_deviation,cumulative_sum_h0_to_h
on_rrp_reallocation_qoq,6,-0.31327190677989547,0.0498896333193238,-0.41105558808577014,-0.21548822547402083,43,baseline,tdc_residual_z,rolling_oos_standard_deviation,cumulative_sum_h0_to_h
on_rrp_reallocation_qoq,7,-0.37507595593464915,0.06352645806345857,-0.49958781373902794,-0.25056409813027036,42,baseline,tdc_residual_z,rolling_oos_standard_deviation,cumulative_sum_h0_to_h
on_rrp_reallocation_qoq,8,-0.3887789255424701,0.07146055681815296,-0.5288416169060499,-0.24871623417889033,41,baseline,tdc_residual_z,rolling_oos_standard_deviation,cumulative_sum_h0_to_h
household_treasury_securities_reallocation_qoq,0,13.214138247412777,9.708589217203372,-5.814696618305831,32.242973113131384,119,baseline,tdc_residual_z,rolling_oos_standard_deviation,cumulative_sum_h0_to_h
household_treasury_securities_reallocation_qoq,1,32.51317836912213,17.829004521375964,-2.4316704927747566,67.45802723101902,118,baseline,tdc_residual_z,rolling_oos_standard_deviation,cumulative_sum_h0_to_h
household_treasury_securities_reallocation_qoq,2,33.33397265608924,17.68063516474765,-1.3200722668161546,67.98801757899463,117,baseline,tdc_residual_z,rolling_oos_standard_deviation,cumulative_sum_h0_to_h
household_treasury_securities_reallocation_qoq,3,36.10820719098076,25.14923677562378,-13.18429688924185,85.40071127120336,116,baseline,tdc_residual_z,rolling_oos_standard_deviation,cumulative_sum_h0_to_h
household_treasury_securities_reallocation_qoq,4,37.806380093147084,28.978306794427976,-18.99110122393175,94.60386141022592,115,baseline,tdc_residual_z,rolling_oos_standard_deviation,cumulative_sum_h0_to_h
household_treasury_securities_reallocation_qoq,5,35.24897311934643,36.035728442121766,-35.38105462721222,105.87900086590508,114,baseline,tdc_residual_z,rolling_oos_standard_deviation,cumulative_sum_h0_to_h
household_treasury_securities_reallocation_qoq,6,21.841396044811688,36.31201088137704,-49.33014528268731,93.01293737231069,113,baseline,tdc_residual_z,rolling_oos_standard_deviation,cumulative_sum_h0_to_h
household_treasury_securities_reallocation_qoq,7,14.193261894984692,36.177486581409084,-56.71461180457711,85.10113559454649,112,baseline,tdc_residual_z,rolling_oos_standard_deviation,cumulative_sum_h0_to_h
household_treasury_securities_reallocation_qoq,8,4.806206696170985,36.04209339465843,-65.83629635735953,75.44870974970151,111,baseline,tdc_residual_z,rolling_oos_standard_deviation,cumulative_sum_h0_to_h
mmf_treasury_bills_reallocation_qoq,0,7.774628604347347,7.093969308352124,-6.129551240022815,21.67880844871751,119,baseline,tdc_residual_z,rolling_oos_standard_deviation,cumulative_sum_h0_to_h
mmf_treasury_bills_reallocation_qoq,1,8.500174247703901,21.709425883418586,-34.050300483796526,51.05064897920433,118,baseline,tdc_residual_z,rolling_oos_standard_deviation,cumulative_sum_h0_to_h
mmf_treasury_bills_reallocation_qoq,2,12.830845195744034,28.964638142506963,-43.93984556356961,69.60153595505768,117,baseline,tdc_residual_z,rolling_oos_standard_deviation,cumulative_sum_h0_to_h
mmf_treasury_bills_reallocation_qoq,3,9.940593153796772,28.494984635373605,-45.909576731535495,65.79076303912903,116,baseline,tdc_residual_z,rolling_oos_standard_deviation,cumulative_sum_h0_to_h
mmf_treasury_bills_reallocation_qoq,4,-0.275733647620235,30.371927640041267,-59.80471182210112,59.25324452686065,115,baseline,tdc_residual_z,rolling_oos_standard_deviation,cumulative_sum_h0_to_h
mmf_treasury_bills_reallocation_qoq,5,20.486847110023366,32.624104368980056,-43.456397453177544,84.43009167322427,114,baseline,tdc_residual_z,rolling_oos_standard_deviation,cumulative_sum_h0_to_h
mmf_treasury_bills_reallocation_qoq,6,42.818536996562415,30.949893596511167,-17.843254452599474,103.4803284457243,113,baseline,tdc_residual_z,rolling_oos_standard_deviation,cumulative_sum_h0_to_h
mmf_treasury_bills_reallocation_qoq,7,50.90394798201764,34.13578668439737,-16.002193919401194,117.81008988343648,112,baseline,tdc_residual_z,rolling_oos_standard_deviation,cumulative_sum_h0_to_h
mmf_treasury_bills_reallocation_qoq,8,45.58614012436324,32.76120705436983,-18.625825702201624,109.7981059509281,111,baseline,tdc_residual_z,rolling_oos_standard_deviation,cumulative_sum_h0_to_h
currency_reallocation_qoq,0,-0.13167019849948747,0.6837072597211051,-1.4717364275528535,1.2083960305538786,119,baseline,tdc_residual_z,rolling_oos_standard_deviation,cumulative_sum_h0_to_h
currency_reallocation_qoq,1,-1.8377384731843263,1.2928349568603146,-4.3716949886305425,0.6962180422618904,118,baseline,tdc_residual_z,rolling_oos_standard_deviation,cumulative_sum_h0_to_h
currency_reallocation_qoq,2,-1.2178498293954716,2.167814873708144,-5.466766981863434,3.0310673230724907,117,baseline,tdc_residual_z,rolling_oos_standard_deviation,cumulative_sum_h0_to_h
currency_reallocation_qoq,3,-1.3297243691709717,2.7056524203387267,-6.632803113034876,3.9733543746929323,116,baseline,tdc_residual_z,rolling_oos_standard_deviation,cumulative_sum_h0_to_h
currency_reallocation_qoq,4,-1.6585084451759666,3.3146914105626752,-8.15530360987881,4.838286719526876,115,baseline,tdc_residual_z,rolling_oos_standard_deviation,cumulative_sum_h0_to_h
currency_reallocation_qoq,5,-1.888468103827588,4.183858886626363,-10.08883152161526,6.311895313960084,114,baseline,tdc_residual_z,rolling_oos_standard_deviation,cumulative_sum_h0_to_h
currency_reallocation_qoq,6,-0.1065789537533739,4.533847728570623,-8.992920501751795,8.779762594245048,113,baseline,tdc_residual_z,rolling_oos_standard_deviation,cumulative_sum_h0_to_h
currency_reallocation_qoq,7,0.05493119691480608,4.780141203786059,-9.31414556250587,9.424007956335481,112,baseline,tdc_residual_z,rolling_oos_standard_deviation,cumulative_sum_h0_to_h
currency_reallocation_qoq,8,0.31631718689908617,5.1854004348124105,-9.847067665333238,10.47970203913141,111,baseline,tdc_residual_z,rolling_oos_standard_deviation,cumulative_sum_h0_to_h
