regime,outcome,horizon,beta,se,lower95,upper95,n,spec_name,shock_column,shock_scale,response_type
reserve_drain_high,tdc_bank_only_qoq,0,119.51197420137792,18.828863451828038,82.60740183579497,156.41654656696087,46,regimes,tdc_residual_z,rolling_oos_standard_deviation,cumulative_sum_h0_to_h
reserve_drain_high,tdc_bank_only_qoq,1,142.42786155193113,33.23487111448366,77.28751416754316,207.56820893631908,45,regimes,tdc_residual_z,rolling_oos_standard_deviation,cumulative_sum_h0_to_h
reserve_drain_high,tdc_bank_only_qoq,2,188.9630734031013,30.9199453367999,128.35998054297352,249.5661662632291,44,regimes,tdc_residual_z,rolling_oos_standard_deviation,cumulative_sum_h0_to_h
reserve_drain_high,tdc_bank_only_qoq,3,181.81402526197195,36.62841537073972,110.0223311353221,253.6057193886218,44,regimes,tdc_residual_z,rolling_oos_standard_deviation,cumulative_sum_h0_to_h
reserve_drain_high,tdc_bank_only_qoq,4,198.446552455811,51.0970488719337,98.29633666682095,298.59676824480107,44,regimes,tdc_residual_z,rolling_oos_standard_deviation,cumulative_sum_h0_to_h
reserve_drain_high,tdc_bank_only_qoq,5,172.8326439988748,77.88036011203593,20.187138179284375,325.4781498184652,43,regimes,tdc_residual_z,rolling_oos_standard_deviation,cumulative_sum_h0_to_h
reserve_drain_high,tdc_bank_only_qoq,6,175.74329270712224,102.10800876920158,-24.38840448051286,375.87498989475733,42,regimes,tdc_residual_z,rolling_oos_standard_deviation,cumulative_sum_h0_to_h
reserve_drain_high,tdc_bank_only_qoq,7,143.1526099239333,120.20745759908768,-92.45400697027853,378.7592268181452,42,regimes,tdc_residual_z,rolling_oos_standard_deviation,cumulative_sum_h0_to_h
reserve_drain_high,tdc_bank_only_qoq,8,129.76669207184284,130.30173552807202,-125.6247095631783,385.15809370686395,42,regimes,tdc_residual_z,rolling_oos_standard_deviation,cumulative_sum_h0_to_h
reserve_drain_high,total_deposits_bank_qoq,0,24.365009845934253,21.270219738940852,-17.32462084238982,66.05464053425833,46,regimes,tdc_residual_z,rolling_oos_standard_deviation,cumulative_sum_h0_to_h
reserve_drain_high,total_deposits_bank_qoq,1,67.19324599279808,53.388867672730576,-37.44893464575385,171.83542663135,45,regimes,tdc_residual_z,rolling_oos_standard_deviation,cumulative_sum_h0_to_h
reserve_drain_high,total_deposits_bank_qoq,2,95.05576832862798,78.1571784422614,-58.13230141820435,248.2438380754603,44,regimes,tdc_residual_z,rolling_oos_standard_deviation,cumulative_sum_h0_to_h
reserve_drain_high,total_deposits_bank_qoq,3,74.99093633827087,68.53537205375378,-59.33839288708651,209.32026556362825,44,regimes,tdc_residual_z,rolling_oos_standard_deviation,cumulative_sum_h0_to_h
reserve_drain_high,total_deposits_bank_qoq,4,87.42589095130248,77.31324872128083,-64.10807654240796,238.9598584450129,44,regimes,tdc_residual_z,rolling_oos_standard_deviation,cumulative_sum_h0_to_h
reserve_drain_high,total_deposits_bank_qoq,5,81.6328973232104,100.98800536516046,-116.3035931925041,279.5693878389249,43,regimes,tdc_residual_z,rolling_oos_standard_deviation,cumulative_sum_h0_to_h
reserve_drain_high,total_deposits_bank_qoq,6,39.99777864452542,102.21054993129391,-160.33489922081063,240.33045650986148,42,regimes,tdc_residual_z,rolling_oos_standard_deviation,cumulative_sum_h0_to_h
reserve_drain_high,total_deposits_bank_qoq,7,29.17779914922687,109.05288059842276,-184.56584682368174,242.92144512213548,42,regimes,tdc_residual_z,rolling_oos_standard_deviation,cumulative_sum_h0_to_h
reserve_drain_high,total_deposits_bank_qoq,8,18.67311154724389,133.6355181350244,-243.25250399740395,280.5987270918917,42,regimes,tdc_residual_z,rolling_oos_standard_deviation,cumulative_sum_h0_to_h
reserve_drain_high,checkable_deposits_bank_qoq,0,17.207496232990238,14.608515839615121,-11.425194812655398,45.840187278635874,46,regimes,tdc_residual_z,rolling_oos_standard_deviation,cumulative_sum_h0_to_h
reserve_drain_high,checkable_deposits_bank_qoq,1,2.2319311306369727,38.80828485320912,-73.83230718165291,78.29616944292684,45,regimes,tdc_residual_z,rolling_oos_standard_deviation,cumulative_sum_h0_to_h
reserve_drain_high,checkable_deposits_bank_qoq,2,59.39301412550705,38.14436746160398,-15.369946099236742,134.15597435025086,44,regimes,tdc_residual_z,rolling_oos_standard_deviation,cumulative_sum_h0_to_h
reserve_drain_high,checkable_deposits_bank_qoq,3,79.58258294389356,46.7160669626632,-11.98090830292631,171.14607419071342,44,regimes,tdc_residual_z,rolling_oos_standard_deviation,cumulative_sum_h0_to_h
reserve_drain_high,checkable_deposits_bank_qoq,4,95.79105613127032,70.12300707104669,-41.650037727981186,233.23214999052183,44,regimes,tdc_residual_z,rolling_oos_standard_deviation,cumulative_sum_h0_to_h
reserve_drain_high,checkable_deposits_bank_qoq,5,119.60348363707689,85.47525851071019,-47.92802304391509,287.13499031806884,43,regimes,tdc_residual_z,rolling_oos_standard_deviation,cumulative_sum_h0_to_h
reserve_drain_high,checkable_deposits_bank_qoq,6,119.23515316933995,103.22045713000313,-83.07694280546616,321.54724914414606,42,regimes,tdc_residual_z,rolling_oos_standard_deviation,cumulative_sum_h0_to_h
reserve_drain_high,checkable_deposits_bank_qoq,7,110.30443495062839,106.54861458278188,-98.5308496316241,319.13971953288086,42,regimes,tdc_residual_z,rolling_oos_standard_deviation,cumulative_sum_h0_to_h
reserve_drain_high,checkable_deposits_bank_qoq,8,87.73039019217305,127.835848531213,-162.82787292900443,338.28865331335055,42,regimes,tdc_residual_z,rolling_oos_standard_deviation,cumulative_sum_h0_to_h
reserve_drain_high,interbank_transactions_bank_qoq,0,11.929857066877933,3.0681205319490283,5.916340824257837,17.94337330949803,46,regimes,tdc_residual_z,rolling_oos_standard_deviation,cumulative_sum_h0_to_h
reserve_drain_high,interbank_transactions_bank_qoq,1,15.141860558534091,7.671365733988528,0.10598371991657629,30.177737397151606,45,regimes,tdc_residual_z,rolling_oos_standard_deviation,cumulative_sum_h0_to_h
reserve_drain_high,interbank_transactions_bank_qoq,2,27.98723153027722,9.947969157609934,8.489211981361748,47.48525107919269,44,regimes,tdc_residual_z,rolling_oos_standard_deviation,cumulative_sum_h0_to_h
reserve_drain_high,interbank_transactions_bank_qoq,3,5.8170537097761965,11.637384397765276,-16.992219709843745,28.626327129396138,44,regimes,tdc_residual_z,rolling_oos_standard_deviation,cumulative_sum_h0_to_h
reserve_drain_high,interbank_transactions_bank_qoq,4,10.527024595309577,18.511726882843,-25.755960095062704,46.81000928568186,44,regimes,tdc_residual_z,rolling_oos_standard_deviation,cumulative_sum_h0_to_h
reserve_drain_high,interbank_transactions_bank_qoq,5,-2.500111193030511,16.930571096670455,-35.6840305425046,30.683808156443575,43,regimes,tdc_residual_z,rolling_oos_standard_deviation,cumulative_sum_h0_to_h
reserve_drain_high,interbank_transactions_bank_qoq,6,11.64104769756188,13.562240264426956,-14.940943220714953,38.22303861583872,42,regimes,tdc_residual_z,rolling_oos_standard_deviation,cumulative_sum_h0_to_h
reserve_drain_high,interbank_transactions_bank_qoq,7,17.19447782870803,13.211342813255172,-8.699754085272104,43.08870974268817,42,regimes,tdc_residual_z,rolling_oos_standard_deviation,cumulative_sum_h0_to_h
reserve_drain_high,interbank_transactions_bank_qoq,8,23.37771455830091,15.697585406974127,-7.389552839368381,54.144981955970195,42,regimes,tdc_residual_z,rolling_oos_standard_deviation,cumulative_sum_h0_to_h
reserve_drain_high,time_savings_deposits_bank_qoq,0,-15.108862560191103,14.561654504930473,-43.64970538985483,13.431980269472625,46,regimes,tdc_residual_z,rolling_oos_standard_deviation,cumulative_sum_h0_to_h
reserve_drain_high,time_savings_deposits_bank_qoq,1,48.895276174430805,53.50227429538124,-55.96918144451642,153.75973379337802,45,regimes,tdc_residual_z,rolling_oos_standard_deviation,cumulative_sum_h0_to_h
reserve_drain_high,time_savings_deposits_bank_qoq,2,22.7670218071591,50.176807492088315,-75.579520877334,121.1135644916522,44,regimes,tdc_residual_z,rolling_oos_standard_deviation,cumulative_sum_h0_to_h
reserve_drain_high,time_savings_deposits_bank_qoq,3,10.926718261570027,41.80865158072436,-71.01823883664972,92.87167535978978,44,regimes,tdc_residual_z,rolling_oos_standard_deviation,cumulative_sum_h0_to_h
reserve_drain_high,time_savings_deposits_bank_qoq,4,-20.06395036415524,37.209928732262185,-92.99541067938912,52.86750995107864,44,regimes,tdc_residual_z,rolling_oos_standard_deviation,cumulative_sum_h0_to_h
reserve_drain_high,time_savings_deposits_bank_qoq,5,-2.576020016745346,44.507168153166994,-89.81006959695266,84.65802956346197,43,regimes,tdc_residual_z,rolling_oos_standard_deviation,cumulative_sum_h0_to_h
reserve_drain_high,time_savings_deposits_bank_qoq,6,-34.3681666220631,41.112800643877776,-114.94925588406353,46.21292263993733,42,regimes,tdc_residual_z,rolling_oos_standard_deviation,cumulative_sum_h0_to_h
reserve_drain_high,time_savings_deposits_bank_qoq,7,-52.85111569994949,50.99134709550124,-152.7941560071319,47.09192460723294,42,regimes,tdc_residual_z,rolling_oos_standard_deviation,cumulative_sum_h0_to_h
reserve_drain_high,time_savings_deposits_bank_qoq,8,-37.69311530052289,49.454130664795755,-134.6232114035226,59.23698080247679,42,regimes,tdc_residual_z,rolling_oos_standard_deviation,cumulative_sum_h0_to_h
reserve_drain_high,checkable_federal_govt_bank_qoq,0,-1.5102803646239098,1.3725631668885692,-4.200504171725505,1.1799434424776856,46,regimes,tdc_residual_z,rolling_oos_standard_deviation,cumulative_sum_h0_to_h
reserve_drain_high,checkable_federal_govt_bank_qoq,1,-0.6372328858653189,0.5925793911208214,-1.7986884924621287,0.5242227207314909,45,regimes,tdc_residual_z,rolling_oos_standard_deviation,cumulative_sum_h0_to_h
reserve_drain_high,checkable_federal_govt_bank_qoq,2,0.8166956582836629,0.5607077139047114,-0.2822914609695715,1.9156827775368972,44,regimes,tdc_residual_z,rolling_oos_standard_deviation,cumulative_sum_h0_to_h
reserve_drain_high,checkable_federal_govt_bank_qoq,3,0.9281668771118815,0.6847133337168073,-0.4138712569730608,2.2702050111968237,44,regimes,tdc_residual_z,rolling_oos_standard_deviation,cumulative_sum_h0_to_h
reserve_drain_high,checkable_federal_govt_bank_qoq,4,0.6385799803944057,0.79771805121664,-0.9249473999902087,2.20210736077902,44,regimes,tdc_residual_z,rolling_oos_standard_deviation,cumulative_sum_h0_to_h
reserve_drain_high,checkable_federal_govt_bank_qoq,5,1.862504229670024,1.534396896645993,-1.1449136877561223,4.869922147096171,43,regimes,tdc_residual_z,rolling_oos_standard_deviation,cumulative_sum_h0_to_h
reserve_drain_high,checkable_federal_govt_bank_qoq,6,2.4439485210358867,1.6760622820021416,-0.8411335516883107,5.7290305937600845,42,regimes,tdc_residual_z,rolling_oos_standard_deviation,cumulative_sum_h0_to_h
reserve_drain_high,checkable_federal_govt_bank_qoq,7,1.2466324649845058,0.842481616424403,-0.404631503207324,2.8978964331763355,42,regimes,tdc_residual_z,rolling_oos_standard_deviation,cumulative_sum_h0_to_h
reserve_drain_high,checkable_federal_govt_bank_qoq,8,0.934826610529591,0.831902727421292,-0.6957027352161413,2.565355956275323,42,regimes,tdc_residual_z,rolling_oos_standard_deviation,cumulative_sum_h0_to_h
reserve_drain_high,checkable_state_local_bank_qoq,0,2.2241027946003853,1.2468216210440726,-0.21966758264599706,4.667873171846768,46,regimes,tdc_residual_z,rolling_oos_standard_deviation,cumulative_sum_h0_to_h
reserve_drain_high,checkable_state_local_bank_qoq,1,2.175862471567596,1.6460915708338892,-1.050477007266827,5.402201950402019,45,regimes,tdc_residual_z,rolling_oos_standard_deviation,cumulative_sum_h0_to_h
reserve_drain_high,checkable_state_local_bank_qoq,2,4.437543797552437,2.6411548458181007,-0.7391197002510399,9.614207295355914,44,regimes,tdc_residual_z,rolling_oos_standard_deviation,cumulative_sum_h0_to_h
reserve_drain_high,checkable_state_local_bank_qoq,3,5.9388777679939935,2.9142873809565666,0.22687450131912268,11.650881034668863,44,regimes,tdc_residual_z,rolling_oos_standard_deviation,cumulative_sum_h0_to_h
reserve_drain_high,checkable_state_local_bank_qoq,4,7.7165969892121415,4.280359273995687,-0.6729071878194057,16.10610116624369,44,regimes,tdc_residual_z,rolling_oos_standard_deviation,cumulative_sum_h0_to_h
reserve_drain_high,checkable_state_local_bank_qoq,5,9.34824590937444,5.49691433098739,-1.4257061793608443,20.122197998109723,43,regimes,tdc_residual_z,rolling_oos_standard_deviation,cumulative_sum_h0_to_h
reserve_drain_high,checkable_state_local_bank_qoq,6,10.292141864919335,7.068860021955018,-3.5628237781125005,24.14710750795117,42,regimes,tdc_residual_z,rolling_oos_standard_deviation,cumulative_sum_h0_to_h
reserve_drain_high,checkable_state_local_bank_qoq,7,9.816249377795742,7.430521064028188,-4.7475719076995055,24.38007066329099,42,regimes,tdc_residual_z,rolling_oos_standard_deviation,cumulative_sum_h0_to_h
reserve_drain_high,checkable_state_local_bank_qoq,8,10.162116219197724,8.200857012139174,-5.911563524595056,26.235795962990505,42,regimes,tdc_residual_z,rolling_oos_standard_deviation,cumulative_sum_h0_to_h
reserve_drain_high,checkable_rest_of_world_bank_qoq,0,0.023453059155292222,0.7941731493923703,-1.5331263136537536,1.580032431964338,46,regimes,tdc_residual_z,rolling_oos_standard_deviation,cumulative_sum_h0_to_h
reserve_drain_high,checkable_rest_of_world_bank_qoq,1,0.587573007131968,0.9822890286717689,-1.3377134890646991,2.5128595033286354,45,regimes,tdc_residual_z,rolling_oos_standard_deviation,cumulative_sum_h0_to_h
reserve_drain_high,checkable_rest_of_world_bank_qoq,2,2.0577798983825906,0.7951498982527545,0.4992860978071918,3.6162736989579893,44,regimes,tdc_residual_z,rolling_oos_standard_deviation,cumulative_sum_h0_to_h
reserve_drain_high,checkable_rest_of_world_bank_qoq,3,0.3049317954162638,0.8794138416009964,-1.4187193341216893,2.028582924954217,44,regimes,tdc_residual_z,rolling_oos_standard_deviation,cumulative_sum_h0_to_h
reserve_drain_high,checkable_rest_of_world_bank_qoq,4,1.313801668746776,0.7921974412866836,-0.23890531617512378,2.8665086536686757,44,regimes,tdc_residual_z,rolling_oos_standard_deviation,cumulative_sum_h0_to_h
reserve_drain_high,checkable_rest_of_world_bank_qoq,5,0.7197803842582603,1.2577347408955097,-1.7453797078969386,3.1849404764134595,43,regimes,tdc_residual_z,rolling_oos_standard_deviation,cumulative_sum_h0_to_h
reserve_drain_high,checkable_rest_of_world_bank_qoq,6,2.513783423092503,0.873393582483639,0.8019320014245706,4.225634844760435,42,regimes,tdc_residual_z,rolling_oos_standard_deviation,cumulative_sum_h0_to_h
reserve_drain_high,checkable_rest_of_world_bank_qoq,7,2.5956783099692764,1.0326231716669847,0.5717368935019866,4.619619726436566,42,regimes,tdc_residual_z,rolling_oos_standard_deviation,cumulative_sum_h0_to_h
reserve_drain_high,checkable_rest_of_world_bank_qoq,8,2.2108442074489183,1.1038039312026566,0.04738850229171154,4.374299912606125,42,regimes,tdc_residual_z,rolling_oos_standard_deviation,cumulative_sum_h0_to_h
reserve_drain_high,checkable_private_domestic_bank_qoq,0,17.48087358968793,13.510059863444134,-8.998843742662572,43.960590922038435,46,regimes,tdc_residual_z,rolling_oos_standard_deviation,cumulative_sum_h0_to_h
reserve_drain_high,checkable_private_domestic_bank_qoq,1,0.47689552458763274,36.4410573686307,-70.94757691792854,71.90136796710381,45,regimes,tdc_residual_z,rolling_oos_standard_deviation,cumulative_sum_h0_to_h
reserve_drain_high,checkable_private_domestic_bank_qoq,2,50.77606361844125,33.94168159374793,-15.749632305304694,117.3017595421872,44,regimes,tdc_residual_z,rolling_oos_standard_deviation,cumulative_sum_h0_to_h
reserve_drain_high,checkable_private_domestic_bank_qoq,3,71.5898373553949,42.438249420339844,-11.589131508471183,154.768806219261,44,regimes,tdc_residual_z,rolling_oos_standard_deviation,cumulative_sum_h0_to_h
reserve_drain_high,checkable_private_domestic_bank_qoq,4,85.8974521426464,62.847298247944096,-37.28325242332403,209.07815670861683,44,regimes,tdc_residual_z,rolling_oos_standard_deviation,cumulative_sum_h0_to_h
reserve_drain_high,checkable_private_domestic_bank_qoq,5,105.52138638030685,77.48097392680461,-46.34132251623019,257.3840952768439,43,regimes,tdc_residual_z,rolling_oos_standard_deviation,cumulative_sum_h0_to_h
reserve_drain_high,checkable_private_domestic_bank_qoq,6,100.19666522762472,92.02370566555886,-80.16979787687066,280.5631283321201,42,regimes,tdc_residual_z,rolling_oos_standard_deviation,cumulative_sum_h0_to_h
reserve_drain_high,checkable_private_domestic_bank_qoq,7,93.70336856173799,94.52080566887392,-91.55741054925488,278.96414767273086,42,regimes,tdc_residual_z,rolling_oos_standard_deviation,cumulative_sum_h0_to_h
reserve_drain_high,checkable_private_domestic_bank_qoq,8,72.80505744681965,116.06922071541418,-154.69061515539215,300.3007300490314,42,regimes,tdc_residual_z,rolling_oos_standard_deviation,cumulative_sum_h0_to_h
reserve_drain_high,interbank_transactions_foreign_banks_liability_qoq,0,10.931324497164786,2.826806073232021,5.390784593630025,16.471864400699545,46,regimes,tdc_residual_z,rolling_oos_standard_deviation,cumulative_sum_h0_to_h
reserve_drain_high,interbank_transactions_foreign_banks_liability_qoq,1,19.36761355344287,4.081598989044036,11.367679534916558,27.36754757196918,45,regimes,tdc_residual_z,rolling_oos_standard_deviation,cumulative_sum_h0_to_h
reserve_drain_high,interbank_transactions_foreign_banks_liability_qoq,2,22.80270164050867,6.6682377441608836,9.732955661953337,35.872447619064005,44,regimes,tdc_residual_z,rolling_oos_standard_deviation,cumulative_sum_h0_to_h
reserve_drain_high,interbank_transactions_foreign_banks_liability_qoq,3,15.479618466455292,5.340403149881129,5.012428292688279,25.946808640222308,44,regimes,tdc_residual_z,rolling_oos_standard_deviation,cumulative_sum_h0_to_h
reserve_drain_high,interbank_transactions_foreign_banks_liability_qoq,4,20.5022829311328,8.983047291402848,2.8955102399832207,38.10905562228238,44,regimes,tdc_residual_z,rolling_oos_standard_deviation,cumulative_sum_h0_to_h
reserve_drain_high,interbank_transactions_foreign_banks_liability_qoq,5,13.98185525763795,8.313116585801684,-2.31185325053335,30.27556376580925,43,regimes,tdc_residual_z,rolling_oos_standard_deviation,cumulative_sum_h0_to_h
reserve_drain_high,interbank_transactions_foreign_banks_liability_qoq,6,8.72751989619032,8.291262032799429,-7.5233536880965595,24.978393480477198,42,regimes,tdc_residual_z,rolling_oos_standard_deviation,cumulative_sum_h0_to_h
reserve_drain_high,interbank_transactions_foreign_banks_liability_qoq,7,6.267772373453218,8.904777660729073,-11.185591841575762,23.721136588482196,42,regimes,tdc_residual_z,rolling_oos_standard_deviation,cumulative_sum_h0_to_h
reserve_drain_high,interbank_transactions_foreign_banks_liability_qoq,8,8.628051086925705,7.145054590881402,-5.3762559112018415,22.63235808505325,42,regimes,tdc_residual_z,rolling_oos_standard_deviation,cumulative_sum_h0_to_h
reserve_drain_high,interbank_transactions_foreign_banks_asset_qoq,0,1.2436963761686197,2.273278066330474,-3.2119286338391086,5.699321386176348,46,regimes,tdc_residual_z,rolling_oos_standard_deviation,cumulative_sum_h0_to_h
reserve_drain_high,interbank_transactions_foreign_banks_asset_qoq,1,11.211974736144668,3.7565727071980803,3.8490922300364314,18.574857242252904,45,regimes,tdc_residual_z,rolling_oos_standard_deviation,cumulative_sum_h0_to_h
reserve_drain_high,interbank_transactions_foreign_banks_asset_qoq,2,13.086158991372235,4.581831371674004,4.105769502891189,22.06654847985328,44,regimes,tdc_residual_z,rolling_oos_standard_deviation,cumulative_sum_h0_to_h
reserve_drain_high,interbank_transactions_foreign_banks_asset_qoq,3,15.794701089932875,6.258744467784826,3.527561933074617,28.061840246791135,44,regimes,tdc_residual_z,rolling_oos_standard_deviation,cumulative_sum_h0_to_h
reserve_drain_high,interbank_transactions_foreign_banks_asset_qoq,4,26.42325007010391,7.318704169221508,12.078589898429756,40.76791024177807,44,regimes,tdc_residual_z,rolling_oos_standard_deviation,cumulative_sum_h0_to_h
reserve_drain_high,interbank_transactions_foreign_banks_asset_qoq,5,28.18912059093725,8.429131905172582,11.66802205679899,44.71021912507551,43,regimes,tdc_residual_z,rolling_oos_standard_deviation,cumulative_sum_h0_to_h
reserve_drain_high,interbank_transactions_foreign_banks_asset_qoq,6,25.358424918876693,7.123655979850715,11.396059198369294,39.32079063938409,42,regimes,tdc_residual_z,rolling_oos_standard_deviation,cumulative_sum_h0_to_h
reserve_drain_high,interbank_transactions_foreign_banks_asset_qoq,7,26.180964092533664,8.092744721525023,10.31918443834462,42.04274374672271,42,regimes,tdc_residual_z,rolling_oos_standard_deviation,cumulative_sum_h0_to_h
reserve_drain_high,interbank_transactions_foreign_banks_asset_qoq,8,28.455322035738998,7.48862499200097,13.777617051417097,43.1330270200609,42,regimes,tdc_residual_z,rolling_oos_standard_deviation,cumulative_sum_h0_to_h
reserve_drain_high,deposits_at_foreign_banks_asset_qoq,0,-0.5096368025104899,0.21064265015192266,-0.9224963968082583,-0.09677720821272151,46,regimes,tdc_residual_z,rolling_oos_standard_deviation,cumulative_sum_h0_to_h
reserve_drain_high,deposits_at_foreign_banks_asset_qoq,1,-0.011032482765664653,0.34514576310117706,-0.6875181784439717,0.6654532129126425,45,regimes,tdc_residual_z,rolling_oos_standard_deviation,cumulative_sum_h0_to_h
reserve_drain_high,deposits_at_foreign_banks_asset_qoq,2,0.3469114465102706,0.2831183039746611,-0.20800042928006512,0.9018233223006064,44,regimes,tdc_residual_z,rolling_oos_standard_deviation,cumulative_sum_h0_to_h
reserve_drain_high,deposits_at_foreign_banks_asset_qoq,3,0.21604259909813744,0.34275007543170166,-0.4557475487479978,0.8878327469442726,44,regimes,tdc_residual_z,rolling_oos_standard_deviation,cumulative_sum_h0_to_h
reserve_drain_high,deposits_at_foreign_banks_asset_qoq,4,0.4845510914699716,0.22193530311183304,0.04955789737077887,0.9195442855691643,44,regimes,tdc_residual_z,rolling_oos_standard_deviation,cumulative_sum_h0_to_h
reserve_drain_high,deposits_at_foreign_banks_asset_qoq,5,0.3414193339456791,0.29320017379152885,-0.2332530066857174,0.9160916745770755,43,regimes,tdc_residual_z,rolling_oos_standard_deviation,cumulative_sum_h0_to_h
reserve_drain_high,deposits_at_foreign_banks_asset_qoq,6,0.21738985680856482,0.37501106852061444,-0.5176318374918395,0.9524115511089691,42,regimes,tdc_residual_z,rolling_oos_standard_deviation,cumulative_sum_h0_to_h
reserve_drain_high,deposits_at_foreign_banks_asset_qoq,7,0.4285606416925816,0.43432041934295856,-0.4227073802196171,1.2798286636047804,42,regimes,tdc_residual_z,rolling_oos_standard_deviation,cumulative_sum_h0_to_h
reserve_drain_high,deposits_at_foreign_banks_asset_qoq,8,0.20924274518085695,0.5224339973796088,-0.8147278896831764,1.2332133800448903,42,regimes,tdc_residual_z,rolling_oos_standard_deviation,cumulative_sum_h0_to_h
reserve_drain_high,other_component_qoq,0,-95.44545378510148,9.59830935846635,-114.25814012769553,-76.63276744250743,46,regimes,tdc_residual_z,rolling_oos_standard_deviation,cumulative_sum_h0_to_h
reserve_drain_high,other_component_qoq,1,-73.45844195168024,35.30272399512612,-142.65178098212743,-4.265102921233051,45,regimes,tdc_residual_z,rolling_oos_standard_deviation,cumulative_sum_h0_to_h
reserve_drain_high,other_component_qoq,2,-88.89306897647617,60.434559154628175,-207.3448049195474,29.558666966595055,44,regimes,tdc_residual_z,rolling_oos_standard_deviation,cumulative_sum_h0_to_h
reserve_drain_high,other_component_qoq,3,-107.42611350158197,52.63761209533394,-210.5958332084365,-4.256393794727444,44,regimes,tdc_residual_z,rolling_oos_standard_deviation,cumulative_sum_h0_to_h
reserve_drain_high,other_component_qoq,4,-121.50960413640902,51.687993268453155,-222.8180709425772,-20.20113733024084,44,regimes,tdc_residual_z,rolling_oos_standard_deviation,cumulative_sum_h0_to_h
reserve_drain_high,other_component_qoq,5,-97.08916027159117,47.92732206628947,-191.02671152151854,-3.151609021663802,43,regimes,tdc_residual_z,rolling_oos_standard_deviation,cumulative_sum_h0_to_h
reserve_drain_high,other_component_qoq,6,-132.49078247727016,51.6752253761601,-233.77422421454395,-31.20734073999637,42,regimes,tdc_residual_z,rolling_oos_standard_deviation,cumulative_sum_h0_to_h
reserve_drain_high,other_component_qoq,7,-107.39460231794214,71.25438158752844,-247.0531902294979,32.2639855936136,42,regimes,tdc_residual_z,rolling_oos_standard_deviation,cumulative_sum_h0_to_h
reserve_drain_high,other_component_qoq,8,-106.47585421739404,90.03531691865828,-282.94507537796426,69.9933669431762,42,regimes,tdc_residual_z,rolling_oos_standard_deviation,cumulative_sum_h0_to_h
reserve_drain_high,accounting_deposit_substitution_qoq,0,-1.8575681613794823,4.808318313112852,-11.281872055080672,7.566735732321707,46,regimes,tdc_residual_z,rolling_oos_standard_deviation,cumulative_sum_h0_to_h
reserve_drain_high,accounting_deposit_substitution_qoq,1,-4.146175558180509,9.557773665492105,-22.879411942545033,14.587060826184015,45,regimes,tdc_residual_z,rolling_oos_standard_deviation,cumulative_sum_h0_to_h
reserve_drain_high,accounting_deposit_substitution_qoq,2,-8.327523838053386,7.6788676074505515,-23.378104348656464,6.723056672549694,44,regimes,tdc_residual_z,rolling_oos_standard_deviation,cumulative_sum_h0_to_h
reserve_drain_high,accounting_deposit_substitution_qoq,3,-5.236542679448936,5.4031124767409455,-15.82664313386119,5.353557774963317,44,regimes,tdc_residual_z,rolling_oos_standard_deviation,cumulative_sum_h0_to_h
reserve_drain_high,accounting_deposit_substitution_qoq,4,-2.748805769240898,5.445318537621811,-13.421630102979648,7.924018564497853,44,regimes,tdc_residual_z,rolling_oos_standard_deviation,cumulative_sum_h0_to_h
reserve_drain_high,accounting_deposit_substitution_qoq,5,-1.2418325631975744,6.200381343341235,-13.394579996146394,10.910914869751245,43,regimes,tdc_residual_z,rolling_oos_standard_deviation,cumulative_sum_h0_to_h
reserve_drain_high,accounting_deposit_substitution_qoq,6,-4.749430983419181,7.15285615673818,-18.769029050626013,9.270167083787651,42,regimes,tdc_residual_z,rolling_oos_standard_deviation,cumulative_sum_h0_to_h
reserve_drain_high,accounting_deposit_substitution_qoq,7,-6.997600186516067,8.457923115726123,-23.57512949333927,9.579929120307135,42,regimes,tdc_residual_z,rolling_oos_standard_deviation,cumulative_sum_h0_to_h
reserve_drain_high,accounting_deposit_substitution_qoq,8,-11.718772671209765,11.725613000032311,-34.700974151273094,11.263428808853563,42,regimes,tdc_residual_z,rolling_oos_standard_deviation,cumulative_sum_h0_to_h
reserve_drain_high,accounting_bank_balance_sheet_qoq,0,-28.538853482070824,11.683881435604684,-51.439261095856004,-5.638445868285643,46,regimes,tdc_residual_z,rolling_oos_standard_deviation,cumulative_sum_h0_to_h
reserve_drain_high,accounting_bank_balance_sheet_qoq,1,-13.033984536787747,20.042823807975253,-52.31791920041925,26.24995012684375,45,regimes,tdc_residual_z,rolling_oos_standard_deviation,cumulative_sum_h0_to_h
reserve_drain_high,accounting_bank_balance_sheet_qoq,2,-17.671702646609376,25.91376984034352,-68.46269153368267,33.11928624046392,44,regimes,tdc_residual_z,rolling_oos_standard_deviation,cumulative_sum_h0_to_h
reserve_drain_high,accounting_bank_balance_sheet_qoq,3,-9.484535266079703,25.17560710843842,-58.828725198619004,39.8596546664596,44,regimes,tdc_residual_z,rolling_oos_standard_deviation,cumulative_sum_h0_to_h
reserve_drain_high,accounting_bank_balance_sheet_qoq,4,-0.6701197826441501,27.181896947830637,-53.946637800392196,52.606398235103896,44,regimes,tdc_residual_z,rolling_oos_standard_deviation,cumulative_sum_h0_to_h
reserve_drain_high,accounting_bank_balance_sheet_qoq,5,23.36402669289145,32.572889632418445,-40.4788369866487,87.2068903724316,43,regimes,tdc_residual_z,rolling_oos_standard_deviation,cumulative_sum_h0_to_h
reserve_drain_high,accounting_bank_balance_sheet_qoq,6,5.5966823034006055,43.23553290852767,-79.14496219731362,90.33832680411484,42,regimes,tdc_residual_z,rolling_oos_standard_deviation,cumulative_sum_h0_to_h
reserve_drain_high,accounting_bank_balance_sheet_qoq,7,25.98542280905636,51.36918088634893,-74.69817172818753,126.66901734630025,42,regimes,tdc_residual_z,rolling_oos_standard_deviation,cumulative_sum_h0_to_h
reserve_drain_high,accounting_bank_balance_sheet_qoq,8,4.944104288749706,53.108456160346734,-99.1484697855299,109.0366783630293,42,regimes,tdc_residual_z,rolling_oos_standard_deviation,cumulative_sum_h0_to_h
reserve_drain_high,accounting_public_liquidity_qoq,0,65.89366752901675,24.53259118196698,17.809788812361475,113.97754624567203,46,regimes,tdc_residual_z,rolling_oos_standard_deviation,cumulative_sum_h0_to_h
reserve_drain_high,accounting_public_liquidity_qoq,1,64.73689355700532,28.339315113042186,9.191835935442633,120.281951178568,45,regimes,tdc_residual_z,rolling_oos_standard_deviation,cumulative_sum_h0_to_h
reserve_drain_high,accounting_public_liquidity_qoq,2,22.601174250891287,27.847353613269174,-31.979638831116294,77.18198733289887,44,regimes,tdc_residual_z,rolling_oos_standard_deviation,cumulative_sum_h0_to_h
reserve_drain_high,accounting_public_liquidity_qoq,3,6.925120838239117,28.9968065570891,-49.90862001365552,63.758861690133756,44,regimes,tdc_residual_z,rolling_oos_standard_deviation,cumulative_sum_h0_to_h
reserve_drain_high,accounting_public_liquidity_qoq,4,14.630222488456823,23.487975963420755,-31.406210399847858,60.666655376761504,44,regimes,tdc_residual_z,rolling_oos_standard_deviation,cumulative_sum_h0_to_h
reserve_drain_high,accounting_public_liquidity_qoq,5,21.66826358578013,37.87268717438753,-52.562203276019424,95.89873044757968,43,regimes,tdc_residual_z,rolling_oos_standard_deviation,cumulative_sum_h0_to_h
reserve_drain_high,accounting_public_liquidity_qoq,6,55.63153707527176,41.97462419299955,-26.638726343007356,137.90180049355087,42,regimes,tdc_residual_z,rolling_oos_standard_deviation,cumulative_sum_h0_to_h
reserve_drain_high,accounting_public_liquidity_qoq,7,70.27151763187628,46.58748576675184,-21.039954470957326,161.58298973470988,42,regimes,tdc_residual_z,rolling_oos_standard_deviation,cumulative_sum_h0_to_h
reserve_drain_high,accounting_public_liquidity_qoq,8,90.35216315026574,50.23864688997652,-8.115584754088246,188.81991105461972,42,regimes,tdc_residual_z,rolling_oos_standard_deviation,cumulative_sum_h0_to_h
reserve_drain_high,accounting_external_flow_qoq,0,-141.4082812678499,27.183734329078852,-194.68840055284446,-88.12816198285535,46,regimes,tdc_residual_z,rolling_oos_standard_deviation,cumulative_sum_h0_to_h
reserve_drain_high,accounting_external_flow_qoq,1,-118.51509348500136,39.525790687032675,-195.9856432315854,-41.04454373841732,45,regimes,tdc_residual_z,rolling_oos_standard_deviation,cumulative_sum_h0_to_h
reserve_drain_high,accounting_external_flow_qoq,2,-88.57730219305147,79.57663664006341,-244.54751000757574,67.39290562147282,44,regimes,tdc_residual_z,rolling_oos_standard_deviation,cumulative_sum_h0_to_h
reserve_drain_high,accounting_external_flow_qoq,3,-100.05369273428107,79.6687152977608,-256.2043747178922,56.09698924933008,44,regimes,tdc_residual_z,rolling_oos_standard_deviation,cumulative_sum_h0_to_h
reserve_drain_high,accounting_external_flow_qoq,4,-122.62634807877937,63.49680055675566,-247.08007717002045,1.8273810124617142,44,regimes,tdc_residual_z,rolling_oos_standard_deviation,cumulative_sum_h0_to_h
reserve_drain_high,accounting_external_flow_qoq,5,-142.52156905526368,73.03293466140688,-285.66612099162114,0.6229828810938045,43,regimes,tdc_residual_z,rolling_oos_standard_deviation,cumulative_sum_h0_to_h
reserve_drain_high,accounting_external_flow_qoq,6,-200.01072850537335,66.18708086292267,-329.7374069967018,-70.28405001404491,42,regimes,tdc_residual_z,rolling_oos_standard_deviation,cumulative_sum_h0_to_h
reserve_drain_high,accounting_external_flow_qoq,7,-217.02552068843943,64.6213944155359,-343.6834537428898,-90.36758763398906,42,regimes,tdc_residual_z,rolling_oos_standard_deviation,cumulative_sum_h0_to_h
reserve_drain_high,accounting_external_flow_qoq,8,-228.3067628841359,66.64820900449178,-358.9372525329398,-97.67627323533202,42,regimes,tdc_residual_z,rolling_oos_standard_deviation,cumulative_sum_h0_to_h
reserve_drain_high,accounting_identity_total_qoq,0,-94.91959941442359,9.359886888614753,-113.2649777161085,-76.57422111273867,46,regimes,tdc_residual_z,rolling_oos_standard_deviation,cumulative_sum_h0_to_h
reserve_drain_high,accounting_identity_total_qoq,1,-73.86528485194914,34.603929189335666,-141.68898606304703,-6.041583640851243,45,regimes,tdc_residual_z,rolling_oos_standard_deviation,cumulative_sum_h0_to_h
reserve_drain_high,accounting_identity_total_qoq,2,-90.68927522243837,61.23504065803364,-210.7099549121843,29.331404467307564,44,regimes,tdc_residual_z,rolling_oos_standard_deviation,cumulative_sum_h0_to_h
reserve_drain_high,accounting_identity_total_qoq,3,-112.91079090042106,56.4995399173827,-223.64988913849115,-2.171692662350978,44,regimes,tdc_residual_z,rolling_oos_standard_deviation,cumulative_sum_h0_to_h
reserve_drain_high,accounting_identity_total_qoq,4,-122.46606793122871,53.33630021409833,-227.00521635086142,-17.926919511595983,44,regimes,tdc_residual_z,rolling_oos_standard_deviation,cumulative_sum_h0_to_h
reserve_drain_high,accounting_identity_total_qoq,5,-104.99661978745303,51.22278402174308,-205.39327647006945,-4.59996310483659,43,regimes,tdc_residual_z,rolling_oos_standard_deviation,cumulative_sum_h0_to_h
reserve_drain_high,accounting_identity_total_qoq,6,-139.4939294775665,55.41119966960992,-248.09988083000195,-30.887978125131056,42,regimes,tdc_residual_z,rolling_oos_standard_deviation,cumulative_sum_h0_to_h
reserve_drain_high,accounting_identity_total_qoq,7,-116.82999322461484,73.01340412649957,-259.936265312554,26.276278863324308,42,regimes,tdc_residual_z,rolling_oos_standard_deviation,cumulative_sum_h0_to_h
reserve_drain_high,accounting_identity_total_qoq,8,-119.4150325166838,90.47474669938971,-296.74553604748763,57.915471014120044,42,regimes,tdc_residual_z,rolling_oos_standard_deviation,cumulative_sum_h0_to_h
reserve_drain_high,accounting_identity_gap_qoq,0,-0.9080300520673672,3.547875696271933,-7.861866416760356,6.045806312625621,46,regimes,tdc_residual_z,rolling_oos_standard_deviation,cumulative_sum_h0_to_h
reserve_drain_high,accounting_identity_gap_qoq,1,0.6663080181271437,3.847996122233094,-6.87576438144972,8.208380417704008,45,regimes,tdc_residual_z,rolling_oos_standard_deviation,cumulative_sum_h0_to_h
reserve_drain_high,accounting_identity_gap_qoq,2,1.9601197022210064,5.642731786467055,-9.099634599254422,13.019874003696433,44,regimes,tdc_residual_z,rolling_oos_standard_deviation,cumulative_sum_h0_to_h
reserve_drain_high,accounting_identity_gap_qoq,3,6.122588903828345,6.20317617619851,-6.035636401520734,18.280814209177425,44,regimes,tdc_residual_z,rolling_oos_standard_deviation,cumulative_sum_h0_to_h
reserve_drain_high,accounting_identity_gap_qoq,4,2.859636286963414,6.221957470460257,-9.335400355138688,15.054672929065518,44,regimes,tdc_residual_z,rolling_oos_standard_deviation,cumulative_sum_h0_to_h
reserve_drain_high,accounting_identity_gap_qoq,5,11.582769532594872,6.677957188966855,-1.5060265577801637,24.671565622969908,43,regimes,tdc_residual_z,rolling_oos_standard_deviation,cumulative_sum_h0_to_h
reserve_drain_high,accounting_identity_gap_qoq,6,9.51890894261809,7.1665514458349655,-4.527531891218443,23.565349776454624,42,regimes,tdc_residual_z,rolling_oos_standard_deviation,cumulative_sum_h0_to_h
reserve_drain_high,accounting_identity_gap_qoq,7,11.53956928501825,8.266934622974683,-4.663622576012127,27.742761146048625,42,regimes,tdc_residual_z,rolling_oos_standard_deviation,cumulative_sum_h0_to_h
reserve_drain_high,accounting_identity_gap_qoq,8,15.197112665684992,8.193918462039644,-0.8629675199127096,31.257192851282696,42,regimes,tdc_residual_z,rolling_oos_standard_deviation,cumulative_sum_h0_to_h
reserve_drain_high,strict_loan_source_qoq,0,-31.26901861926305,5.180811468334119,-41.423409097197926,-21.114628141328176,46,regimes,tdc_residual_z,rolling_oos_standard_deviation,cumulative_sum_h0_to_h
reserve_drain_high,strict_loan_source_qoq,1,-12.632386421416562,11.14307625617991,-34.47281588352919,9.208043040696062,45,regimes,tdc_residual_z,rolling_oos_standard_deviation,cumulative_sum_h0_to_h
reserve_drain_high,strict_loan_source_qoq,2,-27.980077643290965,13.370974524349172,-54.18718771101534,-1.772967575566586,44,regimes,tdc_residual_z,rolling_oos_standard_deviation,cumulative_sum_h0_to_h
reserve_drain_high,strict_loan_source_qoq,3,-10.612069172782448,16.79786846437409,-43.53589136295567,22.31175301739077,44,regimes,tdc_residual_z,rolling_oos_standard_deviation,cumulative_sum_h0_to_h
reserve_drain_high,strict_loan_source_qoq,4,-4.4308745836955055,24.776242588304118,-52.99231005677158,44.13056088938057,44,regimes,tdc_residual_z,rolling_oos_standard_deviation,cumulative_sum_h0_to_h
reserve_drain_high,strict_loan_source_qoq,5,16.912171144511323,30.278987003680175,-42.43464338270182,76.25898567172446,43,regimes,tdc_residual_z,rolling_oos_standard_deviation,cumulative_sum_h0_to_h
reserve_drain_high,strict_loan_source_qoq,6,6.503426004512228,39.27051163876289,-70.46677680746305,83.47362881648749,42,regimes,tdc_residual_z,rolling_oos_standard_deviation,cumulative_sum_h0_to_h
reserve_drain_high,strict_loan_source_qoq,7,25.11327688381374,47.05330910783356,-67.11120896754004,117.33776273516752,42,regimes,tdc_residual_z,rolling_oos_standard_deviation,cumulative_sum_h0_to_h
reserve_drain_high,strict_loan_source_qoq,8,26.836110631413092,57.40753880836511,-85.68266543298252,139.35488669580872,42,regimes,tdc_residual_z,rolling_oos_standard_deviation,cumulative_sum_h0_to_h
reserve_drain_high,strict_loan_mortgages_qoq,0,-4.629722697221909,2.107418774430315,-8.760263495105326,-0.4991818993384918,46,regimes,tdc_residual_z,rolling_oos_standard_deviation,cumulative_sum_h0_to_h
reserve_drain_high,strict_loan_mortgages_qoq,1,1.6366911604843866,5.990346137552006,-10.104387269117545,13.377769590086316,45,regimes,tdc_residual_z,rolling_oos_standard_deviation,cumulative_sum_h0_to_h
reserve_drain_high,strict_loan_mortgages_qoq,2,-1.7597216029365832,9.223175131674651,-19.8371448610189,16.317701655145733,44,regimes,tdc_residual_z,rolling_oos_standard_deviation,cumulative_sum_h0_to_h
reserve_drain_high,strict_loan_mortgages_qoq,3,7.483478536014389,11.999776172017402,-16.03608276113972,31.003039833168497,44,regimes,tdc_residual_z,rolling_oos_standard_deviation,cumulative_sum_h0_to_h
reserve_drain_high,strict_loan_mortgages_qoq,4,14.111258927596696,15.886636177897504,-17.02654798108241,45.249065836275804,44,regimes,tdc_residual_z,rolling_oos_standard_deviation,cumulative_sum_h0_to_h
reserve_drain_high,strict_loan_mortgages_qoq,5,23.723573169451576,19.0466661150884,-13.607892416121686,61.05503875502484,43,regimes,tdc_residual_z,rolling_oos_standard_deviation,cumulative_sum_h0_to_h
reserve_drain_high,strict_loan_mortgages_qoq,6,27.019547242570006,22.26164723304507,-16.613281334198334,70.65237581933835,42,regimes,tdc_residual_z,rolling_oos_standard_deviation,cumulative_sum_h0_to_h
reserve_drain_high,strict_loan_mortgages_qoq,7,34.089295671095314,25.776070948359266,-16.431803387688845,84.61039472987947,42,regimes,tdc_residual_z,rolling_oos_standard_deviation,cumulative_sum_h0_to_h
reserve_drain_high,strict_loan_mortgages_qoq,8,41.77449016897428,30.301389156538566,-17.61623257784131,101.16521291578988,42,regimes,tdc_residual_z,rolling_oos_standard_deviation,cumulative_sum_h0_to_h
reserve_drain_high,strict_loan_consumer_credit_qoq,0,-4.017484721634036,3.3948611162978786,-10.671412509577877,2.6364430663098064,46,regimes,tdc_residual_z,rolling_oos_standard_deviation,cumulative_sum_h0_to_h
reserve_drain_high,strict_loan_consumer_credit_qoq,1,-5.676997531584046,4.393474381993453,-14.288207320291214,2.9342122571231215,45,regimes,tdc_residual_z,rolling_oos_standard_deviation,cumulative_sum_h0_to_h
reserve_drain_high,strict_loan_consumer_credit_qoq,2,-9.103429714496794,3.1989042755274184,-15.373282094530534,-2.8335773344630546,44,regimes,tdc_residual_z,rolling_oos_standard_deviation,cumulative_sum_h0_to_h
reserve_drain_high,strict_loan_consumer_credit_qoq,3,-8.533575106987207,3.951804157501327,-16.27911125568981,-0.7880389582846066,44,regimes,tdc_residual_z,rolling_oos_standard_deviation,cumulative_sum_h0_to_h
reserve_drain_high,strict_loan_consumer_credit_qoq,4,-11.580605053311562,5.4569735537827695,-22.27627321872579,-0.884936887897334,44,regimes,tdc_residual_z,rolling_oos_standard_deviation,cumulative_sum_h0_to_h
reserve_drain_high,strict_loan_consumer_credit_qoq,5,-9.35807994518601,8.1415083750835,-25.315436360349672,6.599276469977651,43,regimes,tdc_residual_z,rolling_oos_standard_deviation,cumulative_sum_h0_to_h
reserve_drain_high,strict_loan_consumer_credit_qoq,6,-10.975247599543707,6.746790810136205,-24.198957587410668,2.2484623883232544,42,regimes,tdc_residual_z,rolling_oos_standard_deviation,cumulative_sum_h0_to_h
reserve_drain_high,strict_loan_consumer_credit_qoq,7,-7.162359956250757,7.590149039357811,-22.039052073392064,7.714332160890551,42,regimes,tdc_residual_z,rolling_oos_standard_deviation,cumulative_sum_h0_to_h
reserve_drain_high,strict_loan_consumer_credit_qoq,8,-7.926175856360511,9.761397441778687,-27.058514842246737,11.206163129525713,42,regimes,tdc_residual_z,rolling_oos_standard_deviation,cumulative_sum_h0_to_h
reserve_drain_high,strict_loan_di_loans_nec_qoq,0,-17.38145035163589,5.065326235393555,-27.309489773007257,-7.453410930264523,46,regimes,tdc_residual_z,rolling_oos_standard_deviation,cumulative_sum_h0_to_h
reserve_drain_high,strict_loan_di_loans_nec_qoq,1,-4.8541264459846865,8.513083371482894,-21.53976985409116,11.831516962121785,45,regimes,tdc_residual_z,rolling_oos_standard_deviation,cumulative_sum_h0_to_h
reserve_drain_high,strict_loan_di_loans_nec_qoq,2,-8.528954567867123,12.044299069584028,-32.13578074425182,15.07787160851757,44,regimes,tdc_residual_z,rolling_oos_standard_deviation,cumulative_sum_h0_to_h
reserve_drain_high,strict_loan_di_loans_nec_qoq,3,-6.105240151209898,13.810803592399717,-33.17441519231335,20.963934889893547,44,regimes,tdc_residual_z,rolling_oos_standard_deviation,cumulative_sum_h0_to_h
reserve_drain_high,strict_loan_di_loans_nec_qoq,4,0.44864488453345075,13.122164701276828,-25.27079792996913,26.168087699036032,44,regimes,tdc_residual_z,rolling_oos_standard_deviation,cumulative_sum_h0_to_h
reserve_drain_high,strict_loan_di_loans_nec_qoq,5,7.2618404639259,15.842309933958711,-23.789087006633174,38.312767934484974,43,regimes,tdc_residual_z,rolling_oos_standard_deviation,cumulative_sum_h0_to_h
reserve_drain_high,strict_loan_di_loans_nec_qoq,6,-10.975418565251182,20.77845262737531,-51.701185714906785,29.75034858440442,42,regimes,tdc_residual_z,rolling_oos_standard_deviation,cumulative_sum_h0_to_h
reserve_drain_high,strict_loan_di_loans_nec_qoq,7,-11.430683195106191,25.52336720142604,-61.45648290990123,38.59511651968885,42,regimes,tdc_residual_z,rolling_oos_standard_deviation,cumulative_sum_h0_to_h
reserve_drain_high,strict_loan_di_loans_nec_qoq,8,-16.318030426686903,27.75975023386148,-70.7271408850554,38.0910800316816,42,regimes,tdc_residual_z,rolling_oos_standard_deviation,cumulative_sum_h0_to_h
reserve_drain_high,strict_loan_other_advances_qoq,0,0.2865769078280345,0.20296222064867564,-0.11122904464336975,0.6843828602994388,46,regimes,tdc_residual_z,rolling_oos_standard_deviation,cumulative_sum_h0_to_h
reserve_drain_high,strict_loan_other_advances_qoq,1,0.5196606130780322,0.3017656138913645,-0.07179999014904226,1.1111212163051067,45,regimes,tdc_residual_z,rolling_oos_standard_deviation,cumulative_sum_h0_to_h
reserve_drain_high,strict_loan_other_advances_qoq,2,0.4361608454910318,0.28583040363063134,-0.12406674562500558,0.9963884366070692,44,regimes,tdc_residual_z,rolling_oos_standard_deviation,cumulative_sum_h0_to_h
reserve_drain_high,strict_loan_other_advances_qoq,3,0.28496286401533133,0.3338205525443009,-0.3693254189714984,0.9392511470021611,44,regimes,tdc_residual_z,rolling_oos_standard_deviation,cumulative_sum_h0_to_h
reserve_drain_high,strict_loan_other_advances_qoq,4,0.40194574755010165,0.34472014779768345,-0.2737057421333579,1.0775972372335612,44,regimes,tdc_residual_z,rolling_oos_standard_deviation,cumulative_sum_h0_to_h
reserve_drain_high,strict_loan_other_advances_qoq,5,0.29156547965472945,0.36460274948582816,-0.4230559093374937,1.0061868686469526,43,regimes,tdc_residual_z,rolling_oos_standard_deviation,cumulative_sum_h0_to_h
reserve_drain_high,strict_loan_other_advances_qoq,6,0.32564000066283993,0.3967794378414174,-0.4520476975063381,1.103327698832018,42,regimes,tdc_residual_z,rolling_oos_standard_deviation,cumulative_sum_h0_to_h
reserve_drain_high,strict_loan_other_advances_qoq,7,0.330371506198489,0.42943294463689247,-0.5113170652898202,1.1720600776867982,42,regimes,tdc_residual_z,rolling_oos_standard_deviation,cumulative_sum_h0_to_h
reserve_drain_high,strict_loan_other_advances_qoq,8,0.3629030278863233,0.4363403019752347,-0.4923239639851367,1.2181300197577833,42,regimes,tdc_residual_z,rolling_oos_standard_deviation,cumulative_sum_h0_to_h
reserve_drain_high,strict_non_treasury_agency_gse_qoq,0,8.606748378758516,5.488534210622402,-2.1507786740613923,19.364275431578424,46,regimes,tdc_residual_z,rolling_oos_standard_deviation,cumulative_sum_h0_to_h
reserve_drain_high,strict_non_treasury_agency_gse_qoq,1,15.49934953429229,8.728502854650491,-1.608516060822673,32.60721512940725,45,regimes,tdc_residual_z,rolling_oos_standard_deviation,cumulative_sum_h0_to_h
reserve_drain_high,strict_non_treasury_agency_gse_qoq,2,21.446399178687706,13.055218257471815,-4.141828605957048,47.03462696333246,44,regimes,tdc_residual_z,rolling_oos_standard_deviation,cumulative_sum_h0_to_h
reserve_drain_high,strict_non_treasury_agency_gse_qoq,3,11.415134521184974,16.284832525471995,-20.503137228740133,43.33340627111008,44,regimes,tdc_residual_z,rolling_oos_standard_deviation,cumulative_sum_h0_to_h
reserve_drain_high,strict_non_treasury_agency_gse_qoq,4,11.646810175127744,18.778731081226958,-25.15950274407709,48.45312309433258,44,regimes,tdc_residual_z,rolling_oos_standard_deviation,cumulative_sum_h0_to_h
reserve_drain_high,strict_non_treasury_agency_gse_qoq,5,12.034393142863966,21.368317488726326,-29.847509135039633,53.91629542076757,43,regimes,tdc_residual_z,rolling_oos_standard_deviation,cumulative_sum_h0_to_h
reserve_drain_high,strict_non_treasury_agency_gse_qoq,6,9.51289895275221,23.22358481916487,-36.00532729281093,55.03112519831535,42,regimes,tdc_residual_z,rolling_oos_standard_deviation,cumulative_sum_h0_to_h
reserve_drain_high,strict_non_treasury_agency_gse_qoq,7,4.757547812006618,25.75073121670487,-45.71388537273493,55.22898099674817,42,regimes,tdc_residual_z,rolling_oos_standard_deviation,cumulative_sum_h0_to_h
reserve_drain_high,strict_non_treasury_agency_gse_qoq,8,-1.4138787873212575,28.549605468333265,-57.371105505254455,54.54334793061194,42,regimes,tdc_residual_z,rolling_oos_standard_deviation,cumulative_sum_h0_to_h
reserve_drain_high,strict_non_treasury_municipal_qoq,0,-0.9542908135580556,0.5057930544010288,-1.945645200184072,0.03706357306796093,46,regimes,tdc_residual_z,rolling_oos_standard_deviation,cumulative_sum_h0_to_h
reserve_drain_high,strict_non_treasury_municipal_qoq,1,-0.2133351918196405,1.0301658179421427,-2.23246019498624,1.8057898113469593,45,regimes,tdc_residual_z,rolling_oos_standard_deviation,cumulative_sum_h0_to_h
reserve_drain_high,strict_non_treasury_municipal_qoq,2,-1.4027109533778153,1.7229037954902817,-4.779602392538767,1.9741804857831369,44,regimes,tdc_residual_z,rolling_oos_standard_deviation,cumulative_sum_h0_to_h
reserve_drain_high,strict_non_treasury_municipal_qoq,3,-1.612453272206919,2.393150793699561,-6.303028827858058,3.0781222834442206,44,regimes,tdc_residual_z,rolling_oos_standard_deviation,cumulative_sum_h0_to_h
reserve_drain_high,strict_non_treasury_municipal_qoq,4,-1.7967763448868022,3.2472022644609075,-8.16129278323018,4.567740093456576,44,regimes,tdc_residual_z,rolling_oos_standard_deviation,cumulative_sum_h0_to_h
reserve_drain_high,strict_non_treasury_municipal_qoq,5,-2.3406798986126374,3.6031239871956466,-9.402802913516105,4.72144311629083,43,regimes,tdc_residual_z,rolling_oos_standard_deviation,cumulative_sum_h0_to_h
reserve_drain_high,strict_non_treasury_municipal_qoq,6,-3.50122320433223,3.791597416054841,-10.93275413979972,3.9303077311352586,42,regimes,tdc_residual_z,rolling_oos_standard_deviation,cumulative_sum_h0_to_h
reserve_drain_high,strict_non_treasury_municipal_qoq,7,-3.877104811299052,4.300391831400227,-12.305872800843497,4.551663178245393,42,regimes,tdc_residual_z,rolling_oos_standard_deviation,cumulative_sum_h0_to_h
reserve_drain_high,strict_non_treasury_municipal_qoq,8,-3.9596922893482263,4.698902037161081,-13.169540282183943,5.250155703487492,42,regimes,tdc_residual_z,rolling_oos_standard_deviation,cumulative_sum_h0_to_h
reserve_drain_high,strict_non_treasury_corporate_foreign_bonds_qoq,0,0.21515553919745,2.5662698758150677,-4.814733417400083,5.245044495794982,46,regimes,tdc_residual_z,rolling_oos_standard_deviation,cumulative_sum_h0_to_h
reserve_drain_high,strict_non_treasury_corporate_foreign_bonds_qoq,1,3.529683135583905,3.642329447457986,-3.6092825814337473,10.668648852601557,45,regimes,tdc_residual_z,rolling_oos_standard_deviation,cumulative_sum_h0_to_h
reserve_drain_high,strict_non_treasury_corporate_foreign_bonds_qoq,2,6.550665920297554,4.039958239382537,-1.3676522288922186,14.468984069487327,44,regimes,tdc_residual_z,rolling_oos_standard_deviation,cumulative_sum_h0_to_h
reserve_drain_high,strict_non_treasury_corporate_foreign_bonds_qoq,3,7.363241818466129,5.98817147477202,-4.37357427208703,19.100057909019288,44,regimes,tdc_residual_z,rolling_oos_standard_deviation,cumulative_sum_h0_to_h
reserve_drain_high,strict_non_treasury_corporate_foreign_bonds_qoq,4,5.433590592998323,5.8522629141114315,-6.036844718660083,16.904025904656727,44,regimes,tdc_residual_z,rolling_oos_standard_deviation,cumulative_sum_h0_to_h
reserve_drain_high,strict_non_treasury_corporate_foreign_bonds_qoq,5,13.070204531506409,8.214789858921007,-3.0307835919787642,29.171192654991582,43,regimes,tdc_residual_z,rolling_oos_standard_deviation,cumulative_sum_h0_to_h
reserve_drain_high,strict_non_treasury_corporate_foreign_bonds_qoq,6,12.950365865618451,9.376595299329193,-5.427760921066767,31.32849265230367,42,regimes,tdc_residual_z,rolling_oos_standard_deviation,cumulative_sum_h0_to_h
reserve_drain_high,strict_non_treasury_corporate_foreign_bonds_qoq,7,14.03084023142749,9.95161794784082,-5.474330946340515,33.536011409195496,42,regimes,tdc_residual_z,rolling_oos_standard_deviation,cumulative_sum_h0_to_h
reserve_drain_high,strict_non_treasury_corporate_foreign_bonds_qoq,8,18.308491157807858,11.410601913294295,-4.056288592248961,40.673270907864676,42,regimes,tdc_residual_z,rolling_oos_standard_deviation,cumulative_sum_h0_to_h
reserve_drain_high,strict_non_treasury_securities_qoq,0,9.87734232239768,5.442126385995584,-0.7892253941536644,20.543910038949026,46,regimes,tdc_residual_z,rolling_oos_standard_deviation,cumulative_sum_h0_to_h
reserve_drain_high,strict_non_treasury_securities_qoq,1,20.907123111631364,10.998018042365295,-0.6489922514046143,42.46323847466734,45,regimes,tdc_residual_z,rolling_oos_standard_deviation,cumulative_sum_h0_to_h
reserve_drain_high,strict_non_treasury_securities_qoq,2,30.519655673122166,17.50889703232596,-3.797782510236715,64.83709385648105,44,regimes,tdc_residual_z,rolling_oos_standard_deviation,cumulative_sum_h0_to_h
reserve_drain_high,strict_non_treasury_securities_qoq,3,22.680160545138662,22.309144367919885,-21.045762415984314,66.40608350626164,44,regimes,tdc_residual_z,rolling_oos_standard_deviation,cumulative_sum_h0_to_h
reserve_drain_high,strict_non_treasury_securities_qoq,4,21.31644004228186,24.5898247485698,-26.879616464914946,69.51249654947867,44,regimes,tdc_residual_z,rolling_oos_standard_deviation,cumulative_sum_h0_to_h
reserve_drain_high,strict_non_treasury_securities_qoq,5,29.753656975272154,30.21908481672395,-29.47574926550679,88.9830632160511,43,regimes,tdc_residual_z,rolling_oos_standard_deviation,cumulative_sum_h0_to_h
reserve_drain_high,strict_non_treasury_securities_qoq,6,27.571868471807548,33.95268416612699,-38.97539249380135,94.11912943741645,42,regimes,tdc_residual_z,rolling_oos_standard_deviation,cumulative_sum_h0_to_h
reserve_drain_high,strict_non_treasury_securities_qoq,7,22.247400157197553,36.21320397693507,-48.73047963759519,93.2252799519903,42,regimes,tdc_residual_z,rolling_oos_standard_deviation,cumulative_sum_h0_to_h
reserve_drain_high,strict_non_treasury_securities_qoq,8,20.17992017208595,39.1697450712962,-56.5927801676546,96.9526205118265,42,regimes,tdc_residual_z,rolling_oos_standard_deviation,cumulative_sum_h0_to_h
reserve_drain_high,strict_identifiable_total_qoq,0,-19.37310663818508,6.8949866510251905,-32.887280474194455,-5.858932802175708,46,regimes,tdc_residual_z,rolling_oos_standard_deviation,cumulative_sum_h0_to_h
reserve_drain_high,strict_identifiable_total_qoq,1,9.323951948776983,14.336468625852486,-18.77552655789389,37.42343045544786,45,regimes,tdc_residual_z,rolling_oos_standard_deviation,cumulative_sum_h0_to_h
reserve_drain_high,strict_identifiable_total_qoq,2,3.9128843171438206,21.23003029902187,-37.697975068939044,45.523743703226685,44,regimes,tdc_residual_z,rolling_oos_standard_deviation,cumulative_sum_h0_to_h
reserve_drain_high,strict_identifiable_total_qoq,3,13.971897331754594,26.94284003405974,-38.83606913500249,66.77986379851168,44,regimes,tdc_residual_z,rolling_oos_standard_deviation,cumulative_sum_h0_to_h
reserve_drain_high,strict_identifiable_total_qoq,4,20.220163762413286,35.90119072679278,-50.14617006210056,90.58649758692712,44,regimes,tdc_residual_z,rolling_oos_standard_deviation,cumulative_sum_h0_to_h
reserve_drain_high,strict_identifiable_total_qoq,5,49.35952976802662,43.464465461444064,-35.830822536403744,134.54988207245697,43,regimes,tdc_residual_z,rolling_oos_standard_deviation,cumulative_sum_h0_to_h
reserve_drain_high,strict_identifiable_total_qoq,6,36.803488953843996,51.08313741801743,-63.319460385470165,136.92643829315816,42,regimes,tdc_residual_z,rolling_oos_standard_deviation,cumulative_sum_h0_to_h
reserve_drain_high,strict_identifiable_total_qoq,7,49.095980672820154,55.39525269014818,-59.47871459987028,157.6706759455106,42,regimes,tdc_residual_z,rolling_oos_standard_deviation,cumulative_sum_h0_to_h
reserve_drain_high,strict_identifiable_total_qoq,8,49.17101191707845,67.3064304029464,-82.74959167269648,181.0916155068534,42,regimes,tdc_residual_z,rolling_oos_standard_deviation,cumulative_sum_h0_to_h
reserve_drain_high,strict_identifiable_gap_qoq,0,-78.95565270359167,8.707584339436636,-96.02251800888747,-61.88878739829586,46,regimes,tdc_residual_z,rolling_oos_standard_deviation,cumulative_sum_h0_to_h
reserve_drain_high,strict_identifiable_gap_qoq,1,-82.66432885219982,24.013002849346538,-129.729814436919,-35.5988432674806,45,regimes,tdc_residual_z,rolling_oos_standard_deviation,cumulative_sum_h0_to_h
reserve_drain_high,strict_identifiable_gap_qoq,2,-97.66047571252042,44.25602847479696,-184.40229152312247,-10.918659901918375,44,regimes,tdc_residual_z,rolling_oos_standard_deviation,cumulative_sum_h0_to_h
reserve_drain_high,strict_identifiable_gap_qoq,3,-128.68965916942105,33.682676178785435,-194.70770447984052,-62.671613859001596,44,regimes,tdc_residual_z,rolling_oos_standard_deviation,cumulative_sum_h0_to_h
reserve_drain_high,strict_identifiable_gap_qoq,4,-150.46139629915473,32.78293945416205,-214.71595762931236,-86.20683496899711,44,regimes,tdc_residual_z,rolling_oos_standard_deviation,cumulative_sum_h0_to_h
reserve_drain_high,strict_identifiable_gap_qoq,5,-161.49183781604683,38.03873832398221,-236.04776493105197,-86.93591070104169,43,regimes,tdc_residual_z,rolling_oos_standard_deviation,cumulative_sum_h0_to_h
reserve_drain_high,strict_identifiable_gap_qoq,6,-189.3694287917577,45.534564397880665,-278.6171750116038,-100.1216825719116,42,regimes,tdc_residual_z,rolling_oos_standard_deviation,cumulative_sum_h0_to_h
reserve_drain_high,strict_identifiable_gap_qoq,7,-181.40916896608914,56.9412179817065,-293.0139562102339,-69.8043817219444,42,regimes,tdc_residual_z,rolling_oos_standard_deviation,cumulative_sum_h0_to_h
reserve_drain_high,strict_identifiable_gap_qoq,8,-180.69378764337796,58.411214138559366,-295.1797673549543,-66.20780793180161,42,regimes,tdc_residual_z,rolling_oos_standard_deviation,cumulative_sum_h0_to_h
reserve_drain_high,bank_credit_private_qoq,0,0.27857468757619586,5.665607103444946,-10.826015235175896,11.383164610328288,35,regimes,tdc_residual_z,rolling_oos_standard_deviation,cumulative_sum_h0_to_h
reserve_drain_high,bank_credit_private_qoq,1,22.264739024407007,16.91596085694294,-10.890544255201156,55.42002230401517,34,regimes,tdc_residual_z,rolling_oos_standard_deviation,cumulative_sum_h0_to_h
reserve_drain_high,bank_credit_private_qoq,2,14.537380635149717,17.379973921819,-19.527368251615528,48.60212952191496,33,regimes,tdc_residual_z,rolling_oos_standard_deviation,cumulative_sum_h0_to_h
reserve_drain_high,bank_credit_private_qoq,3,16.877737153168177,19.2015928877435,-20.757384906809087,54.51285921314544,33,regimes,tdc_residual_z,rolling_oos_standard_deviation,cumulative_sum_h0_to_h
reserve_drain_high,bank_credit_private_qoq,4,27.768295767262686,28.809051799109735,-28.697445758992394,84.23403729351776,33,regimes,tdc_residual_z,rolling_oos_standard_deviation,cumulative_sum_h0_to_h
reserve_drain_high,bank_credit_private_qoq,5,23.90942902204739,32.01388964673211,-38.83779468554754,86.65665272964233,32,regimes,tdc_residual_z,rolling_oos_standard_deviation,cumulative_sum_h0_to_h
reserve_drain_high,bank_credit_private_qoq,6,2.9934221507139966,28.416515792568692,-52.70294880272064,58.689793104148634,31,regimes,tdc_residual_z,rolling_oos_standard_deviation,cumulative_sum_h0_to_h
reserve_drain_high,bank_credit_private_qoq,7,-24.410694240729953,39.95026699251586,-102.71321754606103,53.891829064601126,31,regimes,tdc_residual_z,rolling_oos_standard_deviation,cumulative_sum_h0_to_h
reserve_drain_high,bank_credit_private_qoq,8,-13.586809023813942,43.511576136071795,-98.86949825051465,71.69588020288677,31,regimes,tdc_residual_z,rolling_oos_standard_deviation,cumulative_sum_h0_to_h
reserve_drain_high,commercial_industrial_loans_qoq,0,-13.00729477735707,4.947235596689962,-22.703876546869395,-3.3107130078447433,46,regimes,tdc_residual_z,rolling_oos_standard_deviation,cumulative_sum_h0_to_h
reserve_drain_high,commercial_industrial_loans_qoq,1,-5.826652254468394,7.754246689152575,-21.024975765207444,9.371671256270654,45,regimes,tdc_residual_z,rolling_oos_standard_deviation,cumulative_sum_h0_to_h
reserve_drain_high,commercial_industrial_loans_qoq,2,-7.65291538676745,12.868591099439291,-32.875353941668465,17.56952316813356,44,regimes,tdc_residual_z,rolling_oos_standard_deviation,cumulative_sum_h0_to_h
reserve_drain_high,commercial_industrial_loans_qoq,3,-5.66566174436319,13.648990449084884,-32.41768302456956,21.086359535843187,44,regimes,tdc_residual_z,rolling_oos_standard_deviation,cumulative_sum_h0_to_h
reserve_drain_high,commercial_industrial_loans_qoq,4,0.12292403586060985,10.670159218759348,-20.790588032907714,21.036436104628933,44,regimes,tdc_residual_z,rolling_oos_standard_deviation,cumulative_sum_h0_to_h
reserve_drain_high,commercial_industrial_loans_qoq,5,10.117877828989858,12.103572283053532,-13.605123845795063,33.84087950377478,43,regimes,tdc_residual_z,rolling_oos_standard_deviation,cumulative_sum_h0_to_h
reserve_drain_high,commercial_industrial_loans_qoq,6,-1.7467927101177025,19.578624990940675,-40.120897692361424,36.62731227212602,42,regimes,tdc_residual_z,rolling_oos_standard_deviation,cumulative_sum_h0_to_h
reserve_drain_high,commercial_industrial_loans_qoq,7,2.4962412889106176,23.29510172327138,-43.16215808870128,48.15464066652252,42,regimes,tdc_residual_z,rolling_oos_standard_deviation,cumulative_sum_h0_to_h
reserve_drain_high,commercial_industrial_loans_qoq,8,2.101720272839543,24.841495084189525,-46.58761009217192,50.79105063785101,42,regimes,tdc_residual_z,rolling_oos_standard_deviation,cumulative_sum_h0_to_h
reserve_drain_high,construction_land_development_loans_qoq,0,-0.7919524550287192,0.5799172354659696,-1.9285902365420196,0.34468532648458117,27,regimes,tdc_residual_z,rolling_oos_standard_deviation,cumulative_sum_h0_to_h
reserve_drain_high,construction_land_development_loans_qoq,1,-1.532394947280997,0.937736756280516,-3.3703589895908084,0.30556909502881435,26,regimes,tdc_residual_z,rolling_oos_standard_deviation,cumulative_sum_h0_to_h
reserve_drain_high,construction_land_development_loans_qoq,2,-1.0385818892108287,1.6135085153880437,-4.201058579371395,2.123894800949737,25,regimes,tdc_residual_z,rolling_oos_standard_deviation,cumulative_sum_h0_to_h
reserve_drain_high,construction_land_development_loans_qoq,3,-1.9185737808467707,1.9316408772051767,-5.7045899001689175,1.8674423384753758,25,regimes,tdc_residual_z,rolling_oos_standard_deviation,cumulative_sum_h0_to_h
reserve_drain_high,construction_land_development_loans_qoq,4,-1.71172575533905,2.279580570494109,-6.179703673507504,2.7562521628294037,25,regimes,tdc_residual_z,rolling_oos_standard_deviation,cumulative_sum_h0_to_h
reserve_drain_high,construction_land_development_loans_qoq,5,-1.2007157580579286,2.3930342008201437,-5.89106279166541,3.4896312755495527,24,regimes,tdc_residual_z,rolling_oos_standard_deviation,cumulative_sum_h0_to_h
reserve_drain_high,construction_land_development_loans_qoq,6,-1.8923192433568743,2.2257607238808648,-6.254810262163369,2.47017177544962,23,regimes,tdc_residual_z,rolling_oos_standard_deviation,cumulative_sum_h0_to_h
reserve_drain_high,construction_land_development_loans_qoq,7,-2.3682662463863084,2.155504982249607,-6.593056011595538,1.8565235188229212,23,regimes,tdc_residual_z,rolling_oos_standard_deviation,cumulative_sum_h0_to_h
reserve_drain_high,construction_land_development_loans_qoq,8,-2.8627820445244794,2.039687082832207,-6.860568726875606,1.1350046378266465,23,regimes,tdc_residual_z,rolling_oos_standard_deviation,cumulative_sum_h0_to_h
reserve_drain_high,cre_multifamily_loans_qoq,0,0.28885926136774986,1.2966563282755694,-2.2525871420523664,2.8303056647878657,27,regimes,tdc_residual_z,rolling_oos_standard_deviation,cumulative_sum_h0_to_h
reserve_drain_high,cre_multifamily_loans_qoq,1,1.5635388410101414,1.5042634580496292,-1.384817536767132,4.511895218787415,26,regimes,tdc_residual_z,rolling_oos_standard_deviation,cumulative_sum_h0_to_h
reserve_drain_high,cre_multifamily_loans_qoq,2,-4.158607370031209,2.2168092484776025,-8.50355349704731,0.18633875698489177,25,regimes,tdc_residual_z,rolling_oos_standard_deviation,cumulative_sum_h0_to_h
reserve_drain_high,cre_multifamily_loans_qoq,3,-4.776828305276812,3.3227635576597323,-11.289444878289888,1.7357882677362637,25,regimes,tdc_residual_z,rolling_oos_standard_deviation,cumulative_sum_h0_to_h
reserve_drain_high,cre_multifamily_loans_qoq,4,-3.735744006043493,2.0722872144300415,-7.797426946326374,0.3259389342393879,25,regimes,tdc_residual_z,rolling_oos_standard_deviation,cumulative_sum_h0_to_h
reserve_drain_high,cre_multifamily_loans_qoq,5,-1.4525924655216806,2.5846997641963965,-6.518604003346618,3.613419072303256,24,regimes,tdc_residual_z,rolling_oos_standard_deviation,cumulative_sum_h0_to_h
reserve_drain_high,cre_multifamily_loans_qoq,6,-2.5548500854272422,1.7979903396443129,-6.078911151130095,0.9692109802756108,23,regimes,tdc_residual_z,rolling_oos_standard_deviation,cumulative_sum_h0_to_h
reserve_drain_high,cre_multifamily_loans_qoq,7,-4.3035035518709925,1.6263321632480257,-7.491114591837123,-1.1158925119048622,23,regimes,tdc_residual_z,rolling_oos_standard_deviation,cumulative_sum_h0_to_h
reserve_drain_high,cre_multifamily_loans_qoq,8,-3.506828346102526,1.890060827459839,-7.21134756792381,0.19769087571875854,23,regimes,tdc_residual_z,rolling_oos_standard_deviation,cumulative_sum_h0_to_h
reserve_drain_high,cre_nonfarm_nonresidential_loans_qoq,0,0.39830776398693657,1.2219916083365103,-1.9967957883526235,2.7934113163264964,27,regimes,tdc_residual_z,rolling_oos_standard_deviation,cumulative_sum_h0_to_h
reserve_drain_high,cre_nonfarm_nonresidential_loans_qoq,1,0.8632823713131739,2.4786657558206713,-3.9949025100953417,5.721467252721689,26,regimes,tdc_residual_z,rolling_oos_standard_deviation,cumulative_sum_h0_to_h
reserve_drain_high,cre_nonfarm_nonresidential_loans_qoq,2,-2.5247806830551838,2.7864513035873144,-7.98622523808632,2.936663871975952,25,regimes,tdc_residual_z,rolling_oos_standard_deviation,cumulative_sum_h0_to_h
reserve_drain_high,cre_nonfarm_nonresidential_loans_qoq,3,-3.342023025348219,3.5801676353978413,-10.359151590727988,3.6751055400315504,25,regimes,tdc_residual_z,rolling_oos_standard_deviation,cumulative_sum_h0_to_h
reserve_drain_high,cre_nonfarm_nonresidential_loans_qoq,4,-4.7132569883399436,3.996112471917917,-12.54563743329906,3.1191234566191737,25,regimes,tdc_residual_z,rolling_oos_standard_deviation,cumulative_sum_h0_to_h
reserve_drain_high,cre_nonfarm_nonresidential_loans_qoq,5,-4.527683660564634,3.726282590186732,-11.831197537330628,2.775830216201361,24,regimes,tdc_residual_z,rolling_oos_standard_deviation,cumulative_sum_h0_to_h
reserve_drain_high,cre_nonfarm_nonresidential_loans_qoq,6,-5.469594613306208,5.29535479009032,-15.848490001883235,4.909300775270818,23,regimes,tdc_residual_z,rolling_oos_standard_deviation,cumulative_sum_h0_to_h
reserve_drain_high,cre_nonfarm_nonresidential_loans_qoq,7,-7.112777820740625,5.151075241847266,-17.208885294761266,2.983329653280016,23,regimes,tdc_residual_z,rolling_oos_standard_deviation,cumulative_sum_h0_to_h
reserve_drain_high,cre_nonfarm_nonresidential_loans_qoq,8,-5.527402204928766,4.872083353636162,-15.076685578055644,4.021881168198112,23,regimes,tdc_residual_z,rolling_oos_standard_deviation,cumulative_sum_h0_to_h
reserve_drain_high,consumer_loans_qoq,0,-1.3556311956456155,0.8181909428017105,-2.959285443536968,0.24802305224573695,46,regimes,tdc_residual_z,rolling_oos_standard_deviation,cumulative_sum_h0_to_h
reserve_drain_high,consumer_loans_qoq,1,-3.419007115070889,1.4511411105504222,-6.263243691749716,-0.5747705383920616,45,regimes,tdc_residual_z,rolling_oos_standard_deviation,cumulative_sum_h0_to_h
reserve_drain_high,consumer_loans_qoq,2,1.6529001684093538,4.609463192694972,-7.38164768927279,10.687448026091499,44,regimes,tdc_residual_z,rolling_oos_standard_deviation,cumulative_sum_h0_to_h
reserve_drain_high,consumer_loans_qoq,3,-0.23616057151917857,5.621026410248993,-11.253372335607203,10.781051192568846,44,regimes,tdc_residual_z,rolling_oos_standard_deviation,cumulative_sum_h0_to_h
reserve_drain_high,consumer_loans_qoq,4,-0.10022482122185572,5.7095352924587,-11.290913994440906,11.090464351997195,44,regimes,tdc_residual_z,rolling_oos_standard_deviation,cumulative_sum_h0_to_h
reserve_drain_high,consumer_loans_qoq,5,-2.807382900974595,7.480854654466343,-17.469858023728627,11.855092221779438,43,regimes,tdc_residual_z,rolling_oos_standard_deviation,cumulative_sum_h0_to_h
reserve_drain_high,consumer_loans_qoq,6,2.787550320943466,6.030237399006005,-9.031714981108305,14.606815622995235,42,regimes,tdc_residual_z,rolling_oos_standard_deviation,cumulative_sum_h0_to_h
reserve_drain_high,consumer_loans_qoq,7,6.694468460652469,5.358202181052327,-3.807607814210093,17.19654473551503,42,regimes,tdc_residual_z,rolling_oos_standard_deviation,cumulative_sum_h0_to_h
reserve_drain_high,consumer_loans_qoq,8,2.4430401060007103,9.43901651360154,-16.05743226065831,20.943512472659727,42,regimes,tdc_residual_z,rolling_oos_standard_deviation,cumulative_sum_h0_to_h
reserve_drain_high,credit_card_revolving_loans_qoq,0,-1.1097392730274744,0.6905929569430896,-2.46330146863593,0.24382292258098115,46,regimes,tdc_residual_z,rolling_oos_standard_deviation,cumulative_sum_h0_to_h
reserve_drain_high,credit_card_revolving_loans_qoq,1,-1.4968011474296672,1.151559934884487,-3.7538586198032617,0.7602563249439274,45,regimes,tdc_residual_z,rolling_oos_standard_deviation,cumulative_sum_h0_to_h
reserve_drain_high,credit_card_revolving_loans_qoq,2,3.222447871087165,4.186017097805654,-4.982145640611917,11.427041382786246,44,regimes,tdc_residual_z,rolling_oos_standard_deviation,cumulative_sum_h0_to_h
reserve_drain_high,credit_card_revolving_loans_qoq,3,4.332181055895297,4.460505283489507,-4.4104092997441375,13.07477141153473,44,regimes,tdc_residual_z,rolling_oos_standard_deviation,cumulative_sum_h0_to_h
reserve_drain_high,credit_card_revolving_loans_qoq,4,4.927776708012011,4.372752535915756,-3.642818262382871,13.498371678406894,44,regimes,tdc_residual_z,rolling_oos_standard_deviation,cumulative_sum_h0_to_h
reserve_drain_high,credit_card_revolving_loans_qoq,5,3.4340030165348177,5.538581471187206,-7.421616666992107,14.289622700061742,43,regimes,tdc_residual_z,rolling_oos_standard_deviation,cumulative_sum_h0_to_h
reserve_drain_high,credit_card_revolving_loans_qoq,6,8.550400184437578,4.947708482516727,-1.147108441295206,18.24790881017036,42,regimes,tdc_residual_z,rolling_oos_standard_deviation,cumulative_sum_h0_to_h
reserve_drain_high,credit_card_revolving_loans_qoq,7,11.9638493206695,5.219915997107348,1.7328139663390978,22.1948846749999,42,regimes,tdc_residual_z,rolling_oos_standard_deviation,cumulative_sum_h0_to_h
reserve_drain_high,credit_card_revolving_loans_qoq,8,9.282035968924818,8.735912046575628,-7.8403516423634105,26.40442358021305,42,regimes,tdc_residual_z,rolling_oos_standard_deviation,cumulative_sum_h0_to_h
reserve_drain_high,auto_loans_qoq,0,-0.11735200866844817,0.43955452781790894,-0.9788788831915497,0.7441748658546533,27,regimes,tdc_residual_z,rolling_oos_standard_deviation,cumulative_sum_h0_to_h
reserve_drain_high,auto_loans_qoq,1,-0.4171310648262937,0.7502042357084806,-1.8875313668149158,1.0532692371623282,26,regimes,tdc_residual_z,rolling_oos_standard_deviation,cumulative_sum_h0_to_h
reserve_drain_high,auto_loans_qoq,2,-0.5982358957019616,1.4562310219153296,-3.4524486986560072,2.2559769072520846,25,regimes,tdc_residual_z,rolling_oos_standard_deviation,cumulative_sum_h0_to_h
reserve_drain_high,auto_loans_qoq,3,-1.2524595163218337,2.022919844770722,-5.21738241207245,2.712463379428782,25,regimes,tdc_residual_z,rolling_oos_standard_deviation,cumulative_sum_h0_to_h
reserve_drain_high,auto_loans_qoq,4,-1.797259457181552,2.514303305655176,-6.725293936265696,3.1307750219025925,25,regimes,tdc_residual_z,rolling_oos_standard_deviation,cumulative_sum_h0_to_h
reserve_drain_high,auto_loans_qoq,5,-2.7484327014990795,2.9908226278766614,-8.610445052137337,3.1135796491391767,24,regimes,tdc_residual_z,rolling_oos_standard_deviation,cumulative_sum_h0_to_h
reserve_drain_high,auto_loans_qoq,6,-1.5201046039700397,3.806728554198188,-8.981292570198487,5.941083362258409,23,regimes,tdc_residual_z,rolling_oos_standard_deviation,cumulative_sum_h0_to_h
reserve_drain_high,auto_loans_qoq,7,-1.040185008792041,3.9111885498577803,-8.706114566513289,6.625744548929208,23,regimes,tdc_residual_z,rolling_oos_standard_deviation,cumulative_sum_h0_to_h
reserve_drain_high,auto_loans_qoq,8,-0.5427698030455159,3.921225210825828,-8.228371216264138,7.142831610173107,23,regimes,tdc_residual_z,rolling_oos_standard_deviation,cumulative_sum_h0_to_h
reserve_drain_high,other_consumer_loans_qoq,0,-0.3041604972774914,0.9064513720376268,-2.08080518647124,1.4724841919162572,46,regimes,tdc_residual_z,rolling_oos_standard_deviation,cumulative_sum_h0_to_h
reserve_drain_high,other_consumer_loans_qoq,1,-2.123098610003568,1.2388884919414678,-4.551320054208844,0.30512283420170894,45,regimes,tdc_residual_z,rolling_oos_standard_deviation,cumulative_sum_h0_to_h
reserve_drain_high,other_consumer_loans_qoq,2,-3.107479693908845,2.5761932947391952,-8.156818551597668,1.9418591637799776,44,regimes,tdc_residual_z,rolling_oos_standard_deviation,cumulative_sum_h0_to_h
reserve_drain_high,other_consumer_loans_qoq,3,-3.6192503330016317,2.738419903762976,-8.986553344377064,1.748052678373801,44,regimes,tdc_residual_z,rolling_oos_standard_deviation,cumulative_sum_h0_to_h
reserve_drain_high,other_consumer_loans_qoq,4,-4.098021750596173,3.1319870458186636,-10.236716360400752,2.0406728592084074,44,regimes,tdc_residual_z,rolling_oos_standard_deviation,cumulative_sum_h0_to_h
reserve_drain_high,other_consumer_loans_qoq,5,-5.695976106064426,3.170827114237846,-11.910797249970603,0.5188450378417526,43,regimes,tdc_residual_z,rolling_oos_standard_deviation,cumulative_sum_h0_to_h
reserve_drain_high,other_consumer_loans_qoq,6,-4.179926878749569,3.805801678262998,-11.639298168145045,3.2794444106459064,42,regimes,tdc_residual_z,rolling_oos_standard_deviation,cumulative_sum_h0_to_h
reserve_drain_high,other_consumer_loans_qoq,7,-3.621773891514292,4.22755960859737,-11.907790724365139,4.664242941336554,42,regimes,tdc_residual_z,rolling_oos_standard_deviation,cumulative_sum_h0_to_h
reserve_drain_high,other_consumer_loans_qoq,8,-4.0937064280725135,4.643450983052771,-13.194870354855945,5.007457498710918,42,regimes,tdc_residual_z,rolling_oos_standard_deviation,cumulative_sum_h0_to_h
reserve_drain_high,heloc_loans_qoq,0,-0.15489612255794652,0.6985722798682487,-1.524097791099714,1.2143055459838208,46,regimes,tdc_residual_z,rolling_oos_standard_deviation,cumulative_sum_h0_to_h
reserve_drain_high,heloc_loans_qoq,1,-0.20075110336228946,1.1837049545623477,-2.520812814304491,2.119310607579912,45,regimes,tdc_residual_z,rolling_oos_standard_deviation,cumulative_sum_h0_to_h
reserve_drain_high,heloc_loans_qoq,2,-0.14815239635451283,1.6244203756185975,-3.332016332566964,3.0357115398579384,44,regimes,tdc_residual_z,rolling_oos_standard_deviation,cumulative_sum_h0_to_h
reserve_drain_high,heloc_loans_qoq,3,-0.7657719315600384,2.833064839335449,-6.318579016657518,4.787035153537442,44,regimes,tdc_residual_z,rolling_oos_standard_deviation,cumulative_sum_h0_to_h
reserve_drain_high,heloc_loans_qoq,4,0.021180186795863865,3.1306579864384227,-6.114909466623445,6.1572698402151715,44,regimes,tdc_residual_z,rolling_oos_standard_deviation,cumulative_sum_h0_to_h
reserve_drain_high,heloc_loans_qoq,5,-0.4311245258058274,3.8961345991591556,-8.067548340157773,7.205299288546117,43,regimes,tdc_residual_z,rolling_oos_standard_deviation,cumulative_sum_h0_to_h
reserve_drain_high,heloc_loans_qoq,6,0.9941895335196298,3.729138071295216,-6.314921086218993,8.303300153258252,42,regimes,tdc_residual_z,rolling_oos_standard_deviation,cumulative_sum_h0_to_h
reserve_drain_high,heloc_loans_qoq,7,2.679367423239047,3.2494866775117757,-3.6896264646840335,9.048361311162127,42,regimes,tdc_residual_z,rolling_oos_standard_deviation,cumulative_sum_h0_to_h
reserve_drain_high,heloc_loans_qoq,8,3.258281932492366,3.2649366020972708,-3.140993807618284,9.657557672603016,42,regimes,tdc_residual_z,rolling_oos_standard_deviation,cumulative_sum_h0_to_h
reserve_drain_high,closed_end_residential_loans_qoq,0,-3.33969672865806,1.8300268663318722,-6.92654938666853,0.2471559293524095,44,regimes,tdc_residual_z,rolling_oos_standard_deviation,cumulative_sum_h0_to_h
reserve_drain_high,closed_end_residential_loans_qoq,1,0.9499432782494153,3.5375890158689094,-5.9837311928536465,7.883617749352478,43,regimes,tdc_residual_z,rolling_oos_standard_deviation,cumulative_sum_h0_to_h
reserve_drain_high,closed_end_residential_loans_qoq,2,-1.768346736672676,4.304713900378212,-10.205585981413972,6.66889250806862,42,regimes,tdc_residual_z,rolling_oos_standard_deviation,cumulative_sum_h0_to_h
reserve_drain_high,closed_end_residential_loans_qoq,3,4.663814729263541,6.186898489695023,-7.462506310538705,16.790135769065785,42,regimes,tdc_residual_z,rolling_oos_standard_deviation,cumulative_sum_h0_to_h
reserve_drain_high,closed_end_residential_loans_qoq,4,4.9356371694206524,7.073296687263717,-8.928024337616232,18.79929867645754,42,regimes,tdc_residual_z,rolling_oos_standard_deviation,cumulative_sum_h0_to_h
reserve_drain_high,closed_end_residential_loans_qoq,5,6.6297824306655055,6.785630833805972,-6.670054003594199,19.92961886492521,41,regimes,tdc_residual_z,rolling_oos_standard_deviation,cumulative_sum_h0_to_h
reserve_drain_high,closed_end_residential_loans_qoq,6,10.95739938594278,7.71628603038861,-4.166521233618894,26.081320005504455,40,regimes,tdc_residual_z,rolling_oos_standard_deviation,cumulative_sum_h0_to_h
reserve_drain_high,closed_end_residential_loans_qoq,7,14.0821451746517,9.05789995027239,-3.6713387278821834,31.835629077185583,40,regimes,tdc_residual_z,rolling_oos_standard_deviation,cumulative_sum_h0_to_h
reserve_drain_high,closed_end_residential_loans_qoq,8,18.63436584659903,8.959788631297386,1.073180129256155,36.195551563941905,40,regimes,tdc_residual_z,rolling_oos_standard_deviation,cumulative_sum_h0_to_h
reserve_drain_high,loans_to_commercial_banks_qoq,0,0.7801696639294071,0.4352913956038212,-0.07300147145408242,1.6333407993128968,46,regimes,tdc_residual_z,rolling_oos_standard_deviation,cumulative_sum_h0_to_h
reserve_drain_high,loans_to_commercial_banks_qoq,1,-0.4533385401185335,0.6333001071997891,-1.69460675023012,0.7879296699930531,45,regimes,tdc_residual_z,rolling_oos_standard_deviation,cumulative_sum_h0_to_h
reserve_drain_high,loans_to_commercial_banks_qoq,2,0.16759711074944228,0.6503256276189662,-1.1070411193837313,1.4422353408826158,44,regimes,tdc_residual_z,rolling_oos_standard_deviation,cumulative_sum_h0_to_h
reserve_drain_high,loans_to_commercial_banks_qoq,3,2.7526347924502903,1.5123630004862811,-0.21159668850282065,5.716866273403401,44,regimes,tdc_residual_z,rolling_oos_standard_deviation,cumulative_sum_h0_to_h
reserve_drain_high,loans_to_commercial_banks_qoq,4,0.7631684763496849,1.1259192279018542,-1.4436332103379494,2.969970163037319,44,regimes,tdc_residual_z,rolling_oos_standard_deviation,cumulative_sum_h0_to_h
reserve_drain_high,loans_to_commercial_banks_qoq,5,-0.15364497541747535,1.132532479223703,-2.3734086346959336,2.0661186838609824,43,regimes,tdc_residual_z,rolling_oos_standard_deviation,cumulative_sum_h0_to_h
reserve_drain_high,loans_to_commercial_banks_qoq,6,-0.9926285581879695,1.0379781827018728,-3.0270657962836403,1.0418086799077013,42,regimes,tdc_residual_z,rolling_oos_standard_deviation,cumulative_sum_h0_to_h
reserve_drain_high,loans_to_commercial_banks_qoq,7,-0.6975490818436378,1.0148091283080478,-2.686574973327412,1.291476809640136,42,regimes,tdc_residual_z,rolling_oos_standard_deviation,cumulative_sum_h0_to_h
reserve_drain_high,loans_to_commercial_banks_qoq,8,-0.6166735772901852,0.9056388865921365,-2.391725795010773,1.1583786404304024,42,regimes,tdc_residual_z,rolling_oos_standard_deviation,cumulative_sum_h0_to_h
reserve_drain_high,loans_to_nondepository_financial_institutions_qoq,0,1.0076426721221277,1.7399631791970929,-2.4026851591041742,4.41797050334843,27,regimes,tdc_residual_z,rolling_oos_standard_deviation,cumulative_sum_h0_to_h
reserve_drain_high,loans_to_nondepository_financial_institutions_qoq,1,-3.0150528500129194,8.130105196241624,-18.9500590346465,12.919953334620663,26,regimes,tdc_residual_z,rolling_oos_standard_deviation,cumulative_sum_h0_to_h
reserve_drain_high,loans_to_nondepository_financial_institutions_qoq,2,2.2439862358809406,8.22434039975007,-13.875720947629196,18.363693419391076,25,regimes,tdc_residual_z,rolling_oos_standard_deviation,cumulative_sum_h0_to_h
reserve_drain_high,loans_to_nondepository_financial_institutions_qoq,3,-5.676934478098848,11.07630417910781,-27.386490669150152,16.03262171295246,25,regimes,tdc_residual_z,rolling_oos_standard_deviation,cumulative_sum_h0_to_h
reserve_drain_high,loans_to_nondepository_financial_institutions_qoq,4,1.2658319044071606,11.946049715167826,-22.148425537321778,24.6800893461361,25,regimes,tdc_residual_z,rolling_oos_standard_deviation,cumulative_sum_h0_to_h
reserve_drain_high,loans_to_nondepository_financial_institutions_qoq,5,15.332119922584532,13.810413217725285,-11.736289984157025,42.40052982932609,24,regimes,tdc_residual_z,rolling_oos_standard_deviation,cumulative_sum_h0_to_h
reserve_drain_high,loans_to_nondepository_financial_institutions_qoq,6,2.7499880490739432,6.03183071379608,-9.072400149966374,14.57237624811426,23,regimes,tdc_residual_z,rolling_oos_standard_deviation,cumulative_sum_h0_to_h
reserve_drain_high,loans_to_nondepository_financial_institutions_qoq,7,5.640159232054064,6.154943845767955,-6.423530705651126,17.703849169759252,23,regimes,tdc_residual_z,rolling_oos_standard_deviation,cumulative_sum_h0_to_h
reserve_drain_high,loans_to_nondepository_financial_institutions_qoq,8,8.252604740021695,8.884850707955934,-9.161702647571936,25.666912127615326,23,regimes,tdc_residual_z,rolling_oos_standard_deviation,cumulative_sum_h0_to_h
reserve_drain_high,loans_for_purchasing_or_carrying_securities_qoq,0,1.0507056136254895,1.4526024516771936,-1.7963951916618097,3.897806418912789,46,regimes,tdc_residual_z,rolling_oos_standard_deviation,cumulative_sum_h0_to_h
reserve_drain_high,loans_for_purchasing_or_carrying_securities_qoq,1,-0.2919197272905095,2.2923137356263985,-4.784854649118251,4.201015194537232,45,regimes,tdc_residual_z,rolling_oos_standard_deviation,cumulative_sum_h0_to_h
reserve_drain_high,loans_for_purchasing_or_carrying_securities_qoq,2,3.838378844172505,4.254708914275675,-4.500850627807818,12.177608316152828,44,regimes,tdc_residual_z,rolling_oos_standard_deviation,cumulative_sum_h0_to_h
reserve_drain_high,loans_for_purchasing_or_carrying_securities_qoq,3,5.072376336890051,5.619687108229206,-5.942210395239193,16.086963069019294,44,regimes,tdc_residual_z,rolling_oos_standard_deviation,cumulative_sum_h0_to_h
reserve_drain_high,loans_for_purchasing_or_carrying_securities_qoq,4,7.712369681722681,7.607064276532099,-7.197476300280233,22.622215663725594,44,regimes,tdc_residual_z,rolling_oos_standard_deviation,cumulative_sum_h0_to_h
reserve_drain_high,loans_for_purchasing_or_carrying_securities_qoq,5,5.094224465242545,8.191577042739363,-10.961266538526608,21.149715469011696,43,regimes,tdc_residual_z,rolling_oos_standard_deviation,cumulative_sum_h0_to_h
reserve_drain_high,loans_for_purchasing_or_carrying_securities_qoq,6,0.44634580236210386,4.307654824016208,-7.996657652709662,8.88934925743387,42,regimes,tdc_residual_z,rolling_oos_standard_deviation,cumulative_sum_h0_to_h
reserve_drain_high,loans_for_purchasing_or_carrying_securities_qoq,7,-0.3651004614789981,5.156208924772336,-10.471269954032778,9.74106903107478,42,regimes,tdc_residual_z,rolling_oos_standard_deviation,cumulative_sum_h0_to_h
reserve_drain_high,loans_for_purchasing_or_carrying_securities_qoq,8,-1.2936948020725962,6.0762318771949975,-13.20310928137479,10.615719677229599,42,regimes,tdc_residual_z,rolling_oos_standard_deviation,cumulative_sum_h0_to_h
reserve_drain_high,treasury_securities_bank_qoq,0,3.340494834368384,4.211721925484704,-4.914480139581636,11.595469808318404,46,regimes,tdc_residual_z,rolling_oos_standard_deviation,cumulative_sum_h0_to_h
reserve_drain_high,treasury_securities_bank_qoq,1,7.91768555881427,9.613521367305793,-10.924816321105084,26.760187438733624,45,regimes,tdc_residual_z,rolling_oos_standard_deviation,cumulative_sum_h0_to_h
reserve_drain_high,treasury_securities_bank_qoq,2,10.636518960763977,14.07850268452649,-16.957346300907943,38.230384222435895,44,regimes,tdc_residual_z,rolling_oos_standard_deviation,cumulative_sum_h0_to_h
reserve_drain_high,treasury_securities_bank_qoq,3,10.530753549235575,16.377120040805785,-21.56840173074376,42.62990882921491,44,regimes,tdc_residual_z,rolling_oos_standard_deviation,cumulative_sum_h0_to_h
reserve_drain_high,treasury_securities_bank_qoq,4,6.5722474247273155,16.851317491049354,-26.456334857729416,39.60082970718405,44,regimes,tdc_residual_z,rolling_oos_standard_deviation,cumulative_sum_h0_to_h
reserve_drain_high,treasury_securities_bank_qoq,5,8.70971464123855,18.363429223999425,-27.282606637800328,44.702035920277424,43,regimes,tdc_residual_z,rolling_oos_standard_deviation,cumulative_sum_h0_to_h
reserve_drain_high,treasury_securities_bank_qoq,6,3.011486263869145,18.838373025812935,-33.91172486672421,39.934697394462496,42,regimes,tdc_residual_z,rolling_oos_standard_deviation,cumulative_sum_h0_to_h
reserve_drain_high,treasury_securities_bank_qoq,7,-3.5682707014831276,18.138353847081675,-39.11944424176321,31.982902838796953,42,regimes,tdc_residual_z,rolling_oos_standard_deviation,cumulative_sum_h0_to_h
reserve_drain_high,treasury_securities_bank_qoq,8,-8.973024403175186,21.63453668295194,-51.376716301760986,33.43066749541061,42,regimes,tdc_residual_z,rolling_oos_standard_deviation,cumulative_sum_h0_to_h
reserve_drain_high,agency_gse_backed_securities_bank_qoq,0,13.604907968556466,8.098927950782707,-2.2689908149776397,29.47880675209057,46,regimes,tdc_residual_z,rolling_oos_standard_deviation,cumulative_sum_h0_to_h
reserve_drain_high,agency_gse_backed_securities_bank_qoq,1,18.942036071984383,16.471080077081375,-13.341280879095109,51.225353023063875,45,regimes,tdc_residual_z,rolling_oos_standard_deviation,cumulative_sum_h0_to_h
reserve_drain_high,agency_gse_backed_securities_bank_qoq,2,22.417208593465336,20.813232512737738,-18.376727131500626,63.211144318431295,44,regimes,tdc_residual_z,rolling_oos_standard_deviation,cumulative_sum_h0_to_h
reserve_drain_high,agency_gse_backed_securities_bank_qoq,3,6.786452691776471,20.536544832143516,-33.465175179224815,47.038080562777765,44,regimes,tdc_residual_z,rolling_oos_standard_deviation,cumulative_sum_h0_to_h
reserve_drain_high,agency_gse_backed_securities_bank_qoq,4,-3.8225607091187594,18.24148243278015,-39.57586627736785,31.93074485913033,44,regimes,tdc_residual_z,rolling_oos_standard_deviation,cumulative_sum_h0_to_h
reserve_drain_high,agency_gse_backed_securities_bank_qoq,5,2.6940759798836087,22.506253038387484,-41.41817997535586,46.806331935123076,43,regimes,tdc_residual_z,rolling_oos_standard_deviation,cumulative_sum_h0_to_h
reserve_drain_high,agency_gse_backed_securities_bank_qoq,6,6.678553391300843,24.681235043946867,-41.69666729483501,55.0537740774367,42,regimes,tdc_residual_z,rolling_oos_standard_deviation,cumulative_sum_h0_to_h
reserve_drain_high,agency_gse_backed_securities_bank_qoq,7,-1.1332065042154937,25.230761813906266,-50.58549965947177,48.319086651040784,42,regimes,tdc_residual_z,rolling_oos_standard_deviation,cumulative_sum_h0_to_h
reserve_drain_high,agency_gse_backed_securities_bank_qoq,8,-7.807277806332273,27.7617329976449,-62.220274481716274,46.60571886905173,42,regimes,tdc_residual_z,rolling_oos_standard_deviation,cumulative_sum_h0_to_h
reserve_drain_high,municipal_securities_bank_qoq,0,-0.14399907495398467,1.1575045979275813,-2.412708086892044,2.1247099369840745,46,regimes,tdc_residual_z,rolling_oos_standard_deviation,cumulative_sum_h0_to_h
reserve_drain_high,municipal_securities_bank_qoq,1,0.5842355447321577,2.1113484614590323,-3.5540074397275454,4.722478529191861,45,regimes,tdc_residual_z,rolling_oos_standard_deviation,cumulative_sum_h0_to_h
reserve_drain_high,municipal_securities_bank_qoq,2,-0.8440074362483019,2.7518598600111313,-6.237652761870119,4.549637889373515,44,regimes,tdc_residual_z,rolling_oos_standard_deviation,cumulative_sum_h0_to_h
reserve_drain_high,municipal_securities_bank_qoq,3,-2.107300414799257,2.9776018860633333,-7.94340011148339,3.7287992818848763,44,regimes,tdc_residual_z,rolling_oos_standard_deviation,cumulative_sum_h0_to_h
reserve_drain_high,municipal_securities_bank_qoq,4,-3.715336112996835,2.708841183388293,-9.024664832437889,1.593992606444219,44,regimes,tdc_residual_z,rolling_oos_standard_deviation,cumulative_sum_h0_to_h
reserve_drain_high,municipal_securities_bank_qoq,5,-3.232915870009286,3.169936342181684,-9.445991100685386,2.980159360666815,43,regimes,tdc_residual_z,rolling_oos_standard_deviation,cumulative_sum_h0_to_h
reserve_drain_high,municipal_securities_bank_qoq,6,-3.720635251749553,3.4432791680321806,-10.469462421092627,3.0281919175935212,42,regimes,tdc_residual_z,rolling_oos_standard_deviation,cumulative_sum_h0_to_h
reserve_drain_high,municipal_securities_bank_qoq,7,-4.605685330915284,3.7028219757538543,-11.863216403392837,2.65184574156227,42,regimes,tdc_residual_z,rolling_oos_standard_deviation,cumulative_sum_h0_to_h
reserve_drain_high,municipal_securities_bank_qoq,8,-5.354564599210643,4.055984323193137,-13.304293872669192,2.595164674247905,42,regimes,tdc_residual_z,rolling_oos_standard_deviation,cumulative_sum_h0_to_h
reserve_drain_high,corporate_foreign_bonds_bank_qoq,0,0.2580181340118928,2.4649405700789235,-4.573265383342797,5.089301651366583,46,regimes,tdc_residual_z,rolling_oos_standard_deviation,cumulative_sum_h0_to_h
reserve_drain_high,corporate_foreign_bonds_bank_qoq,1,3.0003683978195035,3.639897151976111,-4.133830020053674,10.134566815692681,45,regimes,tdc_residual_z,rolling_oos_standard_deviation,cumulative_sum_h0_to_h
reserve_drain_high,corporate_foreign_bonds_bank_qoq,2,5.85594256858925,4.619357537910353,-3.1979982057150407,14.90988334289354,44,regimes,tdc_residual_z,rolling_oos_standard_deviation,cumulative_sum_h0_to_h
reserve_drain_high,corporate_foreign_bonds_bank_qoq,3,6.070088786216147,6.70075229779233,-7.0633857174568195,19.20356328988911,44,regimes,tdc_residual_z,rolling_oos_standard_deviation,cumulative_sum_h0_to_h
reserve_drain_high,corporate_foreign_bonds_bank_qoq,4,3.191064328525425,6.137105303637096,-8.837662066603283,15.219790723654132,44,regimes,tdc_residual_z,rolling_oos_standard_deviation,cumulative_sum_h0_to_h
reserve_drain_high,corporate_foreign_bonds_bank_qoq,5,11.458516573257636,8.955429296513904,-6.094124847909615,29.011157994424888,43,regimes,tdc_residual_z,rolling_oos_standard_deviation,cumulative_sum_h0_to_h
reserve_drain_high,corporate_foreign_bonds_bank_qoq,6,12.002324297182788,10.265525270554475,-8.118105233103982,32.12275382746956,42,regimes,tdc_residual_z,rolling_oos_standard_deviation,cumulative_sum_h0_to_h
reserve_drain_high,corporate_foreign_bonds_bank_qoq,7,12.781389622151547,10.711313367310165,-8.212784577776375,33.77556382207947,42,regimes,tdc_residual_z,rolling_oos_standard_deviation,cumulative_sum_h0_to_h
reserve_drain_high,corporate_foreign_bonds_bank_qoq,8,18.012604618453942,12.596670251338507,-6.676869074169531,42.702078311077415,42,regimes,tdc_residual_z,rolling_oos_standard_deviation,cumulative_sum_h0_to_h
reserve_drain_high,fedfunds_repo_liabilities_bank_qoq,0,3.5868351038564095,2.458208439029584,-1.231253436641575,8.404923644354394,46,regimes,tdc_residual_z,rolling_oos_standard_deviation,cumulative_sum_h0_to_h
reserve_drain_high,fedfunds_repo_liabilities_bank_qoq,1,0.45039827688458445,2.686345265070272,-4.814838442653149,5.715634996422318,45,regimes,tdc_residual_z,rolling_oos_standard_deviation,cumulative_sum_h0_to_h
reserve_drain_high,fedfunds_repo_liabilities_bank_qoq,2,2.912040495669836,4.943136126769277,-6.776506312797946,12.600587304137619,44,regimes,tdc_residual_z,rolling_oos_standard_deviation,cumulative_sum_h0_to_h
reserve_drain_high,fedfunds_repo_liabilities_bank_qoq,3,1.3475947069851755,3.8102963231178997,-6.120586086325908,8.815775500296258,44,regimes,tdc_residual_z,rolling_oos_standard_deviation,cumulative_sum_h0_to_h
reserve_drain_high,fedfunds_repo_liabilities_bank_qoq,4,3.5378519545546236,4.044240118917911,-4.388858678524483,11.46456258763373,44,regimes,tdc_residual_z,rolling_oos_standard_deviation,cumulative_sum_h0_to_h
reserve_drain_high,fedfunds_repo_liabilities_bank_qoq,5,5.485659587879388,4.30064915303087,-2.9436127520611173,13.914931927819893,43,regimes,tdc_residual_z,rolling_oos_standard_deviation,cumulative_sum_h0_to_h
reserve_drain_high,fedfunds_repo_liabilities_bank_qoq,6,9.147312008204418,5.913012269495246,-2.4421920400062636,20.7368160564151,42,regimes,tdc_residual_z,rolling_oos_standard_deviation,cumulative_sum_h0_to_h
reserve_drain_high,fedfunds_repo_liabilities_bank_qoq,7,10.699956315105872,6.968919727517658,-2.959126350828738,24.359038981040484,42,regimes,tdc_residual_z,rolling_oos_standard_deviation,cumulative_sum_h0_to_h
reserve_drain_high,fedfunds_repo_liabilities_bank_qoq,8,15.555163136480681,6.830430835299374,2.1675186992939075,28.942807573667455,42,regimes,tdc_residual_z,rolling_oos_standard_deviation,cumulative_sum_h0_to_h
reserve_drain_high,commercial_bank_borrowings_qoq,0,-1.5366717865787862,10.104051701624952,-21.340613121763692,18.26726954860612,46,regimes,tdc_residual_z,rolling_oos_standard_deviation,cumulative_sum_h0_to_h
reserve_drain_high,commercial_bank_borrowings_qoq,1,10.115676772512842,15.483170169834777,-20.23133676036332,40.462690305389,45,regimes,tdc_residual_z,rolling_oos_standard_deviation,cumulative_sum_h0_to_h
reserve_drain_high,commercial_bank_borrowings_qoq,2,-5.135556170187845,17.246092702810213,-38.93789786769587,28.666785527320172,44,regimes,tdc_residual_z,rolling_oos_standard_deviation,cumulative_sum_h0_to_h
reserve_drain_high,commercial_bank_borrowings_qoq,3,-20.898713525044435,18.5902247650695,-57.335554064580656,15.538127014491785,44,regimes,tdc_residual_z,rolling_oos_standard_deviation,cumulative_sum_h0_to_h
reserve_drain_high,commercial_bank_borrowings_qoq,4,-22.331727124966864,19.00084341643777,-59.57338022118489,14.909925971251166,44,regimes,tdc_residual_z,rolling_oos_standard_deviation,cumulative_sum_h0_to_h
reserve_drain_high,commercial_bank_borrowings_qoq,5,-24.73551912867912,22.341579675708036,-68.52501529306687,19.05397703570863,43,regimes,tdc_residual_z,rolling_oos_standard_deviation,cumulative_sum_h0_to_h
reserve_drain_high,commercial_bank_borrowings_qoq,6,-2.3558051377797424,31.79370864056938,-64.67147407329573,59.95986379773625,42,regimes,tdc_residual_z,rolling_oos_standard_deviation,cumulative_sum_h0_to_h
reserve_drain_high,commercial_bank_borrowings_qoq,7,6.315424815704754,36.13416148649391,-64.5075316978233,77.13838132923281,42,regimes,tdc_residual_z,rolling_oos_standard_deviation,cumulative_sum_h0_to_h
reserve_drain_high,commercial_bank_borrowings_qoq,8,23.994478225557764,47.98355318784175,-70.05328602261207,118.04224247372758,42,regimes,tdc_residual_z,rolling_oos_standard_deviation,cumulative_sum_h0_to_h
reserve_drain_high,fed_borrowings_depository_institutions_qoq,0,-1.9021080104582082,1.8385983681604112,-5.505760812052614,1.7015447911361976,46,regimes,tdc_residual_z,rolling_oos_standard_deviation,cumulative_sum_h0_to_h
reserve_drain_high,fed_borrowings_depository_institutions_qoq,1,-4.310339163644703,4.144367269368371,-12.43329901160671,3.812620684317305,45,regimes,tdc_residual_z,rolling_oos_standard_deviation,cumulative_sum_h0_to_h
reserve_drain_high,fed_borrowings_depository_institutions_qoq,2,-4.1938884622321515,5.307087819910347,-14.595780589256432,6.208003664792128,44,regimes,tdc_residual_z,rolling_oos_standard_deviation,cumulative_sum_h0_to_h
reserve_drain_high,fed_borrowings_depository_institutions_qoq,3,-14.373999801716433,10.897074696172396,-35.732266206214334,6.984266602781464,44,regimes,tdc_residual_z,rolling_oos_standard_deviation,cumulative_sum_h0_to_h
reserve_drain_high,fed_borrowings_depository_institutions_qoq,4,-20.165018839538824,15.55200784307385,-50.646954211963575,10.316916532885923,44,regimes,tdc_residual_z,rolling_oos_standard_deviation,cumulative_sum_h0_to_h
reserve_drain_high,fed_borrowings_depository_institutions_qoq,5,-24.322539329712953,18.851755263963845,-61.27197964708209,12.626900987656185,43,regimes,tdc_residual_z,rolling_oos_standard_deviation,cumulative_sum_h0_to_h
reserve_drain_high,fed_borrowings_depository_institutions_qoq,6,-6.512226319234333,11.353930005806921,-28.7659291306159,15.741476492147232,42,regimes,tdc_residual_z,rolling_oos_standard_deviation,cumulative_sum_h0_to_h
reserve_drain_high,fed_borrowings_depository_institutions_qoq,7,10.315026124346655,11.095035148125563,-11.431242765979448,32.06129501467276,42,regimes,tdc_residual_z,rolling_oos_standard_deviation,cumulative_sum_h0_to_h
reserve_drain_high,fed_borrowings_depository_institutions_qoq,8,10.581614802734249,14.124755738275317,-17.102906444285374,38.26613604975387,42,regimes,tdc_residual_z,rolling_oos_standard_deviation,cumulative_sum_h0_to_h
reserve_drain_high,debt_securities_bank_liability_qoq,0,-2.153524154640687,3.266595269272172,-8.556050882414144,4.24900257313277,46,regimes,tdc_residual_z,rolling_oos_standard_deviation,cumulative_sum_h0_to_h
reserve_drain_high,debt_securities_bank_liability_qoq,1,-4.756449254975153,4.8552817958499705,-14.272801574841097,4.75990306489079,45,regimes,tdc_residual_z,rolling_oos_standard_deviation,cumulative_sum_h0_to_h
reserve_drain_high,debt_securities_bank_liability_qoq,2,10.54964648871253,8.900549087653243,-6.895429723087826,27.994722700512884,44,regimes,tdc_residual_z,rolling_oos_standard_deviation,cumulative_sum_h0_to_h
reserve_drain_high,debt_securities_bank_liability_qoq,3,7.065500699001852,9.271761665691974,-11.107152165754417,25.23815356375812,44,regimes,tdc_residual_z,rolling_oos_standard_deviation,cumulative_sum_h0_to_h
reserve_drain_high,debt_securities_bank_liability_qoq,4,8.787704939969242,9.613194321979764,-10.054155931111094,27.629565811049577,44,regimes,tdc_residual_z,rolling_oos_standard_deviation,cumulative_sum_h0_to_h
reserve_drain_high,debt_securities_bank_liability_qoq,5,11.815034828740117,10.389477601110828,-8.548341269437106,32.17841092691734,43,regimes,tdc_residual_z,rolling_oos_standard_deviation,cumulative_sum_h0_to_h
reserve_drain_high,debt_securities_bank_liability_qoq,6,11.499516365666711,11.306486250649519,-10.661196685606345,33.66022941693977,42,regimes,tdc_residual_z,rolling_oos_standard_deviation,cumulative_sum_h0_to_h
reserve_drain_high,debt_securities_bank_liability_qoq,7,11.500223809473551,12.16520575449216,-12.34357946933108,35.34402708827818,42,regimes,tdc_residual_z,rolling_oos_standard_deviation,cumulative_sum_h0_to_h
reserve_drain_high,debt_securities_bank_liability_qoq,8,-2.58367954663784,15.574501117900756,-33.10970173772332,27.942342644447642,42,regimes,tdc_residual_z,rolling_oos_standard_deviation,cumulative_sum_h0_to_h
reserve_drain_high,fhlb_advances_sallie_mae_loans_bank_qoq,0,-10.309398988700254,3.425527577894277,-17.02343304137304,-3.5953649360274706,46,regimes,tdc_residual_z,rolling_oos_standard_deviation,cumulative_sum_h0_to_h
reserve_drain_high,fhlb_advances_sallie_mae_loans_bank_qoq,1,-7.70054277454408,5.985413234266862,-19.43195271370713,4.030867164618971,45,regimes,tdc_residual_z,rolling_oos_standard_deviation,cumulative_sum_h0_to_h
reserve_drain_high,fhlb_advances_sallie_mae_loans_bank_qoq,2,-16.470029214789108,8.738654510641377,-33.59779205564621,0.6577336260679907,44,regimes,tdc_residual_z,rolling_oos_standard_deviation,cumulative_sum_h0_to_h
reserve_drain_high,fhlb_advances_sallie_mae_loans_bank_qoq,3,-19.41712573698095,13.674555326707294,-46.219254177327244,7.385002703365345,44,regimes,tdc_residual_z,rolling_oos_standard_deviation,cumulative_sum_h0_to_h
reserve_drain_high,fhlb_advances_sallie_mae_loans_bank_qoq,4,-17.084301615514224,13.103802093710256,-42.767753719186324,8.599150488157875,44,regimes,tdc_residual_z,rolling_oos_standard_deviation,cumulative_sum_h0_to_h
reserve_drain_high,fhlb_advances_sallie_mae_loans_bank_qoq,5,-8.008303174613154,12.123980884964741,-31.771305709144045,15.754699359917737,43,regimes,tdc_residual_z,rolling_oos_standard_deviation,cumulative_sum_h0_to_h
reserve_drain_high,fhlb_advances_sallie_mae_loans_bank_qoq,6,4.30200414764131,16.282601234384018,-27.611894271751364,36.215902567033986,42,regimes,tdc_residual_z,rolling_oos_standard_deviation,cumulative_sum_h0_to_h
reserve_drain_high,fhlb_advances_sallie_mae_loans_bank_qoq,7,0.3073943227939706,16.675895571673216,-32.377360997685535,32.99214964327347,42,regimes,tdc_residual_z,rolling_oos_standard_deviation,cumulative_sum_h0_to_h
reserve_drain_high,fhlb_advances_sallie_mae_loans_bank_qoq,8,-2.9050001433075026,18.610644596868763,-39.38186355317028,33.57186326655527,42,regimes,tdc_residual_z,rolling_oos_standard_deviation,cumulative_sum_h0_to_h
reserve_drain_high,commercial_industrial_loans_ex_chargeoffs_qoq,0,-13.088336193985011,4.906644986581182,-22.70536036768413,-3.471312020285895,46,regimes,tdc_residual_z,rolling_oos_standard_deviation,cumulative_sum_h0_to_h
reserve_drain_high,commercial_industrial_loans_ex_chargeoffs_qoq,1,-6.055540229150675,7.7263067207335006,-21.199101401788337,9.088020943486985,45,regimes,tdc_residual_z,rolling_oos_standard_deviation,cumulative_sum_h0_to_h
reserve_drain_high,commercial_industrial_loans_ex_chargeoffs_qoq,2,-7.912114053454068,12.84166728380286,-33.081781929707674,17.257553822799537,44,regimes,tdc_residual_z,rolling_oos_standard_deviation,cumulative_sum_h0_to_h
reserve_drain_high,commercial_industrial_loans_ex_chargeoffs_qoq,3,-6.190475200705745,13.432775554941829,-32.51871528839173,20.13776488698024,44,regimes,tdc_residual_z,rolling_oos_standard_deviation,cumulative_sum_h0_to_h
reserve_drain_high,commercial_industrial_loans_ex_chargeoffs_qoq,4,-0.6723565051533633,10.43864611471912,-21.132102890002837,19.78738987969611,44,regimes,tdc_residual_z,rolling_oos_standard_deviation,cumulative_sum_h0_to_h
reserve_drain_high,commercial_industrial_loans_ex_chargeoffs_qoq,5,9.088171132886927,11.70741328164497,-13.858358899137212,32.03470116491107,43,regimes,tdc_residual_z,rolling_oos_standard_deviation,cumulative_sum_h0_to_h
reserve_drain_high,commercial_industrial_loans_ex_chargeoffs_qoq,6,-2.9930830408028477,18.836538571332163,-39.91269864061388,33.926532559008194,42,regimes,tdc_residual_z,rolling_oos_standard_deviation,cumulative_sum_h0_to_h
reserve_drain_high,commercial_industrial_loans_ex_chargeoffs_qoq,7,0.9402130267434785,22.431120396117855,-43.024782949647516,44.90520900313447,42,regimes,tdc_residual_z,rolling_oos_standard_deviation,cumulative_sum_h0_to_h
reserve_drain_high,commercial_industrial_loans_ex_chargeoffs_qoq,8,0.4706450117346037,23.754127387460706,-46.08744466768838,47.02873469115759,42,regimes,tdc_residual_z,rolling_oos_standard_deviation,cumulative_sum_h0_to_h
reserve_drain_high,consumer_loans_ex_chargeoffs_qoq,0,-1.0857424639989346,0.8735723584515226,-2.7979442865639186,0.6264593585660496,46,regimes,tdc_residual_z,rolling_oos_standard_deviation,cumulative_sum_h0_to_h
reserve_drain_high,consumer_loans_ex_chargeoffs_qoq,1,-3.2670402144661406,1.720649698308002,-6.639513623149824,0.10543319421754305,45,regimes,tdc_residual_z,rolling_oos_standard_deviation,cumulative_sum_h0_to_h
reserve_drain_high,consumer_loans_ex_chargeoffs_qoq,2,2.393927584230804,4.98680614091328,-7.380212451959224,12.168067620420832,44,regimes,tdc_residual_z,rolling_oos_standard_deviation,cumulative_sum_h0_to_h
reserve_drain_high,consumer_loans_ex_chargeoffs_qoq,3,0.20693484438671916,6.046284629549653,-11.643783029530601,12.05765271830404,44,regimes,tdc_residual_z,rolling_oos_standard_deviation,cumulative_sum_h0_to_h
reserve_drain_high,consumer_loans_ex_chargeoffs_qoq,4,0.28803080242736634,6.208816035329549,-11.881248626818548,12.457310231673281,44,regimes,tdc_residual_z,rolling_oos_standard_deviation,cumulative_sum_h0_to_h
reserve_drain_high,consumer_loans_ex_chargeoffs_qoq,5,-2.667820827508489,8.19096548333649,-18.72211317484801,13.38647151983103,43,regimes,tdc_residual_z,rolling_oos_standard_deviation,cumulative_sum_h0_to_h
reserve_drain_high,consumer_loans_ex_chargeoffs_qoq,6,2.5635012830379047,6.702573605500018,-10.573542983742131,15.70054554981794,42,regimes,tdc_residual_z,rolling_oos_standard_deviation,cumulative_sum_h0_to_h
reserve_drain_high,consumer_loans_ex_chargeoffs_qoq,7,6.192767066855126,5.852173814757102,-5.277493610068795,17.663027743779047,42,regimes,tdc_residual_z,rolling_oos_standard_deviation,cumulative_sum_h0_to_h
reserve_drain_high,consumer_loans_ex_chargeoffs_qoq,8,1.381979506614499,10.39812208500338,-18.998339779992126,21.762298793221124,42,regimes,tdc_residual_z,rolling_oos_standard_deviation,cumulative_sum_h0_to_h
reserve_drain_high,credit_card_revolving_loans_ex_chargeoffs_qoq,0,-0.7309220882933697,0.8969590495133414,-2.4889618253395187,1.0271176487527796,46,regimes,tdc_residual_z,rolling_oos_standard_deviation,cumulative_sum_h0_to_h
reserve_drain_high,credit_card_revolving_loans_ex_chargeoffs_qoq,1,-1.1766460011530766,1.4985297192502978,-4.11376425088366,1.760472248577507,45,regimes,tdc_residual_z,rolling_oos_standard_deviation,cumulative_sum_h0_to_h
reserve_drain_high,credit_card_revolving_loans_ex_chargeoffs_qoq,2,4.382612086293419,4.7909197615914145,-5.007590646425754,13.772814819012591,44,regimes,tdc_residual_z,rolling_oos_standard_deviation,cumulative_sum_h0_to_h
reserve_drain_high,credit_card_revolving_loans_ex_chargeoffs_qoq,3,4.290626222328099,4.928444092864697,-5.369124199686707,13.950376644342905,44,regimes,tdc_residual_z,rolling_oos_standard_deviation,cumulative_sum_h0_to_h
reserve_drain_high,credit_card_revolving_loans_ex_chargeoffs_qoq,4,5.017847695041336,4.936425190317808,-4.657545677981567,14.69324106806424,44,regimes,tdc_residual_z,rolling_oos_standard_deviation,cumulative_sum_h0_to_h
reserve_drain_high,credit_card_revolving_loans_ex_chargeoffs_qoq,5,3.3678354586671313,6.252704726663709,-8.887465805593738,15.623136722928002,43,regimes,tdc_residual_z,rolling_oos_standard_deviation,cumulative_sum_h0_to_h
reserve_drain_high,credit_card_revolving_loans_ex_chargeoffs_qoq,6,7.986381647603938,5.681136177743125,-3.148645260772586,19.121408555980462,42,regimes,tdc_residual_z,rolling_oos_standard_deviation,cumulative_sum_h0_to_h
reserve_drain_high,credit_card_revolving_loans_ex_chargeoffs_qoq,7,11.132888380530282,5.866081935082936,-0.36463221223227116,22.630408973292838,42,regimes,tdc_residual_z,rolling_oos_standard_deviation,cumulative_sum_h0_to_h
reserve_drain_high,credit_card_revolving_loans_ex_chargeoffs_qoq,8,7.789220770230381,9.651027502022515,-11.126793133733747,26.705234674194507,42,regimes,tdc_residual_z,rolling_oos_standard_deviation,cumulative_sum_h0_to_h
reserve_drain_high,other_consumer_loans_ex_chargeoffs_qoq,0,-0.2395526153195835,0.897882625565906,-1.9994025614287594,1.5202973307895924,46,regimes,tdc_residual_z,rolling_oos_standard_deviation,cumulative_sum_h0_to_h
reserve_drain_high,other_consumer_loans_ex_chargeoffs_qoq,1,-2.0628523136633805,1.2222079505012824,-4.458379896645894,0.3326752693191328,45,regimes,tdc_residual_z,rolling_oos_standard_deviation,cumulative_sum_h0_to_h
reserve_drain_high,other_consumer_loans_ex_chargeoffs_qoq,2,-2.9209576541096247,2.56206415225812,-7.942603392535539,2.10068808431629,44,regimes,tdc_residual_z,rolling_oos_standard_deviation,cumulative_sum_h0_to_h
reserve_drain_high,other_consumer_loans_ex_chargeoffs_qoq,3,-3.482709974501761,2.7444695429763484,-8.861870278735402,1.8964503297318815,44,regimes,tdc_residual_z,rolling_oos_standard_deviation,cumulative_sum_h0_to_h
reserve_drain_high,other_consumer_loans_ex_chargeoffs_qoq,4,-3.9876922848232805,3.0959024688559134,-10.05566112378087,2.0802765541343096,44,regimes,tdc_residual_z,rolling_oos_standard_deviation,cumulative_sum_h0_to_h
reserve_drain_high,other_consumer_loans_ex_chargeoffs_qoq,5,-5.660828607008239,3.15044241368785,-11.835695737836424,0.5140385238199476,43,regimes,tdc_residual_z,rolling_oos_standard_deviation,cumulative_sum_h0_to_h
reserve_drain_high,other_consumer_loans_ex_chargeoffs_qoq,6,-4.107068028187084,3.645888028850102,-11.253008564733284,3.038872508359116,42,regimes,tdc_residual_z,rolling_oos_standard_deviation,cumulative_sum_h0_to_h
reserve_drain_high,other_consumer_loans_ex_chargeoffs_qoq,7,-3.545288068979773,3.938720333793734,-11.265179923215491,4.174603785255945,42,regimes,tdc_residual_z,rolling_oos_standard_deviation,cumulative_sum_h0_to_h
reserve_drain_high,other_consumer_loans_ex_chargeoffs_qoq,8,-4.008663460615512,4.276291890576085,-12.390195566144639,4.3728686449136145,42,regimes,tdc_residual_z,rolling_oos_standard_deviation,cumulative_sum_h0_to_h
reserve_drain_high,closed_end_residential_loans_ex_chargeoffs_qoq,0,-3.4677047647083357,1.8318881470619321,-7.058205532949723,0.12279600353305131,44,regimes,tdc_residual_z,rolling_oos_standard_deviation,cumulative_sum_h0_to_h
reserve_drain_high,closed_end_residential_loans_ex_chargeoffs_qoq,1,0.6943388509691983,3.362347110414118,-5.895861485442473,7.28453918738087,43,regimes,tdc_residual_z,rolling_oos_standard_deviation,cumulative_sum_h0_to_h
reserve_drain_high,closed_end_residential_loans_ex_chargeoffs_qoq,2,-2.200583303871583,3.8976604131606933,-9.839997713666541,5.438831105923376,42,regimes,tdc_residual_z,rolling_oos_standard_deviation,cumulative_sum_h0_to_h
reserve_drain_high,closed_end_residential_loans_ex_chargeoffs_qoq,3,3.9221781789596797,5.680869077675858,-7.212325213285002,15.056681571204361,42,regimes,tdc_residual_z,rolling_oos_standard_deviation,cumulative_sum_h0_to_h
reserve_drain_high,closed_end_residential_loans_ex_chargeoffs_qoq,4,3.9637645328468682,6.352472613504067,-8.487081789621103,16.41461085531484,42,regimes,tdc_residual_z,rolling_oos_standard_deviation,cumulative_sum_h0_to_h
reserve_drain_high,closed_end_residential_loans_ex_chargeoffs_qoq,5,5.465736311860394,6.047759107583723,-6.3878715390037035,17.31934416272449,41,regimes,tdc_residual_z,rolling_oos_standard_deviation,cumulative_sum_h0_to_h
reserve_drain_high,closed_end_residential_loans_ex_chargeoffs_qoq,6,9.649266153456907,6.817666237432863,-3.7133596719115047,23.011891978825318,40,regimes,tdc_residual_z,rolling_oos_standard_deviation,cumulative_sum_h0_to_h
reserve_drain_high,closed_end_residential_loans_ex_chargeoffs_qoq,7,12.669562346984131,8.275082477566254,-3.5495993090457265,28.88872400301399,40,regimes,tdc_residual_z,rolling_oos_standard_deviation,cumulative_sum_h0_to_h
reserve_drain_high,closed_end_residential_loans_ex_chargeoffs_qoq,8,17.241578827326833,7.822044328493636,1.9103719434793067,32.57278571117436,40,regimes,tdc_residual_z,rolling_oos_standard_deviation,cumulative_sum_h0_to_h
reserve_drain_high,cb_nonts_qoq,0,15.023739449807449,12.795605591404827,-10.055647509346011,40.10312640896091,46,regimes,tdc_residual_z,rolling_oos_standard_deviation,cumulative_sum_h0_to_h
reserve_drain_high,cb_nonts_qoq,1,39.76837324969161,28.717541080480043,-16.518007268049274,96.05475376743249,45,regimes,tdc_residual_z,rolling_oos_standard_deviation,cumulative_sum_h0_to_h
reserve_drain_high,cb_nonts_qoq,2,98.52148628252428,68.30208351389535,-35.35059740471061,232.39356996975917,44,regimes,tdc_residual_z,rolling_oos_standard_deviation,cumulative_sum_h0_to_h
reserve_drain_high,cb_nonts_qoq,3,58.33021405151928,60.94844570141361,-61.1287395232514,177.78916762628995,44,regimes,tdc_residual_z,rolling_oos_standard_deviation,cumulative_sum_h0_to_h
reserve_drain_high,cb_nonts_qoq,4,25.23565380802083,61.20334863695525,-94.72290952041145,145.19421713645312,44,regimes,tdc_residual_z,rolling_oos_standard_deviation,cumulative_sum_h0_to_h
reserve_drain_high,cb_nonts_qoq,5,-16.755002524089697,84.47675144986997,-182.32943536583483,148.81943031765545,43,regimes,tdc_residual_z,rolling_oos_standard_deviation,cumulative_sum_h0_to_h
reserve_drain_high,cb_nonts_qoq,6,-101.3953059129654,76.80041531487863,-251.92411993012752,49.13350810419672,42,regimes,tdc_residual_z,rolling_oos_standard_deviation,cumulative_sum_h0_to_h
reserve_drain_high,cb_nonts_qoq,7,-148.0147065582183,93.5485752592063,-331.36991406626265,35.34050094982604,42,regimes,tdc_residual_z,rolling_oos_standard_deviation,cumulative_sum_h0_to_h
reserve_drain_high,cb_nonts_qoq,8,-188.83632171396866,104.42009047159381,-393.49969903829253,15.827055610355217,42,regimes,tdc_residual_z,rolling_oos_standard_deviation,cumulative_sum_h0_to_h
reserve_drain_high,tga_qoq,0,-61.9929182182717,25.402390926368017,-111.78160443395302,-12.20423200259038,46,regimes,tdc_residual_z,rolling_oos_standard_deviation,cumulative_sum_h0_to_h
reserve_drain_high,tga_qoq,1,-61.13849710688463,27.673884837771457,-115.37931138891668,-6.8976828248525734,45,regimes,tdc_residual_z,rolling_oos_standard_deviation,cumulative_sum_h0_to_h
reserve_drain_high,tga_qoq,2,-15.254887963472427,29.930616019835995,-73.91889536235098,43.40911943540612,44,regimes,tdc_residual_z,rolling_oos_standard_deviation,cumulative_sum_h0_to_h
reserve_drain_high,tga_qoq,3,-2.3748931455056876,30.111480973887534,-61.393395854325256,56.64360956331388,44,regimes,tdc_residual_z,rolling_oos_standard_deviation,cumulative_sum_h0_to_h
reserve_drain_high,tga_qoq,4,-5.083312980962123,24.458880384248875,-53.02271853408992,42.856092572165664,44,regimes,tdc_residual_z,rolling_oos_standard_deviation,cumulative_sum_h0_to_h
reserve_drain_high,tga_qoq,5,-13.921450949672055,35.619103477179216,-83.73489376494331,55.8919918655992,43,regimes,tdc_residual_z,rolling_oos_standard_deviation,cumulative_sum_h0_to_h
reserve_drain_high,tga_qoq,6,-50.34752353399322,40.85530814916455,-130.42392750635574,29.728880438369295,42,regimes,tdc_residual_z,rolling_oos_standard_deviation,cumulative_sum_h0_to_h
reserve_drain_high,tga_qoq,7,-59.49969998688899,43.79205792528948,-145.33213352045635,26.332733546678377,42,regimes,tdc_residual_z,rolling_oos_standard_deviation,cumulative_sum_h0_to_h
reserve_drain_high,tga_qoq,8,-78.26548250507243,50.47897370721451,-177.20427097121285,20.67330596106801,42,regimes,tdc_residual_z,rolling_oos_standard_deviation,cumulative_sum_h0_to_h
reserve_drain_high,reserves_qoq,0,73.36029970037194,32.344405625745324,9.965264673911108,136.75533472683276,46,regimes,tdc_residual_z,rolling_oos_standard_deviation,cumulative_sum_h0_to_h
reserve_drain_high,reserves_qoq,1,93.76611137793772,44.98529047171375,5.594942053378759,181.93728070249668,45,regimes,tdc_residual_z,rolling_oos_standard_deviation,cumulative_sum_h0_to_h
reserve_drain_high,reserves_qoq,2,99.95563077382688,41.0745913422895,19.449431742939467,180.46182980471428,44,regimes,tdc_residual_z,rolling_oos_standard_deviation,cumulative_sum_h0_to_h
reserve_drain_high,reserves_qoq,3,53.57263048040424,40.70621103217631,-26.211543142661327,133.3568041034698,44,regimes,tdc_residual_z,rolling_oos_standard_deviation,cumulative_sum_h0_to_h
reserve_drain_high,reserves_qoq,4,33.51544588035603,46.306744162551645,-57.245772678245196,124.27666443895725,44,regimes,tdc_residual_z,rolling_oos_standard_deviation,cumulative_sum_h0_to_h
reserve_drain_high,reserves_qoq,5,16.316035477774957,65.16162349591787,-111.40074657422406,144.03281752977398,43,regimes,tdc_residual_z,rolling_oos_standard_deviation,cumulative_sum_h0_to_h
reserve_drain_high,reserves_qoq,6,-23.59186299373441,57.775039328237725,-136.83094007708036,89.64721408961152,42,regimes,tdc_residual_z,rolling_oos_standard_deviation,cumulative_sum_h0_to_h
reserve_drain_high,reserves_qoq,7,-64.41772258437946,66.43292954725692,-194.62626449700304,65.7908193282441,42,regimes,tdc_residual_z,rolling_oos_standard_deviation,cumulative_sum_h0_to_h
reserve_drain_high,reserves_qoq,8,-85.6850068713092,77.70394513384787,-237.98473933365102,66.61472559103261,42,regimes,tdc_residual_z,rolling_oos_standard_deviation,cumulative_sum_h0_to_h
reserve_drain_high,foreign_nonts_qoq,0,19.142510120627847,6.15232494716159,7.083953224191131,31.201067017064563,46,regimes,tdc_residual_z,rolling_oos_standard_deviation,cumulative_sum_h0_to_h
reserve_drain_high,foreign_nonts_qoq,1,42.72981541387702,11.007109920351052,21.15587996998896,64.30375085776508,45,regimes,tdc_residual_z,rolling_oos_standard_deviation,cumulative_sum_h0_to_h
reserve_drain_high,foreign_nonts_qoq,2,66.82864173788042,11.207630107784533,44.861686726622736,88.7955967491381,44,regimes,tdc_residual_z,rolling_oos_standard_deviation,cumulative_sum_h0_to_h
reserve_drain_high,foreign_nonts_qoq,3,48.33561632021541,10.572650659937906,27.61322102673711,69.05801161369371,44,regimes,tdc_residual_z,rolling_oos_standard_deviation,cumulative_sum_h0_to_h
reserve_drain_high,foreign_nonts_qoq,4,64.37265481506705,15.160006744559958,34.65904159572953,94.08626803440457,44,regimes,tdc_residual_z,rolling_oos_standard_deviation,cumulative_sum_h0_to_h
reserve_drain_high,foreign_nonts_qoq,5,52.58344584019504,15.217971359349033,22.756221975870936,82.41066970451914,43,regimes,tdc_residual_z,rolling_oos_standard_deviation,cumulative_sum_h0_to_h
reserve_drain_high,foreign_nonts_qoq,6,31.54014747524211,14.108766039078656,3.886966038647948,59.193328911836275,42,regimes,tdc_residual_z,rolling_oos_standard_deviation,cumulative_sum_h0_to_h
reserve_drain_high,foreign_nonts_qoq,7,34.1023866412566,16.221394320954563,2.3084537721856577,65.89631951032754,42,regimes,tdc_residual_z,rolling_oos_standard_deviation,cumulative_sum_h0_to_h
reserve_drain_high,foreign_nonts_qoq,8,29.00356053774256,15.422183053848602,-1.2239182478007002,59.23103932328581,42,regimes,tdc_residual_z,rolling_oos_standard_deviation,cumulative_sum_h0_to_h
reserve_drain_high,domestic_nonfinancial_mmf_reallocation_qoq,0,19.668362375661236,7.886136617954502,4.211534604470412,35.12519014685206,46,regimes,tdc_residual_z,rolling_oos_standard_deviation,cumulative_sum_h0_to_h
reserve_drain_high,domestic_nonfinancial_mmf_reallocation_qoq,1,8.46353810288314,22.673406103845775,-35.976337860654574,52.90341406642086,45,regimes,tdc_residual_z,rolling_oos_standard_deviation,cumulative_sum_h0_to_h
reserve_drain_high,domestic_nonfinancial_mmf_reallocation_qoq,2,-1.692465939109663,23.8595840323465,-48.4572506425088,45.07231876428948,44,regimes,tdc_residual_z,rolling_oos_standard_deviation,cumulative_sum_h0_to_h
reserve_drain_high,domestic_nonfinancial_mmf_reallocation_qoq,3,7.0183607740012395,23.769303943959404,-39.56947495615919,53.606196504161666,44,regimes,tdc_residual_z,rolling_oos_standard_deviation,cumulative_sum_h0_to_h
reserve_drain_high,domestic_nonfinancial_mmf_reallocation_qoq,4,10.133185991472942,35.81363664105959,-60.06154182500384,80.32791380794973,44,regimes,tdc_residual_z,rolling_oos_standard_deviation,cumulative_sum_h0_to_h
reserve_drain_high,domestic_nonfinancial_mmf_reallocation_qoq,5,8.024576886248799,41.3789255249046,-73.07811714256422,89.12727091506181,43,regimes,tdc_residual_z,rolling_oos_standard_deviation,cumulative_sum_h0_to_h
reserve_drain_high,domestic_nonfinancial_mmf_reallocation_qoq,6,7.145001792089783,46.79208834372425,-84.56749136160974,98.85749494578931,42,regimes,tdc_residual_z,rolling_oos_standard_deviation,cumulative_sum_h0_to_h
reserve_drain_high,domestic_nonfinancial_mmf_reallocation_qoq,7,-4.508598547925185,55.55131790655374,-113.38918164477052,104.37198454892014,42,regimes,tdc_residual_z,rolling_oos_standard_deviation,cumulative_sum_h0_to_h
reserve_drain_high,domestic_nonfinancial_mmf_reallocation_qoq,8,-45.87361462662392,64.35397361319572,-172.0074029084875,80.26017365523968,42,regimes,tdc_residual_z,rolling_oos_standard_deviation,cumulative_sum_h0_to_h
reserve_drain_high,domestic_nonfinancial_repo_reallocation_qoq,0,1.0203307954193757,1.2198097925902192,-1.3704963980574538,3.411157988896205,46,regimes,tdc_residual_z,rolling_oos_standard_deviation,cumulative_sum_h0_to_h
reserve_drain_high,domestic_nonfinancial_repo_reallocation_qoq,1,0.9744387526243203,1.7960846069106333,-2.545887076920521,4.494764582169162,45,regimes,tdc_residual_z,rolling_oos_standard_deviation,cumulative_sum_h0_to_h
reserve_drain_high,domestic_nonfinancial_repo_reallocation_qoq,2,-0.15885091702205856,3.0271761767421164,-6.092116223436606,5.774414389392489,44,regimes,tdc_residual_z,rolling_oos_standard_deviation,cumulative_sum_h0_to_h
reserve_drain_high,domestic_nonfinancial_repo_reallocation_qoq,3,-0.08155712323921815,2.938618916674686,-5.841250199921602,5.678135953443166,44,regimes,tdc_residual_z,rolling_oos_standard_deviation,cumulative_sum_h0_to_h
reserve_drain_high,domestic_nonfinancial_repo_reallocation_qoq,4,0.9984096605731192,3.859181398231537,-6.565585879960693,8.562405201106932,44,regimes,tdc_residual_z,rolling_oos_standard_deviation,cumulative_sum_h0_to_h
reserve_drain_high,domestic_nonfinancial_repo_reallocation_qoq,5,1.3807421629819236,3.9751685231330356,-6.410588142358826,9.172072468322673,43,regimes,tdc_residual_z,rolling_oos_standard_deviation,cumulative_sum_h0_to_h
reserve_drain_high,domestic_nonfinancial_repo_reallocation_qoq,6,0.2499768829123199,4.250652153660847,-8.081301338262941,8.58125510408758,42,regimes,tdc_residual_z,rolling_oos_standard_deviation,cumulative_sum_h0_to_h
reserve_drain_high,domestic_nonfinancial_repo_reallocation_qoq,7,0.2824585849163439,4.278198945164228,-8.102811347605545,8.667728517438231,42,regimes,tdc_residual_z,rolling_oos_standard_deviation,cumulative_sum_h0_to_h
reserve_drain_high,domestic_nonfinancial_repo_reallocation_qoq,8,1.7220911924589235,4.482907218126871,-7.064406955069743,10.50858933998759,42,regimes,tdc_residual_z,rolling_oos_standard_deviation,cumulative_sum_h0_to_h
reserve_drain_high,on_rrp_reallocation_qoq,0,-0.04824245319714692,0.044596432045732326,-0.13565146000678227,0.039166553612488435,28,regimes,tdc_residual_z,rolling_oos_standard_deviation,cumulative_sum_h0_to_h
reserve_drain_high,on_rrp_reallocation_qoq,1,-0.02905526458343317,0.034788397094456254,-0.09724052288856742,0.039129993721701076,27,regimes,tdc_residual_z,rolling_oos_standard_deviation,cumulative_sum_h0_to_h
reserve_drain_high,on_rrp_reallocation_qoq,2,0.007314870565915118,0.057650458080251335,-0.1056800272713775,0.12030976840320774,26,regimes,tdc_residual_z,rolling_oos_standard_deviation,cumulative_sum_h0_to_h
reserve_drain_high,on_rrp_reallocation_qoq,3,-0.0006792754565232055,0.06230692250467432,-0.12280084356568487,0.12144229265263846,26,regimes,tdc_residual_z,rolling_oos_standard_deviation,cumulative_sum_h0_to_h
reserve_drain_high,on_rrp_reallocation_qoq,4,-0.028875544869890288,0.11374954815577036,-0.2518246592552002,0.1940735695154196,26,regimes,tdc_residual_z,rolling_oos_standard_deviation,cumulative_sum_h0_to_h
reserve_drain_high,on_rrp_reallocation_qoq,5,-0.046277511800036274,0.10878095056986489,-0.25948817491697146,0.1669331513168989,25,regimes,tdc_residual_z,rolling_oos_standard_deviation,cumulative_sum_h0_to_h
reserve_drain_high,on_rrp_reallocation_qoq,6,-0.14282051974845605,0.1785826500538691,-0.4928425138540395,0.20720147435712738,24,regimes,tdc_residual_z,rolling_oos_standard_deviation,cumulative_sum_h0_to_h
reserve_drain_high,on_rrp_reallocation_qoq,7,-0.1926700241796291,0.20456004890912,-0.5936077200415043,0.20826767168224605,24,regimes,tdc_residual_z,rolling_oos_standard_deviation,cumulative_sum_h0_to_h
reserve_drain_high,on_rrp_reallocation_qoq,8,-0.2432355703093093,0.2390514105907762,-0.7117763350672306,0.22530519444861202,24,regimes,tdc_residual_z,rolling_oos_standard_deviation,cumulative_sum_h0_to_h
reserve_drain_high,household_treasury_securities_reallocation_qoq,0,14.429131891985415,16.42442942061241,-17.762749772414907,46.62101355638573,46,regimes,tdc_residual_z,rolling_oos_standard_deviation,cumulative_sum_h0_to_h
reserve_drain_high,household_treasury_securities_reallocation_qoq,1,27.913854610757465,22.978094718606624,-17.123211037711517,72.95092025922645,45,regimes,tdc_residual_z,rolling_oos_standard_deviation,cumulative_sum_h0_to_h
reserve_drain_high,household_treasury_securities_reallocation_qoq,2,70.47061116985057,32.51304648684299,6.745040055638313,134.19618228406284,44,regimes,tdc_residual_z,rolling_oos_standard_deviation,cumulative_sum_h0_to_h
reserve_drain_high,household_treasury_securities_reallocation_qoq,3,83.50119173010215,43.79193366945509,-2.330998262029823,169.33338172223412,44,regimes,tdc_residual_z,rolling_oos_standard_deviation,cumulative_sum_h0_to_h
reserve_drain_high,household_treasury_securities_reallocation_qoq,4,67.60252181863638,47.263784621928444,-25.03449604034337,160.2395396776161,44,regimes,tdc_residual_z,rolling_oos_standard_deviation,cumulative_sum_h0_to_h
reserve_drain_high,household_treasury_securities_reallocation_qoq,5,53.37785919622528,52.83602615401399,-50.180752065642146,156.9364704580927,43,regimes,tdc_residual_z,rolling_oos_standard_deviation,cumulative_sum_h0_to_h
reserve_drain_high,household_treasury_securities_reallocation_qoq,6,41.43122759611011,56.50020712540666,-69.30917836968695,152.17163356190716,42,regimes,tdc_residual_z,rolling_oos_standard_deviation,cumulative_sum_h0_to_h
reserve_drain_high,household_treasury_securities_reallocation_qoq,7,3.3260581580825956,55.20245056799484,-104.87074495518729,111.52286127135247,42,regimes,tdc_residual_z,rolling_oos_standard_deviation,cumulative_sum_h0_to_h
reserve_drain_high,household_treasury_securities_reallocation_qoq,8,-2.9334544205747264,64.3172470316257,-128.99525860256108,123.12834976141164,42,regimes,tdc_residual_z,rolling_oos_standard_deviation,cumulative_sum_h0_to_h
reserve_drain_high,mmf_treasury_bills_reallocation_qoq,0,46.08124060237161,15.328369096069174,16.03763717407603,76.12484403066719,46,regimes,tdc_residual_z,rolling_oos_standard_deviation,cumulative_sum_h0_to_h
reserve_drain_high,mmf_treasury_bills_reallocation_qoq,1,57.20218569700039,21.238750682343767,15.574234359606606,98.83013703439417,45,regimes,tdc_residual_z,rolling_oos_standard_deviation,cumulative_sum_h0_to_h
reserve_drain_high,mmf_treasury_bills_reallocation_qoq,2,7.257631042647866,41.596477577741695,-74.27146500972586,88.78672709502158,44,regimes,tdc_residual_z,rolling_oos_standard_deviation,cumulative_sum_h0_to_h
reserve_drain_high,mmf_treasury_bills_reallocation_qoq,3,22.209735012966444,29.078423573541997,-34.78397519117587,79.20344521710875,44,regimes,tdc_residual_z,rolling_oos_standard_deviation,cumulative_sum_h0_to_h
reserve_drain_high,mmf_treasury_bills_reallocation_qoq,4,28.66576315023515,27.746300904099968,-25.716986621800785,83.04851292227109,44,regimes,tdc_residual_z,rolling_oos_standard_deviation,cumulative_sum_h0_to_h
reserve_drain_high,mmf_treasury_bills_reallocation_qoq,5,38.18868708014816,48.712953087318624,-57.28870097099634,133.66607513129267,43,regimes,tdc_residual_z,rolling_oos_standard_deviation,cumulative_sum_h0_to_h
reserve_drain_high,mmf_treasury_bills_reallocation_qoq,6,68.55506680618183,48.23325964416878,-25.98212209638899,163.09225570875265,42,regimes,tdc_residual_z,rolling_oos_standard_deviation,cumulative_sum_h0_to_h
reserve_drain_high,mmf_treasury_bills_reallocation_qoq,7,95.22412807287836,59.01626874449394,-20.44775866632976,210.8960148120865,42,regimes,tdc_residual_z,rolling_oos_standard_deviation,cumulative_sum_h0_to_h
reserve_drain_high,mmf_treasury_bills_reallocation_qoq,8,77.94778526501574,58.54916156581349,-36.8085714039787,192.70414193401018,42,regimes,tdc_residual_z,rolling_oos_standard_deviation,cumulative_sum_h0_to_h
reserve_drain_high,currency_reallocation_qoq,0,0.928954085331385,0.8088853815996401,-0.6564612626039096,2.5143694332666797,46,regimes,tdc_residual_z,rolling_oos_standard_deviation,cumulative_sum_h0_to_h
reserve_drain_high,currency_reallocation_qoq,1,0.9571189439491388,1.4813998777380961,-1.9464248164175295,3.860662704315807,45,regimes,tdc_residual_z,rolling_oos_standard_deviation,cumulative_sum_h0_to_h
reserve_drain_high,currency_reallocation_qoq,2,-2.157587123911469,3.124093911538467,-8.280811190526865,3.9656369427039264,44,regimes,tdc_residual_z,rolling_oos_standard_deviation,cumulative_sum_h0_to_h
reserve_drain_high,currency_reallocation_qoq,3,-3.6954695614603525,4.210556850571543,-11.948160988580577,4.557221865659871,44,regimes,tdc_residual_z,rolling_oos_standard_deviation,cumulative_sum_h0_to_h
reserve_drain_high,currency_reallocation_qoq,4,-1.3525345477264041,4.677852883603972,-10.521126199590189,7.816057104137381,44,regimes,tdc_residual_z,rolling_oos_standard_deviation,cumulative_sum_h0_to_h
reserve_drain_high,currency_reallocation_qoq,5,-2.1339501571846045,6.237145687553798,-14.358755704790049,10.090855390420838,43,regimes,tdc_residual_z,rolling_oos_standard_deviation,cumulative_sum_h0_to_h
reserve_drain_high,currency_reallocation_qoq,6,-1.7849600634649239,7.698921558303546,-16.874846317739873,13.304926190810026,42,regimes,tdc_residual_z,rolling_oos_standard_deviation,cumulative_sum_h0_to_h
reserve_drain_high,currency_reallocation_qoq,7,0.14639100715152864,8.194736805960067,-15.915293132530202,16.20807514683326,42,regimes,tdc_residual_z,rolling_oos_standard_deviation,cumulative_sum_h0_to_h
reserve_drain_high,currency_reallocation_qoq,8,4.392664003017597,9.178800975919533,-13.597785909784687,22.38311391581988,42,regimes,tdc_residual_z,rolling_oos_standard_deviation,cumulative_sum_h0_to_h
reserve_drain_low,tdc_bank_only_qoq,0,99.94637762808307,17.970507115273126,64.72418368214775,135.1685715740184,45,regimes,tdc_residual_z,rolling_oos_standard_deviation,cumulative_sum_h0_to_h
reserve_drain_low,tdc_bank_only_qoq,1,144.2046915065849,31.44146031442828,82.57942929030548,205.82995372286433,45,regimes,tdc_residual_z,rolling_oos_standard_deviation,cumulative_sum_h0_to_h
reserve_drain_low,tdc_bank_only_qoq,2,181.88864677514846,58.61489833533866,67.00344603788469,296.7738475124122,45,regimes,tdc_residual_z,rolling_oos_standard_deviation,cumulative_sum_h0_to_h
reserve_drain_low,tdc_bank_only_qoq,3,173.95739737189405,72.47907052692392,31.898419139123178,316.0163756046649,44,regimes,tdc_residual_z,rolling_oos_standard_deviation,cumulative_sum_h0_to_h
reserve_drain_low,tdc_bank_only_qoq,4,216.93973577761898,88.95582958919444,42.58630978279788,391.29316177244004,43,regimes,tdc_residual_z,rolling_oos_standard_deviation,cumulative_sum_h0_to_h
reserve_drain_low,tdc_bank_only_qoq,5,220.57611652974913,97.4071890050691,29.65802607981371,411.4942069796846,43,regimes,tdc_residual_z,rolling_oos_standard_deviation,cumulative_sum_h0_to_h
reserve_drain_low,tdc_bank_only_qoq,6,251.33858529408502,116.19981564467896,23.586946630514262,479.0902239576558,43,regimes,tdc_residual_z,rolling_oos_standard_deviation,cumulative_sum_h0_to_h
reserve_drain_low,tdc_bank_only_qoq,7,259.52207798706775,119.02937875487348,26.224495627515722,492.8196603466198,42,regimes,tdc_residual_z,rolling_oos_standard_deviation,cumulative_sum_h0_to_h
reserve_drain_low,tdc_bank_only_qoq,8,293.61627272482576,115.84664116459027,66.55685604222884,520.6756894074226,41,regimes,tdc_residual_z,rolling_oos_standard_deviation,cumulative_sum_h0_to_h
reserve_drain_low,total_deposits_bank_qoq,0,35.621489087590355,19.443589413052102,-2.487946161991765,73.73092433717247,45,regimes,tdc_residual_z,rolling_oos_standard_deviation,cumulative_sum_h0_to_h
reserve_drain_low,total_deposits_bank_qoq,1,33.2533042386861,48.56246470783554,-61.92912658867155,128.43573506604375,45,regimes,tdc_residual_z,rolling_oos_standard_deviation,cumulative_sum_h0_to_h
reserve_drain_low,total_deposits_bank_qoq,2,14.307076039417673,59.961699923833265,-103.21785581129552,131.83200789013088,45,regimes,tdc_residual_z,rolling_oos_standard_deviation,cumulative_sum_h0_to_h
reserve_drain_low,total_deposits_bank_qoq,3,44.18132015509309,72.19624618171633,-97.32332236107092,185.6859626712571,44,regimes,tdc_residual_z,rolling_oos_standard_deviation,cumulative_sum_h0_to_h
reserve_drain_low,total_deposits_bank_qoq,4,54.27066159860961,84.79989187321344,-111.93712647288872,220.47844967010792,43,regimes,tdc_residual_z,rolling_oos_standard_deviation,cumulative_sum_h0_to_h
reserve_drain_low,total_deposits_bank_qoq,5,13.197157215154594,88.58760176070544,-160.43454223582808,186.82885666613726,43,regimes,tdc_residual_z,rolling_oos_standard_deviation,cumulative_sum_h0_to_h
reserve_drain_low,total_deposits_bank_qoq,6,-9.553404541610854,89.87928753096935,-185.71680810231078,166.60999901908906,43,regimes,tdc_residual_z,rolling_oos_standard_deviation,cumulative_sum_h0_to_h
reserve_drain_low,total_deposits_bank_qoq,7,16.652365495006208,92.84570973156434,-165.3252255788599,198.62995656887233,42,regimes,tdc_residual_z,rolling_oos_standard_deviation,cumulative_sum_h0_to_h
reserve_drain_low,total_deposits_bank_qoq,8,43.21091694978518,92.47949819222252,-138.04889950697097,224.4707334065413,41,regimes,tdc_residual_z,rolling_oos_standard_deviation,cumulative_sum_h0_to_h
reserve_drain_low,checkable_deposits_bank_qoq,0,11.04466999242645,9.060348192794828,-6.7136124654514155,28.802952450304314,45,regimes,tdc_residual_z,rolling_oos_standard_deviation,cumulative_sum_h0_to_h
reserve_drain_low,checkable_deposits_bank_qoq,1,11.203698226392195,25.457307397889863,-38.692624273471935,61.10002072625633,45,regimes,tdc_residual_z,rolling_oos_standard_deviation,cumulative_sum_h0_to_h
reserve_drain_low,checkable_deposits_bank_qoq,2,-6.096055152320831,24.56460007515667,-54.2426712996279,42.05056099498624,45,regimes,tdc_residual_z,rolling_oos_standard_deviation,cumulative_sum_h0_to_h
reserve_drain_low,checkable_deposits_bank_qoq,3,32.56330855315066,47.69853499001126,-60.92582002727141,126.05243713357274,44,regimes,tdc_residual_z,rolling_oos_standard_deviation,cumulative_sum_h0_to_h
reserve_drain_low,checkable_deposits_bank_qoq,4,24.651133680993567,52.9400394080165,-79.11134355871877,128.4136109207059,43,regimes,tdc_residual_z,rolling_oos_standard_deviation,cumulative_sum_h0_to_h
reserve_drain_low,checkable_deposits_bank_qoq,5,25.944349945594247,64.6087279779839,-100.6887568912542,152.5774567824427,43,regimes,tdc_residual_z,rolling_oos_standard_deviation,cumulative_sum_h0_to_h
reserve_drain_low,checkable_deposits_bank_qoq,6,10.079957419148649,68.35991869585037,-123.90548322471807,144.06539806301538,43,regimes,tdc_residual_z,rolling_oos_standard_deviation,cumulative_sum_h0_to_h
reserve_drain_low,checkable_deposits_bank_qoq,7,30.743825398184775,72.68880141913384,-111.72622538331754,173.2138761796871,42,regimes,tdc_residual_z,rolling_oos_standard_deviation,cumulative_sum_h0_to_h
reserve_drain_low,checkable_deposits_bank_qoq,8,32.694009078917986,73.70257360663399,-111.76303519008462,177.1510533479206,41,regimes,tdc_residual_z,rolling_oos_standard_deviation,cumulative_sum_h0_to_h
reserve_drain_low,interbank_transactions_bank_qoq,0,10.494934556292769,5.192927814706698,0.3167960394676417,20.673073073117898,45,regimes,tdc_residual_z,rolling_oos_standard_deviation,cumulative_sum_h0_to_h
reserve_drain_low,interbank_transactions_bank_qoq,1,-1.1043298056934905,7.661810904014621,-16.12147917756215,13.912819566175168,45,regimes,tdc_residual_z,rolling_oos_standard_deviation,cumulative_sum_h0_to_h
reserve_drain_low,interbank_transactions_bank_qoq,2,-8.008883419554229,12.22347948433314,-31.966903208847185,15.949136369738726,45,regimes,tdc_residual_z,rolling_oos_standard_deviation,cumulative_sum_h0_to_h
reserve_drain_low,interbank_transactions_bank_qoq,3,-5.043532286929206,9.890884669492737,-24.42966623913497,14.342601665276558,44,regimes,tdc_residual_z,rolling_oos_standard_deviation,cumulative_sum_h0_to_h
reserve_drain_low,interbank_transactions_bank_qoq,4,-0.7403147913328851,6.446221688043051,-13.374909299897265,11.894279717231495,43,regimes,tdc_residual_z,rolling_oos_standard_deviation,cumulative_sum_h0_to_h
reserve_drain_low,interbank_transactions_bank_qoq,5,-4.913444442115756,6.1680540944950595,-17.00283046732607,7.175941583094561,43,regimes,tdc_residual_z,rolling_oos_standard_deviation,cumulative_sum_h0_to_h
reserve_drain_low,interbank_transactions_bank_qoq,6,-0.9903818009495549,5.884450954921514,-12.52390567259572,10.54314207069661,43,regimes,tdc_residual_z,rolling_oos_standard_deviation,cumulative_sum_h0_to_h
reserve_drain_low,interbank_transactions_bank_qoq,7,2.567988396145,5.338138056219039,-7.894762194044316,13.030738986334317,42,regimes,tdc_residual_z,rolling_oos_standard_deviation,cumulative_sum_h0_to_h
reserve_drain_low,interbank_transactions_bank_qoq,8,28.72947184281835,8.407777495955106,12.250227950746343,45.208715734890355,41,regimes,tdc_residual_z,rolling_oos_standard_deviation,cumulative_sum_h0_to_h
reserve_drain_low,time_savings_deposits_bank_qoq,0,29.938999061736098,16.06366456233945,-1.5457834804492236,61.42378160392142,45,regimes,tdc_residual_z,rolling_oos_standard_deviation,cumulative_sum_h0_to_h
reserve_drain_low,time_savings_deposits_bank_qoq,1,25.712671232898266,22.005134329139825,-17.41739205221579,68.84273451801232,45,regimes,tdc_residual_z,rolling_oos_standard_deviation,cumulative_sum_h0_to_h
reserve_drain_low,time_savings_deposits_bank_qoq,2,26.961125536857132,24.594514981659426,-21.244123827195345,75.1663749009096,45,regimes,tdc_residual_z,rolling_oos_standard_deviation,cumulative_sum_h0_to_h
reserve_drain_low,time_savings_deposits_bank_qoq,3,9.535581570787077,19.530810901789998,-28.74480779672132,47.81597093829548,44,regimes,tdc_residual_z,rolling_oos_standard_deviation,cumulative_sum_h0_to_h
reserve_drain_low,time_savings_deposits_bank_qoq,4,28.999419874749798,20.123261179798988,-10.44217203765622,68.44101178715582,43,regimes,tdc_residual_z,rolling_oos_standard_deviation,cumulative_sum_h0_to_h
reserve_drain_low,time_savings_deposits_bank_qoq,5,-2.141768585755379,16.133290846364645,-33.76301864463008,29.479481473119325,43,regimes,tdc_residual_z,rolling_oos_standard_deviation,cumulative_sum_h0_to_h
reserve_drain_low,time_savings_deposits_bank_qoq,6,-16.851868558857497,20.696771439320866,-57.417540579926396,23.713803462211402,43,regimes,tdc_residual_z,rolling_oos_standard_deviation,cumulative_sum_h0_to_h
reserve_drain_low,time_savings_deposits_bank_qoq,7,-23.923035254987038,24.794735938549273,-72.5207176945436,24.674647184569533,42,regimes,tdc_residual_z,rolling_oos_standard_deviation,cumulative_sum_h0_to_h
reserve_drain_low,time_savings_deposits_bank_qoq,8,-27.32346805196908,27.6175975068736,-81.45395916544135,26.80702306150318,41,regimes,tdc_residual_z,rolling_oos_standard_deviation,cumulative_sum_h0_to_h
reserve_drain_low,checkable_federal_govt_bank_qoq,0,-2.0466830826238374,1.1907552621965338,-4.380563396529044,0.2871972312813691,45,regimes,tdc_residual_z,rolling_oos_standard_deviation,cumulative_sum_h0_to_h
reserve_drain_low,checkable_federal_govt_bank_qoq,1,-1.9874731816832323,1.425061632283705,-4.780593980959294,0.8056476175928295,45,regimes,tdc_residual_z,rolling_oos_standard_deviation,cumulative_sum_h0_to_h
reserve_drain_low,checkable_federal_govt_bank_qoq,2,-0.8072290748020765,0.8422810357098848,-2.4580999047934506,0.8436417551892976,45,regimes,tdc_residual_z,rolling_oos_standard_deviation,cumulative_sum_h0_to_h
reserve_drain_low,checkable_federal_govt_bank_qoq,3,0.014608041227153534,0.82741581642858,-1.6071269589728634,1.6363430414271702,44,regimes,tdc_residual_z,rolling_oos_standard_deviation,cumulative_sum_h0_to_h
reserve_drain_low,checkable_federal_govt_bank_qoq,4,-1.5292242043991864,0.9946269838208622,-3.4786930926880766,0.4202446838897036,43,regimes,tdc_residual_z,rolling_oos_standard_deviation,cumulative_sum_h0_to_h
reserve_drain_low,checkable_federal_govt_bank_qoq,5,-1.9208951239761407,1.3296125572511923,-4.526935736188477,0.6851454882361963,43,regimes,tdc_residual_z,rolling_oos_standard_deviation,cumulative_sum_h0_to_h
reserve_drain_low,checkable_federal_govt_bank_qoq,6,-0.77040352912363,1.0727538483672836,-2.8730010719235057,1.332194013676246,43,regimes,tdc_residual_z,rolling_oos_standard_deviation,cumulative_sum_h0_to_h
reserve_drain_low,checkable_federal_govt_bank_qoq,7,-0.39355317355347286,0.9020459078764873,-2.161563152991388,1.3744568058844422,42,regimes,tdc_residual_z,rolling_oos_standard_deviation,cumulative_sum_h0_to_h
reserve_drain_low,checkable_federal_govt_bank_qoq,8,-1.5066243701052573,1.0398931586761637,-3.5448149611105384,0.5315662209000236,41,regimes,tdc_residual_z,rolling_oos_standard_deviation,cumulative_sum_h0_to_h
reserve_drain_low,checkable_state_local_bank_qoq,0,1.012102654741713,0.6624945240068681,-0.28638661231174867,2.3105919217951745,45,regimes,tdc_residual_z,rolling_oos_standard_deviation,cumulative_sum_h0_to_h
reserve_drain_low,checkable_state_local_bank_qoq,1,1.6932359065122284,1.1420319718359326,-0.5451467582861995,3.9316185713106564,45,regimes,tdc_residual_z,rolling_oos_standard_deviation,cumulative_sum_h0_to_h
reserve_drain_low,checkable_state_local_bank_qoq,2,1.3202290953671503,1.4787651474167058,-1.5781505935695932,4.2186087843038935,45,regimes,tdc_residual_z,rolling_oos_standard_deviation,cumulative_sum_h0_to_h
reserve_drain_low,checkable_state_local_bank_qoq,3,1.7949530170813377,2.342079107822986,-2.7955220342517153,6.385428068414391,44,regimes,tdc_residual_z,rolling_oos_standard_deviation,cumulative_sum_h0_to_h
reserve_drain_low,checkable_state_local_bank_qoq,4,3.4703967990652016,2.8903247612457594,-2.194639732976487,9.13543333110689,43,regimes,tdc_residual_z,rolling_oos_standard_deviation,cumulative_sum_h0_to_h
reserve_drain_low,checkable_state_local_bank_qoq,5,4.0394393455290665,4.235684600722402,-4.26250247188684,12.341381162944973,43,regimes,tdc_residual_z,rolling_oos_standard_deviation,cumulative_sum_h0_to_h
reserve_drain_low,checkable_state_local_bank_qoq,6,3.4605090297013223,4.78920545952408,-5.9263336709658745,12.84735173036852,43,regimes,tdc_residual_z,rolling_oos_standard_deviation,cumulative_sum_h0_to_h
reserve_drain_low,checkable_state_local_bank_qoq,7,4.094704737082109,5.16755688931521,-6.033706765975703,14.223116240139921,42,regimes,tdc_residual_z,rolling_oos_standard_deviation,cumulative_sum_h0_to_h
reserve_drain_low,checkable_state_local_bank_qoq,8,4.69657105386555,5.114480327080807,-5.327810387212833,14.720952494943933,41,regimes,tdc_residual_z,rolling_oos_standard_deviation,cumulative_sum_h0_to_h
reserve_drain_low,checkable_rest_of_world_bank_qoq,0,0.7888178215462228,0.49509599192039916,-0.18157032261775952,1.7592059657102053,45,regimes,tdc_residual_z,rolling_oos_standard_deviation,cumulative_sum_h0_to_h
reserve_drain_low,checkable_rest_of_world_bank_qoq,1,-0.25273120802079785,0.7325199455741567,-1.688470301346145,1.1830078853045491,45,regimes,tdc_residual_z,rolling_oos_standard_deviation,cumulative_sum_h0_to_h
reserve_drain_low,checkable_rest_of_world_bank_qoq,2,-0.018859188066798427,1.0523403974874366,-2.081446367142174,2.043727991008577,45,regimes,tdc_residual_z,rolling_oos_standard_deviation,cumulative_sum_h0_to_h
reserve_drain_low,checkable_rest_of_world_bank_qoq,3,-0.027045453899919636,1.078918809745579,-2.1417263210012547,2.0876354132014154,44,regimes,tdc_residual_z,rolling_oos_standard_deviation,cumulative_sum_h0_to_h
reserve_drain_low,checkable_rest_of_world_bank_qoq,4,0.01812767216918476,1.2081176322489864,-2.3497828870388284,2.3860382313771984,43,regimes,tdc_residual_z,rolling_oos_standard_deviation,cumulative_sum_h0_to_h
reserve_drain_low,checkable_rest_of_world_bank_qoq,5,-0.6633590490616579,0.7426604030994133,-2.118973439136508,0.7922553410131921,43,regimes,tdc_residual_z,rolling_oos_standard_deviation,cumulative_sum_h0_to_h
reserve_drain_low,checkable_rest_of_world_bank_qoq,6,-0.33987440652238,1.0001916116048057,-2.300249965267799,1.6205011522230393,43,regimes,tdc_residual_z,rolling_oos_standard_deviation,cumulative_sum_h0_to_h
reserve_drain_low,checkable_rest_of_world_bank_qoq,7,-0.10609605893432278,0.9639110184730263,-1.9953616551414541,1.7831695372728087,42,regimes,tdc_residual_z,rolling_oos_standard_deviation,cumulative_sum_h0_to_h
reserve_drain_low,checkable_rest_of_world_bank_qoq,8,0.10625667790783389,0.8911805451677541,-1.6404571906209644,1.852970546436632,41,regimes,tdc_residual_z,rolling_oos_standard_deviation,cumulative_sum_h0_to_h
reserve_drain_low,checkable_private_domestic_bank_qoq,0,11.458141554901362,8.679257840936378,-5.553203813333939,28.469486923136664,45,regimes,tdc_residual_z,rolling_oos_standard_deviation,cumulative_sum_h0_to_h
reserve_drain_low,checkable_private_domestic_bank_qoq,1,13.471888177829827,24.34064503068064,-34.23577608230423,61.17955243796388,45,regimes,tdc_residual_z,rolling_oos_standard_deviation,cumulative_sum_h0_to_h
reserve_drain_low,checkable_private_domestic_bank_qoq,2,-3.8207452921122336,24.07926459587696,-51.01610390003108,43.374613315806606,45,regimes,tdc_residual_z,rolling_oos_standard_deviation,cumulative_sum_h0_to_h
reserve_drain_low,checkable_private_domestic_bank_qoq,3,33.746220510569785,45.22196511517154,-54.88883111516644,122.38127213630601,44,regimes,tdc_residual_z,rolling_oos_standard_deviation,cumulative_sum_h0_to_h
reserve_drain_low,checkable_private_domestic_bank_qoq,4,26.913649700371508,50.25173110222382,-71.57974325998718,125.4070426607302,43,regimes,tdc_residual_z,rolling_oos_standard_deviation,cumulative_sum_h0_to_h
reserve_drain_low,checkable_private_domestic_bank_qoq,5,28.73034263393224,60.05893714892342,-88.98517417795766,146.44585944582212,43,regimes,tdc_residual_z,rolling_oos_standard_deviation,cumulative_sum_h0_to_h
reserve_drain_low,checkable_private_domestic_bank_qoq,6,13.662765310800825,63.11584116975517,-110.04428338191931,137.36981400352096,43,regimes,tdc_residual_z,rolling_oos_standard_deviation,cumulative_sum_h0_to_h
reserve_drain_low,checkable_private_domestic_bank_qoq,7,32.34100657461987,67.09578735547231,-99.16673664210585,163.8487497913456,42,regimes,tdc_residual_z,rolling_oos_standard_deviation,cumulative_sum_h0_to_h
reserve_drain_low,checkable_private_domestic_bank_qoq,8,33.98905532271465,68.18591169889842,-99.65533160712627,167.63344225255557,41,regimes,tdc_residual_z,rolling_oos_standard_deviation,cumulative_sum_h0_to_h
reserve_drain_low,interbank_transactions_foreign_banks_liability_qoq,0,2.190097674708645,3.3304114414615165,-4.337508750555927,8.717704099973218,45,regimes,tdc_residual_z,rolling_oos_standard_deviation,cumulative_sum_h0_to_h
reserve_drain_low,interbank_transactions_foreign_banks_liability_qoq,1,-2.827884796022775,3.2287999962686684,-9.156332788709365,3.5005631966638155,45,regimes,tdc_residual_z,rolling_oos_standard_deviation,cumulative_sum_h0_to_h
reserve_drain_low,interbank_transactions_foreign_banks_liability_qoq,2,-1.1850731254380307,3.482996955120654,-8.011747157474513,5.641600906598451,45,regimes,tdc_residual_z,rolling_oos_standard_deviation,cumulative_sum_h0_to_h
reserve_drain_low,interbank_transactions_foreign_banks_liability_qoq,3,2.632088042195885,6.145422171783854,-9.412939414500467,14.677115498892238,44,regimes,tdc_residual_z,rolling_oos_standard_deviation,cumulative_sum_h0_to_h
reserve_drain_low,interbank_transactions_foreign_banks_liability_qoq,4,0.5317908529921294,5.406049411448058,-10.064065993446064,11.127647699430323,43,regimes,tdc_residual_z,rolling_oos_standard_deviation,cumulative_sum_h0_to_h
reserve_drain_low,interbank_transactions_foreign_banks_liability_qoq,5,-2.1729706706745873,7.229818596720144,-16.34341512024607,11.997473778896895,43,regimes,tdc_residual_z,rolling_oos_standard_deviation,cumulative_sum_h0_to_h
reserve_drain_low,interbank_transactions_foreign_banks_liability_qoq,6,-0.6214477519918251,6.7949012981671535,-13.939454296399445,12.696558792415795,43,regimes,tdc_residual_z,rolling_oos_standard_deviation,cumulative_sum_h0_to_h
reserve_drain_low,interbank_transactions_foreign_banks_liability_qoq,7,0.7549732888898522,7.500413142856137,-13.945836471108176,15.45578304888788,42,regimes,tdc_residual_z,rolling_oos_standard_deviation,cumulative_sum_h0_to_h
reserve_drain_low,interbank_transactions_foreign_banks_liability_qoq,8,5.310324282800084,6.874618291073675,-8.16392756770432,18.784576133304487,41,regimes,tdc_residual_z,rolling_oos_standard_deviation,cumulative_sum_h0_to_h
reserve_drain_low,interbank_transactions_foreign_banks_asset_qoq,0,7.5666988779275295,3.543140857536038,0.6221427971568954,14.511254958698164,45,regimes,tdc_residual_z,rolling_oos_standard_deviation,cumulative_sum_h0_to_h
reserve_drain_low,interbank_transactions_foreign_banks_asset_qoq,1,2.299675396604542,3.70184109557021,-4.9559331507130695,9.555283943922152,45,regimes,tdc_residual_z,rolling_oos_standard_deviation,cumulative_sum_h0_to_h
reserve_drain_low,interbank_transactions_foreign_banks_asset_qoq,2,2.419450277185553,4.132601902030951,-5.68044945079511,10.519350005166217,45,regimes,tdc_residual_z,rolling_oos_standard_deviation,cumulative_sum_h0_to_h
reserve_drain_low,interbank_transactions_foreign_banks_asset_qoq,3,3.456150363405743,3.2783906901000655,-2.969495389190385,9.88179611600187,44,regimes,tdc_residual_z,rolling_oos_standard_deviation,cumulative_sum_h0_to_h
reserve_drain_low,interbank_transactions_foreign_banks_asset_qoq,4,10.001215501074501,5.512200773721996,-0.80269801542061,20.805129017569612,43,regimes,tdc_residual_z,rolling_oos_standard_deviation,cumulative_sum_h0_to_h
reserve_drain_low,interbank_transactions_foreign_banks_asset_qoq,5,8.687062372769184,6.190796261617593,-3.4468983000012994,20.82102304553967,43,regimes,tdc_residual_z,rolling_oos_standard_deviation,cumulative_sum_h0_to_h
reserve_drain_low,interbank_transactions_foreign_banks_asset_qoq,6,2.73603148148038,5.79162123268873,-8.61554613458953,14.08760909755029,43,regimes,tdc_residual_z,rolling_oos_standard_deviation,cumulative_sum_h0_to_h
reserve_drain_low,interbank_transactions_foreign_banks_asset_qoq,7,1.9359416312049142,5.604049407325852,-9.047995207153756,12.919878469563583,42,regimes,tdc_residual_z,rolling_oos_standard_deviation,cumulative_sum_h0_to_h
reserve_drain_low,interbank_transactions_foreign_banks_asset_qoq,8,9.012998058648934,6.36393219188775,-3.460309037451056,21.486305154748926,41,regimes,tdc_residual_z,rolling_oos_standard_deviation,cumulative_sum_h0_to_h
reserve_drain_low,deposits_at_foreign_banks_asset_qoq,0,0.473886322490969,0.22522777859992615,0.03243987643511376,0.9153327685468242,45,regimes,tdc_residual_z,rolling_oos_standard_deviation,cumulative_sum_h0_to_h
reserve_drain_low,deposits_at_foreign_banks_asset_qoq,1,0.1963068738559147,0.30895238772573014,-0.40923980608651633,0.8018535537983458,45,regimes,tdc_residual_z,rolling_oos_standard_deviation,cumulative_sum_h0_to_h
reserve_drain_low,deposits_at_foreign_banks_asset_qoq,2,0.027226434422994647,0.46399270780658647,-0.8821992728779148,0.9366521417239041,45,regimes,tdc_residual_z,rolling_oos_standard_deviation,cumulative_sum_h0_to_h
reserve_drain_low,deposits_at_foreign_banks_asset_qoq,3,0.044984447904788755,0.6082742423987824,-1.1472330671968247,1.2372019630064022,44,regimes,tdc_residual_z,rolling_oos_standard_deviation,cumulative_sum_h0_to_h
reserve_drain_low,deposits_at_foreign_banks_asset_qoq,4,0.32518675796931756,0.6552031257342795,-0.9590113684698702,1.6093848844085052,43,regimes,tdc_residual_z,rolling_oos_standard_deviation,cumulative_sum_h0_to_h
reserve_drain_low,deposits_at_foreign_banks_asset_qoq,5,0.357737091148735,0.5968099876117525,-0.8120104845703,1.52748466686777,43,regimes,tdc_residual_z,rolling_oos_standard_deviation,cumulative_sum_h0_to_h
reserve_drain_low,deposits_at_foreign_banks_asset_qoq,6,0.2069332609920957,0.5309502729290169,-0.8337292739487774,1.2475957959329689,43,regimes,tdc_residual_z,rolling_oos_standard_deviation,cumulative_sum_h0_to_h
reserve_drain_low,deposits_at_foreign_banks_asset_qoq,7,0.07603812883064537,0.45040925165574214,-0.8067640044146092,0.9588402620759,42,regimes,tdc_residual_z,rolling_oos_standard_deviation,cumulative_sum_h0_to_h
reserve_drain_low,deposits_at_foreign_banks_asset_qoq,8,0.36497173452011483,0.46637623169998715,-0.54912567961186,1.2790691486520895,41,regimes,tdc_residual_z,rolling_oos_standard_deviation,cumulative_sum_h0_to_h
reserve_drain_low,other_component_qoq,0,-63.1902622683605,19.758679564738387,-101.91727421524774,-24.46325032147326,45,regimes,tdc_residual_z,rolling_oos_standard_deviation,cumulative_sum_h0_to_h
reserve_drain_low,other_component_qoq,1,-101.29353159641012,42.671572342247615,-184.92981338721546,-17.657249805604792,45,regimes,tdc_residual_z,rolling_oos_standard_deviation,cumulative_sum_h0_to_h
reserve_drain_low,other_component_qoq,2,-133.21149510648465,44.41971700548333,-220.27414043723195,-46.14884977573733,45,regimes,tdc_residual_z,rolling_oos_standard_deviation,cumulative_sum_h0_to_h
reserve_drain_low,other_component_qoq,3,-72.22552380154981,44.00352756527413,-158.4724378294871,14.021390226387481,44,regimes,tdc_residual_z,rolling_oos_standard_deviation,cumulative_sum_h0_to_h
reserve_drain_low,other_component_qoq,4,-80.6009837328267,36.76014976639345,-152.65087727495785,-8.551090190695547,43,regimes,tdc_residual_z,rolling_oos_standard_deviation,cumulative_sum_h0_to_h
reserve_drain_low,other_component_qoq,5,-105.8655272750484,40.42876934628241,-185.10591519376192,-26.62513935633487,43,regimes,tdc_residual_z,rolling_oos_standard_deviation,cumulative_sum_h0_to_h
reserve_drain_low,other_component_qoq,6,-157.71727254788635,51.067094494893574,-257.80877775787775,-57.625767337894956,43,regimes,tdc_residual_z,rolling_oos_standard_deviation,cumulative_sum_h0_to_h
reserve_drain_low,other_component_qoq,7,-145.23335667573593,63.660129360797626,-270.0072102228993,-20.459503128572592,42,regimes,tdc_residual_z,rolling_oos_standard_deviation,cumulative_sum_h0_to_h
reserve_drain_low,other_component_qoq,8,-157.29590492486938,73.37528486546829,-301.1114632611872,-13.480346588551527,41,regimes,tdc_residual_z,rolling_oos_standard_deviation,cumulative_sum_h0_to_h
reserve_drain_low,accounting_deposit_substitution_qoq,0,0.27614182191046455,0.8511043060536689,-1.3920226179547266,1.9443062617756557,45,regimes,tdc_residual_z,rolling_oos_standard_deviation,cumulative_sum_h0_to_h
reserve_drain_low,accounting_deposit_substitution_qoq,1,-1.88053884704006,1.9145146162026927,-5.632987494797337,1.871909800717218,45,regimes,tdc_residual_z,rolling_oos_standard_deviation,cumulative_sum_h0_to_h
reserve_drain_low,accounting_deposit_substitution_qoq,2,-4.657571690477782,4.1105142461077495,-12.714179612848971,3.3990362318934064,45,regimes,tdc_residual_z,rolling_oos_standard_deviation,cumulative_sum_h0_to_h
reserve_drain_low,accounting_deposit_substitution_qoq,3,-10.880241783190801,7.807438631968869,-26.182821501849784,4.422337935468182,44,regimes,tdc_residual_z,rolling_oos_standard_deviation,cumulative_sum_h0_to_h
reserve_drain_low,accounting_deposit_substitution_qoq,4,-4.671587111830448,4.227127227161052,-12.95675647706611,3.613582253405214,43,regimes,tdc_residual_z,rolling_oos_standard_deviation,cumulative_sum_h0_to_h
reserve_drain_low,accounting_deposit_substitution_qoq,5,-1.877673062905299,2.489176292190744,-6.756458595599158,3.0011124697885596,43,regimes,tdc_residual_z,rolling_oos_standard_deviation,cumulative_sum_h0_to_h
reserve_drain_low,accounting_deposit_substitution_qoq,6,-1.8744332252325377,2.765814278431085,-7.295429210957465,3.5465627604923893,43,regimes,tdc_residual_z,rolling_oos_standard_deviation,cumulative_sum_h0_to_h
reserve_drain_low,accounting_deposit_substitution_qoq,7,-9.721535139342741,5.298850573361407,-20.107282263131097,0.6642119844456165,42,regimes,tdc_residual_z,rolling_oos_standard_deviation,cumulative_sum_h0_to_h
reserve_drain_low,accounting_deposit_substitution_qoq,8,-9.95387505844485,5.204155204664811,-20.154019259587884,0.24626914269818023,41,regimes,tdc_residual_z,rolling_oos_standard_deviation,cumulative_sum_h0_to_h
reserve_drain_low,accounting_bank_balance_sheet_qoq,0,-19.909029828605732,11.060081305440843,-41.58678918726979,1.7687295300583195,45,regimes,tdc_residual_z,rolling_oos_standard_deviation,cumulative_sum_h0_to_h
reserve_drain_low,accounting_bank_balance_sheet_qoq,1,-30.775824495231177,17.04684944377763,-64.18764940503533,2.636000414572983,45,regimes,tdc_residual_z,rolling_oos_standard_deviation,cumulative_sum_h0_to_h
reserve_drain_low,accounting_bank_balance_sheet_qoq,2,-48.370271441327745,17.86221960591186,-83.38022186891499,-13.360321013740496,45,regimes,tdc_residual_z,rolling_oos_standard_deviation,cumulative_sum_h0_to_h
reserve_drain_low,accounting_bank_balance_sheet_qoq,3,-30.99793762807301,23.71761072815028,-77.48445465524756,15.488579399101539,44,regimes,tdc_residual_z,rolling_oos_standard_deviation,cumulative_sum_h0_to_h
reserve_drain_low,accounting_bank_balance_sheet_qoq,4,-50.60783846257194,23.904277021666605,-97.46022142503848,-3.7554555001053984,43,regimes,tdc_residual_z,rolling_oos_standard_deviation,cumulative_sum_h0_to_h
reserve_drain_low,accounting_bank_balance_sheet_qoq,5,-38.74383942628983,22.9086643256132,-83.6448215044917,6.157142651912039,43,regimes,tdc_residual_z,rolling_oos_standard_deviation,cumulative_sum_h0_to_h
reserve_drain_low,accounting_bank_balance_sheet_qoq,6,-49.309681680011266,26.9106515561498,-102.05455873006488,3.4351953700423437,43,regimes,tdc_residual_z,rolling_oos_standard_deviation,cumulative_sum_h0_to_h
reserve_drain_low,accounting_bank_balance_sheet_qoq,7,-27.782038751776582,28.03797184494268,-82.73646356786423,27.172386064311063,42,regimes,tdc_residual_z,rolling_oos_standard_deviation,cumulative_sum_h0_to_h
reserve_drain_low,accounting_bank_balance_sheet_qoq,8,-47.1162766441867,28.021042890987623,-102.03752071052244,7.804967422149041,41,regimes,tdc_residual_z,rolling_oos_standard_deviation,cumulative_sum_h0_to_h
reserve_drain_low,accounting_public_liquidity_qoq,0,36.78950011785487,19.281319044396174,-1.0018852091616282,74.58088544487137,45,regimes,tdc_residual_z,rolling_oos_standard_deviation,cumulative_sum_h0_to_h
reserve_drain_low,accounting_public_liquidity_qoq,1,25.89587958047234,33.24069616618816,-39.25588490525645,91.04764406620113,45,regimes,tdc_residual_z,rolling_oos_standard_deviation,cumulative_sum_h0_to_h
reserve_drain_low,accounting_public_liquidity_qoq,2,42.9691884451378,49.95018903855942,-54.93318207043866,140.87155896071425,45,regimes,tdc_residual_z,rolling_oos_standard_deviation,cumulative_sum_h0_to_h
reserve_drain_low,accounting_public_liquidity_qoq,3,24.434027143429205,47.19231554369508,-68.06291132221315,116.93096560907156,44,regimes,tdc_residual_z,rolling_oos_standard_deviation,cumulative_sum_h0_to_h
reserve_drain_low,accounting_public_liquidity_qoq,4,27.022654896656256,36.45893513592428,-44.43685796975533,98.48216776306785,43,regimes,tdc_residual_z,rolling_oos_standard_deviation,cumulative_sum_h0_to_h
reserve_drain_low,accounting_public_liquidity_qoq,5,24.03120945324683,28.203026659184847,-31.24672279875547,79.30914170524913,43,regimes,tdc_residual_z,rolling_oos_standard_deviation,cumulative_sum_h0_to_h
reserve_drain_low,accounting_public_liquidity_qoq,6,53.25305744981258,30.92068202564402,-7.351479320449698,113.85759422007486,43,regimes,tdc_residual_z,rolling_oos_standard_deviation,cumulative_sum_h0_to_h
reserve_drain_low,accounting_public_liquidity_qoq,7,53.97440347925067,40.35879059800905,-25.128826092847063,133.0776330513484,42,regimes,tdc_residual_z,rolling_oos_standard_deviation,cumulative_sum_h0_to_h
reserve_drain_low,accounting_public_liquidity_qoq,8,61.66536663137114,46.59415086151605,-29.659169057200316,152.9899023199426,41,regimes,tdc_residual_z,rolling_oos_standard_deviation,cumulative_sum_h0_to_h
reserve_drain_low,accounting_external_flow_qoq,0,-77.32451834080052,32.08111407628682,-140.2035019303227,-14.445534751278352,45,regimes,tdc_residual_z,rolling_oos_standard_deviation,cumulative_sum_h0_to_h
reserve_drain_low,accounting_external_flow_qoq,1,-89.73964479546933,57.764685163353384,-202.95842771564196,23.479138124703297,45,regimes,tdc_residual_z,rolling_oos_standard_deviation,cumulative_sum_h0_to_h
reserve_drain_low,accounting_external_flow_qoq,2,-121.02340853874671,79.01938316171145,-275.9013995357011,33.854582458207716,45,regimes,tdc_residual_z,rolling_oos_standard_deviation,cumulative_sum_h0_to_h
reserve_drain_low,accounting_external_flow_qoq,3,-64.61620739280744,73.19546564051419,-208.07932004821524,78.84690526260036,44,regimes,tdc_residual_z,rolling_oos_standard_deviation,cumulative_sum_h0_to_h
reserve_drain_low,accounting_external_flow_qoq,4,-63.70334566829803,56.05942899699701,-173.57982650241217,46.17313516581612,43,regimes,tdc_residual_z,rolling_oos_standard_deviation,cumulative_sum_h0_to_h
reserve_drain_low,accounting_external_flow_qoq,5,-104.2930342913869,54.67600880637739,-211.45801155188659,2.87194296911278,43,regimes,tdc_residual_z,rolling_oos_standard_deviation,cumulative_sum_h0_to_h
reserve_drain_low,accounting_external_flow_qoq,6,-172.50873425482854,69.1444656853233,-308.0318869980622,-36.98558151159489,43,regimes,tdc_residual_z,rolling_oos_standard_deviation,cumulative_sum_h0_to_h
reserve_drain_low,accounting_external_flow_qoq,7,-178.57339802404232,88.53164870960349,-352.09542949486513,-5.051366553219481,42,regimes,tdc_residual_z,rolling_oos_standard_deviation,cumulative_sum_h0_to_h
reserve_drain_low,accounting_external_flow_qoq,8,-175.1220690311481,99.75993424252572,-370.6515401464985,20.40740208420229,41,regimes,tdc_residual_z,rolling_oos_standard_deviation,cumulative_sum_h0_to_h
reserve_drain_low,accounting_identity_total_qoq,0,-61.23753501983542,20.298725987570172,-101.02303795547296,-21.45203208419788,45,regimes,tdc_residual_z,rolling_oos_standard_deviation,cumulative_sum_h0_to_h
reserve_drain_low,accounting_identity_total_qoq,1,-96.32398377888502,42.30804655957064,-179.24775503564348,-13.400212522126566,45,regimes,tdc_residual_z,rolling_oos_standard_deviation,cumulative_sum_h0_to_h
reserve_drain_low,accounting_identity_total_qoq,2,-128.5616464414169,43.67152457630119,-214.15783461096726,-42.96545827186658,45,regimes,tdc_residual_z,rolling_oos_standard_deviation,cumulative_sum_h0_to_h
reserve_drain_low,accounting_identity_total_qoq,3,-70.16157737740828,42.850788305142665,-154.14912245548788,13.825967700671342,44,regimes,tdc_residual_z,rolling_oos_standard_deviation,cumulative_sum_h0_to_h
reserve_drain_low,accounting_identity_total_qoq,4,-78.89241194042236,34.4533136815977,-146.42090675635387,-11.363917124490868,43,regimes,tdc_residual_z,rolling_oos_standard_deviation,cumulative_sum_h0_to_h
reserve_drain_low,accounting_identity_total_qoq,5,-102.30217853026967,38.12713945725972,-177.03137186649872,-27.572985194040612,43,regimes,tdc_residual_z,rolling_oos_standard_deviation,cumulative_sum_h0_to_h
reserve_drain_low,accounting_identity_total_qoq,6,-153.83583293647848,48.70252671589994,-249.29278529964236,-58.3788805733146,43,regimes,tdc_residual_z,rolling_oos_standard_deviation,cumulative_sum_h0_to_h
reserve_drain_low,accounting_identity_total_qoq,7,-142.59186015151948,60.3473219637322,-260.87261120043456,-24.311109102604377,42,regimes,tdc_residual_z,rolling_oos_standard_deviation,cumulative_sum_h0_to_h
reserve_drain_low,accounting_identity_total_qoq,8,-150.84560989549604,71.47530784123185,-290.93721326431046,-10.754006526681621,41,regimes,tdc_residual_z,rolling_oos_standard_deviation,cumulative_sum_h0_to_h
reserve_drain_low,accounting_identity_gap_qoq,0,-0.2802480805671602,0.45531765556360515,-1.1726706854718263,0.6121745243375059,45,regimes,tdc_residual_z,rolling_oos_standard_deviation,cumulative_sum_h0_to_h
reserve_drain_low,accounting_identity_gap_qoq,1,-3.5185698737455176,1.6947820985715334,-6.8403427869457225,-0.19679696054531215,45,regimes,tdc_residual_z,rolling_oos_standard_deviation,cumulative_sum_h0_to_h
reserve_drain_low,accounting_identity_gap_qoq,2,-5.261143264242454,3.352565646806806,-11.832171931983794,1.3098854034988854,45,regimes,tdc_residual_z,rolling_oos_standard_deviation,cumulative_sum_h0_to_h
reserve_drain_low,accounting_identity_gap_qoq,3,-3.080606161357742,2.821892879860054,-8.611516205883447,2.4503038831679644,44,regimes,tdc_residual_z,rolling_oos_standard_deviation,cumulative_sum_h0_to_h
reserve_drain_low,accounting_identity_gap_qoq,4,-4.180068511571292,3.2628962668837,-10.575345194663345,2.21520817152076,43,regimes,tdc_residual_z,rolling_oos_standard_deviation,cumulative_sum_h0_to_h
reserve_drain_low,accounting_identity_gap_qoq,5,-5.513905788347183,3.450754180397278,-12.277383981925848,1.249572405231481,43,regimes,tdc_residual_z,rolling_oos_standard_deviation,cumulative_sum_h0_to_h
reserve_drain_low,accounting_identity_gap_qoq,6,-5.312070495213634,4.063940491416531,-13.277393858390035,2.6532528679627667,43,regimes,tdc_residual_z,rolling_oos_standard_deviation,cumulative_sum_h0_to_h
reserve_drain_low,accounting_identity_gap_qoq,7,-3.56747707714565,5.326261178498721,-14.006948987003144,6.871994832711843,42,regimes,tdc_residual_z,rolling_oos_standard_deviation,cumulative_sum_h0_to_h
reserve_drain_low,accounting_identity_gap_qoq,8,-7.4297671171873905,4.682494720283436,-16.607456768942924,1.7479225345681435,41,regimes,tdc_residual_z,rolling_oos_standard_deviation,cumulative_sum_h0_to_h
reserve_drain_low,strict_loan_source_qoq,0,-14.132950504461672,7.683999720303195,-29.193589956255934,0.9276889473325909,45,regimes,tdc_residual_z,rolling_oos_standard_deviation,cumulative_sum_h0_to_h
reserve_drain_low,strict_loan_source_qoq,1,-21.062764003644798,10.282708392102,-41.21687245216472,-0.9086555551248772,45,regimes,tdc_residual_z,rolling_oos_standard_deviation,cumulative_sum_h0_to_h
reserve_drain_low,strict_loan_source_qoq,2,-36.656964762698266,11.559296346380103,-59.313185601603266,-14.000743923793266,45,regimes,tdc_residual_z,rolling_oos_standard_deviation,cumulative_sum_h0_to_h
reserve_drain_low,strict_loan_source_qoq,3,-24.447480826971955,20.181312904552207,-64.00285411989428,15.107892465950371,44,regimes,tdc_residual_z,rolling_oos_standard_deviation,cumulative_sum_h0_to_h
reserve_drain_low,strict_loan_source_qoq,4,-43.69194404234487,24.44437275081855,-91.60291463394924,4.219026549259489,43,regimes,tdc_residual_z,rolling_oos_standard_deviation,cumulative_sum_h0_to_h
reserve_drain_low,strict_loan_source_qoq,5,-35.88060290771068,36.53370061939438,-107.48665612172367,35.72545030630231,43,regimes,tdc_residual_z,rolling_oos_standard_deviation,cumulative_sum_h0_to_h
reserve_drain_low,strict_loan_source_qoq,6,-38.58402807663585,42.77564687686001,-122.42429595528148,45.256239802009766,43,regimes,tdc_residual_z,rolling_oos_standard_deviation,cumulative_sum_h0_to_h
reserve_drain_low,strict_loan_source_qoq,7,-19.519219092823768,49.409239498309276,-116.36132850950995,77.32289032386242,42,regimes,tdc_residual_z,rolling_oos_standard_deviation,cumulative_sum_h0_to_h
reserve_drain_low,strict_loan_source_qoq,8,-39.85869909617679,53.06475863318634,-143.865626017222,64.14822782486843,41,regimes,tdc_residual_z,rolling_oos_standard_deviation,cumulative_sum_h0_to_h
reserve_drain_low,strict_loan_mortgages_qoq,0,-5.811154605303095,3.114705660890817,-11.915977700649096,0.29366849004290607,45,regimes,tdc_residual_z,rolling_oos_standard_deviation,cumulative_sum_h0_to_h
reserve_drain_low,strict_loan_mortgages_qoq,1,-5.108413737752425,5.716904013440903,-16.313545604096596,6.0967181285917444,45,regimes,tdc_residual_z,rolling_oos_standard_deviation,cumulative_sum_h0_to_h
reserve_drain_low,strict_loan_mortgages_qoq,2,-5.890775978418846,7.601991224203001,-20.790678777856726,9.009126821019036,45,regimes,tdc_residual_z,rolling_oos_standard_deviation,cumulative_sum_h0_to_h
reserve_drain_low,strict_loan_mortgages_qoq,3,-4.909422464418885,9.329974835501094,-23.19617314200103,13.37732821316326,44,regimes,tdc_residual_z,rolling_oos_standard_deviation,cumulative_sum_h0_to_h
reserve_drain_low,strict_loan_mortgages_qoq,4,-9.055133578543542,12.892920033592691,-34.325256844385216,16.214989687298136,43,regimes,tdc_residual_z,rolling_oos_standard_deviation,cumulative_sum_h0_to_h
reserve_drain_low,strict_loan_mortgages_qoq,5,-2.4364522791710135,18.137329037396892,-37.98561719246892,33.11271263412689,43,regimes,tdc_residual_z,rolling_oos_standard_deviation,cumulative_sum_h0_to_h
reserve_drain_low,strict_loan_mortgages_qoq,6,3.101537894137464,22.43807278106468,-40.877084756749305,47.080160545024235,43,regimes,tdc_residual_z,rolling_oos_standard_deviation,cumulative_sum_h0_to_h
reserve_drain_low,strict_loan_mortgages_qoq,7,9.982715349774281,25.364613793998025,-39.731927686461844,59.69735838601041,42,regimes,tdc_residual_z,rolling_oos_standard_deviation,cumulative_sum_h0_to_h
reserve_drain_low,strict_loan_mortgages_qoq,8,7.302412155246427,28.63300593146239,-48.81827947041985,63.42310378091271,41,regimes,tdc_residual_z,rolling_oos_standard_deviation,cumulative_sum_h0_to_h
reserve_drain_low,strict_loan_consumer_credit_qoq,0,-7.976954289987642,4.50487737149441,-16.806513938116687,0.8526053581414015,45,regimes,tdc_residual_z,rolling_oos_standard_deviation,cumulative_sum_h0_to_h
reserve_drain_low,strict_loan_consumer_credit_qoq,1,-9.76480853067276,4.248113325234372,-18.09111064813213,-1.438506413213391,45,regimes,tdc_residual_z,rolling_oos_standard_deviation,cumulative_sum_h0_to_h
reserve_drain_low,strict_loan_consumer_credit_qoq,2,-10.050099980611128,5.333948765362917,-20.504639560722445,0.40443959950018993,45,regimes,tdc_residual_z,rolling_oos_standard_deviation,cumulative_sum_h0_to_h
reserve_drain_low,strict_loan_consumer_credit_qoq,3,-6.191756783569373,6.1046866462192435,-18.156942610159092,5.773429043020345,44,regimes,tdc_residual_z,rolling_oos_standard_deviation,cumulative_sum_h0_to_h
reserve_drain_low,strict_loan_consumer_credit_qoq,4,-10.74405538197163,7.184123892303734,-24.82493821088695,3.336827446943687,43,regimes,tdc_residual_z,rolling_oos_standard_deviation,cumulative_sum_h0_to_h
reserve_drain_low,strict_loan_consumer_credit_qoq,5,-6.1570131510268205,6.827165806258767,-19.538258131294004,7.224231829240363,43,regimes,tdc_residual_z,rolling_oos_standard_deviation,cumulative_sum_h0_to_h
reserve_drain_low,strict_loan_consumer_credit_qoq,6,-4.610187404874672,7.3118661227476816,-18.941445005460128,9.721070195710784,43,regimes,tdc_residual_z,rolling_oos_standard_deviation,cumulative_sum_h0_to_h
reserve_drain_low,strict_loan_consumer_credit_qoq,7,-0.9736022395103123,8.435997212222944,-17.50815677546728,15.560952296446656,42,regimes,tdc_residual_z,rolling_oos_standard_deviation,cumulative_sum_h0_to_h
reserve_drain_low,strict_loan_consumer_credit_qoq,8,-4.783004290899445,7.9085073301620925,-20.283678658017145,10.717670076218257,41,regimes,tdc_residual_z,rolling_oos_standard_deviation,cumulative_sum_h0_to_h
reserve_drain_low,strict_loan_di_loans_nec_qoq,0,2.5372224743221876,8.666187024360356,-14.44850409342411,19.522949042068486,45,regimes,tdc_residual_z,rolling_oos_standard_deviation,cumulative_sum_h0_to_h
reserve_drain_low,strict_loan_di_loans_nec_qoq,1,-1.011316087989389,11.640614791600456,-23.826921079526283,21.804288903547505,45,regimes,tdc_residual_z,rolling_oos_standard_deviation,cumulative_sum_h0_to_h
reserve_drain_low,strict_loan_di_loans_nec_qoq,2,-12.681213468132595,10.308538298576567,-32.88594853334266,7.523521597077474,45,regimes,tdc_residual_z,rolling_oos_standard_deviation,cumulative_sum_h0_to_h
reserve_drain_low,strict_loan_di_loans_nec_qoq,3,-7.899240249803751,11.472156854168993,-30.384667683974975,14.586187184367475,44,regimes,tdc_residual_z,rolling_oos_standard_deviation,cumulative_sum_h0_to_h
reserve_drain_low,strict_loan_di_loans_nec_qoq,4,-16.057686517713627,12.281372207652042,-40.12917604471163,8.013803009284377,43,regimes,tdc_residual_z,rolling_oos_standard_deviation,cumulative_sum_h0_to_h
reserve_drain_low,strict_loan_di_loans_nec_qoq,5,-14.715539372148582,14.003701345395271,-42.16279400912331,12.731715264826148,43,regimes,tdc_residual_z,rolling_oos_standard_deviation,cumulative_sum_h0_to_h
reserve_drain_low,strict_loan_di_loans_nec_qoq,6,-19.768104995715596,14.531130797054818,-48.24912135794304,8.712911366511847,43,regimes,tdc_residual_z,rolling_oos_standard_deviation,cumulative_sum_h0_to_h
reserve_drain_low,strict_loan_di_loans_nec_qoq,7,-10.609227566073102,16.258290933032548,-42.4754777948169,21.257022662670693,42,regimes,tdc_residual_z,rolling_oos_standard_deviation,cumulative_sum_h0_to_h
reserve_drain_low,strict_loan_di_loans_nec_qoq,8,-17.10872282873099,15.861090216798003,-48.196459653655076,13.979013996193096,41,regimes,tdc_residual_z,rolling_oos_standard_deviation,cumulative_sum_h0_to_h
reserve_drain_low,strict_loan_other_advances_qoq,0,0.11204836055969514,0.11478327977606306,-0.11292686780138847,0.33702358892077877,45,regimes,tdc_residual_z,rolling_oos_standard_deviation,cumulative_sum_h0_to_h
reserve_drain_low,strict_loan_other_advances_qoq,1,0.05477744554439362,0.06904828866428216,-0.08055720023759941,0.19011209132638665,45,regimes,tdc_residual_z,rolling_oos_standard_deviation,cumulative_sum_h0_to_h
reserve_drain_low,strict_loan_other_advances_qoq,2,0.21128717748854184,0.09936574477456972,0.016530317730385186,0.40604403724669846,45,regimes,tdc_residual_z,rolling_oos_standard_deviation,cumulative_sum_h0_to_h
reserve_drain_low,strict_loan_other_advances_qoq,3,0.1913439202382652,0.1096084995660038,-0.02348873891110223,0.40617657938763263,44,regimes,tdc_residual_z,rolling_oos_standard_deviation,cumulative_sum_h0_to_h
reserve_drain_low,strict_loan_other_advances_qoq,4,0.011171027360436403,0.0907803430580034,-0.16675844503325024,0.18910049975412305,43,regimes,tdc_residual_z,rolling_oos_standard_deviation,cumulative_sum_h0_to_h
reserve_drain_low,strict_loan_other_advances_qoq,5,-0.09264992101492812,0.13467424600874825,-0.3566114431920747,0.17131160116221844,43,regimes,tdc_residual_z,rolling_oos_standard_deviation,cumulative_sum_h0_to_h
reserve_drain_low,strict_loan_other_advances_qoq,6,0.009182071178204104,0.11870789953936399,-0.2234854119189493,0.2418495542753575,43,regimes,tdc_residual_z,rolling_oos_standard_deviation,cumulative_sum_h0_to_h
reserve_drain_low,strict_loan_other_advances_qoq,7,0.03811069517884533,0.10881288276595091,-0.17516255504241846,0.2513839454001091,42,regimes,tdc_residual_z,rolling_oos_standard_deviation,cumulative_sum_h0_to_h
reserve_drain_low,strict_loan_other_advances_qoq,8,-0.052314234810700695,0.19947825985627968,-0.44329162412900885,0.3386631545076075,41,regimes,tdc_residual_z,rolling_oos_standard_deviation,cumulative_sum_h0_to_h
reserve_drain_low,strict_non_treasury_agency_gse_qoq,0,10.812493994208925,3.494800131333424,3.9626857367954145,17.662302251622435,45,regimes,tdc_residual_z,rolling_oos_standard_deviation,cumulative_sum_h0_to_h
reserve_drain_low,strict_non_treasury_agency_gse_qoq,1,12.21374985715702,6.054082779508662,0.34774760932004334,24.079752104994,45,regimes,tdc_residual_z,rolling_oos_standard_deviation,cumulative_sum_h0_to_h
reserve_drain_low,strict_non_treasury_agency_gse_qoq,2,13.600719437973623,9.823386340346932,-5.653117789106364,32.85455666505361,45,regimes,tdc_residual_z,rolling_oos_standard_deviation,cumulative_sum_h0_to_h
reserve_drain_low,strict_non_treasury_agency_gse_qoq,3,19.14456550542135,14.830783925006475,-9.92377098759134,48.21290199843404,44,regimes,tdc_residual_z,rolling_oos_standard_deviation,cumulative_sum_h0_to_h
reserve_drain_low,strict_non_treasury_agency_gse_qoq,4,31.676406399131398,19.3912431353497,-6.330430146154011,69.6832429444168,43,regimes,tdc_residual_z,rolling_oos_standard_deviation,cumulative_sum_h0_to_h
reserve_drain_low,strict_non_treasury_agency_gse_qoq,5,28.16165504066877,22.375632863192994,-15.694585371189497,72.01789545252703,43,regimes,tdc_residual_z,rolling_oos_standard_deviation,cumulative_sum_h0_to_h
reserve_drain_low,strict_non_treasury_agency_gse_qoq,6,26.227850470987278,24.694976350202257,-22.174303175409143,74.63000411738369,43,regimes,tdc_residual_z,rolling_oos_standard_deviation,cumulative_sum_h0_to_h
reserve_drain_low,strict_non_treasury_agency_gse_qoq,7,25.115216255691802,25.39320295636602,-24.655461538785598,74.8858940501692,42,regimes,tdc_residual_z,rolling_oos_standard_deviation,cumulative_sum_h0_to_h
reserve_drain_low,strict_non_treasury_agency_gse_qoq,8,30.407622804216494,25.399510818050246,-19.375418399161987,80.19066400759498,41,regimes,tdc_residual_z,rolling_oos_standard_deviation,cumulative_sum_h0_to_h
reserve_drain_low,strict_non_treasury_municipal_qoq,0,-0.3057298719493764,0.8406699670067559,-1.9534430072826179,1.341983263383865,45,regimes,tdc_residual_z,rolling_oos_standard_deviation,cumulative_sum_h0_to_h
reserve_drain_low,strict_non_treasury_municipal_qoq,1,-0.3420622639888595,1.2388686779220048,-2.770244872715989,2.08612034473827,45,regimes,tdc_residual_z,rolling_oos_standard_deviation,cumulative_sum_h0_to_h
reserve_drain_low,strict_non_treasury_municipal_qoq,2,-0.2651846376184481,1.5212165946682987,-3.246769163168314,2.7163998879314173,45,regimes,tdc_residual_z,rolling_oos_standard_deviation,cumulative_sum_h0_to_h
reserve_drain_low,strict_non_treasury_municipal_qoq,3,0.10620099555130502,2.167854070610786,-4.142792982845835,4.355194973948445,44,regimes,tdc_residual_z,rolling_oos_standard_deviation,cumulative_sum_h0_to_h
reserve_drain_low,strict_non_treasury_municipal_qoq,4,0.6213811815468706,2.611295859189575,-4.496758702464697,5.739521065558438,43,regimes,tdc_residual_z,rolling_oos_standard_deviation,cumulative_sum_h0_to_h
reserve_drain_low,strict_non_treasury_municipal_qoq,5,1.2678221865344785,3.1046375771343855,-4.817267464648917,7.3529118377178735,43,regimes,tdc_residual_z,rolling_oos_standard_deviation,cumulative_sum_h0_to_h
reserve_drain_low,strict_non_treasury_municipal_qoq,6,1.4396305948228427,3.3606358338301487,-5.147215639484249,8.026476829129933,43,regimes,tdc_residual_z,rolling_oos_standard_deviation,cumulative_sum_h0_to_h
reserve_drain_low,strict_non_treasury_municipal_qoq,7,1.5306527759687572,3.663675551305298,-5.650151304589626,8.71145685652714,42,regimes,tdc_residual_z,rolling_oos_standard_deviation,cumulative_sum_h0_to_h
reserve_drain_low,strict_non_treasury_municipal_qoq,8,1.125330707552158,4.007817610142712,-6.729991808327557,8.980653223431872,41,regimes,tdc_residual_z,rolling_oos_standard_deviation,cumulative_sum_h0_to_h
reserve_drain_low,strict_non_treasury_corporate_foreign_bonds_qoq,0,4.395143469756816,3.025524244887801,-1.5348840502232743,10.325170989736906,45,regimes,tdc_residual_z,rolling_oos_standard_deviation,cumulative_sum_h0_to_h
reserve_drain_low,strict_non_treasury_corporate_foreign_bonds_qoq,1,7.344853193509607,3.195260070880492,1.0821434545838429,13.607562932435371,45,regimes,tdc_residual_z,rolling_oos_standard_deviation,cumulative_sum_h0_to_h
reserve_drain_low,strict_non_treasury_corporate_foreign_bonds_qoq,2,12.484150318177992,3.5096511062530564,5.605234149922001,19.363066486433983,45,regimes,tdc_residual_z,rolling_oos_standard_deviation,cumulative_sum_h0_to_h
reserve_drain_low,strict_non_treasury_corporate_foreign_bonds_qoq,3,11.522589560851705,3.7559278473408555,4.160970980063628,18.884208141639782,44,regimes,tdc_residual_z,rolling_oos_standard_deviation,cumulative_sum_h0_to_h
reserve_drain_low,strict_non_treasury_corporate_foreign_bonds_qoq,4,14.86951276564275,7.565169408309937,0.04178072535527377,29.697244805930225,43,regimes,tdc_residual_z,rolling_oos_standard_deviation,cumulative_sum_h0_to_h
reserve_drain_low,strict_non_treasury_corporate_foreign_bonds_qoq,5,13.662729833594046,7.9272590983903255,-1.8746979992509925,29.200157666439083,43,regimes,tdc_residual_z,rolling_oos_standard_deviation,cumulative_sum_h0_to_h
reserve_drain_low,strict_non_treasury_corporate_foreign_bonds_qoq,6,16.68174666377632,8.633055217592332,-0.23904156270465293,33.60253489025729,43,regimes,tdc_residual_z,rolling_oos_standard_deviation,cumulative_sum_h0_to_h
reserve_drain_low,strict_non_treasury_corporate_foreign_bonds_qoq,7,17.007088984074045,8.754592051472216,-0.15191143681149555,34.166089404959585,42,regimes,tdc_residual_z,rolling_oos_standard_deviation,cumulative_sum_h0_to_h
reserve_drain_low,strict_non_treasury_corporate_foreign_bonds_qoq,8,19.64210833904668,11.152309573173314,-2.2164184243730176,41.500635102466376,41,regimes,tdc_residual_z,rolling_oos_standard_deviation,cumulative_sum_h0_to_h
reserve_drain_low,strict_non_treasury_securities_qoq,0,15.777313059048367,6.195211993741417,3.63469755131519,27.919928566781543,45,regimes,tdc_residual_z,rolling_oos_standard_deviation,cumulative_sum_h0_to_h
reserve_drain_low,strict_non_treasury_securities_qoq,1,20.426187616648143,8.696867871858954,3.3803265878045927,37.4720486454917,45,regimes,tdc_residual_z,rolling_oos_standard_deviation,cumulative_sum_h0_to_h
reserve_drain_low,strict_non_treasury_securities_qoq,2,26.96766036145701,13.396855798359615,0.7098229966721661,53.225497726241855,45,regimes,tdc_residual_z,rolling_oos_standard_deviation,cumulative_sum_h0_to_h
reserve_drain_low,strict_non_treasury_securities_qoq,3,29.91962479473084,17.171549829011724,-3.736612870132138,63.57586245959382,44,regimes,tdc_residual_z,rolling_oos_standard_deviation,cumulative_sum_h0_to_h
reserve_drain_low,strict_non_treasury_securities_qoq,4,44.78956492986173,27.636329956290332,-9.377641784467315,98.95677164419078,43,regimes,tdc_residual_z,rolling_oos_standard_deviation,cumulative_sum_h0_to_h
reserve_drain_low,strict_non_treasury_securities_qoq,5,40.1638658495355,31.62787848955092,-21.826775989984306,102.1545076890553,43,regimes,tdc_residual_z,rolling_oos_standard_deviation,cumulative_sum_h0_to_h
reserve_drain_low,strict_non_treasury_securities_qoq,6,40.41112477108947,34.89254840672443,-27.978270106090413,108.80051964826936,43,regimes,tdc_residual_z,rolling_oos_standard_deviation,cumulative_sum_h0_to_h
reserve_drain_low,strict_non_treasury_securities_qoq,7,39.78766935677743,35.76058346469165,-30.303074234018197,109.87841294757305,42,regimes,tdc_residual_z,rolling_oos_standard_deviation,cumulative_sum_h0_to_h
reserve_drain_low,strict_non_treasury_securities_qoq,8,48.55146196181411,39.08969829325617,-28.064346692967973,125.1672706165962,41,regimes,tdc_residual_z,rolling_oos_standard_deviation,cumulative_sum_h0_to_h
reserve_drain_low,strict_identifiable_total_qoq,0,1.8233552572684015,11.728085409045402,-21.163692144460583,24.81040265899739,45,regimes,tdc_residual_z,rolling_oos_standard_deviation,cumulative_sum_h0_to_h
reserve_drain_low,strict_identifiable_total_qoq,1,-2.6266640331225135,17.676846191674866,-37.27328256880525,32.01995450256022,45,regimes,tdc_residual_z,rolling_oos_standard_deviation,cumulative_sum_h0_to_h
reserve_drain_low,strict_identifiable_total_qoq,2,-14.993148216848773,21.588445921646734,-57.30650222327637,27.32020578957882,45,regimes,tdc_residual_z,rolling_oos_standard_deviation,cumulative_sum_h0_to_h
reserve_drain_low,strict_identifiable_total_qoq,3,-1.7143335523096255,32.004887749235664,-64.44391354081152,61.01524643619227,44,regimes,tdc_residual_z,rolling_oos_standard_deviation,cumulative_sum_h0_to_h
reserve_drain_low,strict_identifiable_total_qoq,4,-9.96075576972283,42.91571231123347,-94.07555189974042,74.15404036029477,43,regimes,tdc_residual_z,rolling_oos_standard_deviation,cumulative_sum_h0_to_h
reserve_drain_low,strict_identifiable_total_qoq,5,-12.944790281342698,56.03448011760181,-122.77237131184225,96.88279074915684,43,regimes,tdc_residual_z,rolling_oos_standard_deviation,cumulative_sum_h0_to_h
reserve_drain_low,strict_identifiable_total_qoq,6,-19.290633151095907,61.07796169446326,-139.0034380722439,100.42217177005209,43,regimes,tdc_residual_z,rolling_oos_standard_deviation,cumulative_sum_h0_to_h
reserve_drain_low,strict_identifiable_total_qoq,7,-3.6826426108142094,67.17148817836181,-135.33875944040335,127.97347421877492,42,regimes,tdc_residual_z,rolling_oos_standard_deviation,cumulative_sum_h0_to_h
reserve_drain_low,strict_identifiable_total_qoq,8,-20.171380563407766,71.78937237510851,-160.87855041862048,120.53578929180493,41,regimes,tdc_residual_z,rolling_oos_standard_deviation,cumulative_sum_h0_to_h
reserve_drain_low,strict_identifiable_gap_qoq,0,-60.77651567775302,22.587017256602216,-105.04706950069337,-16.505961854812675,45,regimes,tdc_residual_z,rolling_oos_standard_deviation,cumulative_sum_h0_to_h
reserve_drain_low,strict_identifiable_gap_qoq,1,-96.13882361096987,39.44488401589818,-173.45079628213028,-18.826850939809432,45,regimes,tdc_residual_z,rolling_oos_standard_deviation,cumulative_sum_h0_to_h
reserve_drain_low,strict_identifiable_gap_qoq,2,-117.57826145221597,46.819091184445085,-209.34368017372833,-25.812842730703608,45,regimes,tdc_residual_z,rolling_oos_standard_deviation,cumulative_sum_h0_to_h
reserve_drain_low,strict_identifiable_gap_qoq,3,-73.55968180415687,45.33552123563087,-162.41730342599337,15.297939817679634,44,regimes,tdc_residual_z,rolling_oos_standard_deviation,cumulative_sum_h0_to_h
reserve_drain_low,strict_identifiable_gap_qoq,4,-76.4147949222192,45.79499754328795,-166.17299010706358,13.343400262625181,43,regimes,tdc_residual_z,rolling_oos_standard_deviation,cumulative_sum_h0_to_h
reserve_drain_low,strict_identifiable_gap_qoq,5,-103.97557545784301,55.92987714301788,-213.59813465815807,5.646983742472045,43,regimes,tdc_residual_z,rolling_oos_standard_deviation,cumulative_sum_h0_to_h
reserve_drain_low,strict_identifiable_gap_qoq,6,-150.26511717145064,70.377798420333,-288.2056020753033,-12.324632267597963,43,regimes,tdc_residual_z,rolling_oos_standard_deviation,cumulative_sum_h0_to_h
reserve_drain_low,strict_identifiable_gap_qoq,7,-153.2920493055068,79.5126885364653,-309.1369188369788,2.552820225965206,42,regimes,tdc_residual_z,rolling_oos_standard_deviation,cumulative_sum_h0_to_h
reserve_drain_low,strict_identifiable_gap_qoq,8,-152.49147778520046,82.6512413980256,-314.48791092533065,9.504955354929734,41,regimes,tdc_residual_z,rolling_oos_standard_deviation,cumulative_sum_h0_to_h
reserve_drain_low,bank_credit_private_qoq,0,24.871059046847584,18.801580959917253,-11.980039634590227,61.722157728285396,29,regimes,tdc_residual_z,rolling_oos_standard_deviation,cumulative_sum_h0_to_h
reserve_drain_low,bank_credit_private_qoq,1,25.6070474608073,17.226178628371436,-8.156262650800713,59.370357572415315,29,regimes,tdc_residual_z,rolling_oos_standard_deviation,cumulative_sum_h0_to_h
reserve_drain_low,bank_credit_private_qoq,2,30.330589272222312,13.728836837596072,3.422069070534011,57.23910947391062,29,regimes,tdc_residual_z,rolling_oos_standard_deviation,cumulative_sum_h0_to_h
reserve_drain_low,bank_credit_private_qoq,3,51.347575621855945,14.550871163944437,22.82786814052485,79.86728310318705,28,regimes,tdc_residual_z,rolling_oos_standard_deviation,cumulative_sum_h0_to_h
reserve_drain_low,bank_credit_private_qoq,4,66.82507773231637,13.479394657583406,40.405464203452894,93.24469126117985,27,regimes,tdc_residual_z,rolling_oos_standard_deviation,cumulative_sum_h0_to_h
reserve_drain_low,bank_credit_private_qoq,5,85.36350019193821,20.10983747534257,45.94821874026678,124.77878164360965,27,regimes,tdc_residual_z,rolling_oos_standard_deviation,cumulative_sum_h0_to_h
reserve_drain_low,bank_credit_private_qoq,6,98.85050433617363,25.093195181242574,49.66784178093818,148.03316689140908,27,regimes,tdc_residual_z,rolling_oos_standard_deviation,cumulative_sum_h0_to_h
reserve_drain_low,bank_credit_private_qoq,7,117.77086567354668,31.35826515306535,56.308665973538595,179.23306537355478,26,regimes,tdc_residual_z,rolling_oos_standard_deviation,cumulative_sum_h0_to_h
reserve_drain_low,bank_credit_private_qoq,8,106.78836941609444,32.89723758385953,42.30978375172977,171.26695508045913,25,regimes,tdc_residual_z,rolling_oos_standard_deviation,cumulative_sum_h0_to_h
reserve_drain_low,commercial_industrial_loans_qoq,0,4.203175121853432,7.628721080563369,-10.749118196050771,19.155468439757634,45,regimes,tdc_residual_z,rolling_oos_standard_deviation,cumulative_sum_h0_to_h
reserve_drain_low,commercial_industrial_loans_qoq,1,0.7240755324790173,12.340754973438258,-23.46380421545997,24.911955280418002,45,regimes,tdc_residual_z,rolling_oos_standard_deviation,cumulative_sum_h0_to_h
reserve_drain_low,commercial_industrial_loans_qoq,2,-16.503048818308514,10.408876175779522,-36.904446122836376,3.898348486219348,45,regimes,tdc_residual_z,rolling_oos_standard_deviation,cumulative_sum_h0_to_h
reserve_drain_low,commercial_industrial_loans_qoq,3,-16.5858946256663,9.773316881405606,-35.74159571322129,2.569806461888689,44,regimes,tdc_residual_z,rolling_oos_standard_deviation,cumulative_sum_h0_to_h
reserve_drain_low,commercial_industrial_loans_qoq,4,-17.01872683377421,11.194873643353025,-38.96067917474614,4.923225507197721,43,regimes,tdc_residual_z,rolling_oos_standard_deviation,cumulative_sum_h0_to_h
reserve_drain_low,commercial_industrial_loans_qoq,5,-16.869508223007433,11.733631650766927,-39.867426258510605,6.128409812495743,43,regimes,tdc_residual_z,rolling_oos_standard_deviation,cumulative_sum_h0_to_h
reserve_drain_low,commercial_industrial_loans_qoq,6,-22.558801620857075,12.59693283157751,-47.248789970748994,2.1311867290348445,43,regimes,tdc_residual_z,rolling_oos_standard_deviation,cumulative_sum_h0_to_h
reserve_drain_low,commercial_industrial_loans_qoq,7,-14.923444287214233,13.008124546016125,-40.41936839740584,10.572479822977373,42,regimes,tdc_residual_z,rolling_oos_standard_deviation,cumulative_sum_h0_to_h
reserve_drain_low,commercial_industrial_loans_qoq,8,-15.42710759898291,13.293236300288614,-41.48185074754859,10.62763554958277,41,regimes,tdc_residual_z,rolling_oos_standard_deviation,cumulative_sum_h0_to_h
reserve_drain_low,consumer_loans_qoq,0,-3.159631346738975,2.3080255806656718,-7.683361484843692,1.3640987913657416,45,regimes,tdc_residual_z,rolling_oos_standard_deviation,cumulative_sum_h0_to_h
reserve_drain_low,consumer_loans_qoq,1,-7.9659654170818355,3.0033781004902194,-13.852586494042665,-2.079344340121006,45,regimes,tdc_residual_z,rolling_oos_standard_deviation,cumulative_sum_h0_to_h
reserve_drain_low,consumer_loans_qoq,2,-8.955538941469895,3.7431781206366805,-16.292168057917788,-1.6189098250220013,45,regimes,tdc_residual_z,rolling_oos_standard_deviation,cumulative_sum_h0_to_h
reserve_drain_low,consumer_loans_qoq,3,-7.493877677313295,4.570924065011623,-16.452888844736076,1.465133490109487,44,regimes,tdc_residual_z,rolling_oos_standard_deviation,cumulative_sum_h0_to_h
reserve_drain_low,consumer_loans_qoq,4,0.7048222166120786,5.025567435166435,-9.145289956314134,10.554934389538293,43,regimes,tdc_residual_z,rolling_oos_standard_deviation,cumulative_sum_h0_to_h
reserve_drain_low,consumer_loans_qoq,5,10.530728553017198,9.827420799187408,-8.73101621339012,29.792473319424516,43,regimes,tdc_residual_z,rolling_oos_standard_deviation,cumulative_sum_h0_to_h
reserve_drain_low,consumer_loans_qoq,6,4.314288896005612,7.258068055575146,-9.911524492921673,18.5401022849329,43,regimes,tdc_residual_z,rolling_oos_standard_deviation,cumulative_sum_h0_to_h
reserve_drain_low,consumer_loans_qoq,7,1.9538539877941554,7.6635723425637226,-13.06674780363074,16.974455779219053,42,regimes,tdc_residual_z,rolling_oos_standard_deviation,cumulative_sum_h0_to_h
reserve_drain_low,consumer_loans_qoq,8,2.7197093252161686,7.533821532773532,-12.046580879019952,17.48599952945229,41,regimes,tdc_residual_z,rolling_oos_standard_deviation,cumulative_sum_h0_to_h
reserve_drain_low,credit_card_revolving_loans_qoq,0,-1.501597893511934,1.5375089840560416,-4.515115502261775,1.5119197152379074,45,regimes,tdc_residual_z,rolling_oos_standard_deviation,cumulative_sum_h0_to_h
reserve_drain_low,credit_card_revolving_loans_qoq,1,-7.071525234466634,2.423655992671058,-11.821890980101907,-2.321159488831361,45,regimes,tdc_residual_z,rolling_oos_standard_deviation,cumulative_sum_h0_to_h
reserve_drain_low,credit_card_revolving_loans_qoq,2,-8.222931905288407,2.9093653437165745,-13.925287978972893,-2.520575831603921,45,regimes,tdc_residual_z,rolling_oos_standard_deviation,cumulative_sum_h0_to_h
reserve_drain_low,credit_card_revolving_loans_qoq,3,-7.582156714541677,3.525323035887137,-14.491789864880465,-0.6725235642028888,44,regimes,tdc_residual_z,rolling_oos_standard_deviation,cumulative_sum_h0_to_h
reserve_drain_low,credit_card_revolving_loans_qoq,4,-0.31429463909988353,4.333390038457189,-8.807739114475975,8.179149836276206,43,regimes,tdc_residual_z,rolling_oos_standard_deviation,cumulative_sum_h0_to_h
reserve_drain_low,credit_card_revolving_loans_qoq,5,8.789269443635227,10.188840284536159,-11.180857514055646,28.7593964013261,43,regimes,tdc_residual_z,rolling_oos_standard_deviation,cumulative_sum_h0_to_h
reserve_drain_low,credit_card_revolving_loans_qoq,6,2.6070505570434443,7.289291433040779,-11.679960651716481,16.89406176580337,43,regimes,tdc_residual_z,rolling_oos_standard_deviation,cumulative_sum_h0_to_h
reserve_drain_low,credit_card_revolving_loans_qoq,7,0.1120717700724152,6.94017035814319,-13.490662131888238,13.714805672033068,42,regimes,tdc_residual_z,rolling_oos_standard_deviation,cumulative_sum_h0_to_h
reserve_drain_low,credit_card_revolving_loans_qoq,8,1.3981437484291837,6.441851673143628,-11.227885530932326,14.024173027790695,41,regimes,tdc_residual_z,rolling_oos_standard_deviation,cumulative_sum_h0_to_h
reserve_drain_low,other_consumer_loans_qoq,0,-1.7568104947635979,1.1372024537404508,-3.9857273040948815,0.4721063145676858,45,regimes,tdc_residual_z,rolling_oos_standard_deviation,cumulative_sum_h0_to_h
reserve_drain_low,other_consumer_loans_qoq,1,-1.199859247457661,1.1058828947952883,-3.3673897212564263,0.9676712263411043,45,regimes,tdc_residual_z,rolling_oos_standard_deviation,cumulative_sum_h0_to_h
reserve_drain_low,other_consumer_loans_qoq,2,-1.0507963552813095,1.496210447752145,-3.983368832875514,1.8817761223128946,45,regimes,tdc_residual_z,rolling_oos_standard_deviation,cumulative_sum_h0_to_h
reserve_drain_low,other_consumer_loans_qoq,3,0.17657457247958286,1.6016392599176539,-2.9626383769590188,3.3157875219181845,44,regimes,tdc_residual_z,rolling_oos_standard_deviation,cumulative_sum_h0_to_h
reserve_drain_low,other_consumer_loans_qoq,4,0.7182136453277181,1.9145073120770375,-3.034220686343275,4.470647976998712,43,regimes,tdc_residual_z,rolling_oos_standard_deviation,cumulative_sum_h0_to_h
reserve_drain_low,other_consumer_loans_qoq,5,1.6407459547129548,2.2362850855039587,-2.7423728128748044,6.023864722300714,43,regimes,tdc_residual_z,rolling_oos_standard_deviation,cumulative_sum_h0_to_h
reserve_drain_low,other_consumer_loans_qoq,6,1.4303442433656466,2.344806333084743,-3.16547616948045,6.026164656211743,43,regimes,tdc_residual_z,rolling_oos_standard_deviation,cumulative_sum_h0_to_h
reserve_drain_low,other_consumer_loans_qoq,7,1.6117315065805975,2.9640599809026065,-4.197826055988511,7.421289069149706,42,regimes,tdc_residual_z,rolling_oos_standard_deviation,cumulative_sum_h0_to_h
reserve_drain_low,other_consumer_loans_qoq,8,1.197055995898646,3.2601696314381385,-5.192876481720106,7.586988473517398,41,regimes,tdc_residual_z,rolling_oos_standard_deviation,cumulative_sum_h0_to_h
reserve_drain_low,heloc_loans_qoq,0,0.9461998461638262,0.798689786213957,-0.6192321348155295,2.511631827143182,45,regimes,tdc_residual_z,rolling_oos_standard_deviation,cumulative_sum_h0_to_h
reserve_drain_low,heloc_loans_qoq,1,-0.2373972012558021,0.492506723583772,-1.2027103794799952,0.727915976968391,45,regimes,tdc_residual_z,rolling_oos_standard_deviation,cumulative_sum_h0_to_h
reserve_drain_low,heloc_loans_qoq,2,-0.915231966984636,1.0113731513700206,-2.897523343669876,1.0670594097006043,45,regimes,tdc_residual_z,rolling_oos_standard_deviation,cumulative_sum_h0_to_h
reserve_drain_low,heloc_loans_qoq,3,-1.174833447445142,1.4391816695549835,-3.9956295197729093,1.6459626248826253,44,regimes,tdc_residual_z,rolling_oos_standard_deviation,cumulative_sum_h0_to_h
reserve_drain_low,heloc_loans_qoq,4,-0.3540667759485874,1.644009288644196,-3.5763249816912115,2.8681914297940363,43,regimes,tdc_residual_z,rolling_oos_standard_deviation,cumulative_sum_h0_to_h
reserve_drain_low,heloc_loans_qoq,5,0.20149428452499518,1.8731363818778355,-3.4698530239555625,3.8728415930055524,43,regimes,tdc_residual_z,rolling_oos_standard_deviation,cumulative_sum_h0_to_h
reserve_drain_low,heloc_loans_qoq,6,-0.3190325844279057,2.1287071112609146,-4.4912985224992985,3.853233353643487,43,regimes,tdc_residual_z,rolling_oos_standard_deviation,cumulative_sum_h0_to_h
reserve_drain_low,heloc_loans_qoq,7,-0.34375042698050384,2.3692380131147246,-4.9874569326853635,4.299956078724357,42,regimes,tdc_residual_z,rolling_oos_standard_deviation,cumulative_sum_h0_to_h
reserve_drain_low,heloc_loans_qoq,8,0.4718015010639359,2.686556365266176,-4.793848974857768,5.737451976985641,41,regimes,tdc_residual_z,rolling_oos_standard_deviation,cumulative_sum_h0_to_h
reserve_drain_low,closed_end_residential_loans_qoq,0,1.3394288201822842,3.1782639916823365,-4.889968603515095,7.5688262438796645,41,regimes,tdc_residual_z,rolling_oos_standard_deviation,cumulative_sum_h0_to_h
reserve_drain_low,closed_end_residential_loans_qoq,1,-0.8007786917349768,3.4740144275257725,-7.609846969685491,6.008289586215537,41,regimes,tdc_residual_z,rolling_oos_standard_deviation,cumulative_sum_h0_to_h
reserve_drain_low,closed_end_residential_loans_qoq,2,-3.884396692726596,3.6620842960024764,-11.06208191289145,3.293288527438258,41,regimes,tdc_residual_z,rolling_oos_standard_deviation,cumulative_sum_h0_to_h
reserve_drain_low,closed_end_residential_loans_qoq,3,-4.7926260273759835,3.3262950369959863,-11.312164299888117,1.7269122451361492,40,regimes,tdc_residual_z,rolling_oos_standard_deviation,cumulative_sum_h0_to_h
reserve_drain_low,closed_end_residential_loans_qoq,4,-0.779217154840881,4.931046021204823,-10.444067356402334,8.885633046720573,39,regimes,tdc_residual_z,rolling_oos_standard_deviation,cumulative_sum_h0_to_h
reserve_drain_low,closed_end_residential_loans_qoq,5,-1.1830395683848458,5.213552599619308,-11.40160266363869,9.035523526868998,39,regimes,tdc_residual_z,rolling_oos_standard_deviation,cumulative_sum_h0_to_h
reserve_drain_low,closed_end_residential_loans_qoq,6,-3.9717313937014813,6.778133252683511,-17.256872568961164,9.3134097815582,39,regimes,tdc_residual_z,rolling_oos_standard_deviation,cumulative_sum_h0_to_h
reserve_drain_low,closed_end_residential_loans_qoq,7,-1.7837882440547785,6.625313947484125,-14.769403581123665,11.201827093014106,38,regimes,tdc_residual_z,rolling_oos_standard_deviation,cumulative_sum_h0_to_h
reserve_drain_low,closed_end_residential_loans_qoq,8,-0.4070230097952656,6.709596687839551,-13.557832517960785,12.743786498370254,37,regimes,tdc_residual_z,rolling_oos_standard_deviation,cumulative_sum_h0_to_h
reserve_drain_low,loans_to_commercial_banks_qoq,0,0.7026022042066344,0.5804191026347738,-0.4350192369575223,1.8402236453707912,45,regimes,tdc_residual_z,rolling_oos_standard_deviation,cumulative_sum_h0_to_h
reserve_drain_low,loans_to_commercial_banks_qoq,1,3.3488810627409507,1.3811702854325987,0.6417873032930572,6.055974822188844,45,regimes,tdc_residual_z,rolling_oos_standard_deviation,cumulative_sum_h0_to_h
reserve_drain_low,loans_to_commercial_banks_qoq,2,2.0017627274643752,0.9006811800522165,0.23642761456203076,3.76709784036672,45,regimes,tdc_residual_z,rolling_oos_standard_deviation,cumulative_sum_h0_to_h
reserve_drain_low,loans_to_commercial_banks_qoq,3,0.7801925814267852,0.4337983415916817,-0.07005216809291093,1.6304373309464812,44,regimes,tdc_residual_z,rolling_oos_standard_deviation,cumulative_sum_h0_to_h
reserve_drain_low,loans_to_commercial_banks_qoq,4,-0.7305967392099253,0.8838138678306794,-2.462871920158057,1.0016784417382063,43,regimes,tdc_residual_z,rolling_oos_standard_deviation,cumulative_sum_h0_to_h
reserve_drain_low,loans_to_commercial_banks_qoq,5,-0.2870579967965311,1.311116532033515,-2.85684639958222,2.282730405989158,43,regimes,tdc_residual_z,rolling_oos_standard_deviation,cumulative_sum_h0_to_h
reserve_drain_low,loans_to_commercial_banks_qoq,6,-0.35793504191632053,1.2802870015852912,-2.8672975650234913,2.1514274811908503,43,regimes,tdc_residual_z,rolling_oos_standard_deviation,cumulative_sum_h0_to_h
reserve_drain_low,loans_to_commercial_banks_qoq,7,0.48510820184736725,1.074695151147335,-1.6212942944014097,2.591510698096144,42,regimes,tdc_residual_z,rolling_oos_standard_deviation,cumulative_sum_h0_to_h
reserve_drain_low,loans_to_commercial_banks_qoq,8,0.26847247717443007,0.8740655583903459,-1.444696017270648,1.981640971619508,41,regimes,tdc_residual_z,rolling_oos_standard_deviation,cumulative_sum_h0_to_h
reserve_drain_low,loans_for_purchasing_or_carrying_securities_qoq,0,-0.6143451948295804,0.7610767348537539,-2.106055595142938,0.8773652054837773,45,regimes,tdc_residual_z,rolling_oos_standard_deviation,cumulative_sum_h0_to_h
reserve_drain_low,loans_for_purchasing_or_carrying_securities_qoq,1,-0.6430924508458079,0.8317018877943768,-2.2732281509227863,0.9870432492311706,45,regimes,tdc_residual_z,rolling_oos_standard_deviation,cumulative_sum_h0_to_h
reserve_drain_low,loans_for_purchasing_or_carrying_securities_qoq,2,-1.087647456740628,1.3714214773702704,-3.775633552386358,1.600338638905102,45,regimes,tdc_residual_z,rolling_oos_standard_deviation,cumulative_sum_h0_to_h
reserve_drain_low,loans_for_purchasing_or_carrying_securities_qoq,3,0.3249288276785275,1.5394662531420464,-2.6924250284798834,3.342282683836938,44,regimes,tdc_residual_z,rolling_oos_standard_deviation,cumulative_sum_h0_to_h
reserve_drain_low,loans_for_purchasing_or_carrying_securities_qoq,4,0.28642470058937075,1.706260080815443,-3.057845057808897,3.6306944589876387,43,regimes,tdc_residual_z,rolling_oos_standard_deviation,cumulative_sum_h0_to_h
reserve_drain_low,loans_for_purchasing_or_carrying_securities_qoq,5,0.6974757956365809,2.007323715447042,-3.2368786866396215,4.631830277912783,43,regimes,tdc_residual_z,rolling_oos_standard_deviation,cumulative_sum_h0_to_h
reserve_drain_low,loans_for_purchasing_or_carrying_securities_qoq,6,-0.8488010263775538,2.5325568512436027,-5.8126124548150155,4.115010402059907,43,regimes,tdc_residual_z,rolling_oos_standard_deviation,cumulative_sum_h0_to_h
reserve_drain_low,loans_for_purchasing_or_carrying_securities_qoq,7,0.44848989091565183,2.0284937952581674,-3.5273579477903563,4.42433772962166,42,regimes,tdc_residual_z,rolling_oos_standard_deviation,cumulative_sum_h0_to_h
reserve_drain_low,loans_for_purchasing_or_carrying_securities_qoq,8,-0.4752901381022936,2.3230762644589595,-5.028519616441854,4.0779393402372675,41,regimes,tdc_residual_z,rolling_oos_standard_deviation,cumulative_sum_h0_to_h
reserve_drain_low,treasury_securities_bank_qoq,0,2.1684412490240303,1.707396595766513,-1.1780560786783347,5.514938576726395,45,regimes,tdc_residual_z,rolling_oos_standard_deviation,cumulative_sum_h0_to_h
reserve_drain_low,treasury_securities_bank_qoq,1,8.428868137860658,5.165702202010858,-1.695908178080625,18.55364445380194,45,regimes,tdc_residual_z,rolling_oos_standard_deviation,cumulative_sum_h0_to_h
reserve_drain_low,treasury_securities_bank_qoq,2,14.669204280128328,7.431828503561752,0.1028204131472954,29.23558814710936,45,regimes,tdc_residual_z,rolling_oos_standard_deviation,cumulative_sum_h0_to_h
reserve_drain_low,treasury_securities_bank_qoq,3,21.07894016912339,11.56833933395449,-1.5950049254274141,43.75288526367419,44,regimes,tdc_residual_z,rolling_oos_standard_deviation,cumulative_sum_h0_to_h
reserve_drain_low,treasury_securities_bank_qoq,4,23.37290128263284,11.993429687006,-0.13422090389892105,46.8800234691646,43,regimes,tdc_residual_z,rolling_oos_standard_deviation,cumulative_sum_h0_to_h
reserve_drain_low,treasury_securities_bank_qoq,5,25.312384310364767,13.023091985091718,-0.21287598041499933,50.83764460114453,43,regimes,tdc_residual_z,rolling_oos_standard_deviation,cumulative_sum_h0_to_h
reserve_drain_low,treasury_securities_bank_qoq,6,23.25464550292845,12.823209085422988,-1.878844304500607,48.38813531035751,43,regimes,tdc_residual_z,rolling_oos_standard_deviation,cumulative_sum_h0_to_h
reserve_drain_low,treasury_securities_bank_qoq,7,27.194981307823404,14.743867854010812,-1.7029996860377885,56.092962301684594,42,regimes,tdc_residual_z,rolling_oos_standard_deviation,cumulative_sum_h0_to_h
reserve_drain_low,treasury_securities_bank_qoq,8,20.04732991663862,14.699562483452082,-8.763812550927462,48.8584723842047,41,regimes,tdc_residual_z,rolling_oos_standard_deviation,cumulative_sum_h0_to_h
reserve_drain_low,agency_gse_backed_securities_bank_qoq,0,14.277403141952057,4.468040834939007,5.520043105471602,23.034763178432513,45,regimes,tdc_residual_z,rolling_oos_standard_deviation,cumulative_sum_h0_to_h
reserve_drain_low,agency_gse_backed_securities_bank_qoq,1,18.740353827281588,8.40223781715864,2.2719677056506526,35.20873994891252,45,regimes,tdc_residual_z,rolling_oos_standard_deviation,cumulative_sum_h0_to_h
reserve_drain_low,agency_gse_backed_securities_bank_qoq,2,21.10521465069153,11.535690245482725,-1.5047382304546097,43.715167531837665,45,regimes,tdc_residual_z,rolling_oos_standard_deviation,cumulative_sum_h0_to_h
reserve_drain_low,agency_gse_backed_securities_bank_qoq,3,26.982381280713287,17.10340520882802,-6.540292928589626,60.505055490016204,44,regimes,tdc_residual_z,rolling_oos_standard_deviation,cumulative_sum_h0_to_h
reserve_drain_low,agency_gse_backed_securities_bank_qoq,4,29.562808384240306,17.379277621409564,-4.500575753722437,63.62619252220305,43,regimes,tdc_residual_z,rolling_oos_standard_deviation,cumulative_sum_h0_to_h
reserve_drain_low,agency_gse_backed_securities_bank_qoq,5,19.74661925930357,19.757370453292683,-18.97782682915009,58.47106534775723,43,regimes,tdc_residual_z,rolling_oos_standard_deviation,cumulative_sum_h0_to_h
reserve_drain_low,agency_gse_backed_securities_bank_qoq,6,16.851057508956053,20.663098064897476,-23.648614698243,57.35072971615511,43,regimes,tdc_residual_z,rolling_oos_standard_deviation,cumulative_sum_h0_to_h
reserve_drain_low,agency_gse_backed_securities_bank_qoq,7,15.753741196317323,21.512892928896424,-26.41152894431967,57.91901133695431,42,regimes,tdc_residual_z,rolling_oos_standard_deviation,cumulative_sum_h0_to_h
reserve_drain_low,agency_gse_backed_securities_bank_qoq,8,17.93374722576482,17.018337286430498,-15.422193855638959,51.289688307168596,41,regimes,tdc_residual_z,rolling_oos_standard_deviation,cumulative_sum_h0_to_h
reserve_drain_low,municipal_securities_bank_qoq,0,-0.28573401069001575,0.6303569660370255,-1.5212336641225856,0.9497656427425543,45,regimes,tdc_residual_z,rolling_oos_standard_deviation,cumulative_sum_h0_to_h
reserve_drain_low,municipal_securities_bank_qoq,1,0.42477533434826253,1.3543492505858952,-2.2297491968000918,3.0792998654966173,45,regimes,tdc_residual_z,rolling_oos_standard_deviation,cumulative_sum_h0_to_h
reserve_drain_low,municipal_securities_bank_qoq,2,0.7901594846173047,1.7060454292000506,-2.5536895566147946,4.134008525849404,45,regimes,tdc_residual_z,rolling_oos_standard_deviation,cumulative_sum_h0_to_h
reserve_drain_low,municipal_securities_bank_qoq,3,1.4736401412920626,2.5786225489353134,-3.580460054621152,6.527740337205277,44,regimes,tdc_residual_z,rolling_oos_standard_deviation,cumulative_sum_h0_to_h
reserve_drain_low,municipal_securities_bank_qoq,4,0.32679014198103173,2.4372146883016637,-4.450150647090229,5.103730931052292,43,regimes,tdc_residual_z,rolling_oos_standard_deviation,cumulative_sum_h0_to_h
reserve_drain_low,municipal_securities_bank_qoq,5,0.3132304889144175,2.937833447732139,-5.444923068640574,6.071384046469409,43,regimes,tdc_residual_z,rolling_oos_standard_deviation,cumulative_sum_h0_to_h
reserve_drain_low,municipal_securities_bank_qoq,6,0.546207206133166,3.230900594296202,-5.78635795868739,6.8787723709537225,43,regimes,tdc_residual_z,rolling_oos_standard_deviation,cumulative_sum_h0_to_h
reserve_drain_low,municipal_securities_bank_qoq,7,1.613050496550676,3.7226395132657664,-5.6833229494502255,8.909423942551578,42,regimes,tdc_residual_z,rolling_oos_standard_deviation,cumulative_sum_h0_to_h
reserve_drain_low,municipal_securities_bank_qoq,8,0.7850107870967618,3.54113215671074,-6.155608240056289,7.725629814249812,41,regimes,tdc_residual_z,rolling_oos_standard_deviation,cumulative_sum_h0_to_h
reserve_drain_low,corporate_foreign_bonds_bank_qoq,0,4.269971177034465,3.071954081151616,-1.751058822022702,10.291001176091633,45,regimes,tdc_residual_z,rolling_oos_standard_deviation,cumulative_sum_h0_to_h
reserve_drain_low,corporate_foreign_bonds_bank_qoq,1,7.47963504879736,3.299823869537261,1.011980264504329,13.947289833090391,45,regimes,tdc_residual_z,rolling_oos_standard_deviation,cumulative_sum_h0_to_h
reserve_drain_low,corporate_foreign_bonds_bank_qoq,2,12.589015699312153,3.682206972760497,5.371890032701579,19.806141365922727,45,regimes,tdc_residual_z,rolling_oos_standard_deviation,cumulative_sum_h0_to_h
reserve_drain_low,corporate_foreign_bonds_bank_qoq,3,11.376141621631978,3.9632347840216045,3.608201444949634,19.144081798314325,44,regimes,tdc_residual_z,rolling_oos_standard_deviation,cumulative_sum_h0_to_h
reserve_drain_low,corporate_foreign_bonds_bank_qoq,4,13.84311348217524,7.685838532408181,-1.221130041344793,28.907357005695275,43,regimes,tdc_residual_z,rolling_oos_standard_deviation,cumulative_sum_h0_to_h
reserve_drain_low,corporate_foreign_bonds_bank_qoq,5,11.336071547587741,8.084020815333046,-4.50860925046503,27.180752345640514,43,regimes,tdc_residual_z,rolling_oos_standard_deviation,cumulative_sum_h0_to_h
reserve_drain_low,corporate_foreign_bonds_bank_qoq,6,14.321920952184138,8.403060360516582,-2.148077354428361,30.79191925879664,43,regimes,tdc_residual_z,rolling_oos_standard_deviation,cumulative_sum_h0_to_h
reserve_drain_low,corporate_foreign_bonds_bank_qoq,7,14.859901323222587,8.545919710251528,-1.8901013088704097,31.609903955315584,42,regimes,tdc_residual_z,rolling_oos_standard_deviation,cumulative_sum_h0_to_h
reserve_drain_low,corporate_foreign_bonds_bank_qoq,8,17.432763619080248,10.82463889785217,-3.7835286207100047,38.6490558588705,41,regimes,tdc_residual_z,rolling_oos_standard_deviation,cumulative_sum_h0_to_h
reserve_drain_low,fedfunds_repo_liabilities_bank_qoq,0,-3.5643971644371426,2.488249605770098,-8.441366391746534,1.312572062872249,45,regimes,tdc_residual_z,rolling_oos_standard_deviation,cumulative_sum_h0_to_h
reserve_drain_low,fedfunds_repo_liabilities_bank_qoq,1,-4.586271724559553,2.5219852517618784,-9.529362818012835,0.3568193688937287,45,regimes,tdc_residual_z,rolling_oos_standard_deviation,cumulative_sum_h0_to_h
reserve_drain_low,fedfunds_repo_liabilities_bank_qoq,2,-1.0338675223523184,2.2401376281217003,-5.424537273470851,3.356802228766214,45,regimes,tdc_residual_z,rolling_oos_standard_deviation,cumulative_sum_h0_to_h
reserve_drain_low,fedfunds_repo_liabilities_bank_qoq,3,-3.463234231371867,3.3417303816198234,-10.013025779346721,3.086557316602987,44,regimes,tdc_residual_z,rolling_oos_standard_deviation,cumulative_sum_h0_to_h
reserve_drain_low,fedfunds_repo_liabilities_bank_qoq,4,-7.105689447613283,5.825069591960684,-18.522825847856225,4.311446952629657,43,regimes,tdc_residual_z,rolling_oos_standard_deviation,cumulative_sum_h0_to_h
reserve_drain_low,fedfunds_repo_liabilities_bank_qoq,5,-4.958757269630443,4.824520560454083,-14.414817568120444,4.497303028859559,43,regimes,tdc_residual_z,rolling_oos_standard_deviation,cumulative_sum_h0_to_h
reserve_drain_low,fedfunds_repo_liabilities_bank_qoq,6,-0.895462030411418,5.460770328909,-11.598571875073057,9.807647814250222,43,regimes,tdc_residual_z,rolling_oos_standard_deviation,cumulative_sum_h0_to_h
reserve_drain_low,fedfunds_repo_liabilities_bank_qoq,7,0.5582350755923612,5.916812125683481,-11.038716690747261,12.155186841931982,42,regimes,tdc_residual_z,rolling_oos_standard_deviation,cumulative_sum_h0_to_h
reserve_drain_low,fedfunds_repo_liabilities_bank_qoq,8,1.0850371843864204,9.30581982996741,-17.154369682349703,19.32444405112254,41,regimes,tdc_residual_z,rolling_oos_standard_deviation,cumulative_sum_h0_to_h
reserve_drain_low,commercial_bank_borrowings_qoq,0,12.660985876249557,5.705146210877936,1.4788993029288022,23.84307244957031,45,regimes,tdc_residual_z,rolling_oos_standard_deviation,cumulative_sum_h0_to_h
reserve_drain_low,commercial_bank_borrowings_qoq,1,-6.019553177754537,6.7740719788970125,-19.296734256392682,7.257627900883607,45,regimes,tdc_residual_z,rolling_oos_standard_deviation,cumulative_sum_h0_to_h
reserve_drain_low,commercial_bank_borrowings_qoq,2,-21.963590864807067,9.284430242479157,-40.16107414006622,-3.766107589547918,45,regimes,tdc_residual_z,rolling_oos_standard_deviation,cumulative_sum_h0_to_h
reserve_drain_low,commercial_bank_borrowings_qoq,3,-29.63747573451304,14.100698864254737,-57.27484550845232,-2.0001059605737552,44,regimes,tdc_residual_z,rolling_oos_standard_deviation,cumulative_sum_h0_to_h
reserve_drain_low,commercial_bank_borrowings_qoq,4,-33.35550709017227,14.239664355952689,-61.26524922783953,-5.445764952504998,43,regimes,tdc_residual_z,rolling_oos_standard_deviation,cumulative_sum_h0_to_h
reserve_drain_low,commercial_bank_borrowings_qoq,5,-42.26357047999187,19.608621518531063,-80.69646865631276,-3.830672303670987,43,regimes,tdc_residual_z,rolling_oos_standard_deviation,cumulative_sum_h0_to_h
reserve_drain_low,commercial_bank_borrowings_qoq,6,-31.42776757564529,20.293812275599795,-71.20363963582088,8.348104484530303,43,regimes,tdc_residual_z,rolling_oos_standard_deviation,cumulative_sum_h0_to_h
reserve_drain_low,commercial_bank_borrowings_qoq,7,-21.63234398330534,21.94074207018256,-64.63619844086315,21.371510474252474,42,regimes,tdc_residual_z,rolling_oos_standard_deviation,cumulative_sum_h0_to_h
reserve_drain_low,commercial_bank_borrowings_qoq,8,-5.611202511519368,31.71560196580445,-67.77378236449609,56.55137734145735,41,regimes,tdc_residual_z,rolling_oos_standard_deviation,cumulative_sum_h0_to_h
reserve_drain_low,fed_borrowings_depository_institutions_qoq,0,4.440569282302887,4.5741495733635995,-4.524763881489768,13.405902446095542,45,regimes,tdc_residual_z,rolling_oos_standard_deviation,cumulative_sum_h0_to_h
reserve_drain_low,fed_borrowings_depository_institutions_qoq,1,-2.9952581559451303,7.204741237454759,-17.116550981356458,11.126034669466197,45,regimes,tdc_residual_z,rolling_oos_standard_deviation,cumulative_sum_h0_to_h
reserve_drain_low,fed_borrowings_depository_institutions_qoq,2,-11.57285392295787,12.01780239453842,-35.12774661625317,11.98203877033743,45,regimes,tdc_residual_z,rolling_oos_standard_deviation,cumulative_sum_h0_to_h
reserve_drain_low,fed_borrowings_depository_institutions_qoq,3,-14.474476915808268,10.225995241947052,-34.51742759002449,5.568473758407954,44,regimes,tdc_residual_z,rolling_oos_standard_deviation,cumulative_sum_h0_to_h
reserve_drain_low,fed_borrowings_depository_institutions_qoq,4,-10.32577375276193,7.620135248767968,-25.261238840347147,4.609691334823287,43,regimes,tdc_residual_z,rolling_oos_standard_deviation,cumulative_sum_h0_to_h
reserve_drain_low,fed_borrowings_depository_institutions_qoq,5,-8.452889032188793,5.939978484664517,-20.095246862131248,3.18946879775366,43,regimes,tdc_residual_z,rolling_oos_standard_deviation,cumulative_sum_h0_to_h
reserve_drain_low,fed_borrowings_depository_institutions_qoq,6,-8.867516855247715,4.883282889807391,-18.4387513192702,0.7037176087747703,43,regimes,tdc_residual_z,rolling_oos_standard_deviation,cumulative_sum_h0_to_h
reserve_drain_low,fed_borrowings_depository_institutions_qoq,7,-7.7918700052181915,4.8260930775067035,-17.25101243713133,1.6672724266949466,42,regimes,tdc_residual_z,rolling_oos_standard_deviation,cumulative_sum_h0_to_h
reserve_drain_low,fed_borrowings_depository_institutions_qoq,8,10.140754041543108,7.916222136490215,-5.3750413459777135,25.65654942906393,41,regimes,tdc_residual_z,rolling_oos_standard_deviation,cumulative_sum_h0_to_h
reserve_drain_low,debt_securities_bank_liability_qoq,0,-0.7374955955052073,2.743483868122012,-6.11472397702435,4.639732786013936,45,regimes,tdc_residual_z,rolling_oos_standard_deviation,cumulative_sum_h0_to_h
reserve_drain_low,debt_securities_bank_liability_qoq,1,-5.648852446032622,5.512881122177514,-16.454099445500546,5.1563945534353035,45,regimes,tdc_residual_z,rolling_oos_standard_deviation,cumulative_sum_h0_to_h
reserve_drain_low,debt_securities_bank_liability_qoq,2,-6.983206254490746,6.733996798789268,-20.18183998011771,6.21542747113622,45,regimes,tdc_residual_z,rolling_oos_standard_deviation,cumulative_sum_h0_to_h
reserve_drain_low,debt_securities_bank_liability_qoq,3,-5.25448814345388,6.669308244861937,-18.326332303383275,7.817356016475516,44,regimes,tdc_residual_z,rolling_oos_standard_deviation,cumulative_sum_h0_to_h
reserve_drain_low,debt_securities_bank_liability_qoq,4,6.705031071890986,7.142372140014041,-7.294018322536536,20.70408046631851,43,regimes,tdc_residual_z,rolling_oos_standard_deviation,cumulative_sum_h0_to_h
reserve_drain_low,debt_securities_bank_liability_qoq,5,20.01223366076603,16.430162415599007,-12.190884673808021,52.21535199534008,43,regimes,tdc_residual_z,rolling_oos_standard_deviation,cumulative_sum_h0_to_h
reserve_drain_low,debt_securities_bank_liability_qoq,6,12.975223786506616,13.489677019924128,-13.464543172544674,39.41499074555791,43,regimes,tdc_residual_z,rolling_oos_standard_deviation,cumulative_sum_h0_to_h
reserve_drain_low,debt_securities_bank_liability_qoq,7,5.351860854068663,11.55746458545052,-17.300769733414356,28.00449144155168,42,regimes,tdc_residual_z,rolling_oos_standard_deviation,cumulative_sum_h0_to_h
reserve_drain_low,debt_securities_bank_liability_qoq,8,4.129374054396389,10.944782361491079,-17.322399374126125,25.581147482918905,41,regimes,tdc_residual_z,rolling_oos_standard_deviation,cumulative_sum_h0_to_h
reserve_drain_low,fhlb_advances_sallie_mae_loans_bank_qoq,0,-4.268128112293795,4.40382981875307,-12.899634557049811,4.363378332462222,45,regimes,tdc_residual_z,rolling_oos_standard_deviation,cumulative_sum_h0_to_h
reserve_drain_low,fhlb_advances_sallie_mae_loans_bank_qoq,1,-12.164635397066014,5.455775501635276,-22.857955380271154,-1.471315413860875,45,regimes,tdc_residual_z,rolling_oos_standard_deviation,cumulative_sum_h0_to_h
reserve_drain_low,fhlb_advances_sallie_mae_loans_bank_qoq,2,-17.83314928610973,6.196439156982124,-29.978170033794694,-5.688128538424767,45,regimes,tdc_residual_z,rolling_oos_standard_deviation,cumulative_sum_h0_to_h
reserve_drain_low,fhlb_advances_sallie_mae_loans_bank_qoq,3,-15.588327262676053,7.8825439772075505,-31.03811345800285,-0.1385410673492551,44,regimes,tdc_residual_z,rolling_oos_standard_deviation,cumulative_sum_h0_to_h
reserve_drain_low,fhlb_advances_sallie_mae_loans_bank_qoq,4,-20.472638428933173,9.521089334906858,-39.13397352535061,-1.811303332515731,43,regimes,tdc_residual_z,rolling_oos_standard_deviation,cumulative_sum_h0_to_h
reserve_drain_low,fhlb_advances_sallie_mae_loans_bank_qoq,5,-18.02349864528549,10.497140894177171,-38.59789479787274,2.550897507301766,43,regimes,tdc_residual_z,rolling_oos_standard_deviation,cumulative_sum_h0_to_h
reserve_drain_low,fhlb_advances_sallie_mae_loans_bank_qoq,6,-14.052184171580423,12.628846893597075,-38.80472408303069,10.700355739869844,43,regimes,tdc_residual_z,rolling_oos_standard_deviation,cumulative_sum_h0_to_h
reserve_drain_low,fhlb_advances_sallie_mae_loans_bank_qoq,7,-3.536662908819718,15.3428517363427,-33.608652312051404,26.535326494411972,42,regimes,tdc_residual_z,rolling_oos_standard_deviation,cumulative_sum_h0_to_h
reserve_drain_low,fhlb_advances_sallie_mae_loans_bank_qoq,8,-0.2652635008925408,19.192557244651407,-37.882675700409294,37.35214869862422,41,regimes,tdc_residual_z,rolling_oos_standard_deviation,cumulative_sum_h0_to_h
reserve_drain_low,commercial_industrial_loans_ex_chargeoffs_qoq,0,4.346610921069494,7.6383814496016935,-10.624616720149824,19.317838562288813,45,regimes,tdc_residual_z,rolling_oos_standard_deviation,cumulative_sum_h0_to_h
reserve_drain_low,commercial_industrial_loans_ex_chargeoffs_qoq,1,1.08382986514727,12.377521890199382,-23.17611303964352,25.34377276993806,45,regimes,tdc_residual_z,rolling_oos_standard_deviation,cumulative_sum_h0_to_h
reserve_drain_low,commercial_industrial_loans_ex_chargeoffs_qoq,2,-15.953273586578112,10.43071960988554,-36.397484021953765,4.490936848797544,45,regimes,tdc_residual_z,rolling_oos_standard_deviation,cumulative_sum_h0_to_h
reserve_drain_low,commercial_industrial_loans_ex_chargeoffs_qoq,3,-15.93229201219879,9.548276136504366,-34.64691323974735,2.782329215349769,44,regimes,tdc_residual_z,rolling_oos_standard_deviation,cumulative_sum_h0_to_h
reserve_drain_low,commercial_industrial_loans_ex_chargeoffs_qoq,4,-16.395209849407166,10.817595989883404,-37.597697989578634,4.807278290764305,43,regimes,tdc_residual_z,rolling_oos_standard_deviation,cumulative_sum_h0_to_h
reserve_drain_low,commercial_industrial_loans_ex_chargeoffs_qoq,5,-16.26301115732474,11.12653052702567,-38.07101099029505,5.544988675645573,43,regimes,tdc_residual_z,rolling_oos_standard_deviation,cumulative_sum_h0_to_h
reserve_drain_low,commercial_industrial_loans_ex_chargeoffs_qoq,6,-21.96639693243241,11.921605236225655,-45.332743195434695,1.399949330569875,43,regimes,tdc_residual_z,rolling_oos_standard_deviation,cumulative_sum_h0_to_h
reserve_drain_low,commercial_industrial_loans_ex_chargeoffs_qoq,7,-14.374668903998106,12.175047186691001,-38.237761389912464,9.488423581916255,42,regimes,tdc_residual_z,rolling_oos_standard_deviation,cumulative_sum_h0_to_h
reserve_drain_low,commercial_industrial_loans_ex_chargeoffs_qoq,8,-14.92368031007899,12.417015698052765,-39.261031078262405,9.41367045810443,41,regimes,tdc_residual_z,rolling_oos_standard_deviation,cumulative_sum_h0_to_h
reserve_drain_low,consumer_loans_ex_chargeoffs_qoq,0,-2.97576257534371,2.291259037402529,-7.4666302886526665,1.5151051379652465,45,regimes,tdc_residual_z,rolling_oos_standard_deviation,cumulative_sum_h0_to_h
reserve_drain_low,consumer_loans_ex_chargeoffs_qoq,1,-7.6988976146139185,2.937909494127247,-13.457200223103323,-1.9405950061245143,45,regimes,tdc_residual_z,rolling_oos_standard_deviation,cumulative_sum_h0_to_h
reserve_drain_low,consumer_loans_ex_chargeoffs_qoq,2,-8.679261768461727,3.6195356870833577,-15.773551715145107,-1.5849718217783453,45,regimes,tdc_residual_z,rolling_oos_standard_deviation,cumulative_sum_h0_to_h
reserve_drain_low,consumer_loans_ex_chargeoffs_qoq,3,-7.038848983523303,4.312923143372105,-15.492178344532629,1.414480377486023,44,regimes,tdc_residual_z,rolling_oos_standard_deviation,cumulative_sum_h0_to_h
reserve_drain_low,consumer_loans_ex_chargeoffs_qoq,4,0.8500089805769218,5.052126525707953,-9.052159009810666,10.75217697096451,43,regimes,tdc_residual_z,rolling_oos_standard_deviation,cumulative_sum_h0_to_h
reserve_drain_low,consumer_loans_ex_chargeoffs_qoq,5,10.768017295946894,10.42069835604794,-9.656551481907066,31.192586073800854,43,regimes,tdc_residual_z,rolling_oos_standard_deviation,cumulative_sum_h0_to_h
reserve_drain_low,consumer_loans_ex_chargeoffs_qoq,6,4.782648391480633,7.979386499002739,-10.856949146564736,20.422245929526,43,regimes,tdc_residual_z,rolling_oos_standard_deviation,cumulative_sum_h0_to_h
reserve_drain_low,consumer_loans_ex_chargeoffs_qoq,7,2.594897972286661,8.154892293952287,-13.388690923859821,18.578486868433142,42,regimes,tdc_residual_z,rolling_oos_standard_deviation,cumulative_sum_h0_to_h
reserve_drain_low,consumer_loans_ex_chargeoffs_qoq,8,3.142636200161982,7.825044467466735,-12.194450956072817,18.479723356396782,41,regimes,tdc_residual_z,rolling_oos_standard_deviation,cumulative_sum_h0_to_h
reserve_drain_low,credit_card_revolving_loans_ex_chargeoffs_qoq,0,-1.2987025677213317,1.4788700671432884,-4.197287899322177,1.5998827638795134,45,regimes,tdc_residual_z,rolling_oos_standard_deviation,cumulative_sum_h0_to_h
reserve_drain_low,credit_card_revolving_loans_ex_chargeoffs_qoq,1,-6.722205022693524,2.3569772995536975,-11.34188052981877,-2.1025295155682775,45,regimes,tdc_residual_z,rolling_oos_standard_deviation,cumulative_sum_h0_to_h
reserve_drain_low,credit_card_revolving_loans_ex_chargeoffs_qoq,2,-7.866791741143496,2.8569178821187897,-13.466350790096325,-2.2672326921906683,45,regimes,tdc_residual_z,rolling_oos_standard_deviation,cumulative_sum_h0_to_h
reserve_drain_low,credit_card_revolving_loans_ex_chargeoffs_qoq,3,-7.157237189228622,3.466565766881804,-13.951706092316957,-0.36276828614028656,44,regimes,tdc_residual_z,rolling_oos_standard_deviation,cumulative_sum_h0_to_h
reserve_drain_low,credit_card_revolving_loans_ex_chargeoffs_qoq,4,-0.19564987012099966,4.438791078753696,-8.895680384478243,8.504380644236246,43,regimes,tdc_residual_z,rolling_oos_standard_deviation,cumulative_sum_h0_to_h
reserve_drain_low,credit_card_revolving_loans_ex_chargeoffs_qoq,5,8.964864979445176,10.536261933522534,-11.68620841025899,29.61593836914934,43,regimes,tdc_residual_z,rolling_oos_standard_deviation,cumulative_sum_h0_to_h
reserve_drain_low,credit_card_revolving_loans_ex_chargeoffs_qoq,6,3.0456898221419557,7.940311444899759,-12.517320609861573,18.608700254145482,43,regimes,tdc_residual_z,rolling_oos_standard_deviation,cumulative_sum_h0_to_h
reserve_drain_low,credit_card_revolving_loans_ex_chargeoffs_qoq,7,0.6980707296731059,7.63349149807167,-14.263572606547369,15.65971406589358,42,regimes,tdc_residual_z,rolling_oos_standard_deviation,cumulative_sum_h0_to_h
reserve_drain_low,credit_card_revolving_loans_ex_chargeoffs_qoq,8,1.7062300111770057,7.271837623087353,-12.546571730074206,15.959031752428217,41,regimes,tdc_residual_z,rolling_oos_standard_deviation,cumulative_sum_h0_to_h
reserve_drain_low,other_consumer_loans_ex_chargeoffs_qoq,0,-1.6872599101867192,1.1417000755935964,-3.924992058350168,0.5504722379767297,45,regimes,tdc_residual_z,rolling_oos_standard_deviation,cumulative_sum_h0_to_h
reserve_drain_low,other_consumer_loans_ex_chargeoffs_qoq,1,-1.095183328331324,1.0927978339229252,-3.237067082820257,1.0467004261576092,45,regimes,tdc_residual_z,rolling_oos_standard_deviation,cumulative_sum_h0_to_h
reserve_drain_low,other_consumer_loans_ex_chargeoffs_qoq,2,-0.9104889015165231,1.4582259646777853,-3.7686117922849824,1.947633989251936,45,regimes,tdc_residual_z,rolling_oos_standard_deviation,cumulative_sum_h0_to_h
reserve_drain_low,other_consumer_loans_ex_chargeoffs_qoq,3,0.3061730337612558,1.53819347746021,-2.7086861820607555,3.321032249583267,44,regimes,tdc_residual_z,rolling_oos_standard_deviation,cumulative_sum_h0_to_h
reserve_drain_low,other_consumer_loans_ex_chargeoffs_qoq,4,0.809177574773425,1.8416874406434613,-2.8005298088877595,4.418884958434609,43,regimes,tdc_residual_z,rolling_oos_standard_deviation,cumulative_sum_h0_to_h
reserve_drain_low,other_consumer_loans_ex_chargeoffs_qoq,5,1.7281668366382967,2.133914232037038,-2.4543050581542976,5.9106387314308915,43,regimes,tdc_residual_z,rolling_oos_standard_deviation,cumulative_sum_h0_to_h
reserve_drain_low,other_consumer_loans_ex_chargeoffs_qoq,6,1.52014685342896,2.201117767490813,-2.794043970853034,5.834337677710954,43,regimes,tdc_residual_z,rolling_oos_standard_deviation,cumulative_sum_h0_to_h
reserve_drain_low,other_consumer_loans_ex_chargeoffs_qoq,7,1.6932187417367415,2.786967606390554,-3.769237766788744,7.1556752502622265,42,regimes,tdc_residual_z,rolling_oos_standard_deviation,cumulative_sum_h0_to_h
reserve_drain_low,other_consumer_loans_ex_chargeoffs_qoq,8,1.3443053688105604,3.0325422592835984,-4.599477459385293,7.288088197006413,41,regimes,tdc_residual_z,rolling_oos_standard_deviation,cumulative_sum_h0_to_h
reserve_drain_low,closed_end_residential_loans_ex_chargeoffs_qoq,0,1.3600820533160942,3.2627784698347533,-5.034963747560022,7.75512785419221,41,regimes,tdc_residual_z,rolling_oos_standard_deviation,cumulative_sum_h0_to_h
reserve_drain_low,closed_end_residential_loans_ex_chargeoffs_qoq,1,-0.7004141602704764,3.7076514917066468,-7.967411084015504,6.5665827634745515,41,regimes,tdc_residual_z,rolling_oos_standard_deviation,cumulative_sum_h0_to_h
reserve_drain_low,closed_end_residential_loans_ex_chargeoffs_qoq,2,-3.5925282311295312,4.0192669768185585,-11.470291505693906,4.285235043434843,41,regimes,tdc_residual_z,rolling_oos_standard_deviation,cumulative_sum_h0_to_h
reserve_drain_low,closed_end_residential_loans_ex_chargeoffs_qoq,3,-4.293384159195912,3.669103123275712,-11.484826280816307,2.8980579624244838,40,regimes,tdc_residual_z,rolling_oos_standard_deviation,cumulative_sum_h0_to_h
reserve_drain_low,closed_end_residential_loans_ex_chargeoffs_qoq,4,0.048177533950720886,5.361530386843177,-10.460422024261906,10.556777092163347,39,regimes,tdc_residual_z,rolling_oos_standard_deviation,cumulative_sum_h0_to_h
reserve_drain_low,closed_end_residential_loans_ex_chargeoffs_qoq,5,-0.1424184817718137,5.265454473992812,-10.462709250797726,10.177872287254097,39,regimes,tdc_residual_z,rolling_oos_standard_deviation,cumulative_sum_h0_to_h
reserve_drain_low,closed_end_residential_loans_ex_chargeoffs_qoq,6,-2.6662474053098872,6.398961407617552,-15.20821176424029,9.875716953620515,39,regimes,tdc_residual_z,rolling_oos_standard_deviation,cumulative_sum_h0_to_h
reserve_drain_low,closed_end_residential_loans_ex_chargeoffs_qoq,7,-0.32467779197503255,5.89278908584485,-11.874544400230938,11.225188816280873,38,regimes,tdc_residual_z,rolling_oos_standard_deviation,cumulative_sum_h0_to_h
reserve_drain_low,closed_end_residential_loans_ex_chargeoffs_qoq,8,1.4285062954527472,5.532516057730583,-9.415225177699195,12.27223776860469,37,regimes,tdc_residual_z,rolling_oos_standard_deviation,cumulative_sum_h0_to_h
reserve_drain_low,cb_nonts_qoq,0,37.016188565585566,15.976595858988714,5.702060681967687,68.33031644920345,45,regimes,tdc_residual_z,rolling_oos_standard_deviation,cumulative_sum_h0_to_h
reserve_drain_low,cb_nonts_qoq,1,48.31152810005753,45.138769392348706,-40.16045990894594,136.783516109061,45,regimes,tdc_residual_z,rolling_oos_standard_deviation,cumulative_sum_h0_to_h
reserve_drain_low,cb_nonts_qoq,2,32.22318850607057,48.75132362620896,-63.32940580129899,127.77578281344013,45,regimes,tdc_residual_z,rolling_oos_standard_deviation,cumulative_sum_h0_to_h
reserve_drain_low,cb_nonts_qoq,3,47.299949318912496,49.585424463460825,-49.887482629470725,144.48738126729572,44,regimes,tdc_residual_z,rolling_oos_standard_deviation,cumulative_sum_h0_to_h
reserve_drain_low,cb_nonts_qoq,4,74.16651803344273,55.38041265413569,-34.37909076866322,182.71212683554867,43,regimes,tdc_residual_z,rolling_oos_standard_deviation,cumulative_sum_h0_to_h
reserve_drain_low,cb_nonts_qoq,5,39.35191372548451,58.1497998722885,-74.62169402420095,153.32552147516998,43,regimes,tdc_residual_z,rolling_oos_standard_deviation,cumulative_sum_h0_to_h
reserve_drain_low,cb_nonts_qoq,6,14.883919603815421,61.22991434614237,-105.12671251462362,134.89455172225448,43,regimes,tdc_residual_z,rolling_oos_standard_deviation,cumulative_sum_h0_to_h
reserve_drain_low,cb_nonts_qoq,7,14.735681622493047,64.95765276910925,-112.58131780496107,142.05268104994718,42,regimes,tdc_residual_z,rolling_oos_standard_deviation,cumulative_sum_h0_to_h
reserve_drain_low,cb_nonts_qoq,8,60.10149511640114,65.64347253248545,-68.55971104727033,188.7627012800726,41,regimes,tdc_residual_z,rolling_oos_standard_deviation,cumulative_sum_h0_to_h
reserve_drain_low,tga_qoq,0,-36.474544996817635,20.816834667951138,-77.27554094600185,4.326450952366592,45,regimes,tdc_residual_z,rolling_oos_standard_deviation,cumulative_sum_h0_to_h
reserve_drain_low,tga_qoq,1,-26.424398163213827,35.71964371144788,-96.43489983765167,43.586103511224024,45,regimes,tdc_residual_z,rolling_oos_standard_deviation,cumulative_sum_h0_to_h
reserve_drain_low,tga_qoq,2,-43.23404261159566,48.3691056289596,-138.03748964435647,51.56940442116515,45,regimes,tdc_residual_z,rolling_oos_standard_deviation,cumulative_sum_h0_to_h
reserve_drain_low,tga_qoq,3,-29.748253156002605,47.43140180686763,-122.71380069746317,63.21729438545796,44,regimes,tdc_residual_z,rolling_oos_standard_deviation,cumulative_sum_h0_to_h
reserve_drain_low,tga_qoq,4,-27.582196912401088,33.61107360743487,-93.45990118297343,38.29550735817125,43,regimes,tdc_residual_z,rolling_oos_standard_deviation,cumulative_sum_h0_to_h
reserve_drain_low,tga_qoq,5,-25.521731758292358,25.682416560330857,-75.85926821654084,24.81580469995612,43,regimes,tdc_residual_z,rolling_oos_standard_deviation,cumulative_sum_h0_to_h
reserve_drain_low,tga_qoq,6,-49.346380576536916,27.633102844589946,-103.50726215193322,4.81450099885938,43,regimes,tdc_residual_z,rolling_oos_standard_deviation,cumulative_sum_h0_to_h
reserve_drain_low,tga_qoq,7,-55.45926131142921,38.74893510472262,-131.40717411668555,20.488651493827128,42,regimes,tdc_residual_z,rolling_oos_standard_deviation,cumulative_sum_h0_to_h
reserve_drain_low,tga_qoq,8,-60.59538935441289,44.86871778301914,-148.5380762091304,27.347297500304634,41,regimes,tdc_residual_z,rolling_oos_standard_deviation,cumulative_sum_h0_to_h
reserve_drain_low,reserves_qoq,0,76.92744155829925,12.523862481209713,52.380671095128214,101.4742120214703,45,regimes,tdc_residual_z,rolling_oos_standard_deviation,cumulative_sum_h0_to_h
reserve_drain_low,reserves_qoq,1,78.99411690304905,30.047116765864136,20.101768041955346,137.88646576414274,45,regimes,tdc_residual_z,rolling_oos_standard_deviation,cumulative_sum_h0_to_h
reserve_drain_low,reserves_qoq,2,77.91381670871186,42.75542757450994,-5.886821337327618,161.71445475475133,45,regimes,tdc_residual_z,rolling_oos_standard_deviation,cumulative_sum_h0_to_h
reserve_drain_low,reserves_qoq,3,78.33282468298725,41.870027627175844,-3.732429466277395,160.39807883225188,44,regimes,tdc_residual_z,rolling_oos_standard_deviation,cumulative_sum_h0_to_h
reserve_drain_low,reserves_qoq,4,101.4291479004136,54.587985299596326,-5.563303286795204,208.42159908762238,43,regimes,tdc_residual_z,rolling_oos_standard_deviation,cumulative_sum_h0_to_h
reserve_drain_low,reserves_qoq,5,63.745324569089014,54.40810080254825,-42.89455300390555,170.38520214208359,43,regimes,tdc_residual_z,rolling_oos_standard_deviation,cumulative_sum_h0_to_h
reserve_drain_low,reserves_qoq,6,64.68220760866235,65.25260276782393,-63.212893816272555,192.57730903359726,43,regimes,tdc_residual_z,rolling_oos_standard_deviation,cumulative_sum_h0_to_h
reserve_drain_low,reserves_qoq,7,69.0488346097529,62.83564119001678,-54.10902212267999,192.2066913421858,42,regimes,tdc_residual_z,rolling_oos_standard_deviation,cumulative_sum_h0_to_h
reserve_drain_low,reserves_qoq,8,117.31022980786905,54.83803617542307,9.827678904039828,224.79278071169827,41,regimes,tdc_residual_z,rolling_oos_standard_deviation,cumulative_sum_h0_to_h
reserve_drain_low,foreign_nonts_qoq,0,29.307484628260287,10.75939583344065,8.219068794716616,50.39590046180396,45,regimes,tdc_residual_z,rolling_oos_standard_deviation,cumulative_sum_h0_to_h
reserve_drain_low,foreign_nonts_qoq,1,10.029418002481185,8.263105040193977,-6.1662678762990115,26.225103881261383,45,regimes,tdc_residual_z,rolling_oos_standard_deviation,cumulative_sum_h0_to_h
reserve_drain_low,foreign_nonts_qoq,2,10.79670466533204,8.658331725670887,-6.173625516982899,27.76703484764698,45,regimes,tdc_residual_z,rolling_oos_standard_deviation,cumulative_sum_h0_to_h
reserve_drain_low,foreign_nonts_qoq,3,18.333721013787873,7.494494670400346,3.6445114598031942,33.02293056777255,44,regimes,tdc_residual_z,rolling_oos_standard_deviation,cumulative_sum_h0_to_h
reserve_drain_low,foreign_nonts_qoq,4,21.865550005932157,9.443792808149935,3.3557161019582864,40.37538390990603,43,regimes,tdc_residual_z,rolling_oos_standard_deviation,cumulative_sum_h0_to_h
reserve_drain_low,foreign_nonts_qoq,5,14.378640214179123,9.606947103971779,-4.450976109605561,33.208256537963805,43,regimes,tdc_residual_z,rolling_oos_standard_deviation,cumulative_sum_h0_to_h
reserve_drain_low,foreign_nonts_qoq,6,15.942304572611349,11.499457835425881,-6.5966327848233774,38.481241930046075,43,regimes,tdc_residual_z,rolling_oos_standard_deviation,cumulative_sum_h0_to_h
reserve_drain_low,foreign_nonts_qoq,7,19.396602884420943,11.09867324761262,-2.356796680899791,41.15000244974168,42,regimes,tdc_residual_z,rolling_oos_standard_deviation,cumulative_sum_h0_to_h
reserve_drain_low,foreign_nonts_qoq,8,35.25414961888009,12.957101453935383,9.858230769166742,60.650068468593446,41,regimes,tdc_residual_z,rolling_oos_standard_deviation,cumulative_sum_h0_to_h
reserve_drain_low,domestic_nonfinancial_mmf_reallocation_qoq,0,-27.353608962047595,11.194185102072813,-49.29421176211031,-5.413006161984882,45,regimes,tdc_residual_z,rolling_oos_standard_deviation,cumulative_sum_h0_to_h
reserve_drain_low,domestic_nonfinancial_mmf_reallocation_qoq,1,-21.876189229628167,17.214148738007907,-55.615920756123664,11.86354229686733,45,regimes,tdc_residual_z,rolling_oos_standard_deviation,cumulative_sum_h0_to_h
reserve_drain_low,domestic_nonfinancial_mmf_reallocation_qoq,2,6.415550446666732,18.074571912909803,-29.010610502636485,41.84171139596995,45,regimes,tdc_residual_z,rolling_oos_standard_deviation,cumulative_sum_h0_to_h
reserve_drain_low,domestic_nonfinancial_mmf_reallocation_qoq,3,0.21485400442650437,19.95169367731325,-38.890465603107465,39.32017361196048,44,regimes,tdc_residual_z,rolling_oos_standard_deviation,cumulative_sum_h0_to_h
reserve_drain_low,domestic_nonfinancial_mmf_reallocation_qoq,4,1.9178249631518263,20.897018944774402,-39.040332168606,42.87598209490966,43,regimes,tdc_residual_z,rolling_oos_standard_deviation,cumulative_sum_h0_to_h
reserve_drain_low,domestic_nonfinancial_mmf_reallocation_qoq,5,14.104918779739307,25.109923694978423,-35.1105316624184,63.32036922189702,43,regimes,tdc_residual_z,rolling_oos_standard_deviation,cumulative_sum_h0_to_h
reserve_drain_low,domestic_nonfinancial_mmf_reallocation_qoq,6,21.679151132162403,24.975285293825667,-27.2724080437359,70.63071030806071,43,regimes,tdc_residual_z,rolling_oos_standard_deviation,cumulative_sum_h0_to_h
reserve_drain_low,domestic_nonfinancial_mmf_reallocation_qoq,7,-7.146684285443591,25.48726926510088,-57.10173204504132,42.808363474154135,42,regimes,tdc_residual_z,rolling_oos_standard_deviation,cumulative_sum_h0_to_h
reserve_drain_low,domestic_nonfinancial_mmf_reallocation_qoq,8,-27.993845921582817,29.25524570212022,-85.33412749773845,29.346435654572815,41,regimes,tdc_residual_z,rolling_oos_standard_deviation,cumulative_sum_h0_to_h
reserve_drain_low,domestic_nonfinancial_repo_reallocation_qoq,0,-0.3736364473778844,0.8016760099947455,-1.9449214269675856,1.1976485322118169,45,regimes,tdc_residual_z,rolling_oos_standard_deviation,cumulative_sum_h0_to_h
reserve_drain_low,domestic_nonfinancial_repo_reallocation_qoq,1,-0.5256646324907548,1.3087161259290967,-3.090748239311784,2.0394189743302746,45,regimes,tdc_residual_z,rolling_oos_standard_deviation,cumulative_sum_h0_to_h
reserve_drain_low,domestic_nonfinancial_repo_reallocation_qoq,2,-1.1758826387409953,1.3024844739793031,-3.7287522077404294,1.3769869302584388,45,regimes,tdc_residual_z,rolling_oos_standard_deviation,cumulative_sum_h0_to_h
reserve_drain_low,domestic_nonfinancial_repo_reallocation_qoq,3,-1.8709864872284914,1.4683979388453023,-4.749046447365284,1.0070734729083013,44,regimes,tdc_residual_z,rolling_oos_standard_deviation,cumulative_sum_h0_to_h
reserve_drain_low,domestic_nonfinancial_repo_reallocation_qoq,4,-1.0123378529345965,1.2160021763609359,-3.3957021186020304,1.3710264127328375,43,regimes,tdc_residual_z,rolling_oos_standard_deviation,cumulative_sum_h0_to_h
reserve_drain_low,domestic_nonfinancial_repo_reallocation_qoq,5,-0.9147163336273921,1.7074125360035948,-4.261244904194438,2.4318122369396535,43,regimes,tdc_residual_z,rolling_oos_standard_deviation,cumulative_sum_h0_to_h
reserve_drain_low,domestic_nonfinancial_repo_reallocation_qoq,6,-1.0602371388150928,1.7347091173268816,-4.460267008775781,2.339792731145595,43,regimes,tdc_residual_z,rolling_oos_standard_deviation,cumulative_sum_h0_to_h
reserve_drain_low,domestic_nonfinancial_repo_reallocation_qoq,7,-1.8248407742063866,2.021753595120603,-5.787477820642769,2.1377962722299952,42,regimes,tdc_residual_z,rolling_oos_standard_deviation,cumulative_sum_h0_to_h
reserve_drain_low,domestic_nonfinancial_repo_reallocation_qoq,8,-2.293692666950662,2.0615857293202144,-6.334400696418282,1.747015362516958,41,regimes,tdc_residual_z,rolling_oos_standard_deviation,cumulative_sum_h0_to_h
reserve_drain_low,on_rrp_reallocation_qoq,0,-0.018076279314194203,0.009114214352054334,-0.0359401394442207,-0.00021241918416770728,24,regimes,tdc_residual_z,rolling_oos_standard_deviation,cumulative_sum_h0_to_h
reserve_drain_low,on_rrp_reallocation_qoq,1,-0.08491934588025934,0.026321526425032906,-0.13650953767332386,-0.03332915408719485,22,regimes,tdc_residual_z,rolling_oos_standard_deviation,cumulative_sum_h0_to_h
reserve_drain_low,on_rrp_reallocation_qoq,2,-0.1457157455933543,0.030076545068915835,-0.20466577392842933,-0.08676571725827925,21,regimes,tdc_residual_z,rolling_oos_standard_deviation,cumulative_sum_h0_to_h
reserve_drain_low,on_rrp_reallocation_qoq,3,-0.1910504824132398,0.025417466289849203,-0.24086871634134424,-0.14123224848513535,20,regimes,tdc_residual_z,rolling_oos_standard_deviation,cumulative_sum_h0_to_h
reserve_drain_low,on_rrp_reallocation_qoq,4,-0.18653915814601002,0.012574579147626873,-0.21118533327535868,-0.16189298301666136,19,regimes,tdc_residual_z,rolling_oos_standard_deviation,cumulative_sum_h0_to_h
reserve_drain_low,on_rrp_reallocation_qoq,5,-0.3160844736241232,0.016290768444144094,-0.3480143797746456,-0.28415456747360074,19,regimes,tdc_residual_z,rolling_oos_standard_deviation,cumulative_sum_h0_to_h
reserve_drain_low,on_rrp_reallocation_qoq,6,-0.3760214860371699,0.03505375870879395,-0.44472685310640603,-0.30731611896793376,19,regimes,tdc_residual_z,rolling_oos_standard_deviation,cumulative_sum_h0_to_h
reserve_drain_low,on_rrp_reallocation_qoq,7,-0.44707751039099797,0.03769905399998967,-0.5209676562309777,-0.3731873645510182,18,regimes,tdc_residual_z,rolling_oos_standard_deviation,cumulative_sum_h0_to_h
reserve_drain_low,on_rrp_reallocation_qoq,8,-0.44476977275754087,0.03847026013720489,-0.5201714826264625,-0.3693680628886193,17,regimes,tdc_residual_z,rolling_oos_standard_deviation,cumulative_sum_h0_to_h
reserve_drain_low,household_treasury_securities_reallocation_qoq,0,19.569887892801667,13.601888330434274,-7.089813234849512,46.22958902045285,45,regimes,tdc_residual_z,rolling_oos_standard_deviation,cumulative_sum_h0_to_h
reserve_drain_low,household_treasury_securities_reallocation_qoq,1,44.33448508764612,24.436361920330764,-3.5607842762021775,92.22975445149441,45,regimes,tdc_residual_z,rolling_oos_standard_deviation,cumulative_sum_h0_to_h
reserve_drain_low,household_treasury_securities_reallocation_qoq,2,30.82205830774084,21.99358433029653,-12.285366979640365,73.92948359512204,45,regimes,tdc_residual_z,rolling_oos_standard_deviation,cumulative_sum_h0_to_h
reserve_drain_low,household_treasury_securities_reallocation_qoq,3,36.17155580661159,34.189544850848314,-30.839952101051097,103.18306371427428,44,regimes,tdc_residual_z,rolling_oos_standard_deviation,cumulative_sum_h0_to_h
reserve_drain_low,household_treasury_securities_reallocation_qoq,4,49.97022282171566,40.75269195111005,-29.905053402460034,129.84549904589136,43,regimes,tdc_residual_z,rolling_oos_standard_deviation,cumulative_sum_h0_to_h
reserve_drain_low,household_treasury_securities_reallocation_qoq,5,50.13674332812462,50.5151041711283,-48.872860847286844,149.1463475035361,43,regimes,tdc_residual_z,rolling_oos_standard_deviation,cumulative_sum_h0_to_h
reserve_drain_low,household_treasury_securities_reallocation_qoq,6,31.993002798992435,45.65222085217329,-57.48535007126722,121.47135566925209,43,regimes,tdc_residual_z,rolling_oos_standard_deviation,cumulative_sum_h0_to_h
reserve_drain_low,household_treasury_securities_reallocation_qoq,7,28.684506216458587,44.40289338131311,-58.34516481091511,115.71417724383228,42,regimes,tdc_residual_z,rolling_oos_standard_deviation,cumulative_sum_h0_to_h
reserve_drain_low,household_treasury_securities_reallocation_qoq,8,18.464147629412345,37.19729116577716,-54.44254305551089,91.37083831433557,41,regimes,tdc_residual_z,rolling_oos_standard_deviation,cumulative_sum_h0_to_h
reserve_drain_low,mmf_treasury_bills_reallocation_qoq,0,0.10191376664730978,8.273639286085073,-16.11441923407943,16.318246767374053,45,regimes,tdc_residual_z,rolling_oos_standard_deviation,cumulative_sum_h0_to_h
reserve_drain_low,mmf_treasury_bills_reallocation_qoq,1,2.523981496953269,32.68201141012585,-61.5327608668934,66.58072386079994,45,regimes,tdc_residual_z,rolling_oos_standard_deviation,cumulative_sum_h0_to_h
reserve_drain_low,mmf_treasury_bills_reallocation_qoq,2,28.090179019932894,38.09452525480053,-46.575090479476145,102.75544851934193,45,regimes,tdc_residual_z,rolling_oos_standard_deviation,cumulative_sum_h0_to_h
reserve_drain_low,mmf_treasury_bills_reallocation_qoq,3,22.717130395371136,33.68486037523961,-43.30519594009849,88.73945673084077,44,regimes,tdc_residual_z,rolling_oos_standard_deviation,cumulative_sum_h0_to_h
reserve_drain_low,mmf_treasury_bills_reallocation_qoq,4,5.897724320502476,34.46030723966877,-61.64447786924832,73.43992651025327,43,regimes,tdc_residual_z,rolling_oos_standard_deviation,cumulative_sum_h0_to_h
reserve_drain_low,mmf_treasury_bills_reallocation_qoq,5,36.14140322744339,34.17098653682796,-30.83373038473941,103.11653683962619,43,regimes,tdc_residual_z,rolling_oos_standard_deviation,cumulative_sum_h0_to_h
reserve_drain_low,mmf_treasury_bills_reallocation_qoq,6,64.91209825453215,34.03762085446289,-1.8016386202151011,131.6258351292794,43,regimes,tdc_residual_z,rolling_oos_standard_deviation,cumulative_sum_h0_to_h
reserve_drain_low,mmf_treasury_bills_reallocation_qoq,7,70.36153715100302,41.1014052041613,-10.197217049153139,150.92029135115916,42,regimes,tdc_residual_z,rolling_oos_standard_deviation,cumulative_sum_h0_to_h
reserve_drain_low,mmf_treasury_bills_reallocation_qoq,8,58.855479988096654,43.157443632698374,-25.733109531992163,143.44406950818546,41,regimes,tdc_residual_z,rolling_oos_standard_deviation,cumulative_sum_h0_to_h
reserve_drain_low,currency_reallocation_qoq,0,-1.1921979949885253,0.8972010661917247,-2.9507120847243056,0.566316094747255,45,regimes,tdc_residual_z,rolling_oos_standard_deviation,cumulative_sum_h0_to_h
reserve_drain_low,currency_reallocation_qoq,1,-4.02952701590903,1.7819136094395445,-7.522077690410537,-0.5369763414075233,45,regimes,tdc_residual_z,rolling_oos_standard_deviation,cumulative_sum_h0_to_h
reserve_drain_low,currency_reallocation_qoq,2,-2.622929241489853,2.8145362397503773,-8.139420271400592,2.893561788420886,45,regimes,tdc_residual_z,rolling_oos_standard_deviation,cumulative_sum_h0_to_h
reserve_drain_low,currency_reallocation_qoq,3,-2.2097221621051832,3.3403526569430873,-8.756813369713635,4.337369045503268,44,regimes,tdc_residual_z,rolling_oos_standard_deviation,cumulative_sum_h0_to_h
reserve_drain_low,currency_reallocation_qoq,4,-3.3207976734684843,3.862161228755458,-10.890633681829183,4.249038334892213,43,regimes,tdc_residual_z,rolling_oos_standard_deviation,cumulative_sum_h0_to_h
reserve_drain_low,currency_reallocation_qoq,5,-4.04114467007959,4.758825354105725,-13.36844236412681,5.286153023967631,43,regimes,tdc_residual_z,rolling_oos_standard_deviation,cumulative_sum_h0_to_h
reserve_drain_low,currency_reallocation_qoq,6,-1.8025800410417179,4.77958493881401,-11.170566521117179,7.565406439033742,43,regimes,tdc_residual_z,rolling_oos_standard_deviation,cumulative_sum_h0_to_h
reserve_drain_low,currency_reallocation_qoq,7,-2.373569607959454,5.050799018225101,-12.273135683680653,7.525996467761744,42,regimes,tdc_residual_z,rolling_oos_standard_deviation,cumulative_sum_h0_to_h
reserve_drain_low,currency_reallocation_qoq,8,-3.5268423853291986,5.123120799457381,-13.568159152265665,6.514474381607268,41,regimes,tdc_residual_z,rolling_oos_standard_deviation,cumulative_sum_h0_to_h
