period_variant,period_role,start_quarter,end_quarter,outcome,horizon,beta,se,lower95,upper95,n,spec_name,shock_column,shock_scale,response_type
all_usable,headline,2009Q1,2025Q4,tdc_bank_only_qoq,0,121.8893452773948,15.61115350367115,91.29148441019935,152.48720614459026,68,period_sensitivity,tdc_residual_z,rolling_oos_standard_deviation,cumulative_sum_h0_to_h
all_usable,headline,2009Q1,2025Q4,tdc_bank_only_qoq,1,167.29172548753587,28.752093242917855,110.93762273141687,223.64582824365488,67,period_sensitivity,tdc_residual_z,rolling_oos_standard_deviation,cumulative_sum_h0_to_h
all_usable,headline,2009Q1,2025Q4,tdc_bank_only_qoq,2,224.47508649573086,45.66511445656883,134.97146216085596,313.9787108306058,66,period_sensitivity,tdc_residual_z,rolling_oos_standard_deviation,cumulative_sum_h0_to_h
all_usable,headline,2009Q1,2025Q4,tdc_bank_only_qoq,3,212.00936741639072,58.84475860419192,96.67364055217456,327.3450942806069,65,period_sensitivity,tdc_residual_z,rolling_oos_standard_deviation,cumulative_sum_h0_to_h
all_usable,headline,2009Q1,2025Q4,tdc_bank_only_qoq,4,259.0280920806607,70.11957920337397,121.59371684204774,396.4624673192737,64,period_sensitivity,tdc_residual_z,rolling_oos_standard_deviation,cumulative_sum_h0_to_h
all_usable,headline,2009Q1,2025Q4,tdc_bank_only_qoq,5,257.493804450933,85.27804749361826,90.3488313634412,424.6387775384248,63,period_sensitivity,tdc_residual_z,rolling_oos_standard_deviation,cumulative_sum_h0_to_h
all_usable,headline,2009Q1,2025Q4,tdc_bank_only_qoq,6,304.36727114605844,101.31374615044298,105.79232869119019,502.9422136009267,62,period_sensitivity,tdc_residual_z,rolling_oos_standard_deviation,cumulative_sum_h0_to_h
all_usable,headline,2009Q1,2025Q4,tdc_bank_only_qoq,7,296.9757629127905,109.86178448016169,81.6466653316736,512.3048604939074,61,period_sensitivity,tdc_residual_z,rolling_oos_standard_deviation,cumulative_sum_h0_to_h
all_usable,headline,2009Q1,2025Q4,tdc_bank_only_qoq,8,329.22970247137005,110.72840278777275,112.20203300733544,546.2573719354046,60,period_sensitivity,tdc_residual_z,rolling_oos_standard_deviation,cumulative_sum_h0_to_h
all_usable,headline,2009Q1,2025Q4,total_deposits_bank_qoq,0,42.35056975590629,21.594522955641526,0.02530476284890426,84.67583474896368,68,period_sensitivity,tdc_residual_z,rolling_oos_standard_deviation,cumulative_sum_h0_to_h
all_usable,headline,2009Q1,2025Q4,total_deposits_bank_qoq,1,77.3162922614691,50.478420315200545,-21.621411556323963,176.25399607926215,67,period_sensitivity,tdc_residual_z,rolling_oos_standard_deviation,cumulative_sum_h0_to_h
all_usable,headline,2009Q1,2025Q4,total_deposits_bank_qoq,2,91.55313068199787,60.00511832931087,-26.056901243451435,209.1631626074472,66,period_sensitivity,tdc_residual_z,rolling_oos_standard_deviation,cumulative_sum_h0_to_h
all_usable,headline,2009Q1,2025Q4,total_deposits_bank_qoq,3,112.33099057811768,71.06627843130889,-26.95891514724775,251.6208963034831,65,period_sensitivity,tdc_residual_z,rolling_oos_standard_deviation,cumulative_sum_h0_to_h
all_usable,headline,2009Q1,2025Q4,total_deposits_bank_qoq,4,125.81562971869702,89.75750232301829,-50.10907483441882,301.74033427181286,64,period_sensitivity,tdc_residual_z,rolling_oos_standard_deviation,cumulative_sum_h0_to_h
all_usable,headline,2009Q1,2025Q4,total_deposits_bank_qoq,5,97.92166459581803,95.8621232568154,-89.96809698754014,285.8114261791762,63,period_sensitivity,tdc_residual_z,rolling_oos_standard_deviation,cumulative_sum_h0_to_h
all_usable,headline,2009Q1,2025Q4,total_deposits_bank_qoq,6,70.63830749627411,100.76544498001971,-126.86196466456451,268.1385796571127,62,period_sensitivity,tdc_residual_z,rolling_oos_standard_deviation,cumulative_sum_h0_to_h
all_usable,headline,2009Q1,2025Q4,total_deposits_bank_qoq,7,70.32120088550681,107.99721039045838,-141.3533314797916,281.9957332508052,61,period_sensitivity,tdc_residual_z,rolling_oos_standard_deviation,cumulative_sum_h0_to_h
all_usable,headline,2009Q1,2025Q4,total_deposits_bank_qoq,8,70.94601369522857,113.06552734472059,-150.6624199004238,292.55444729088094,60,period_sensitivity,tdc_residual_z,rolling_oos_standard_deviation,cumulative_sum_h0_to_h
all_usable,headline,2009Q1,2025Q4,other_component_qoq,0,-78.49662032115491,19.04518512205162,-115.82518316037608,-41.16805748193373,68,period_sensitivity,tdc_residual_z,rolling_oos_standard_deviation,cumulative_sum_h0_to_h
all_usable,headline,2009Q1,2025Q4,other_component_qoq,1,-87.54632571421749,43.80419312421718,-173.40254423768317,-1.6901071907518173,67,period_sensitivity,tdc_residual_z,rolling_oos_standard_deviation,cumulative_sum_h0_to_h
all_usable,headline,2009Q1,2025Q4,other_component_qoq,2,-122.24351383026142,50.89491297164339,-221.99754325468245,-22.489484405840372,66,period_sensitivity,tdc_residual_z,rolling_oos_standard_deviation,cumulative_sum_h0_to_h
all_usable,headline,2009Q1,2025Q4,other_component_qoq,3,-80.9533942404017,50.975219269084796,-180.8648240078079,18.958035527004498,65,period_sensitivity,tdc_residual_z,rolling_oos_standard_deviation,cumulative_sum_h0_to_h
all_usable,headline,2009Q1,2025Q4,other_component_qoq,4,-103.28083492263569,48.282200262448306,-197.91394743703438,-8.647722408237016,64,period_sensitivity,tdc_residual_z,rolling_oos_standard_deviation,cumulative_sum_h0_to_h
all_usable,headline,2009Q1,2025Q4,other_component_qoq,5,-126.86358629804735,44.65747355615111,-214.39223446810354,-39.33493812799118,63,period_sensitivity,tdc_residual_z,rolling_oos_standard_deviation,cumulative_sum_h0_to_h
all_usable,headline,2009Q1,2025Q4,other_component_qoq,6,-203.3264429918826,48.81190701761558,-298.99778074640915,-107.65510523735607,62,period_sensitivity,tdc_residual_z,rolling_oos_standard_deviation,cumulative_sum_h0_to_h
all_usable,headline,2009Q1,2025Q4,other_component_qoq,7,-199.32372635793232,55.74513310675713,-308.58418724717626,-90.06326546868834,61,period_sensitivity,tdc_residual_z,rolling_oos_standard_deviation,cumulative_sum_h0_to_h
all_usable,headline,2009Q1,2025Q4,other_component_qoq,8,-229.249238047943,61.026172772049996,-348.86053668116097,-109.63793941472503,60,period_sensitivity,tdc_residual_z,rolling_oos_standard_deviation,cumulative_sum_h0_to_h
all_usable,headline,2009Q1,2025Q4,accounting_deposit_substitution_qoq,0,0.16843528266166208,1.0408728055468457,-1.8716754162101554,2.20854598153348,68,period_sensitivity,tdc_residual_z,rolling_oos_standard_deviation,cumulative_sum_h0_to_h
all_usable,headline,2009Q1,2025Q4,accounting_deposit_substitution_qoq,1,-3.225852534445375,4.556657554855085,-12.15690134196134,5.705196273070591,67,period_sensitivity,tdc_residual_z,rolling_oos_standard_deviation,cumulative_sum_h0_to_h
all_usable,headline,2009Q1,2025Q4,accounting_deposit_substitution_qoq,2,-5.1829408926131055,4.515559478583465,-14.033437470636697,3.667555685410486,66,period_sensitivity,tdc_residual_z,rolling_oos_standard_deviation,cumulative_sum_h0_to_h
all_usable,headline,2009Q1,2025Q4,accounting_deposit_substitution_qoq,3,-9.958193880811319,6.990959914577707,-23.660475313383625,3.7440875517609875,65,period_sensitivity,tdc_residual_z,rolling_oos_standard_deviation,cumulative_sum_h0_to_h
all_usable,headline,2009Q1,2025Q4,accounting_deposit_substitution_qoq,4,-3.820115046901999,4.3458582089997995,-12.337997136541606,4.697767042737607,64,period_sensitivity,tdc_residual_z,rolling_oos_standard_deviation,cumulative_sum_h0_to_h
all_usable,headline,2009Q1,2025Q4,accounting_deposit_substitution_qoq,5,1.4402030589188155,2.7242501604138445,-3.8993272554923197,6.77973337332995,63,period_sensitivity,tdc_residual_z,rolling_oos_standard_deviation,cumulative_sum_h0_to_h
all_usable,headline,2009Q1,2025Q4,accounting_deposit_substitution_qoq,6,0.8614168393923087,3.0137887997759227,-5.0456092081685,6.7684428869531175,62,period_sensitivity,tdc_residual_z,rolling_oos_standard_deviation,cumulative_sum_h0_to_h
all_usable,headline,2009Q1,2025Q4,accounting_deposit_substitution_qoq,7,-5.398572407534868,3.106773150749621,-11.487847783004124,0.6907029679343886,61,period_sensitivity,tdc_residual_z,rolling_oos_standard_deviation,cumulative_sum_h0_to_h
all_usable,headline,2009Q1,2025Q4,accounting_deposit_substitution_qoq,8,-8.20898490682826,4.684376908903559,-17.390363648279234,0.9723938346227161,60,period_sensitivity,tdc_residual_z,rolling_oos_standard_deviation,cumulative_sum_h0_to_h
all_usable,headline,2009Q1,2025Q4,accounting_bank_balance_sheet_qoq,0,-24.938746638425947,12.813503525039408,-50.05321354750319,0.17572027065129348,68,period_sensitivity,tdc_residual_z,rolling_oos_standard_deviation,cumulative_sum_h0_to_h
all_usable,headline,2009Q1,2025Q4,accounting_bank_balance_sheet_qoq,1,-22.32252035347504,15.999722553696644,-53.681976558720464,9.036935851770384,67,period_sensitivity,tdc_residual_z,rolling_oos_standard_deviation,cumulative_sum_h0_to_h
all_usable,headline,2009Q1,2025Q4,accounting_bank_balance_sheet_qoq,2,-40.40087177639693,16.6930963275131,-73.1193405783226,-7.682402974471259,66,period_sensitivity,tdc_residual_z,rolling_oos_standard_deviation,cumulative_sum_h0_to_h
all_usable,headline,2009Q1,2025Q4,accounting_bank_balance_sheet_qoq,3,-23.703369225099184,14.663011824699115,-52.44287240150945,5.036133951311083,65,period_sensitivity,tdc_residual_z,rolling_oos_standard_deviation,cumulative_sum_h0_to_h
all_usable,headline,2009Q1,2025Q4,accounting_bank_balance_sheet_qoq,4,-42.934211971418684,16.20237235300861,-74.69086178331555,-11.177562159521809,64,period_sensitivity,tdc_residual_z,rolling_oos_standard_deviation,cumulative_sum_h0_to_h
all_usable,headline,2009Q1,2025Q4,accounting_bank_balance_sheet_qoq,5,-33.681920285071776,19.3084451977047,-71.52647287257298,4.1626323024294365,63,period_sensitivity,tdc_residual_z,rolling_oos_standard_deviation,cumulative_sum_h0_to_h
all_usable,headline,2009Q1,2025Q4,accounting_bank_balance_sheet_qoq,6,-49.57618727033402,23.490443718223705,-95.61745695805249,-3.534917582615556,62,period_sensitivity,tdc_residual_z,rolling_oos_standard_deviation,cumulative_sum_h0_to_h
all_usable,headline,2009Q1,2025Q4,accounting_bank_balance_sheet_qoq,7,-24.876252242924096,19.802455448021743,-63.68906492104671,13.936560435198516,61,period_sensitivity,tdc_residual_z,rolling_oos_standard_deviation,cumulative_sum_h0_to_h
all_usable,headline,2009Q1,2025Q4,accounting_bank_balance_sheet_qoq,8,-45.619333358734394,20.123695680476565,-85.06177689246846,-6.17688982500033,60,period_sensitivity,tdc_residual_z,rolling_oos_standard_deviation,cumulative_sum_h0_to_h
all_usable,headline,2009Q1,2025Q4,accounting_public_liquidity_qoq,0,61.71485247731246,20.555915003222655,21.425259070996063,102.00444588362886,68,period_sensitivity,tdc_residual_z,rolling_oos_standard_deviation,cumulative_sum_h0_to_h
all_usable,headline,2009Q1,2025Q4,accounting_public_liquidity_qoq,1,46.17332412325637,38.86037767067468,-29.993016111265995,122.33966435777873,67,period_sensitivity,tdc_residual_z,rolling_oos_standard_deviation,cumulative_sum_h0_to_h
all_usable,headline,2009Q1,2025Q4,accounting_public_liquidity_qoq,2,49.17172362847053,56.983761859891246,-62.516449616916304,160.85989687385737,66,period_sensitivity,tdc_residual_z,rolling_oos_standard_deviation,cumulative_sum_h0_to_h
all_usable,headline,2009Q1,2025Q4,accounting_public_liquidity_qoq,3,24.448885821604204,53.90441338896385,-81.20376442076494,130.10153606397336,65,period_sensitivity,tdc_residual_z,rolling_oos_standard_deviation,cumulative_sum_h0_to_h
all_usable,headline,2009Q1,2025Q4,accounting_public_liquidity_qoq,4,27.38100450630666,41.92217834083484,-54.78646504172962,109.54847405434293,64,period_sensitivity,tdc_residual_z,rolling_oos_standard_deviation,cumulative_sum_h0_to_h
all_usable,headline,2009Q1,2025Q4,accounting_public_liquidity_qoq,5,21.817171606308378,36.112467625839294,-48.96326494033664,92.5976081529534,63,period_sensitivity,tdc_residual_z,rolling_oos_standard_deviation,cumulative_sum_h0_to_h
all_usable,headline,2009Q1,2025Q4,accounting_public_liquidity_qoq,6,61.09366604464665,35.21178954084263,-7.921441455404903,130.1087735446982,62,period_sensitivity,tdc_residual_z,rolling_oos_standard_deviation,cumulative_sum_h0_to_h
all_usable,headline,2009Q1,2025Q4,accounting_public_liquidity_qoq,7,68.08635073850996,41.199355801707725,-12.664386632837179,148.83708810985712,61,period_sensitivity,tdc_residual_z,rolling_oos_standard_deviation,cumulative_sum_h0_to_h
all_usable,headline,2009Q1,2025Q4,accounting_public_liquidity_qoq,8,86.2249768984824,44.0182558301627,-0.05080452863649043,172.50075832560128,60,period_sensitivity,tdc_residual_z,rolling_oos_standard_deviation,cumulative_sum_h0_to_h
all_usable,headline,2009Q1,2025Q4,accounting_external_flow_qoq,0,-118.17652752616516,24.869877455025353,-166.92148733801486,-69.43156771431546,68,period_sensitivity,tdc_residual_z,rolling_oos_standard_deviation,cumulative_sum_h0_to_h
all_usable,headline,2009Q1,2025Q4,accounting_external_flow_qoq,1,-104.67468625642353,58.1149529547127,-218.57999404766042,9.230621534813366,67,period_sensitivity,tdc_residual_z,rolling_oos_standard_deviation,cumulative_sum_h0_to_h
all_usable,headline,2009Q1,2025Q4,accounting_external_flow_qoq,2,-121.57037575037384,82.68719583441782,-283.63727958583274,40.49652808508509,66,period_sensitivity,tdc_residual_z,rolling_oos_standard_deviation,cumulative_sum_h0_to_h
all_usable,headline,2009Q1,2025Q4,accounting_external_flow_qoq,3,-64.13742827857517,82.01333480579746,-224.8835644979382,96.60870794078785,65,period_sensitivity,tdc_residual_z,rolling_oos_standard_deviation,cumulative_sum_h0_to_h
all_usable,headline,2009Q1,2025Q4,accounting_external_flow_qoq,4,-72.07086811020126,69.88526619433782,-209.0459898511034,64.90425363070086,64,period_sensitivity,tdc_residual_z,rolling_oos_standard_deviation,cumulative_sum_h0_to_h
all_usable,headline,2009Q1,2025Q4,accounting_external_flow_qoq,5,-104.15197880376822,70.65175286869324,-242.62941442640698,34.325456818870535,63,period_sensitivity,tdc_residual_z,rolling_oos_standard_deviation,cumulative_sum_h0_to_h
all_usable,headline,2009Q1,2025Q4,accounting_external_flow_qoq,6,-204.512715882021,69.03512875503228,-339.8215682418843,-69.20386352215775,62,period_sensitivity,tdc_residual_z,rolling_oos_standard_deviation,cumulative_sum_h0_to_h
all_usable,headline,2009Q1,2025Q4,accounting_external_flow_qoq,7,-221.45331088372689,79.80491623311502,-377.8709467006323,-65.03567506682145,61,period_sensitivity,tdc_residual_z,rolling_oos_standard_deviation,cumulative_sum_h0_to_h
all_usable,headline,2009Q1,2025Q4,accounting_external_flow_qoq,8,-249.98627695414092,86.38947117108027,-419.30964044945824,-80.6629134588236,60,period_sensitivity,tdc_residual_z,rolling_oos_standard_deviation,cumulative_sum_h0_to_h
all_usable,headline,2009Q1,2025Q4,accounting_identity_total_qoq,0,-76.63959154407561,19.168215908246403,-114.20929472423856,-39.06988836391267,68,period_sensitivity,tdc_residual_z,rolling_oos_standard_deviation,cumulative_sum_h0_to_h
all_usable,headline,2009Q1,2025Q4,accounting_identity_total_qoq,1,-83.741389874467,43.653725290884765,-169.30269144460112,1.8199116956671304,67,period_sensitivity,tdc_residual_z,rolling_oos_standard_deviation,cumulative_sum_h0_to_h
all_usable,headline,2009Q1,2025Q4,accounting_identity_total_qoq,2,-118.76109916091085,50.69169125963607,-218.11681402979755,-19.405384292024138,66,period_sensitivity,tdc_residual_z,rolling_oos_standard_deviation,cumulative_sum_h0_to_h
all_usable,headline,2009Q1,2025Q4,accounting_identity_total_qoq,3,-78.09729173460002,50.7252490323614,-177.51877983802837,21.32419636882831,65,period_sensitivity,tdc_residual_z,rolling_oos_standard_deviation,cumulative_sum_h0_to_h
all_usable,headline,2009Q1,2025Q4,accounting_identity_total_qoq,4,-99.76908874060575,47.425561950604894,-192.72319016379134,-6.814987317420162,64,period_sensitivity,tdc_residual_z,rolling_oos_standard_deviation,cumulative_sum_h0_to_h
all_usable,headline,2009Q1,2025Q4,accounting_identity_total_qoq,5,-125.48526841669128,43.86888856790966,-211.4682900097942,-39.50224682358835,63,period_sensitivity,tdc_residual_z,rolling_oos_standard_deviation,cumulative_sum_h0_to_h
all_usable,headline,2009Q1,2025Q4,accounting_identity_total_qoq,6,-201.71706401675848,46.75777423549553,-293.36230151832973,-110.07182651518724,62,period_sensitivity,tdc_residual_z,rolling_oos_standard_deviation,cumulative_sum_h0_to_h
all_usable,headline,2009Q1,2025Q4,accounting_identity_total_qoq,7,-198.04329398159769,53.01335445687177,-301.94946871706634,-94.13711924612902,61,period_sensitivity,tdc_residual_z,rolling_oos_standard_deviation,cumulative_sum_h0_to_h
all_usable,headline,2009Q1,2025Q4,accounting_identity_total_qoq,8,-226.17470886809008,60.842318310108176,-345.4256527559021,-106.92376498027805,60,period_sensitivity,tdc_residual_z,rolling_oos_standard_deviation,cumulative_sum_h0_to_h
all_usable,headline,2009Q1,2025Q4,accounting_identity_gap_qoq,0,-1.2786919806512558,1.002332780492264,-3.2432642304160932,0.6858802691135815,68,period_sensitivity,tdc_residual_z,rolling_oos_standard_deviation,cumulative_sum_h0_to_h
all_usable,headline,2009Q1,2025Q4,accounting_identity_gap_qoq,1,-3.3087718219780737,2.06561601606452,-7.357379213464533,0.7398355695083851,67,period_sensitivity,tdc_residual_z,rolling_oos_standard_deviation,cumulative_sum_h0_to_h
all_usable,headline,2009Q1,2025Q4,accounting_identity_gap_qoq,2,-2.905712332574305,2.0468091666820114,-6.917458299271047,1.1060336341224377,66,period_sensitivity,tdc_residual_z,rolling_oos_standard_deviation,cumulative_sum_h0_to_h
all_usable,headline,2009Q1,2025Q4,accounting_identity_gap_qoq,3,-2.172593141911318,2.415164005313329,-6.906314592325442,2.561128308502807,65,period_sensitivity,tdc_residual_z,rolling_oos_standard_deviation,cumulative_sum_h0_to_h
all_usable,headline,2009Q1,2025Q4,accounting_identity_gap_qoq,4,-2.923005710806307,2.297732105346086,-7.426560637284635,1.5805492156720211,64,period_sensitivity,tdc_residual_z,rolling_oos_standard_deviation,cumulative_sum_h0_to_h
all_usable,headline,2009Q1,2025Q4,accounting_identity_gap_qoq,5,-0.9892030774090532,3.032745007737834,-6.933383292575208,4.954977137757101,63,period_sensitivity,tdc_residual_z,rolling_oos_standard_deviation,cumulative_sum_h0_to_h
all_usable,headline,2009Q1,2025Q4,accounting_identity_gap_qoq,6,-0.6245811976419624,3.5147829976860656,-7.513555873106651,6.264393477822726,62,period_sensitivity,tdc_residual_z,rolling_oos_standard_deviation,cumulative_sum_h0_to_h
all_usable,headline,2009Q1,2025Q4,accounting_identity_gap_qoq,7,0.02917970080765553,4.728088109273337,-9.237872993368086,9.296232394983395,61,period_sensitivity,tdc_residual_z,rolling_oos_standard_deviation,cumulative_sum_h0_to_h
all_usable,headline,2009Q1,2025Q4,accounting_identity_gap_qoq,8,-1.625306878059039,3.691184575784435,-8.860028646596533,5.609414890478454,60,period_sensitivity,tdc_residual_z,rolling_oos_standard_deviation,cumulative_sum_h0_to_h
all_usable,headline,2009Q1,2025Q4,strict_loan_source_qoq,0,-19.83747795962453,8.341459798936325,-36.18673916553973,-3.488216753709331,68,period_sensitivity,tdc_residual_z,rolling_oos_standard_deviation,cumulative_sum_h0_to_h
all_usable,headline,2009Q1,2025Q4,strict_loan_source_qoq,1,-17.716776347586087,9.389681195371168,-36.12055149051358,0.6869987953414025,67,period_sensitivity,tdc_residual_z,rolling_oos_standard_deviation,cumulative_sum_h0_to_h
all_usable,headline,2009Q1,2025Q4,strict_loan_source_qoq,2,-38.61399357185135,9.75074228606997,-57.72544845254849,-19.50253869115421,66,period_sensitivity,tdc_residual_z,rolling_oos_standard_deviation,cumulative_sum_h0_to_h
all_usable,headline,2009Q1,2025Q4,strict_loan_source_qoq,3,-19.849213677385894,13.220706937913604,-45.76179927569656,6.063371920924769,65,period_sensitivity,tdc_residual_z,rolling_oos_standard_deviation,cumulative_sum_h0_to_h
all_usable,headline,2009Q1,2025Q4,strict_loan_source_qoq,4,-38.711183794914604,19.55255348955823,-77.03418863444872,-0.3881789553804751,64,period_sensitivity,tdc_residual_z,rolling_oos_standard_deviation,cumulative_sum_h0_to_h
all_usable,headline,2009Q1,2025Q4,strict_loan_source_qoq,5,-27.021899457470603,28.348557186223967,-82.58507154246958,28.54127262752837,63,period_sensitivity,tdc_residual_z,rolling_oos_standard_deviation,cumulative_sum_h0_to_h
all_usable,headline,2009Q1,2025Q4,strict_loan_source_qoq,6,-38.966377352926465,34.6761888848704,-106.93170756727244,28.998952861419518,62,period_sensitivity,tdc_residual_z,rolling_oos_standard_deviation,cumulative_sum_h0_to_h
all_usable,headline,2009Q1,2025Q4,strict_loan_source_qoq,7,-16.986329365265377,35.939855419556466,-87.42844598759605,53.455787257065296,61,period_sensitivity,tdc_residual_z,rolling_oos_standard_deviation,cumulative_sum_h0_to_h
all_usable,headline,2009Q1,2025Q4,strict_loan_source_qoq,8,-36.666730522637536,38.95655817248599,-113.02158454071008,39.68812349543501,60,period_sensitivity,tdc_residual_z,rolling_oos_standard_deviation,cumulative_sum_h0_to_h
all_usable,headline,2009Q1,2025Q4,strict_loan_mortgages_qoq,0,-7.503295053109125,1.7888744259621092,-11.009488927994859,-3.9971011782233905,68,period_sensitivity,tdc_residual_z,rolling_oos_standard_deviation,cumulative_sum_h0_to_h
all_usable,headline,2009Q1,2025Q4,strict_loan_mortgages_qoq,1,-8.737808382926895,2.723646403830391,-14.07615533443446,-3.399461431419329,67,period_sensitivity,tdc_residual_z,rolling_oos_standard_deviation,cumulative_sum_h0_to_h
all_usable,headline,2009Q1,2025Q4,strict_loan_mortgages_qoq,2,-13.537754597333828,4.065053395473342,-21.505259252461578,-5.570249942206078,66,period_sensitivity,tdc_residual_z,rolling_oos_standard_deviation,cumulative_sum_h0_to_h
all_usable,headline,2009Q1,2025Q4,strict_loan_mortgages_qoq,3,-10.557289394907825,6.924916046579933,-24.130124846204495,3.0155460563888443,65,period_sensitivity,tdc_residual_z,rolling_oos_standard_deviation,cumulative_sum_h0_to_h
all_usable,headline,2009Q1,2025Q4,strict_loan_mortgages_qoq,4,-15.947012936055659,11.152264624638192,-37.805451600346515,5.9114257282352,64,period_sensitivity,tdc_residual_z,rolling_oos_standard_deviation,cumulative_sum_h0_to_h
all_usable,headline,2009Q1,2025Q4,strict_loan_mortgages_qoq,5,-11.20921024294229,15.684020501862001,-41.949890426591814,19.531469940707233,63,period_sensitivity,tdc_residual_z,rolling_oos_standard_deviation,cumulative_sum_h0_to_h
all_usable,headline,2009Q1,2025Q4,strict_loan_mortgages_qoq,6,-8.841014677439244,19.167975082415115,-46.41024583897287,28.72821648409438,62,period_sensitivity,tdc_residual_z,rolling_oos_standard_deviation,cumulative_sum_h0_to_h
all_usable,headline,2009Q1,2025Q4,strict_loan_mortgages_qoq,7,-3.557355824866633,21.110789832162187,-44.93450389590452,37.819792246171254,61,period_sensitivity,tdc_residual_z,rolling_oos_standard_deviation,cumulative_sum_h0_to_h
all_usable,headline,2009Q1,2025Q4,strict_loan_mortgages_qoq,8,-7.844720182768025,23.723655774058244,-54.34308549992218,38.65364513438614,60,period_sensitivity,tdc_residual_z,rolling_oos_standard_deviation,cumulative_sum_h0_to_h
all_usable,headline,2009Q1,2025Q4,strict_loan_consumer_credit_qoq,0,-9.105075619880235,2.146015782074547,-13.311266552746348,-4.898884687014123,68,period_sensitivity,tdc_residual_z,rolling_oos_standard_deviation,cumulative_sum_h0_to_h
all_usable,headline,2009Q1,2025Q4,strict_loan_consumer_credit_qoq,1,-9.362261129647504,5.207796592148741,-19.569542450259036,0.8450201909640285,67,period_sensitivity,tdc_residual_z,rolling_oos_standard_deviation,cumulative_sum_h0_to_h
all_usable,headline,2009Q1,2025Q4,strict_loan_consumer_credit_qoq,2,-10.624325982365779,6.1037464097190774,-22.58766894541517,1.3390169806836134,66,period_sensitivity,tdc_residual_z,rolling_oos_standard_deviation,cumulative_sum_h0_to_h
all_usable,headline,2009Q1,2025Q4,strict_loan_consumer_credit_qoq,3,-7.481740693874221,7.233622280895179,-21.65964036442877,6.69615897668033,65,period_sensitivity,tdc_residual_z,rolling_oos_standard_deviation,cumulative_sum_h0_to_h
all_usable,headline,2009Q1,2025Q4,strict_loan_consumer_credit_qoq,4,-13.643164805504567,8.706643859440742,-30.708186770008425,3.4218571589992894,64,period_sensitivity,tdc_residual_z,rolling_oos_standard_deviation,cumulative_sum_h0_to_h
all_usable,headline,2009Q1,2025Q4,strict_loan_consumer_credit_qoq,5,-7.793699609002371,9.91675513799408,-27.230539679470766,11.643140461466025,63,period_sensitivity,tdc_residual_z,rolling_oos_standard_deviation,cumulative_sum_h0_to_h
all_usable,headline,2009Q1,2025Q4,strict_loan_consumer_credit_qoq,6,-7.903349583651993,9.726988205507109,-26.968246466445926,11.161547299141938,62,period_sensitivity,tdc_residual_z,rolling_oos_standard_deviation,cumulative_sum_h0_to_h
all_usable,headline,2009Q1,2025Q4,strict_loan_consumer_credit_qoq,7,-4.249681201084566,9.753648833890292,-23.366832915509537,14.867470513340404,61,period_sensitivity,tdc_residual_z,rolling_oos_standard_deviation,cumulative_sum_h0_to_h
all_usable,headline,2009Q1,2025Q4,strict_loan_consumer_credit_qoq,8,-8.515392783964494,9.26789747494781,-26.680471834862203,9.649686266933216,60,period_sensitivity,tdc_residual_z,rolling_oos_standard_deviation,cumulative_sum_h0_to_h
all_usable,headline,2009Q1,2025Q4,strict_loan_di_loans_nec_qoq,0,-0.8637579923337828,9.037010493585099,-18.576298559760573,16.84878257509301,68,period_sensitivity,tdc_residual_z,rolling_oos_standard_deviation,cumulative_sum_h0_to_h
all_usable,headline,2009Q1,2025Q4,strict_loan_di_loans_nec_qoq,1,2.0277787224908472,11.91199358751605,-21.31972870904061,25.375286154022305,67,period_sensitivity,tdc_residual_z,rolling_oos_standard_deviation,cumulative_sum_h0_to_h
all_usable,headline,2009Q1,2025Q4,strict_loan_di_loans_nec_qoq,2,-10.349177957607846,11.569519202239736,-33.02543559399773,12.327079678782034,66,period_sensitivity,tdc_residual_z,rolling_oos_standard_deviation,cumulative_sum_h0_to_h
all_usable,headline,2009Q1,2025Q4,strict_loan_di_loans_nec_qoq,3,-4.975012058767149,8.814517799519361,-22.251466945825097,12.3014428282908,65,period_sensitivity,tdc_residual_z,rolling_oos_standard_deviation,cumulative_sum_h0_to_h
all_usable,headline,2009Q1,2025Q4,strict_loan_di_loans_nec_qoq,4,-11.647656136914726,10.22828382244019,-31.6950924288975,8.399780155068047,64,period_sensitivity,tdc_residual_z,rolling_oos_standard_deviation,cumulative_sum_h0_to_h
all_usable,headline,2009Q1,2025Q4,strict_loan_di_loans_nec_qoq,5,-8.827654694649034,9.764325165192863,-27.965732018427047,10.310422629128979,63,period_sensitivity,tdc_residual_z,rolling_oos_standard_deviation,cumulative_sum_h0_to_h
all_usable,headline,2009Q1,2025Q4,strict_loan_di_loans_nec_qoq,6,-20.31375461005048,11.323924062529379,-42.50864577260806,1.881136552507101,62,period_sensitivity,tdc_residual_z,rolling_oos_standard_deviation,cumulative_sum_h0_to_h
all_usable,headline,2009Q1,2025Q4,strict_loan_di_loans_nec_qoq,7,-13.097116148607277,11.384253432600245,-35.41025287650376,9.216020579289204,61,period_sensitivity,tdc_residual_z,rolling_oos_standard_deviation,cumulative_sum_h0_to_h
all_usable,headline,2009Q1,2025Q4,strict_loan_di_loans_nec_qoq,8,-19.97474647394344,11.290097889911392,-42.10333833816976,2.1538453902828856,60,period_sensitivity,tdc_residual_z,rolling_oos_standard_deviation,cumulative_sum_h0_to_h
all_usable,headline,2009Q1,2025Q4,strict_loan_other_advances_qoq,0,0.19764226327869072,0.1264489852512623,-0.05019774781378339,0.44548227437116483,68,period_sensitivity,tdc_residual_z,rolling_oos_standard_deviation,cumulative_sum_h0_to_h
all_usable,headline,2009Q1,2025Q4,strict_loan_other_advances_qoq,1,0.2413457570681096,0.16555965453221835,-0.08315116581503837,0.5658426799512576,67,period_sensitivity,tdc_residual_z,rolling_oos_standard_deviation,cumulative_sum_h0_to_h
all_usable,headline,2009Q1,2025Q4,strict_loan_other_advances_qoq,2,0.3261257187869902,0.16302671192461926,0.006593363414736486,0.6456580741592439,66,period_sensitivity,tdc_residual_z,rolling_oos_standard_deviation,cumulative_sum_h0_to_h
all_usable,headline,2009Q1,2025Q4,strict_loan_other_advances_qoq,3,0.23924982596132904,0.18259904308668073,-0.11864429848856517,0.5971439504112233,65,period_sensitivity,tdc_residual_z,rolling_oos_standard_deviation,cumulative_sum_h0_to_h
all_usable,headline,2009Q1,2025Q4,strict_loan_other_advances_qoq,4,0.11695535566825058,0.2051938117423021,-0.2852245153466616,0.5191352266831627,64,period_sensitivity,tdc_residual_z,rolling_oos_standard_deviation,cumulative_sum_h0_to_h
all_usable,headline,2009Q1,2025Q4,strict_loan_other_advances_qoq,5,-0.038571955327942775,0.20257132237708406,-0.4356117471870275,0.35846783653114195,63,period_sensitivity,tdc_residual_z,rolling_oos_standard_deviation,cumulative_sum_h0_to_h
all_usable,headline,2009Q1,2025Q4,strict_loan_other_advances_qoq,6,0.07730958163399101,0.20560092827389317,-0.3256682377828396,0.4802874010508217,62,period_sensitivity,tdc_residual_z,rolling_oos_standard_deviation,cumulative_sum_h0_to_h
all_usable,headline,2009Q1,2025Q4,strict_loan_other_advances_qoq,7,0.08218584797954379,0.18724074499542956,-0.28480601221149815,0.44917770817058567,61,period_sensitivity,tdc_residual_z,rolling_oos_standard_deviation,cumulative_sum_h0_to_h
all_usable,headline,2009Q1,2025Q4,strict_loan_other_advances_qoq,8,0.028188653469682412,0.20514339938731752,-0.3738924093294599,0.4302697162688247,60,period_sensitivity,tdc_residual_z,rolling_oos_standard_deviation,cumulative_sum_h0_to_h
all_usable,headline,2009Q1,2025Q4,strict_non_treasury_agency_gse_qoq,0,6.081215889223116,3.643451767495517,-1.0599495750680976,13.22238135351433,68,period_sensitivity,tdc_residual_z,rolling_oos_standard_deviation,cumulative_sum_h0_to_h
all_usable,headline,2009Q1,2025Q4,strict_non_treasury_agency_gse_qoq,1,6.283463170700726,6.991475748807876,-7.41982929696271,19.986755638364162,67,period_sensitivity,tdc_residual_z,rolling_oos_standard_deviation,cumulative_sum_h0_to_h
all_usable,headline,2009Q1,2025Q4,strict_non_treasury_agency_gse_qoq,2,8.187088092043314,11.65330086122861,-14.65338159596476,31.02755778005139,66,period_sensitivity,tdc_residual_z,rolling_oos_standard_deviation,cumulative_sum_h0_to_h
all_usable,headline,2009Q1,2025Q4,strict_non_treasury_agency_gse_qoq,3,12.264682484730084,16.78940452786662,-20.642550389888488,45.17191535934866,65,period_sensitivity,tdc_residual_z,rolling_oos_standard_deviation,cumulative_sum_h0_to_h
all_usable,headline,2009Q1,2025Q4,strict_non_treasury_agency_gse_qoq,4,20.23154514497919,23.364075419645324,-25.562042677525643,66.02513296748403,64,period_sensitivity,tdc_residual_z,rolling_oos_standard_deviation,cumulative_sum_h0_to_h
all_usable,headline,2009Q1,2025Q4,strict_non_treasury_agency_gse_qoq,5,17.219133398029573,27.10626019176544,-35.909136577830694,70.34740337388983,63,period_sensitivity,tdc_residual_z,rolling_oos_standard_deviation,cumulative_sum_h0_to_h
all_usable,headline,2009Q1,2025Q4,strict_non_treasury_agency_gse_qoq,6,16.48557013497554,29.218948222174667,-40.783568380486805,73.75470865043789,62,period_sensitivity,tdc_residual_z,rolling_oos_standard_deviation,cumulative_sum_h0_to_h
all_usable,headline,2009Q1,2025Q4,strict_non_treasury_agency_gse_qoq,7,12.549305045109488,30.563672506915893,-47.355493068445654,72.45410315866464,61,period_sensitivity,tdc_residual_z,rolling_oos_standard_deviation,cumulative_sum_h0_to_h
all_usable,headline,2009Q1,2025Q4,strict_non_treasury_agency_gse_qoq,8,14.15456588766514,31.78892363216722,-48.151724431382604,76.46085620671289,60,period_sensitivity,tdc_residual_z,rolling_oos_standard_deviation,cumulative_sum_h0_to_h
all_usable,headline,2009Q1,2025Q4,strict_non_treasury_municipal_qoq,0,-0.07795292775884488,0.7261927886874491,-1.501290793586245,1.3453849380685552,68,period_sensitivity,tdc_residual_z,rolling_oos_standard_deviation,cumulative_sum_h0_to_h
all_usable,headline,2009Q1,2025Q4,strict_non_treasury_municipal_qoq,1,0.29046872301460924,1.2107855567109302,-2.082670968138814,2.6636084141680323,67,period_sensitivity,tdc_residual_z,rolling_oos_standard_deviation,cumulative_sum_h0_to_h
all_usable,headline,2009Q1,2025Q4,strict_non_treasury_municipal_qoq,2,0.189215678864056,1.8417934309537944,-3.420699445805381,3.799130803533493,66,period_sensitivity,tdc_residual_z,rolling_oos_standard_deviation,cumulative_sum_h0_to_h
all_usable,headline,2009Q1,2025Q4,strict_non_treasury_municipal_qoq,3,0.8105139951020952,2.524779726703876,-4.138054269237501,5.7590822594416915,65,period_sensitivity,tdc_residual_z,rolling_oos_standard_deviation,cumulative_sum_h0_to_h
all_usable,headline,2009Q1,2025Q4,strict_non_treasury_municipal_qoq,4,1.2871062437856855,3.223415949996543,-5.030789018207538,7.605001505778909,64,period_sensitivity,tdc_residual_z,rolling_oos_standard_deviation,cumulative_sum_h0_to_h
all_usable,headline,2009Q1,2025Q4,strict_non_treasury_municipal_qoq,5,1.925194032824959,3.811061982105054,-5.544487452100947,9.394875517750865,63,period_sensitivity,tdc_residual_z,rolling_oos_standard_deviation,cumulative_sum_h0_to_h
all_usable,headline,2009Q1,2025Q4,strict_non_treasury_municipal_qoq,6,1.7240630321469466,4.310966699501872,-6.725431698876723,10.173557763170617,62,period_sensitivity,tdc_residual_z,rolling_oos_standard_deviation,cumulative_sum_h0_to_h
all_usable,headline,2009Q1,2025Q4,strict_non_treasury_municipal_qoq,7,2.018991744385077,4.626215085639954,-7.0483898234692335,11.086373312239388,61,period_sensitivity,tdc_residual_z,rolling_oos_standard_deviation,cumulative_sum_h0_to_h
all_usable,headline,2009Q1,2025Q4,strict_non_treasury_municipal_qoq,8,1.6173036238862935,5.0125177923436794,-8.207231249107318,11.441838496879905,60,period_sensitivity,tdc_residual_z,rolling_oos_standard_deviation,cumulative_sum_h0_to_h
all_usable,headline,2009Q1,2025Q4,strict_non_treasury_corporate_foreign_bonds_qoq,0,4.612333911256012,2.8240429479267077,-0.9227902666803347,10.147458089192359,68,period_sensitivity,tdc_residual_z,rolling_oos_standard_deviation,cumulative_sum_h0_to_h
all_usable,headline,2009Q1,2025Q4,strict_non_treasury_corporate_foreign_bonds_qoq,1,6.880504758181779,3.4902560095956288,0.039602979374346425,13.72140653698921,67,period_sensitivity,tdc_residual_z,rolling_oos_standard_deviation,cumulative_sum_h0_to_h
all_usable,headline,2009Q1,2025Q4,strict_non_treasury_corporate_foreign_bonds_qoq,2,11.761686672011436,4.346462098055106,3.2426209598234284,20.280752384199445,66,period_sensitivity,tdc_residual_z,rolling_oos_standard_deviation,cumulative_sum_h0_to_h
all_usable,headline,2009Q1,2025Q4,strict_non_treasury_corporate_foreign_bonds_qoq,3,9.861130793882959,4.601607102054007,0.8419808738571053,18.88028071390881,65,period_sensitivity,tdc_residual_z,rolling_oos_standard_deviation,cumulative_sum_h0_to_h
all_usable,headline,2009Q1,2025Q4,strict_non_treasury_corporate_foreign_bonds_qoq,4,13.577241657033683,6.836176164766476,0.17833637409139058,26.976146939975976,64,period_sensitivity,tdc_residual_z,rolling_oos_standard_deviation,cumulative_sum_h0_to_h
all_usable,headline,2009Q1,2025Q4,strict_non_treasury_corporate_foreign_bonds_qoq,5,14.651516113400907,7.382594612966242,0.1816306719870724,29.121401554814742,63,period_sensitivity,tdc_residual_z,rolling_oos_standard_deviation,cumulative_sum_h0_to_h
all_usable,headline,2009Q1,2025Q4,strict_non_treasury_corporate_foreign_bonds_qoq,6,16.493662869614344,8.055338414450706,0.7051995772909603,32.282126161937725,62,period_sensitivity,tdc_residual_z,rolling_oos_standard_deviation,cumulative_sum_h0_to_h
all_usable,headline,2009Q1,2025Q4,strict_non_treasury_corporate_foreign_bonds_qoq,7,16.530592857685065,8.717689253258207,-0.5560780787010202,33.61726379407115,61,period_sensitivity,tdc_residual_z,rolling_oos_standard_deviation,cumulative_sum_h0_to_h
all_usable,headline,2009Q1,2025Q4,strict_non_treasury_corporate_foreign_bonds_qoq,8,20.877928914086503,9.846597986892133,1.578596859777921,40.17726096839509,60,period_sensitivity,tdc_residual_z,rolling_oos_standard_deviation,cumulative_sum_h0_to_h
all_usable,headline,2009Q1,2025Q4,strict_non_treasury_securities_qoq,0,14.16371940793509,5.870090069401786,2.6583428719075908,25.66909594396259,68,period_sensitivity,tdc_residual_z,rolling_oos_standard_deviation,cumulative_sum_h0_to_h
all_usable,headline,2009Q1,2025Q4,strict_non_treasury_securities_qoq,1,18.57775582798316,9.292577458874307,0.36430400858952083,36.7912076473768,67,period_sensitivity,tdc_residual_z,rolling_oos_standard_deviation,cumulative_sum_h0_to_h
all_usable,headline,2009Q1,2025Q4,strict_non_treasury_securities_qoq,2,26.25102678651158,14.935499304407651,-3.022551850127414,55.524605423150575,66,period_sensitivity,tdc_residual_z,rolling_oos_standard_deviation,cumulative_sum_h0_to_h
all_usable,headline,2009Q1,2025Q4,strict_non_treasury_securities_qoq,3,26.24222137400599,18.287701151660123,-9.601672883247854,62.08611563125983,65,period_sensitivity,tdc_residual_z,rolling_oos_standard_deviation,cumulative_sum_h0_to_h
all_usable,headline,2009Q1,2025Q4,strict_non_treasury_securities_qoq,4,38.00411086196984,27.939704995252136,-16.757710928724343,92.76593265266402,64,period_sensitivity,tdc_residual_z,rolling_oos_standard_deviation,cumulative_sum_h0_to_h
all_usable,headline,2009Q1,2025Q4,strict_non_treasury_securities_qoq,5,36.78780506800973,33.35761242829453,-28.593115291447546,102.16872542746701,63,period_sensitivity,tdc_residual_z,rolling_oos_standard_deviation,cumulative_sum_h0_to_h
all_usable,headline,2009Q1,2025Q4,strict_non_treasury_securities_qoq,6,37.71424561477339,36.91915735321896,-34.64730279753576,110.07579402708254,62,period_sensitivity,tdc_residual_z,rolling_oos_standard_deviation,cumulative_sum_h0_to_h
all_usable,headline,2009Q1,2025Q4,strict_non_treasury_securities_qoq,7,32.31345169489482,38.6226354535463,-43.38691379405593,108.01381718384557,61,period_sensitivity,tdc_residual_z,rolling_oos_standard_deviation,cumulative_sum_h0_to_h
all_usable,headline,2009Q1,2025Q4,strict_non_treasury_securities_qoq,8,38.48817269373322,42.21227516500313,-44.247886629672905,121.22423201713934,60,period_sensitivity,tdc_residual_z,rolling_oos_standard_deviation,cumulative_sum_h0_to_h
all_usable,headline,2009Q1,2025Q4,strict_identifiable_total_qoq,0,-3.105084250657125,11.968395634607008,-26.56313969448686,20.35297119317261,68,period_sensitivity,tdc_residual_z,rolling_oos_standard_deviation,cumulative_sum_h0_to_h
all_usable,headline,2009Q1,2025Q4,strict_identifiable_total_qoq,1,4.169997559512762,17.180693064538172,-29.504160846982057,37.84415596600758,67,period_sensitivity,tdc_residual_z,rolling_oos_standard_deviation,cumulative_sum_h0_to_h
all_usable,headline,2009Q1,2025Q4,strict_identifiable_total_qoq,2,-10.092545548607546,22.42527017673308,-54.04607509500438,33.86098399778929,66,period_sensitivity,tdc_residual_z,rolling_oos_standard_deviation,cumulative_sum_h0_to_h
all_usable,headline,2009Q1,2025Q4,strict_identifiable_total_qoq,3,8.341721697104802,30.180562048765214,-50.81217991847502,67.49562331268461,65,period_sensitivity,tdc_residual_z,rolling_oos_standard_deviation,cumulative_sum_h0_to_h
all_usable,headline,2009Q1,2025Q4,strict_identifiable_total_qoq,4,1.8043421075225297,41.436975843912606,-79.41213054654618,83.02081476159124,64,period_sensitivity,tdc_residual_z,rolling_oos_standard_deviation,cumulative_sum_h0_to_h
all_usable,headline,2009Q1,2025Q4,strict_identifiable_total_qoq,5,9.572183369099136,49.6723242979969,-87.7855722549748,106.92993899317307,63,period_sensitivity,tdc_residual_z,rolling_oos_standard_deviation,cumulative_sum_h0_to_h
all_usable,headline,2009Q1,2025Q4,strict_identifiable_total_qoq,6,-3.5777153879203496,55.69325098338063,-112.73648731534638,105.58105653950568,62,period_sensitivity,tdc_residual_z,rolling_oos_standard_deviation,cumulative_sum_h0_to_h
all_usable,headline,2009Q1,2025Q4,strict_identifiable_total_qoq,7,12.005291842061268,59.21580749156508,-104.05769084140628,128.0682745255288,61,period_sensitivity,tdc_residual_z,rolling_oos_standard_deviation,cumulative_sum_h0_to_h
all_usable,headline,2009Q1,2025Q4,strict_identifiable_total_qoq,8,-2.467261396593301,63.650515951643264,-127.2222726618141,122.2877498686275,60,period_sensitivity,tdc_residual_z,rolling_oos_standard_deviation,cumulative_sum_h0_to_h
all_usable,headline,2009Q1,2025Q4,strict_identifiable_gap_qoq,0,-72.35994919305247,15.487006698874358,-102.71448232284621,-42.00541606325873,68,period_sensitivity,tdc_residual_z,rolling_oos_standard_deviation,cumulative_sum_h0_to_h
all_usable,headline,2009Q1,2025Q4,strict_identifiable_gap_qoq,1,-91.63902131460532,37.82002577974212,-165.76627184289987,-17.511770786310763,67,period_sensitivity,tdc_residual_z,rolling_oos_standard_deviation,cumulative_sum_h0_to_h
all_usable,headline,2009Q1,2025Q4,strict_identifiable_gap_qoq,2,-115.33115162593178,47.7297900986731,-208.88154021933104,-21.780763032532505,66,period_sensitivity,tdc_residual_z,rolling_oos_standard_deviation,cumulative_sum_h0_to_h
all_usable,headline,2009Q1,2025Q4,strict_identifiable_gap_qoq,3,-98.38233951232117,50.943647710850534,-198.2318890255882,1.467210000945883,65,period_sensitivity,tdc_residual_z,rolling_oos_standard_deviation,cumulative_sum_h0_to_h
all_usable,headline,2009Q1,2025Q4,strict_identifiable_gap_qoq,4,-118.99827118466642,42.27106383246517,-201.84955629629815,-36.1469860730347,64,period_sensitivity,tdc_residual_z,rolling_oos_standard_deviation,cumulative_sum_h0_to_h
all_usable,headline,2009Q1,2025Q4,strict_identifiable_gap_qoq,5,-150.6252803700184,46.34639850654073,-241.46422144283824,-59.786339297198566,63,period_sensitivity,tdc_residual_z,rolling_oos_standard_deviation,cumulative_sum_h0_to_h
all_usable,headline,2009Q1,2025Q4,strict_identifiable_gap_qoq,6,-209.93057005202888,54.290374000827086,-316.33970309365,-103.5214370104078,62,period_sensitivity,tdc_residual_z,rolling_oos_standard_deviation,cumulative_sum_h0_to_h
all_usable,headline,2009Q1,2025Q4,strict_identifiable_gap_qoq,7,-219.98518635681813,64.70913459135224,-346.8150901558685,-93.15528255776775,61,period_sensitivity,tdc_residual_z,rolling_oos_standard_deviation,cumulative_sum_h0_to_h
all_usable,headline,2009Q1,2025Q4,strict_identifiable_gap_qoq,8,-237.2270326815263,67.30765856895346,-369.1500434766751,-105.30402188637754,60,period_sensitivity,tdc_residual_z,rolling_oos_standard_deviation,cumulative_sum_h0_to_h
post_gfc_early,core,2009Q1,2014Q4,tdc_bank_only_qoq,0,84.57455819337805,4.477453520681805,75.79874929284172,93.35036709391439,24,period_sensitivity,tdc_residual_z,rolling_oos_standard_deviation,cumulative_sum_h0_to_h
post_gfc_early,core,2009Q1,2014Q4,tdc_bank_only_qoq,1,96.87748987588833,10.992911749269167,75.33138284732077,118.42359690445589,24,period_sensitivity,tdc_residual_z,rolling_oos_standard_deviation,cumulative_sum_h0_to_h
post_gfc_early,core,2009Q1,2014Q4,tdc_bank_only_qoq,2,118.43849826560944,14.194022747501329,90.61821368050684,146.25878285071204,24,period_sensitivity,tdc_residual_z,rolling_oos_standard_deviation,cumulative_sum_h0_to_h
post_gfc_early,core,2009Q1,2014Q4,tdc_bank_only_qoq,3,63.77069236764555,21.572459299189322,21.48867214123448,106.05271259405663,24,period_sensitivity,tdc_residual_z,rolling_oos_standard_deviation,cumulative_sum_h0_to_h
post_gfc_early,core,2009Q1,2014Q4,tdc_bank_only_qoq,4,50.979617797170846,27.67728595328247,-3.2678626712627974,105.2270982656045,24,period_sensitivity,tdc_residual_z,rolling_oos_standard_deviation,cumulative_sum_h0_to_h
post_gfc_early,core,2009Q1,2014Q4,tdc_bank_only_qoq,5,0.7247392022989061,25.320580342450306,-48.90359826890369,50.353076673501505,24,period_sensitivity,tdc_residual_z,rolling_oos_standard_deviation,cumulative_sum_h0_to_h
post_gfc_early,core,2009Q1,2014Q4,tdc_bank_only_qoq,6,8.787404708295753,26.515686300092018,-43.1833404398846,60.75814985647611,24,period_sensitivity,tdc_residual_z,rolling_oos_standard_deviation,cumulative_sum_h0_to_h
post_gfc_early,core,2009Q1,2014Q4,tdc_bank_only_qoq,7,5.407664200317782,33.893636461033445,-61.023863263307774,71.83919166394334,24,period_sensitivity,tdc_residual_z,rolling_oos_standard_deviation,cumulative_sum_h0_to_h
post_gfc_early,core,2009Q1,2014Q4,tdc_bank_only_qoq,8,26.99526597506224,34.11982544841332,-39.87959190382787,93.87012385395235,24,period_sensitivity,tdc_residual_z,rolling_oos_standard_deviation,cumulative_sum_h0_to_h
post_gfc_early,core,2009Q1,2014Q4,total_deposits_bank_qoq,0,-1.9984509974421325,13.252907675447954,-27.974150041320122,23.977248046435854,24,period_sensitivity,tdc_residual_z,rolling_oos_standard_deviation,cumulative_sum_h0_to_h
post_gfc_early,core,2009Q1,2014Q4,total_deposits_bank_qoq,1,5.756318702461527,19.25621089323296,-31.985854648275073,43.49849205319813,24,period_sensitivity,tdc_residual_z,rolling_oos_standard_deviation,cumulative_sum_h0_to_h
post_gfc_early,core,2009Q1,2014Q4,total_deposits_bank_qoq,2,19.17344214964711,25.848199736940014,-31.489029334755315,69.83591363404953,24,period_sensitivity,tdc_residual_z,rolling_oos_standard_deviation,cumulative_sum_h0_to_h
post_gfc_early,core,2009Q1,2014Q4,total_deposits_bank_qoq,3,20.26008055138834,30.883006872854157,-40.27061291940581,80.79077402218249,24,period_sensitivity,tdc_residual_z,rolling_oos_standard_deviation,cumulative_sum_h0_to_h
post_gfc_early,core,2009Q1,2014Q4,total_deposits_bank_qoq,4,2.2445982266537783,31.36405914265223,-59.22895769294459,63.71815414625215,24,period_sensitivity,tdc_residual_z,rolling_oos_standard_deviation,cumulative_sum_h0_to_h
post_gfc_early,core,2009Q1,2014Q4,total_deposits_bank_qoq,5,-23.949649269856124,30.65524394300503,-84.03392739814598,36.13462885843373,24,period_sensitivity,tdc_residual_z,rolling_oos_standard_deviation,cumulative_sum_h0_to_h
post_gfc_early,core,2009Q1,2014Q4,total_deposits_bank_qoq,6,-24.34562596443739,32.75684538206334,-88.54904291328154,39.85779098440676,24,period_sensitivity,tdc_residual_z,rolling_oos_standard_deviation,cumulative_sum_h0_to_h
post_gfc_early,core,2009Q1,2014Q4,total_deposits_bank_qoq,7,-12.225550427815875,35.81395884622369,-82.42090976641431,57.96980891078256,24,period_sensitivity,tdc_residual_z,rolling_oos_standard_deviation,cumulative_sum_h0_to_h
post_gfc_early,core,2009Q1,2014Q4,total_deposits_bank_qoq,8,-4.126516802821271,28.116909299794916,-59.235659030419306,50.982625424776764,24,period_sensitivity,tdc_residual_z,rolling_oos_standard_deviation,cumulative_sum_h0_to_h
post_gfc_early,core,2009Q1,2014Q4,other_component_qoq,0,-86.34199794376767,14.209189105261352,-114.19200859007992,-58.49198729745542,24,period_sensitivity,tdc_residual_z,rolling_oos_standard_deviation,cumulative_sum_h0_to_h
post_gfc_early,core,2009Q1,2014Q4,other_component_qoq,1,-92.21027333697923,12.574757984942845,-116.8567989874672,-67.56374768649125,24,period_sensitivity,tdc_residual_z,rolling_oos_standard_deviation,cumulative_sum_h0_to_h
post_gfc_early,core,2009Q1,2014Q4,other_component_qoq,2,-100.76351889362118,17.194278699514175,-134.46430514466897,-67.0627326425734,24,period_sensitivity,tdc_residual_z,rolling_oos_standard_deviation,cumulative_sum_h0_to_h
post_gfc_early,core,2009Q1,2014Q4,other_component_qoq,3,-44.236916209133206,22.542881435329107,-88.42096382237825,-0.05286859588815673,24,period_sensitivity,tdc_residual_z,rolling_oos_standard_deviation,cumulative_sum_h0_to_h
post_gfc_early,core,2009Q1,2014Q4,other_component_qoq,4,-47.95579454976854,35.42781990008144,-117.39432155392817,21.482732454391083,24,period_sensitivity,tdc_residual_z,rolling_oos_standard_deviation,cumulative_sum_h0_to_h
post_gfc_early,core,2009Q1,2014Q4,other_component_qoq,5,-25.855397095073428,37.52885294647886,-99.41194887017198,47.70115468002513,24,period_sensitivity,tdc_residual_z,rolling_oos_standard_deviation,cumulative_sum_h0_to_h
post_gfc_early,core,2009Q1,2014Q4,other_component_qoq,6,-37.768802699064324,48.106068942696275,-132.05669782674903,56.51909242862037,24,period_sensitivity,tdc_residual_z,rolling_oos_standard_deviation,cumulative_sum_h0_to_h
post_gfc_early,core,2009Q1,2014Q4,other_component_qoq,7,-23.310870089158,57.17581271351936,-135.37546300765595,88.75372282933995,24,period_sensitivity,tdc_residual_z,rolling_oos_standard_deviation,cumulative_sum_h0_to_h
post_gfc_early,core,2009Q1,2014Q4,other_component_qoq,8,-32.74712444981134,56.399081317224635,-143.2893238315716,77.79507493194895,24,period_sensitivity,tdc_residual_z,rolling_oos_standard_deviation,cumulative_sum_h0_to_h
post_gfc_early,core,2009Q1,2014Q4,accounting_deposit_substitution_qoq,0,0.010851724845126368,0.005274169573659153,0.0005143524807544285,0.021189097209498308,24,period_sensitivity,tdc_residual_z,rolling_oos_standard_deviation,cumulative_sum_h0_to_h
post_gfc_early,core,2009Q1,2014Q4,accounting_deposit_substitution_qoq,1,0.022740779043730258,0.013433664303624818,-0.003589202991374385,0.0490707610788349,24,period_sensitivity,tdc_residual_z,rolling_oos_standard_deviation,cumulative_sum_h0_to_h
post_gfc_early,core,2009Q1,2014Q4,accounting_deposit_substitution_qoq,2,0.017964350396090165,0.020112002148083466,-0.021455173814153426,0.057383874606333755,24,period_sensitivity,tdc_residual_z,rolling_oos_standard_deviation,cumulative_sum_h0_to_h
post_gfc_early,core,2009Q1,2014Q4,accounting_deposit_substitution_qoq,3,0.005695680268314817,0.025514800463203636,-0.04431332863956431,0.05570468917619394,24,period_sensitivity,tdc_residual_z,rolling_oos_standard_deviation,cumulative_sum_h0_to_h
post_gfc_early,core,2009Q1,2014Q4,accounting_deposit_substitution_qoq,4,-0.0030331498483915065,0.028076612400066762,-0.05806331015252236,0.051997010455739345,24,period_sensitivity,tdc_residual_z,rolling_oos_standard_deviation,cumulative_sum_h0_to_h
post_gfc_early,core,2009Q1,2014Q4,accounting_deposit_substitution_qoq,5,0.0033160892524233742,0.030809713569548508,-0.0570709493438917,0.06370312784873845,24,period_sensitivity,tdc_residual_z,rolling_oos_standard_deviation,cumulative_sum_h0_to_h
post_gfc_early,core,2009Q1,2014Q4,accounting_deposit_substitution_qoq,6,0.0019187401630973034,0.031041841419376597,-0.05892326901888083,0.06276074934507543,24,period_sensitivity,tdc_residual_z,rolling_oos_standard_deviation,cumulative_sum_h0_to_h
post_gfc_early,core,2009Q1,2014Q4,accounting_deposit_substitution_qoq,7,0.005090792952824034,0.031096999240396012,-0.05585932555835215,0.06604091146400022,24,period_sensitivity,tdc_residual_z,rolling_oos_standard_deviation,cumulative_sum_h0_to_h
post_gfc_early,core,2009Q1,2014Q4,accounting_deposit_substitution_qoq,8,-0.0012413996194570055,0.028815792803582766,-0.057720353514479225,0.05523755427556522,24,period_sensitivity,tdc_residual_z,rolling_oos_standard_deviation,cumulative_sum_h0_to_h
post_gfc_early,core,2009Q1,2014Q4,accounting_bank_balance_sheet_qoq,0,-15.319768030078459,7.331191123107414,-29.68890263136899,-0.9506334287879277,24,period_sensitivity,tdc_residual_z,rolling_oos_standard_deviation,cumulative_sum_h0_to_h
post_gfc_early,core,2009Q1,2014Q4,accounting_bank_balance_sheet_qoq,1,-19.58203592518971,9.314034711522243,-37.837543959773306,-1.3265278906061155,24,period_sensitivity,tdc_residual_z,rolling_oos_standard_deviation,cumulative_sum_h0_to_h
post_gfc_early,core,2009Q1,2014Q4,accounting_bank_balance_sheet_qoq,2,-11.095490814311798,9.890579778252874,-30.48102717968743,8.290045551063834,24,period_sensitivity,tdc_residual_z,rolling_oos_standard_deviation,cumulative_sum_h0_to_h
post_gfc_early,core,2009Q1,2014Q4,accounting_bank_balance_sheet_qoq,3,20.004415812774596,8.367111245919867,3.604877770771658,36.403953854777534,24,period_sensitivity,tdc_residual_z,rolling_oos_standard_deviation,cumulative_sum_h0_to_h
post_gfc_early,core,2009Q1,2014Q4,accounting_bank_balance_sheet_qoq,4,8.994203935199295,14.480530095483013,-19.38763505194741,37.376042922346,24,period_sensitivity,tdc_residual_z,rolling_oos_standard_deviation,cumulative_sum_h0_to_h
post_gfc_early,core,2009Q1,2014Q4,accounting_bank_balance_sheet_qoq,5,26.53982289504941,13.180300673788873,0.7064335744232224,52.3732122156756,24,period_sensitivity,tdc_residual_z,rolling_oos_standard_deviation,cumulative_sum_h0_to_h
post_gfc_early,core,2009Q1,2014Q4,accounting_bank_balance_sheet_qoq,6,22.01272985405815,17.31201217396448,-11.918814006912228,55.94427371502853,24,period_sensitivity,tdc_residual_z,rolling_oos_standard_deviation,cumulative_sum_h0_to_h
post_gfc_early,core,2009Q1,2014Q4,accounting_bank_balance_sheet_qoq,7,29.66038831413843,17.80351864474656,-5.234508229564831,64.55528485784168,24,period_sensitivity,tdc_residual_z,rolling_oos_standard_deviation,cumulative_sum_h0_to_h
post_gfc_early,core,2009Q1,2014Q4,accounting_bank_balance_sheet_qoq,8,10.186348730979773,19.209221794181698,-27.463725985616357,47.8364234475759,24,period_sensitivity,tdc_residual_z,rolling_oos_standard_deviation,cumulative_sum_h0_to_h
post_gfc_early,core,2009Q1,2014Q4,accounting_public_liquidity_qoq,0,2.2982401706237763,1.8474417900230546,-1.322745737821411,5.919226079068963,24,period_sensitivity,tdc_residual_z,rolling_oos_standard_deviation,cumulative_sum_h0_to_h
post_gfc_early,core,2009Q1,2014Q4,accounting_public_liquidity_qoq,1,-13.099963073842515,3.9785164630443877,-20.897855341409514,-5.302070806275515,24,period_sensitivity,tdc_residual_z,rolling_oos_standard_deviation,cumulative_sum_h0_to_h
post_gfc_early,core,2009Q1,2014Q4,accounting_public_liquidity_qoq,2,-4.149991865818472,2.485811849724121,-9.02218309127775,0.722199359640805,24,period_sensitivity,tdc_residual_z,rolling_oos_standard_deviation,cumulative_sum_h0_to_h
post_gfc_early,core,2009Q1,2014Q4,accounting_public_liquidity_qoq,3,-9.14002365412928,2.9241911296605934,-14.871438268264043,-3.4086090399945173,24,period_sensitivity,tdc_residual_z,rolling_oos_standard_deviation,cumulative_sum_h0_to_h
post_gfc_early,core,2009Q1,2014Q4,accounting_public_liquidity_qoq,4,-4.982776554915757,4.7038293316089845,-14.202282044869367,4.236728935037853,24,period_sensitivity,tdc_residual_z,rolling_oos_standard_deviation,cumulative_sum_h0_to_h
post_gfc_early,core,2009Q1,2014Q4,accounting_public_liquidity_qoq,5,-10.566758801446797,5.672632549729987,-21.68511859891757,0.5516009960239767,24,period_sensitivity,tdc_residual_z,rolling_oos_standard_deviation,cumulative_sum_h0_to_h
post_gfc_early,core,2009Q1,2014Q4,accounting_public_liquidity_qoq,6,-4.959729663933421,4.839948184242962,-14.446028105049626,4.526568777182783,24,period_sensitivity,tdc_residual_z,rolling_oos_standard_deviation,cumulative_sum_h0_to_h
post_gfc_early,core,2009Q1,2014Q4,accounting_public_liquidity_qoq,7,-14.27443032722945,5.918005471994816,-25.873721052339288,-2.6751396021196108,24,period_sensitivity,tdc_residual_z,rolling_oos_standard_deviation,cumulative_sum_h0_to_h
post_gfc_early,core,2009Q1,2014Q4,accounting_public_liquidity_qoq,8,-5.799210822201531,6.183503608311452,-17.918877894491978,6.320456250088914,24,period_sensitivity,tdc_residual_z,rolling_oos_standard_deviation,cumulative_sum_h0_to_h
post_gfc_early,core,2009Q1,2014Q4,accounting_external_flow_qoq,0,-59.31754408790515,15.415668938392553,-89.53225520715455,-29.102832968655743,24,period_sensitivity,tdc_residual_z,rolling_oos_standard_deviation,cumulative_sum_h0_to_h
post_gfc_early,core,2009Q1,2014Q4,accounting_external_flow_qoq,1,-53.261957995534,28.185611245179288,-108.5057560360854,1.9818400450174067,24,period_sensitivity,tdc_residual_z,rolling_oos_standard_deviation,cumulative_sum_h0_to_h
post_gfc_early,core,2009Q1,2014Q4,accounting_external_flow_qoq,2,-80.28339465320755,20.61670612864828,-120.69213866535819,-39.874650641056924,24,period_sensitivity,tdc_residual_z,rolling_oos_standard_deviation,cumulative_sum_h0_to_h
post_gfc_early,core,2009Q1,2014Q4,accounting_external_flow_qoq,3,-51.900266153861494,18.35387628580819,-87.87386367404554,-15.926668633677444,24,period_sensitivity,tdc_residual_z,rolling_oos_standard_deviation,cumulative_sum_h0_to_h
post_gfc_early,core,2009Q1,2014Q4,accounting_external_flow_qoq,4,-37.521079494710364,27.43748208333653,-91.29854437804997,16.256385388629234,24,period_sensitivity,tdc_residual_z,rolling_oos_standard_deviation,cumulative_sum_h0_to_h
post_gfc_early,core,2009Q1,2014Q4,accounting_external_flow_qoq,5,-15.832684383554522,39.84870299028025,-93.93614224450381,62.27077347739477,24,period_sensitivity,tdc_residual_z,rolling_oos_standard_deviation,cumulative_sum_h0_to_h
post_gfc_early,core,2009Q1,2014Q4,accounting_external_flow_qoq,6,-27.979354237303,34.09901734644272,-94.81342823633074,38.85471976172474,24,period_sensitivity,tdc_residual_z,rolling_oos_standard_deviation,cumulative_sum_h0_to_h
post_gfc_early,core,2009Q1,2014Q4,accounting_external_flow_qoq,7,-15.702862373259052,33.35109457203063,-81.07100773443909,49.66528298792099,24,period_sensitivity,tdc_residual_z,rolling_oos_standard_deviation,cumulative_sum_h0_to_h
post_gfc_early,core,2009Q1,2014Q4,accounting_external_flow_qoq,8,-0.1436217700724285,37.01313203159958,-72.68936055200761,72.40211701186276,24,period_sensitivity,tdc_residual_z,rolling_oos_standard_deviation,cumulative_sum_h0_to_h
post_gfc_early,core,2009Q1,2014Q4,accounting_identity_total_qoq,0,-84.34571647877229,12.758988966391327,-109.35333485289928,-59.33809810464529,24,period_sensitivity,tdc_residual_z,rolling_oos_standard_deviation,cumulative_sum_h0_to_h
post_gfc_early,core,2009Q1,2014Q4,accounting_identity_total_qoq,1,-96.78622967441252,11.272491872806173,-118.88031374511263,-74.69214560371242,24,period_sensitivity,tdc_residual_z,rolling_oos_standard_deviation,cumulative_sum_h0_to_h
post_gfc_early,core,2009Q1,2014Q4,accounting_identity_total_qoq,2,-107.7835175147805,15.590528710189012,-138.34095378675096,-77.22608124281004,24,period_sensitivity,tdc_residual_z,rolling_oos_standard_deviation,cumulative_sum_h0_to_h
post_gfc_early,core,2009Q1,2014Q4,accounting_identity_total_qoq,3,-52.48452862911973,22.458446160548533,-96.50308310379485,-8.46597415444461,24,period_sensitivity,tdc_residual_z,rolling_oos_standard_deviation,cumulative_sum_h0_to_h
post_gfc_early,core,2009Q1,2014Q4,accounting_identity_total_qoq,4,-53.398896513762466,33.3078329813938,-118.68224915729432,11.88445612976939,24,period_sensitivity,tdc_residual_z,rolling_oos_standard_deviation,cumulative_sum_h0_to_h
post_gfc_early,core,2009Q1,2014Q4,accounting_identity_total_qoq,5,-37.41495144133705,37.479037546010844,-110.8738650315183,36.0439621488442,24,period_sensitivity,tdc_residual_z,rolling_oos_standard_deviation,cumulative_sum_h0_to_h
post_gfc_early,core,2009Q1,2014Q4,accounting_identity_total_qoq,6,-50.53026137636989,43.98170807321334,-136.73440919986803,35.673886447128254,24,period_sensitivity,tdc_residual_z,rolling_oos_standard_deviation,cumulative_sum_h0_to_h
post_gfc_early,core,2009Q1,2014Q4,accounting_identity_total_qoq,7,-36.9202107169849,51.096363797376775,-137.06908375984338,63.228662325873586,24,period_sensitivity,tdc_residual_z,rolling_oos_standard_deviation,cumulative_sum_h0_to_h
post_gfc_early,core,2009Q1,2014Q4,accounting_identity_total_qoq,8,-35.868549335122864,52.29950540698997,-138.3755799328232,66.63848126257749,24,period_sensitivity,tdc_residual_z,rolling_oos_standard_deviation,cumulative_sum_h0_to_h
post_gfc_early,core,2009Q1,2014Q4,accounting_identity_gap_qoq,0,-0.876127118359999,4.132544392712589,-8.975914128076674,7.223659891356675,24,period_sensitivity,tdc_residual_z,rolling_oos_standard_deviation,cumulative_sum_h0_to_h
post_gfc_early,core,2009Q1,2014Q4,accounting_identity_gap_qoq,1,5.313256234987742,4.6556420764727084,-3.8118022348987655,14.43831470487425,24,period_sensitivity,tdc_residual_z,rolling_oos_standard_deviation,cumulative_sum_h0_to_h
post_gfc_early,core,2009Q1,2014Q4,accounting_identity_gap_qoq,2,8.691901148570793,6.383814270472448,-3.8203748215552054,21.20417711869679,24,period_sensitivity,tdc_residual_z,rolling_oos_standard_deviation,cumulative_sum_h0_to_h
post_gfc_early,core,2009Q1,2014Q4,accounting_identity_gap_qoq,3,11.087264616344314,7.297673928468946,-3.2161762834548195,25.39070551614345,24,period_sensitivity,tdc_residual_z,rolling_oos_standard_deviation,cumulative_sum_h0_to_h
post_gfc_early,core,2009Q1,2014Q4,accounting_identity_gap_qoq,4,8.011956245773899,6.677734703240387,-5.07640377257726,21.100316264125055,24,period_sensitivity,tdc_residual_z,rolling_oos_standard_deviation,cumulative_sum_h0_to_h
post_gfc_early,core,2009Q1,2014Q4,accounting_identity_gap_qoq,5,13.555202130208835,7.231650360285741,-0.6188325759512168,27.729236836368887,24,period_sensitivity,tdc_residual_z,rolling_oos_standard_deviation,cumulative_sum_h0_to_h
post_gfc_early,core,2009Q1,2014Q4,accounting_identity_gap_qoq,6,15.542752434019842,8.138722088253909,-0.4091428589578179,31.494647726997503,24,period_sensitivity,tdc_residual_z,rolling_oos_standard_deviation,cumulative_sum_h0_to_h
post_gfc_early,core,2009Q1,2014Q4,accounting_identity_gap_qoq,7,17.597020357650056,8.86716377220624,0.2173793641258257,34.976661351174286,24,period_sensitivity,tdc_residual_z,rolling_oos_standard_deviation,cumulative_sum_h0_to_h
post_gfc_early,core,2009Q1,2014Q4,accounting_identity_gap_qoq,8,6.000674880198617,8.096979296604173,-9.869404541145563,21.870754301542796,24,period_sensitivity,tdc_residual_z,rolling_oos_standard_deviation,cumulative_sum_h0_to_h
post_gfc_early,core,2009Q1,2014Q4,strict_loan_source_qoq,0,-27.02884448741969,8.66366599665042,-44.009629840854515,-10.048059133984864,24,period_sensitivity,tdc_residual_z,rolling_oos_standard_deviation,cumulative_sum_h0_to_h
post_gfc_early,core,2009Q1,2014Q4,strict_loan_source_qoq,1,-27.277654065115257,11.529144114064323,-49.87477652868133,-4.680531601549184,24,period_sensitivity,tdc_residual_z,rolling_oos_standard_deviation,cumulative_sum_h0_to_h
post_gfc_early,core,2009Q1,2014Q4,strict_loan_source_qoq,2,-33.185698113762385,20.274447438055393,-72.92361509235096,6.552218864826187,24,period_sensitivity,tdc_residual_z,rolling_oos_standard_deviation,cumulative_sum_h0_to_h
post_gfc_early,core,2009Q1,2014Q4,strict_loan_source_qoq,3,-19.016778142253692,23.159492587214466,-64.40938361319405,26.37582732868666,24,period_sensitivity,tdc_residual_z,rolling_oos_standard_deviation,cumulative_sum_h0_to_h
post_gfc_early,core,2009Q1,2014Q4,strict_loan_source_qoq,4,-32.29270257773657,28.535105172584807,-88.22150871600279,23.636103560529648,24,period_sensitivity,tdc_residual_z,rolling_oos_standard_deviation,cumulative_sum_h0_to_h
post_gfc_early,core,2009Q1,2014Q4,strict_loan_source_qoq,5,-20.394792867829644,30.495772074451768,-80.1665061337551,39.37692039809582,24,period_sensitivity,tdc_residual_z,rolling_oos_standard_deviation,cumulative_sum_h0_to_h
post_gfc_early,core,2009Q1,2014Q4,strict_loan_source_qoq,6,-30.66328149381192,40.28373709300843,-109.61940619610846,48.29284320848461,24,period_sensitivity,tdc_residual_z,rolling_oos_standard_deviation,cumulative_sum_h0_to_h
post_gfc_early,core,2009Q1,2014Q4,strict_loan_source_qoq,7,-22.276989304011487,43.51799658284271,-107.57226260638319,63.018283998360225,24,period_sensitivity,tdc_residual_z,rolling_oos_standard_deviation,cumulative_sum_h0_to_h
post_gfc_early,core,2009Q1,2014Q4,strict_loan_source_qoq,8,-38.523197782989826,45.04921165520326,-126.8196526271882,49.773257061208554,24,period_sensitivity,tdc_residual_z,rolling_oos_standard_deviation,cumulative_sum_h0_to_h
post_gfc_early,core,2009Q1,2014Q4,strict_loan_mortgages_qoq,0,-10.05578510924059,3.697083866274815,-17.302069487139228,-2.809500731341952,24,period_sensitivity,tdc_residual_z,rolling_oos_standard_deviation,cumulative_sum_h0_to_h
post_gfc_early,core,2009Q1,2014Q4,strict_loan_mortgages_qoq,1,-8.152745829489714,5.456801462915602,-18.84807669680429,2.542585037824866,24,period_sensitivity,tdc_residual_z,rolling_oos_standard_deviation,cumulative_sum_h0_to_h
post_gfc_early,core,2009Q1,2014Q4,strict_loan_mortgages_qoq,2,-9.162808546853613,5.942868721503702,-20.81083124100087,2.485214147293643,24,period_sensitivity,tdc_residual_z,rolling_oos_standard_deviation,cumulative_sum_h0_to_h
post_gfc_early,core,2009Q1,2014Q4,strict_loan_mortgages_qoq,3,-2.7814381940231723,7.638287038837494,-17.75248079014466,12.189604402098317,24,period_sensitivity,tdc_residual_z,rolling_oos_standard_deviation,cumulative_sum_h0_to_h
post_gfc_early,core,2009Q1,2014Q4,strict_loan_mortgages_qoq,4,-4.507823030884317,9.465914076587776,-23.061014620996357,14.045368559227722,24,period_sensitivity,tdc_residual_z,rolling_oos_standard_deviation,cumulative_sum_h0_to_h
post_gfc_early,core,2009Q1,2014Q4,strict_loan_mortgages_qoq,5,0.7476977159499825,9.566433363096229,-18.002511675718626,19.49790710761859,24,period_sensitivity,tdc_residual_z,rolling_oos_standard_deviation,cumulative_sum_h0_to_h
post_gfc_early,core,2009Q1,2014Q4,strict_loan_mortgages_qoq,6,0.6589925028989754,11.51420785723432,-21.908854897280293,23.226839903078243,24,period_sensitivity,tdc_residual_z,rolling_oos_standard_deviation,cumulative_sum_h0_to_h
post_gfc_early,core,2009Q1,2014Q4,strict_loan_mortgages_qoq,7,3.2084044264107794,13.289300116345835,-22.838623801627055,29.255432654448615,24,period_sensitivity,tdc_residual_z,rolling_oos_standard_deviation,cumulative_sum_h0_to_h
post_gfc_early,core,2009Q1,2014Q4,strict_loan_mortgages_qoq,8,1.466490322092148,13.790775494137534,-25.56342964641742,28.496410290601716,24,period_sensitivity,tdc_residual_z,rolling_oos_standard_deviation,cumulative_sum_h0_to_h
post_gfc_early,core,2009Q1,2014Q4,strict_loan_consumer_credit_qoq,0,-7.610252577976988,2.2805761621358696,-12.080181855763293,-3.1403233001906834,24,period_sensitivity,tdc_residual_z,rolling_oos_standard_deviation,cumulative_sum_h0_to_h
post_gfc_early,core,2009Q1,2014Q4,strict_loan_consumer_credit_qoq,1,-3.516862499971543,1.3264230071088605,-6.11665159390491,-0.9170734060381762,24,period_sensitivity,tdc_residual_z,rolling_oos_standard_deviation,cumulative_sum_h0_to_h
post_gfc_early,core,2009Q1,2014Q4,strict_loan_consumer_credit_qoq,2,-4.375515175543293,2.306783919969767,-8.896811658684037,0.14578130759745012,24,period_sensitivity,tdc_residual_z,rolling_oos_standard_deviation,cumulative_sum_h0_to_h
post_gfc_early,core,2009Q1,2014Q4,strict_loan_consumer_credit_qoq,3,1.4957053794904853,3.723946510792719,-5.803229781663243,8.794640540644213,24,period_sensitivity,tdc_residual_z,rolling_oos_standard_deviation,cumulative_sum_h0_to_h
post_gfc_early,core,2009Q1,2014Q4,strict_loan_consumer_credit_qoq,4,-7.301733522015915,5.439574124911877,-17.96329880684319,3.3598317628113623,24,period_sensitivity,tdc_residual_z,rolling_oos_standard_deviation,cumulative_sum_h0_to_h
post_gfc_early,core,2009Q1,2014Q4,strict_loan_consumer_credit_qoq,5,-4.652418901545605,5.2671296579864615,-14.975993031199069,5.6711552281078585,24,period_sensitivity,tdc_residual_z,rolling_oos_standard_deviation,cumulative_sum_h0_to_h
post_gfc_early,core,2009Q1,2014Q4,strict_loan_consumer_credit_qoq,6,-7.835298866572816,6.433927108255243,-20.44579599875309,4.77519826560746,24,period_sensitivity,tdc_residual_z,rolling_oos_standard_deviation,cumulative_sum_h0_to_h
post_gfc_early,core,2009Q1,2014Q4,strict_loan_consumer_credit_qoq,7,-1.7016892315671566,6.834371284651538,-15.09705694948417,11.693678486349857,24,period_sensitivity,tdc_residual_z,rolling_oos_standard_deviation,cumulative_sum_h0_to_h
post_gfc_early,core,2009Q1,2014Q4,strict_loan_consumer_credit_qoq,8,-8.222580126232428,8.022318311974328,-23.94632401770211,7.501163765237253,24,period_sensitivity,tdc_residual_z,rolling_oos_standard_deviation,cumulative_sum_h0_to_h
post_gfc_early,core,2009Q1,2014Q4,strict_loan_di_loans_nec_qoq,0,-7.274621941697744,3.6262400923823828,-14.382052522767214,-0.16719136062827378,24,period_sensitivity,tdc_residual_z,rolling_oos_standard_deviation,cumulative_sum_h0_to_h
post_gfc_early,core,2009Q1,2014Q4,strict_loan_di_loans_nec_qoq,1,-7.474055986176175,4.598925655240127,-16.487950270446824,1.539838298094475,24,period_sensitivity,tdc_residual_z,rolling_oos_standard_deviation,cumulative_sum_h0_to_h
post_gfc_early,core,2009Q1,2014Q4,strict_loan_di_loans_nec_qoq,2,-9.735018476599086,8.961644094259395,-27.2998409013475,7.829803948149328,24,period_sensitivity,tdc_residual_z,rolling_oos_standard_deviation,cumulative_sum_h0_to_h
post_gfc_early,core,2009Q1,2014Q4,strict_loan_di_loans_nec_qoq,3,-3.8452569837140373,10.318361092473873,-24.06924472496283,16.378730757534754,24,period_sensitivity,tdc_residual_z,rolling_oos_standard_deviation,cumulative_sum_h0_to_h
post_gfc_early,core,2009Q1,2014Q4,strict_loan_di_loans_nec_qoq,4,-6.552708446722129,11.493573654624981,-29.080112809787092,15.974695916342835,24,period_sensitivity,tdc_residual_z,rolling_oos_standard_deviation,cumulative_sum_h0_to_h
post_gfc_early,core,2009Q1,2014Q4,strict_loan_di_loans_nec_qoq,5,-1.4558744696788395,12.855841662547004,-26.653324128270967,23.741575188913288,24,period_sensitivity,tdc_residual_z,rolling_oos_standard_deviation,cumulative_sum_h0_to_h
post_gfc_early,core,2009Q1,2014Q4,strict_loan_di_loans_nec_qoq,6,-7.620551174661138,15.409298323905805,-37.822775889516514,22.581673540194238,24,period_sensitivity,tdc_residual_z,rolling_oos_standard_deviation,cumulative_sum_h0_to_h
post_gfc_early,core,2009Q1,2014Q4,strict_loan_di_loans_nec_qoq,7,-3.8965564297008157,16.63297548320209,-36.49718837677691,28.70407551737528,24,period_sensitivity,tdc_residual_z,rolling_oos_standard_deviation,cumulative_sum_h0_to_h
post_gfc_early,core,2009Q1,2014Q4,strict_loan_di_loans_nec_qoq,8,-12.011345452288651,16.610274170900844,-44.5674828272543,20.544791922677,24,period_sensitivity,tdc_residual_z,rolling_oos_standard_deviation,cumulative_sum_h0_to_h
post_gfc_early,core,2009Q1,2014Q4,strict_loan_other_advances_qoq,0,0.0,0.0,0.0,0.0,24,period_sensitivity,tdc_residual_z,rolling_oos_standard_deviation,cumulative_sum_h0_to_h
post_gfc_early,core,2009Q1,2014Q4,strict_loan_other_advances_qoq,1,0.00025684151449473306,0.0004810851753718399,-0.0006860854292340731,0.0011997684582235393,24,period_sensitivity,tdc_residual_z,rolling_oos_standard_deviation,cumulative_sum_h0_to_h
post_gfc_early,core,2009Q1,2014Q4,strict_loan_other_advances_qoq,2,-0.001237740965868677,0.002446251218358325,-0.006032393353850993,0.0035569114221136395,24,period_sensitivity,tdc_residual_z,rolling_oos_standard_deviation,cumulative_sum_h0_to_h
post_gfc_early,core,2009Q1,2014Q4,strict_loan_other_advances_qoq,3,0.026886462652060256,0.05168876894001349,-0.07442352447036618,0.1281964497744867,24,period_sensitivity,tdc_residual_z,rolling_oos_standard_deviation,cumulative_sum_h0_to_h
post_gfc_early,core,2009Q1,2014Q4,strict_loan_other_advances_qoq,4,0.08541464494570139,0.14842509981930627,-0.2054985507001389,0.3763278405915417,24,period_sensitivity,tdc_residual_z,rolling_oos_standard_deviation,cumulative_sum_h0_to_h
post_gfc_early,core,2009Q1,2014Q4,strict_loan_other_advances_qoq,5,0.07899716011113203,0.19944670169255266,-0.3119183752062712,0.4699126954285352,24,period_sensitivity,tdc_residual_z,rolling_oos_standard_deviation,cumulative_sum_h0_to_h
post_gfc_early,core,2009Q1,2014Q4,strict_loan_other_advances_qoq,6,-0.09942498515824731,0.15347736719817032,-0.4002406248666611,0.20139065455016647,24,period_sensitivity,tdc_residual_z,rolling_oos_standard_deviation,cumulative_sum_h0_to_h
post_gfc_early,core,2009Q1,2014Q4,strict_loan_other_advances_qoq,7,-0.3606748641380674,0.19526525910223544,-0.7433947719784488,0.022045043702314082,24,period_sensitivity,tdc_residual_z,rolling_oos_standard_deviation,cumulative_sum_h0_to_h
post_gfc_early,core,2009Q1,2014Q4,strict_loan_other_advances_qoq,8,-0.5111640367637116,0.27090793448307526,-1.0421435883505392,0.019815514823115943,24,period_sensitivity,tdc_residual_z,rolling_oos_standard_deviation,cumulative_sum_h0_to_h
post_gfc_early,core,2009Q1,2014Q4,strict_non_treasury_agency_gse_qoq,0,4.938038105885314,2.6483682531262462,-0.2527636702421283,10.128839882012757,24,period_sensitivity,tdc_residual_z,rolling_oos_standard_deviation,cumulative_sum_h0_to_h
post_gfc_early,core,2009Q1,2014Q4,strict_non_treasury_agency_gse_qoq,1,0.7054692493906307,4.8017231635525635,-8.705908151172395,10.116846649953654,24,period_sensitivity,tdc_residual_z,rolling_oos_standard_deviation,cumulative_sum_h0_to_h
post_gfc_early,core,2009Q1,2014Q4,strict_non_treasury_agency_gse_qoq,2,3.5474638606696702,4.950109633554918,-6.15475102109797,13.249678742437311,24,period_sensitivity,tdc_residual_z,rolling_oos_standard_deviation,cumulative_sum_h0_to_h
post_gfc_early,core,2009Q1,2014Q4,strict_non_treasury_agency_gse_qoq,3,2.084537056575149,4.790461342453253,-7.304767174633227,11.473841287783525,24,period_sensitivity,tdc_residual_z,rolling_oos_standard_deviation,cumulative_sum_h0_to_h
post_gfc_early,core,2009Q1,2014Q4,strict_non_treasury_agency_gse_qoq,4,9.619422743404407,5.680801237270629,-1.5149476816460261,20.75379316845484,24,period_sensitivity,tdc_residual_z,rolling_oos_standard_deviation,cumulative_sum_h0_to_h
post_gfc_early,core,2009Q1,2014Q4,strict_non_treasury_agency_gse_qoq,5,12.11452011738455,6.5544479393330475,-0.7321978437082226,24.961238078477322,24,period_sensitivity,tdc_residual_z,rolling_oos_standard_deviation,cumulative_sum_h0_to_h
post_gfc_early,core,2009Q1,2014Q4,strict_non_treasury_agency_gse_qoq,6,14.531017159624856,7.155492892153016,0.5062510910049447,28.555783228244767,24,period_sensitivity,tdc_residual_z,rolling_oos_standard_deviation,cumulative_sum_h0_to_h
post_gfc_early,core,2009Q1,2014Q4,strict_non_treasury_agency_gse_qoq,7,9.200608540473945,9.251872844039369,-8.933062233843218,27.33427931479111,24,period_sensitivity,tdc_residual_z,rolling_oos_standard_deviation,cumulative_sum_h0_to_h
post_gfc_early,core,2009Q1,2014Q4,strict_non_treasury_agency_gse_qoq,8,9.607754744733306,10.381768701660915,-10.740511910522088,29.9560213999887,24,period_sensitivity,tdc_residual_z,rolling_oos_standard_deviation,cumulative_sum_h0_to_h
post_gfc_early,core,2009Q1,2014Q4,strict_non_treasury_municipal_qoq,0,-0.9976863019162416,0.43367635681800654,-1.8476919612795344,-0.14768064255294888,24,period_sensitivity,tdc_residual_z,rolling_oos_standard_deviation,cumulative_sum_h0_to_h
post_gfc_early,core,2009Q1,2014Q4,strict_non_treasury_municipal_qoq,1,-2.162231949686043,0.7552124704199754,-3.6424483917091948,-0.6820155076628911,24,period_sensitivity,tdc_residual_z,rolling_oos_standard_deviation,cumulative_sum_h0_to_h
post_gfc_early,core,2009Q1,2014Q4,strict_non_treasury_municipal_qoq,2,-3.284818788832917,0.8218088353490549,-4.895564106117064,-1.6740734715487693,24,period_sensitivity,tdc_residual_z,rolling_oos_standard_deviation,cumulative_sum_h0_to_h
post_gfc_early,core,2009Q1,2014Q4,strict_non_treasury_municipal_qoq,3,-3.4455612511543054,1.010504958124697,-5.426150969078711,-1.4649715332298994,24,period_sensitivity,tdc_residual_z,rolling_oos_standard_deviation,cumulative_sum_h0_to_h
post_gfc_early,core,2009Q1,2014Q4,strict_non_treasury_municipal_qoq,4,-2.992935670346463,1.2348121653920368,-5.413167514514855,-0.572703826178071,24,period_sensitivity,tdc_residual_z,rolling_oos_standard_deviation,cumulative_sum_h0_to_h
post_gfc_early,core,2009Q1,2014Q4,strict_non_treasury_municipal_qoq,5,-1.7968085178014963,1.313269181463155,-4.37081611346928,0.7771990778662872,24,period_sensitivity,tdc_residual_z,rolling_oos_standard_deviation,cumulative_sum_h0_to_h
post_gfc_early,core,2009Q1,2014Q4,strict_non_treasury_municipal_qoq,6,-0.8835245785813921,1.6417072947274864,-4.101270876247265,2.334221719084481,24,period_sensitivity,tdc_residual_z,rolling_oos_standard_deviation,cumulative_sum_h0_to_h
post_gfc_early,core,2009Q1,2014Q4,strict_non_treasury_municipal_qoq,7,-0.8941421601878172,1.9495769664749465,-4.715313014478712,2.9270286941030776,24,period_sensitivity,tdc_residual_z,rolling_oos_standard_deviation,cumulative_sum_h0_to_h
post_gfc_early,core,2009Q1,2014Q4,strict_non_treasury_municipal_qoq,8,-1.133434748524902,1.9420026968461466,-4.939760034343349,2.6728905372935454,24,period_sensitivity,tdc_residual_z,rolling_oos_standard_deviation,cumulative_sum_h0_to_h
post_gfc_early,core,2009Q1,2014Q4,strict_non_treasury_corporate_foreign_bonds_qoq,0,-1.2780324057829509,2.4161562018907246,-6.013698561488771,3.457633749922869,24,period_sensitivity,tdc_residual_z,rolling_oos_standard_deviation,cumulative_sum_h0_to_h
post_gfc_early,core,2009Q1,2014Q4,strict_non_treasury_corporate_foreign_bonds_qoq,1,-2.531011492320439,3.8556855758205573,-10.08815522092873,5.026132236287853,24,period_sensitivity,tdc_residual_z,rolling_oos_standard_deviation,cumulative_sum_h0_to_h
post_gfc_early,core,2009Q1,2014Q4,strict_non_treasury_corporate_foreign_bonds_qoq,2,-2.6287745108087752,4.980161773072575,-12.389891586031021,7.132342564413472,24,period_sensitivity,tdc_residual_z,rolling_oos_standard_deviation,cumulative_sum_h0_to_h
post_gfc_early,core,2009Q1,2014Q4,strict_non_treasury_corporate_foreign_bonds_qoq,3,-2.342609125812213,5.860749583571305,-13.829678309611971,9.144460057987544,24,period_sensitivity,tdc_residual_z,rolling_oos_standard_deviation,cumulative_sum_h0_to_h
post_gfc_early,core,2009Q1,2014Q4,strict_non_treasury_corporate_foreign_bonds_qoq,4,-4.615877597060145,6.856937180388195,-18.055474470621007,8.823719276500718,24,period_sensitivity,tdc_residual_z,rolling_oos_standard_deviation,cumulative_sum_h0_to_h
post_gfc_early,core,2009Q1,2014Q4,strict_non_treasury_corporate_foreign_bonds_qoq,5,-4.969810361137252,6.650386332366996,-18.004567572576565,8.06494685030206,24,period_sensitivity,tdc_residual_z,rolling_oos_standard_deviation,cumulative_sum_h0_to_h
post_gfc_early,core,2009Q1,2014Q4,strict_non_treasury_corporate_foreign_bonds_qoq,6,-5.705673689827026,6.3499253238273585,-18.151527324528647,6.740179944874597,24,period_sensitivity,tdc_residual_z,rolling_oos_standard_deviation,cumulative_sum_h0_to_h
post_gfc_early,core,2009Q1,2014Q4,strict_non_treasury_corporate_foreign_bonds_qoq,7,-3.655326090528266,6.850977599215858,-17.083242184991345,9.772590003934814,24,period_sensitivity,tdc_residual_z,rolling_oos_standard_deviation,cumulative_sum_h0_to_h
post_gfc_early,core,2009Q1,2014Q4,strict_non_treasury_corporate_foreign_bonds_qoq,8,-2.7908519743122513,6.666346336711175,-15.856890794266153,10.275186845641652,24,period_sensitivity,tdc_residual_z,rolling_oos_standard_deviation,cumulative_sum_h0_to_h
post_gfc_early,core,2009Q1,2014Q4,strict_non_treasury_securities_qoq,0,1.5682628022249039,4.638994757156476,-7.524166921801788,10.660692526251596,24,period_sensitivity,tdc_residual_z,rolling_oos_standard_deviation,cumulative_sum_h0_to_h
post_gfc_early,core,2009Q1,2014Q4,strict_non_treasury_securities_qoq,1,-5.104149873842298,6.721707864876542,-18.27869728900032,8.070397541315725,24,period_sensitivity,tdc_residual_z,rolling_oos_standard_deviation,cumulative_sum_h0_to_h
post_gfc_early,core,2009Q1,2014Q4,strict_non_treasury_securities_qoq,2,-3.0801331039473876,8.077157800925747,-18.91136239376185,12.751096185867075,24,period_sensitivity,tdc_residual_z,rolling_oos_standard_deviation,cumulative_sum_h0_to_h
post_gfc_early,core,2009Q1,2014Q4,strict_non_treasury_securities_qoq,3,-2.7999031328435233,7.689590536923891,-17.87150058521435,12.271694319527302,24,period_sensitivity,tdc_residual_z,rolling_oos_standard_deviation,cumulative_sum_h0_to_h
post_gfc_early,core,2009Q1,2014Q4,strict_non_treasury_securities_qoq,4,3.6355271976407977,7.384815293178054,-10.838710776988188,18.109765172269782,24,period_sensitivity,tdc_residual_z,rolling_oos_standard_deviation,cumulative_sum_h0_to_h
post_gfc_early,core,2009Q1,2014Q4,strict_non_treasury_securities_qoq,5,6.755917157067138,7.97018387930776,-8.865643246376072,22.37747756051035,24,period_sensitivity,tdc_residual_z,rolling_oos_standard_deviation,cumulative_sum_h0_to_h
post_gfc_early,core,2009Q1,2014Q4,strict_non_treasury_securities_qoq,6,9.31744462207416,8.297128901245216,-6.944928024366465,25.579817268514784,24,period_sensitivity,tdc_residual_z,rolling_oos_standard_deviation,cumulative_sum_h0_to_h
post_gfc_early,core,2009Q1,2014Q4,strict_non_treasury_securities_qoq,7,7.038741285726555,6.68483752002355,-6.063540253519603,20.141022824972715,24,period_sensitivity,tdc_residual_z,rolling_oos_standard_deviation,cumulative_sum_h0_to_h
post_gfc_early,core,2009Q1,2014Q4,strict_non_treasury_securities_qoq,8,9.132168100560943,7.773413747846873,-6.103722845218929,24.368059046340814,24,period_sensitivity,tdc_residual_z,rolling_oos_standard_deviation,cumulative_sum_h0_to_h
post_gfc_early,core,2009Q1,2014Q4,strict_identifiable_total_qoq,0,-25.806012915755005,12.558476205827125,-50.42062627917617,-1.1913995523338414,24,period_sensitivity,tdc_residual_z,rolling_oos_standard_deviation,cumulative_sum_h0_to_h
post_gfc_early,core,2009Q1,2014Q4,strict_identifiable_total_qoq,1,-32.932946776001415,15.899301801469715,-64.09557830688206,-1.7703152451207735,24,period_sensitivity,tdc_residual_z,rolling_oos_standard_deviation,cumulative_sum_h0_to_h
post_gfc_early,core,2009Q1,2014Q4,strict_identifiable_total_qoq,2,-38.988520918161406,23.275768986884085,-84.60902813245421,6.631986296131402,24,period_sensitivity,tdc_residual_z,rolling_oos_standard_deviation,cumulative_sum_h0_to_h
post_gfc_early,core,2009Q1,2014Q4,strict_identifiable_total_qoq,3,-25.977758317133087,28.97683941171755,-82.77236356409949,30.81684692983331,24,period_sensitivity,tdc_residual_z,rolling_oos_standard_deviation,cumulative_sum_h0_to_h
post_gfc_early,core,2009Q1,2014Q4,strict_identifiable_total_qoq,4,-30.465589999315455,36.70146759891255,-102.40046649318406,41.469286494553145,24,period_sensitivity,tdc_residual_z,rolling_oos_standard_deviation,cumulative_sum_h0_to_h
post_gfc_early,core,2009Q1,2014Q4,strict_identifiable_total_qoq,5,-13.550629248353836,37.245965684311045,-86.55272198960347,59.451463492895805,24,period_sensitivity,tdc_residual_z,rolling_oos_standard_deviation,cumulative_sum_h0_to_h
post_gfc_early,core,2009Q1,2014Q4,strict_identifiable_total_qoq,6,-20.009595874032506,45.496767979972034,-109.18326111477768,69.16406936671268,24,period_sensitivity,tdc_residual_z,rolling_oos_standard_deviation,cumulative_sum_h0_to_h
post_gfc_early,core,2009Q1,2014Q4,strict_identifiable_total_qoq,7,-12.448082452110071,48.03575234500021,-106.59815704831048,81.70199214409034,24,period_sensitivity,tdc_residual_z,rolling_oos_standard_deviation,cumulative_sum_h0_to_h
post_gfc_early,core,2009Q1,2014Q4,strict_identifiable_total_qoq,8,-24.17687046422209,49.02175470174473,-120.25950967964177,71.90576875119758,24,period_sensitivity,tdc_residual_z,rolling_oos_standard_deviation,cumulative_sum_h0_to_h
post_gfc_early,core,2009Q1,2014Q4,strict_identifiable_gap_qoq,0,-64.60112876557834,12.411493046538936,-88.92765513679466,-40.27460239436202,24,period_sensitivity,tdc_residual_z,rolling_oos_standard_deviation,cumulative_sum_h0_to_h
post_gfc_early,core,2009Q1,2014Q4,strict_identifiable_gap_qoq,1,-70.99438307004753,8.299030409655828,-87.26048267297296,-54.72828346712211,24,period_sensitivity,tdc_residual_z,rolling_oos_standard_deviation,cumulative_sum_h0_to_h
post_gfc_early,core,2009Q1,2014Q4,strict_identifiable_gap_qoq,2,-76.85053385893386,13.242105577326084,-102.80506079049299,-50.89600692737473,24,period_sensitivity,tdc_residual_z,rolling_oos_standard_deviation,cumulative_sum_h0_to_h
post_gfc_early,core,2009Q1,2014Q4,strict_identifiable_gap_qoq,3,-38.98776405298669,10.82351796147586,-60.20185925747938,-17.773668848494005,24,period_sensitivity,tdc_residual_z,rolling_oos_standard_deviation,cumulative_sum_h0_to_h
post_gfc_early,core,2009Q1,2014Q4,strict_identifiable_gap_qoq,4,-36.70077365287564,14.466483704284792,-65.05508171327384,-8.346465592477447,24,period_sensitivity,tdc_residual_z,rolling_oos_standard_deviation,cumulative_sum_h0_to_h
post_gfc_early,core,2009Q1,2014Q4,strict_identifiable_gap_qoq,5,-30.063326656020223,17.877210239079513,-65.10265872461608,4.976005412575624,24,period_sensitivity,tdc_residual_z,rolling_oos_standard_deviation,cumulative_sum_h0_to_h
post_gfc_early,core,2009Q1,2014Q4,strict_identifiable_gap_qoq,6,-30.651101623157956,17.67375080702751,-65.29165320493188,3.989449958615964,24,period_sensitivity,tdc_residual_z,rolling_oos_standard_deviation,cumulative_sum_h0_to_h
post_gfc_early,core,2009Q1,2014Q4,strict_identifiable_gap_qoq,7,-19.180569917156816,19.65139497858608,-57.697304075185535,19.336164240871902,24,period_sensitivity,tdc_residual_z,rolling_oos_standard_deviation,cumulative_sum_h0_to_h
post_gfc_early,core,2009Q1,2014Q4,strict_identifiable_gap_qoq,8,-16.216438404895058,22.297504606661995,-59.919547433952566,27.48667062416245,24,period_sensitivity,tdc_residual_z,rolling_oos_standard_deviation,cumulative_sum_h0_to_h
pre_covid,core,2015Q1,2019Q4,tdc_bank_only_qoq,0,127.38036311541312,0.9861153259607269,125.4475770765301,129.31314915429616,20,period_sensitivity,tdc_residual_z,rolling_oos_standard_deviation,cumulative_sum_h0_to_h
pre_covid,core,2015Q1,2019Q4,tdc_bank_only_qoq,1,158.8235421062655,48.08491428614421,64.57711010542285,253.06997410710818,20,period_sensitivity,tdc_residual_z,rolling_oos_standard_deviation,cumulative_sum_h0_to_h
pre_covid,core,2015Q1,2019Q4,tdc_bank_only_qoq,2,194.95708634734098,50.46121778848683,96.0530994819068,293.8610732127752,20,period_sensitivity,tdc_residual_z,rolling_oos_standard_deviation,cumulative_sum_h0_to_h
pre_covid,core,2015Q1,2019Q4,tdc_bank_only_qoq,3,203.64996920606745,69.35240383635426,67.71925768681311,339.5806807253218,20,period_sensitivity,tdc_residual_z,rolling_oos_standard_deviation,cumulative_sum_h0_to_h
pre_covid,core,2015Q1,2019Q4,tdc_bank_only_qoq,4,248.32062095798548,97.0152378651023,58.17075474238496,438.470487173586,20,period_sensitivity,tdc_residual_z,rolling_oos_standard_deviation,cumulative_sum_h0_to_h
pre_covid,core,2015Q1,2019Q4,tdc_bank_only_qoq,5,255.58993387830895,141.0830837704019,-20.932910311678768,532.1127780682966,20,period_sensitivity,tdc_residual_z,rolling_oos_standard_deviation,cumulative_sum_h0_to_h
pre_covid,core,2015Q1,2019Q4,tdc_bank_only_qoq,6,262.9630889452253,163.5978915543355,-57.688778501272225,583.6149563917229,20,period_sensitivity,tdc_residual_z,rolling_oos_standard_deviation,cumulative_sum_h0_to_h
pre_covid,core,2015Q1,2019Q4,tdc_bank_only_qoq,7,278.76388938018414,197.75509947676133,-108.83610559426808,666.3638843546364,20,period_sensitivity,tdc_residual_z,rolling_oos_standard_deviation,cumulative_sum_h0_to_h
pre_covid,core,2015Q1,2019Q4,tdc_bank_only_qoq,8,322.27565023801276,192.80354599954893,-55.61929992110316,700.1706003971287,20,period_sensitivity,tdc_residual_z,rolling_oos_standard_deviation,cumulative_sum_h0_to_h
pre_covid,core,2015Q1,2019Q4,total_deposits_bank_qoq,0,34.42246652194526,17.753914999749586,-0.3752068775639259,69.22013992145445,20,period_sensitivity,tdc_residual_z,rolling_oos_standard_deviation,cumulative_sum_h0_to_h
pre_covid,core,2015Q1,2019Q4,total_deposits_bank_qoq,1,86.868337139146,92.87674180266781,-95.17007679408289,268.9067510723749,20,period_sensitivity,tdc_residual_z,rolling_oos_standard_deviation,cumulative_sum_h0_to_h
pre_covid,core,2015Q1,2019Q4,total_deposits_bank_qoq,2,161.29162635208834,150.97724530430494,-134.62377444434932,457.207027148526,20,period_sensitivity,tdc_residual_z,rolling_oos_standard_deviation,cumulative_sum_h0_to_h
pre_covid,core,2015Q1,2019Q4,total_deposits_bank_qoq,3,188.6631531991808,145.6788264017707,-96.86734654828976,474.19365294665135,20,period_sensitivity,tdc_residual_z,rolling_oos_standard_deviation,cumulative_sum_h0_to_h
pre_covid,core,2015Q1,2019Q4,total_deposits_bank_qoq,4,261.6157562503552,164.14931278960796,-60.11689681727637,583.3484093179868,20,period_sensitivity,tdc_residual_z,rolling_oos_standard_deviation,cumulative_sum_h0_to_h
pre_covid,core,2015Q1,2019Q4,total_deposits_bank_qoq,5,201.7017031007261,143.14527144444804,-78.86302893039209,482.2664351318443,20,period_sensitivity,tdc_residual_z,rolling_oos_standard_deviation,cumulative_sum_h0_to_h
pre_covid,core,2015Q1,2019Q4,total_deposits_bank_qoq,6,75.94089646840145,99.8959232733197,-119.85511314730515,271.73690608410806,20,period_sensitivity,tdc_residual_z,rolling_oos_standard_deviation,cumulative_sum_h0_to_h
pre_covid,core,2015Q1,2019Q4,total_deposits_bank_qoq,7,39.08768451592326,78.79963052071311,-115.35959130467444,193.53496033652095,20,period_sensitivity,tdc_residual_z,rolling_oos_standard_deviation,cumulative_sum_h0_to_h
pre_covid,core,2015Q1,2019Q4,total_deposits_bank_qoq,8,-42.42614517267653,92.9420532308258,-224.59256950509513,139.74027915974204,20,period_sensitivity,tdc_residual_z,rolling_oos_standard_deviation,cumulative_sum_h0_to_h
pre_covid,core,2015Q1,2019Q4,other_component_qoq,0,-93.30003689676059,17.484540911631075,-127.5697370835575,-59.03033670996368,20,period_sensitivity,tdc_residual_z,rolling_oos_standard_deviation,cumulative_sum_h0_to_h
pre_covid,core,2015Q1,2019Q4,other_component_qoq,1,-63.04526097720914,49.88670797130494,-160.82320860096684,34.732686646548544,20,period_sensitivity,tdc_residual_z,rolling_oos_standard_deviation,cumulative_sum_h0_to_h
pre_covid,core,2015Q1,2019Q4,other_component_qoq,2,-30.69397576510587,103.5464293696596,-233.6449773296387,172.25702579942694,20,period_sensitivity,tdc_residual_z,rolling_oos_standard_deviation,cumulative_sum_h0_to_h
pre_covid,core,2015Q1,2019Q4,other_component_qoq,3,-6.790030793008356,79.0390564057743,-161.70658134832598,148.12651976230927,20,period_sensitivity,tdc_residual_z,rolling_oos_standard_deviation,cumulative_sum_h0_to_h
pre_covid,core,2015Q1,2019Q4,other_component_qoq,4,43.29217707062357,84.66629718966358,-122.65376542111704,209.2381195623642,20,period_sensitivity,tdc_residual_z,rolling_oos_standard_deviation,cumulative_sum_h0_to_h
pre_covid,core,2015Q1,2019Q4,other_component_qoq,5,-27.335235478046698,32.135174145530435,-90.32017680328636,35.649705847192955,20,period_sensitivity,tdc_residual_z,rolling_oos_standard_deviation,cumulative_sum_h0_to_h
pre_covid,core,2015Q1,2019Q4,other_component_qoq,6,-169.13922653829258,79.67040611615143,-325.2932225259494,-12.985230550635777,20,period_sensitivity,tdc_residual_z,rolling_oos_standard_deviation,cumulative_sum_h0_to_h
pre_covid,core,2015Q1,2019Q4,other_component_qoq,7,-219.61740935998895,144.5298052301706,-502.8958276111233,63.66100889114543,20,period_sensitivity,tdc_residual_z,rolling_oos_standard_deviation,cumulative_sum_h0_to_h
pre_covid,core,2015Q1,2019Q4,other_component_qoq,8,-329.4145196211889,162.33205557886924,-647.5853485557726,-11.243690686605191,20,period_sensitivity,tdc_residual_z,rolling_oos_standard_deviation,cumulative_sum_h0_to_h
pre_covid,core,2015Q1,2019Q4,accounting_deposit_substitution_qoq,0,0.0190025610621612,0.009888289874828234,-0.00037848709250213816,0.038383609216824544,20,period_sensitivity,tdc_residual_z,rolling_oos_standard_deviation,cumulative_sum_h0_to_h
pre_covid,core,2015Q1,2019Q4,accounting_deposit_substitution_qoq,1,-0.02113504911277001,0.035307999602540226,-0.09033872833374884,0.048068630108208825,20,period_sensitivity,tdc_residual_z,rolling_oos_standard_deviation,cumulative_sum_h0_to_h
pre_covid,core,2015Q1,2019Q4,accounting_deposit_substitution_qoq,2,-0.05361846781919524,0.03583212362559659,-0.12384943012536455,0.016612494486974064,20,period_sensitivity,tdc_residual_z,rolling_oos_standard_deviation,cumulative_sum_h0_to_h
pre_covid,core,2015Q1,2019Q4,accounting_deposit_substitution_qoq,3,-0.047895583298263496,0.037535227297845704,-0.12146462880204106,0.02567346220551408,20,period_sensitivity,tdc_residual_z,rolling_oos_standard_deviation,cumulative_sum_h0_to_h
pre_covid,core,2015Q1,2019Q4,accounting_deposit_substitution_qoq,4,-0.08222080076950426,0.0396139713823524,-0.15986418467891494,-0.004577416860093567,20,period_sensitivity,tdc_residual_z,rolling_oos_standard_deviation,cumulative_sum_h0_to_h
pre_covid,core,2015Q1,2019Q4,accounting_deposit_substitution_qoq,5,-0.041797231144050734,0.030710322893966698,-0.10198946401622547,0.018395001728123993,20,period_sensitivity,tdc_residual_z,rolling_oos_standard_deviation,cumulative_sum_h0_to_h
pre_covid,core,2015Q1,2019Q4,accounting_deposit_substitution_qoq,6,-2.849237480359727,2.1051605928381196,-6.975352242322442,1.2768772816029874,20,period_sensitivity,tdc_residual_z,rolling_oos_standard_deviation,cumulative_sum_h0_to_h
pre_covid,core,2015Q1,2019Q4,accounting_deposit_substitution_qoq,7,-3.7869582905348773,2.20031516912775,-8.099576022025268,0.5256594409555122,20,period_sensitivity,tdc_residual_z,rolling_oos_standard_deviation,cumulative_sum_h0_to_h
pre_covid,core,2015Q1,2019Q4,accounting_deposit_substitution_qoq,8,-11.466956479376796,6.097414253557783,-23.417888416350053,0.48397545759645944,20,period_sensitivity,tdc_residual_z,rolling_oos_standard_deviation,cumulative_sum_h0_to_h
pre_covid,core,2015Q1,2019Q4,accounting_bank_balance_sheet_qoq,0,-58.22937172031739,10.386759688336067,-78.58742070945608,-37.871322731178694,20,period_sensitivity,tdc_residual_z,rolling_oos_standard_deviation,cumulative_sum_h0_to_h
pre_covid,core,2015Q1,2019Q4,accounting_bank_balance_sheet_qoq,1,-21.907604165993824,21.784399711056267,-64.60502759966411,20.789819267676457,20,period_sensitivity,tdc_residual_z,rolling_oos_standard_deviation,cumulative_sum_h0_to_h
pre_covid,core,2015Q1,2019Q4,accounting_bank_balance_sheet_qoq,2,-37.17566630552648,21.974806467897313,-80.24628698260521,5.894954371552259,20,period_sensitivity,tdc_residual_z,rolling_oos_standard_deviation,cumulative_sum_h0_to_h
pre_covid,core,2015Q1,2019Q4,accounting_bank_balance_sheet_qoq,3,-26.35275777266632,18.140203426494438,-61.90755648859542,9.202040943262777,20,period_sensitivity,tdc_residual_z,rolling_oos_standard_deviation,cumulative_sum_h0_to_h
pre_covid,core,2015Q1,2019Q4,accounting_bank_balance_sheet_qoq,4,-49.71774546123614,19.88195053921869,-88.68636851810477,-10.749122404367512,20,period_sensitivity,tdc_residual_z,rolling_oos_standard_deviation,cumulative_sum_h0_to_h
pre_covid,core,2015Q1,2019Q4,accounting_bank_balance_sheet_qoq,5,-89.5905370484471,63.89686392322546,-214.82839033796898,35.64731624107479,20,period_sensitivity,tdc_residual_z,rolling_oos_standard_deviation,cumulative_sum_h0_to_h
pre_covid,core,2015Q1,2019Q4,accounting_bank_balance_sheet_qoq,6,-147.86450668512856,85.3115789425124,-315.0752014124529,19.346188042195735,20,period_sensitivity,tdc_residual_z,rolling_oos_standard_deviation,cumulative_sum_h0_to_h
pre_covid,core,2015Q1,2019Q4,accounting_bank_balance_sheet_qoq,7,-97.02528123858721,96.7326057629385,-286.6211885339467,92.57062605677226,20,period_sensitivity,tdc_residual_z,rolling_oos_standard_deviation,cumulative_sum_h0_to_h
pre_covid,core,2015Q1,2019Q4,accounting_bank_balance_sheet_qoq,8,-105.90570611621509,63.01420757555915,-229.413552964311,17.602140731880837,20,period_sensitivity,tdc_residual_z,rolling_oos_standard_deviation,cumulative_sum_h0_to_h
pre_covid,core,2015Q1,2019Q4,accounting_public_liquidity_qoq,0,71.43948072059302,22.977507611559574,26.40356580193626,116.4753956392498,20,period_sensitivity,tdc_residual_z,rolling_oos_standard_deviation,cumulative_sum_h0_to_h
pre_covid,core,2015Q1,2019Q4,accounting_public_liquidity_qoq,1,56.157024370247925,17.065859392070728,22.7079399617893,89.60610877870656,20,period_sensitivity,tdc_residual_z,rolling_oos_standard_deviation,cumulative_sum_h0_to_h
pre_covid,core,2015Q1,2019Q4,accounting_public_liquidity_qoq,2,-29.715890833858055,82.55917622448922,-191.53187623385693,132.10009456614083,20,period_sensitivity,tdc_residual_z,rolling_oos_standard_deviation,cumulative_sum_h0_to_h
pre_covid,core,2015Q1,2019Q4,accounting_public_liquidity_qoq,3,-85.57115586035422,98.11073581327037,-277.86819805436414,106.7258863336557,20,period_sensitivity,tdc_residual_z,rolling_oos_standard_deviation,cumulative_sum_h0_to_h
pre_covid,core,2015Q1,2019Q4,accounting_public_liquidity_qoq,4,-117.40749144523319,69.85365774045567,-254.3206606165263,19.505677726059915,20,period_sensitivity,tdc_residual_z,rolling_oos_standard_deviation,cumulative_sum_h0_to_h
pre_covid,core,2015Q1,2019Q4,accounting_public_liquidity_qoq,5,-149.3206787447644,72.23695394601384,-290.90510847895155,-7.736249010577268,20,period_sensitivity,tdc_residual_z,rolling_oos_standard_deviation,cumulative_sum_h0_to_h
pre_covid,core,2015Q1,2019Q4,accounting_public_liquidity_qoq,6,-54.64066648084953,27.245233431516453,-108.04132400662178,-1.2400089550772861,20,period_sensitivity,tdc_residual_z,rolling_oos_standard_deviation,cumulative_sum_h0_to_h
pre_covid,core,2015Q1,2019Q4,accounting_public_liquidity_qoq,7,109.30940923707138,88.9313764570632,-64.99608861877249,283.61490709291525,20,period_sensitivity,tdc_residual_z,rolling_oos_standard_deviation,cumulative_sum_h0_to_h
pre_covid,core,2015Q1,2019Q4,accounting_public_liquidity_qoq,8,250.72540879410238,124.71446057702082,6.285066063141585,495.1657515250632,20,period_sensitivity,tdc_residual_z,rolling_oos_standard_deviation,cumulative_sum_h0_to_h
pre_covid,core,2015Q1,2019Q4,accounting_external_flow_qoq,0,-109.0309507404808,44.772124195431005,-196.78431416352555,-21.277587317436044,20,period_sensitivity,tdc_residual_z,rolling_oos_standard_deviation,cumulative_sum_h0_to_h
pre_covid,core,2015Q1,2019Q4,accounting_external_flow_qoq,1,-101.35954618716991,41.36017908696867,-182.4254971976285,-20.29359517671132,20,period_sensitivity,tdc_residual_z,rolling_oos_standard_deviation,cumulative_sum_h0_to_h
pre_covid,core,2015Q1,2019Q4,accounting_external_flow_qoq,2,11.693573722257767,155.63301488469455,-293.3471354517435,316.73428289625906,20,period_sensitivity,tdc_residual_z,rolling_oos_standard_deviation,cumulative_sum_h0_to_h
pre_covid,core,2015Q1,2019Q4,accounting_external_flow_qoq,3,92.49444807074829,177.35915768203478,-255.12950098603986,440.11839712753647,20,period_sensitivity,tdc_residual_z,rolling_oos_standard_deviation,cumulative_sum_h0_to_h
pre_covid,core,2015Q1,2019Q4,accounting_external_flow_qoq,4,187.3824200610753,145.6180038851088,-98.02886755373797,472.7937076758885,20,period_sensitivity,tdc_residual_z,rolling_oos_standard_deviation,cumulative_sum_h0_to_h
pre_covid,core,2015Q1,2019Q4,accounting_external_flow_qoq,5,213.83011583753196,152.0239798205341,-84.13688461071487,511.79711628577877,20,period_sensitivity,tdc_residual_z,rolling_oos_standard_deviation,cumulative_sum_h0_to_h
pre_covid,core,2015Q1,2019Q4,accounting_external_flow_qoq,6,21.51403050210545,40.93602126620895,-58.720571179664084,101.74863218387497,20,period_sensitivity,tdc_residual_z,rolling_oos_standard_deviation,cumulative_sum_h0_to_h
pre_covid,core,2015Q1,2019Q4,accounting_external_flow_qoq,7,-197.97483907202192,118.124525131096,-429.49890832897006,33.549230184926216,20,period_sensitivity,tdc_residual_z,rolling_oos_standard_deviation,cumulative_sum_h0_to_h
pre_covid,core,2015Q1,2019Q4,accounting_external_flow_qoq,8,-474.07249668776944,212.37959509905804,-890.3365030819232,-57.808490293615705,20,period_sensitivity,tdc_residual_z,rolling_oos_standard_deviation,cumulative_sum_h0_to_h
pre_covid,core,2015Q1,2019Q4,accounting_identity_total_qoq,0,-91.8932427154871,18.397858295382264,-127.95304497443634,-55.83344045653787,20,period_sensitivity,tdc_residual_z,rolling_oos_standard_deviation,cumulative_sum_h0_to_h
pre_covid,core,2015Q1,2019Q4,accounting_identity_total_qoq,1,-61.68087208477649,50.26232675608338,-160.19503252669992,36.833288357146934,20,period_sensitivity,tdc_residual_z,rolling_oos_standard_deviation,cumulative_sum_h0_to_h
pre_covid,core,2015Q1,2019Q4,accounting_identity_total_qoq,2,-29.791722272593105,104.58745733688814,-234.78313865289385,175.19969410770761,20,period_sensitivity,tdc_residual_z,rolling_oos_standard_deviation,cumulative_sum_h0_to_h
pre_covid,core,2015Q1,2019Q4,accounting_identity_total_qoq,3,-5.225377468524556,80.43317509456952,-162.87440065388083,152.42364571683171,20,period_sensitivity,tdc_residual_z,rolling_oos_standard_deviation,cumulative_sum_h0_to_h
pre_covid,core,2015Q1,2019Q4,accounting_identity_total_qoq,4,45.42557114429258,85.69922971806426,-122.54491910311336,213.3960613916985,20,period_sensitivity,tdc_residual_z,rolling_oos_standard_deviation,cumulative_sum_h0_to_h
pre_covid,core,2015Q1,2019Q4,accounting_identity_total_qoq,5,-25.072842378504845,33.20080983492025,-90.14642965494853,40.000744897938844,20,period_sensitivity,tdc_residual_z,rolling_oos_standard_deviation,cumulative_sum_h0_to_h
pre_covid,core,2015Q1,2019Q4,accounting_identity_total_qoq,6,-167.46714912510396,79.09565399386759,-322.4946309530844,-12.439667297123492,20,period_sensitivity,tdc_residual_z,rolling_oos_standard_deviation,cumulative_sum_h0_to_h
pre_covid,core,2015Q1,2019Q4,accounting_identity_total_qoq,7,-220.15962650525125,145.23869639320435,-504.8274714359318,64.50821842542928,20,period_sensitivity,tdc_residual_z,rolling_oos_standard_deviation,cumulative_sum_h0_to_h
pre_covid,core,2015Q1,2019Q4,accounting_identity_total_qoq,8,-329.17440648661966,162.36633163580694,-647.4124164928012,-10.936396480438077,20,period_sensitivity,tdc_residual_z,rolling_oos_standard_deviation,cumulative_sum_h0_to_h
pre_covid,core,2015Q1,2019Q4,accounting_identity_gap_qoq,0,-1.233284829916975,1.301325213912442,-3.7838822491853614,1.3173125893514115,20,period_sensitivity,tdc_residual_z,rolling_oos_standard_deviation,cumulative_sum_h0_to_h
pre_covid,core,2015Q1,2019Q4,accounting_identity_gap_qoq,1,-1.8247977021360902,2.066915619799339,-5.875952316942794,2.2263569126706138,20,period_sensitivity,tdc_residual_z,rolling_oos_standard_deviation,cumulative_sum_h0_to_h
pre_covid,core,2015Q1,2019Q4,accounting_identity_gap_qoq,2,0.014823665754003568,1.0055340553281518,-1.956023082689174,1.985670414197181,20,period_sensitivity,tdc_residual_z,rolling_oos_standard_deviation,cumulative_sum_h0_to_h
pre_covid,core,2015Q1,2019Q4,accounting_identity_gap_qoq,3,-0.3874595102567145,0.8473682351819745,-2.0483012512133842,1.2733822306999554,20,period_sensitivity,tdc_residual_z,rolling_oos_standard_deviation,cumulative_sum_h0_to_h
pre_covid,core,2015Q1,2019Q4,accounting_identity_gap_qoq,4,-0.7799030822843676,0.7625000074838452,-2.274403096952704,0.7145969323839689,20,period_sensitivity,tdc_residual_z,rolling_oos_standard_deviation,cumulative_sum_h0_to_h
pre_covid,core,2015Q1,2019Q4,accounting_identity_gap_qoq,5,-1.1859397509034877,0.8125536056819881,-2.778544818040184,0.406665316233209,20,period_sensitivity,tdc_residual_z,rolling_oos_standard_deviation,cumulative_sum_h0_to_h
pre_covid,core,2015Q1,2019Q4,accounting_identity_gap_qoq,6,-1.1665491311396536,0.9890998791923945,-3.105184894356747,0.7720866320774395,20,period_sensitivity,tdc_residual_z,rolling_oos_standard_deviation,cumulative_sum_h0_to_h
pre_covid,core,2015Q1,2019Q4,accounting_identity_gap_qoq,7,-0.9837277992494393,0.9634258734332233,-2.872042511178557,0.9045869126796782,20,period_sensitivity,tdc_residual_z,rolling_oos_standard_deviation,cumulative_sum_h0_to_h
pre_covid,core,2015Q1,2019Q4,accounting_identity_gap_qoq,8,-1.219521038106209,1.0247927996333495,-3.2281149253875743,0.7890728491751562,20,period_sensitivity,tdc_residual_z,rolling_oos_standard_deviation,cumulative_sum_h0_to_h
pre_covid,core,2015Q1,2019Q4,strict_loan_source_qoq,0,-34.36609108701662,8.210719276737763,-50.459100869422635,-18.273081304610606,20,period_sensitivity,tdc_residual_z,rolling_oos_standard_deviation,cumulative_sum_h0_to_h
pre_covid,core,2015Q1,2019Q4,strict_loan_source_qoq,1,-1.0046844481158388,28.255888245290905,-56.38622540888601,54.376856512654335,20,period_sensitivity,tdc_residual_z,rolling_oos_standard_deviation,cumulative_sum_h0_to_h
pre_covid,core,2015Q1,2019Q4,strict_loan_source_qoq,2,-15.877020947144132,17.037051814204407,-49.269642502984766,17.515600608696502,20,period_sensitivity,tdc_residual_z,rolling_oos_standard_deviation,cumulative_sum_h0_to_h
pre_covid,core,2015Q1,2019Q4,strict_loan_source_qoq,3,-1.8420567994696793,7.57929635958305,-16.697477664252457,13.013364065313098,20,period_sensitivity,tdc_residual_z,rolling_oos_standard_deviation,cumulative_sum_h0_to_h
pre_covid,core,2015Q1,2019Q4,strict_loan_source_qoq,4,-27.297051051597983,11.357514404482647,-49.55777928438397,-5.036322818811996,20,period_sensitivity,tdc_residual_z,rolling_oos_standard_deviation,cumulative_sum_h0_to_h
pre_covid,core,2015Q1,2019Q4,strict_loan_source_qoq,5,-59.97284689217709,27.108842980230506,-113.10617913342888,-6.839514650925295,20,period_sensitivity,tdc_residual_z,rolling_oos_standard_deviation,cumulative_sum_h0_to_h
pre_covid,core,2015Q1,2019Q4,strict_loan_source_qoq,6,-100.85903521807826,42.60455721729024,-184.36396736396713,-17.35410307218939,20,period_sensitivity,tdc_residual_z,rolling_oos_standard_deviation,cumulative_sum_h0_to_h
pre_covid,core,2015Q1,2019Q4,strict_loan_source_qoq,7,-71.88598415077038,40.260746612782874,-150.79704751182481,7.025079210284048,20,period_sensitivity,tdc_residual_z,rolling_oos_standard_deviation,cumulative_sum_h0_to_h
pre_covid,core,2015Q1,2019Q4,strict_loan_source_qoq,8,-72.4840685305929,20.431048150543976,-112.52892290565909,-32.4392141555267,20,period_sensitivity,tdc_residual_z,rolling_oos_standard_deviation,cumulative_sum_h0_to_h
pre_covid,core,2015Q1,2019Q4,strict_loan_mortgages_qoq,0,-7.247842052571942,3.9891444047678997,-15.066565085917025,0.5708809807731416,20,period_sensitivity,tdc_residual_z,rolling_oos_standard_deviation,cumulative_sum_h0_to_h
pre_covid,core,2015Q1,2019Q4,strict_loan_mortgages_qoq,1,-0.7723515051226126,5.941068146486861,-12.41684507223686,10.872142061991635,20,period_sensitivity,tdc_residual_z,rolling_oos_standard_deviation,cumulative_sum_h0_to_h
pre_covid,core,2015Q1,2019Q4,strict_loan_mortgages_qoq,2,-2.586567806623165,4.812186801902322,-12.018453938351715,6.845318325105385,20,period_sensitivity,tdc_residual_z,rolling_oos_standard_deviation,cumulative_sum_h0_to_h
pre_covid,core,2015Q1,2019Q4,strict_loan_mortgages_qoq,3,-3.86955782693288,3.7572642950141906,-11.233795845160692,3.4946801912949335,20,period_sensitivity,tdc_residual_z,rolling_oos_standard_deviation,cumulative_sum_h0_to_h
pre_covid,core,2015Q1,2019Q4,strict_loan_mortgages_qoq,4,-18.464876846994898,4.655009468925826,-27.588695406089517,-9.341058287900278,20,period_sensitivity,tdc_residual_z,rolling_oos_standard_deviation,cumulative_sum_h0_to_h
pre_covid,core,2015Q1,2019Q4,strict_loan_mortgages_qoq,5,-23.336219919110853,5.963800855299508,-35.02526959549789,-11.647170242723819,20,period_sensitivity,tdc_residual_z,rolling_oos_standard_deviation,cumulative_sum_h0_to_h
pre_covid,core,2015Q1,2019Q4,strict_loan_mortgages_qoq,6,-24.36494872587665,3.2870290071898363,-30.80752557996873,-17.922371871784573,20,period_sensitivity,tdc_residual_z,rolling_oos_standard_deviation,cumulative_sum_h0_to_h
pre_covid,core,2015Q1,2019Q4,strict_loan_mortgages_qoq,7,-24.07942763704628,3.1969894419970446,-30.345526943360486,-17.813328330732073,20,period_sensitivity,tdc_residual_z,rolling_oos_standard_deviation,cumulative_sum_h0_to_h
pre_covid,core,2015Q1,2019Q4,strict_loan_mortgages_qoq,8,-24.719699889259665,4.8583264907653305,-34.242019811159714,-15.197379967359618,20,period_sensitivity,tdc_residual_z,rolling_oos_standard_deviation,cumulative_sum_h0_to_h
pre_covid,core,2015Q1,2019Q4,strict_loan_consumer_credit_qoq,0,-10.86598325052016,5.1222626079205344,-20.905617962044406,-0.8263485389959122,20,period_sensitivity,tdc_residual_z,rolling_oos_standard_deviation,cumulative_sum_h0_to_h
pre_covid,core,2015Q1,2019Q4,strict_loan_consumer_credit_qoq,1,-9.049771929182178,5.8137288213777465,-20.44468041908256,2.3451365607182044,20,period_sensitivity,tdc_residual_z,rolling_oos_standard_deviation,cumulative_sum_h0_to_h
pre_covid,core,2015Q1,2019Q4,strict_loan_consumer_credit_qoq,2,-13.043874482548189,6.102220982376254,-25.004227608005646,-1.0835213570907314,20,period_sensitivity,tdc_residual_z,rolling_oos_standard_deviation,cumulative_sum_h0_to_h
pre_covid,core,2015Q1,2019Q4,strict_loan_consumer_credit_qoq,3,-10.67531064472124,7.509006958753206,-25.392964283877525,4.042342994435044,20,period_sensitivity,tdc_residual_z,rolling_oos_standard_deviation,cumulative_sum_h0_to_h
pre_covid,core,2015Q1,2019Q4,strict_loan_consumer_credit_qoq,4,-26.032721015417128,9.072540087350497,-43.8148995866241,-8.250542444210154,20,period_sensitivity,tdc_residual_z,rolling_oos_standard_deviation,cumulative_sum_h0_to_h
pre_covid,core,2015Q1,2019Q4,strict_loan_consumer_credit_qoq,5,-26.156294707245877,10.82355183587305,-47.370456305557056,-4.942133108934701,20,period_sensitivity,tdc_residual_z,rolling_oos_standard_deviation,cumulative_sum_h0_to_h
pre_covid,core,2015Q1,2019Q4,strict_loan_consumer_credit_qoq,6,-12.096271543313495,4.927894217422713,-21.75494420946201,-2.4375988771649784,20,period_sensitivity,tdc_residual_z,rolling_oos_standard_deviation,cumulative_sum_h0_to_h
pre_covid,core,2015Q1,2019Q4,strict_loan_consumer_credit_qoq,7,-5.506277313241428,5.080386547647516,-15.46383494663056,4.451280320147703,20,period_sensitivity,tdc_residual_z,rolling_oos_standard_deviation,cumulative_sum_h0_to_h
pre_covid,core,2015Q1,2019Q4,strict_loan_consumer_credit_qoq,8,-6.2736298342314925,9.53794179673917,-24.967995755840267,12.420736087377282,20,period_sensitivity,tdc_residual_z,rolling_oos_standard_deviation,cumulative_sum_h0_to_h
pre_covid,core,2015Q1,2019Q4,strict_loan_di_loans_nec_qoq,0,-19.592535728643618,4.961434517533137,-29.316947383008568,-9.86812407427867,20,period_sensitivity,tdc_residual_z,rolling_oos_standard_deviation,cumulative_sum_h0_to_h
pre_covid,core,2015Q1,2019Q4,strict_loan_di_loans_nec_qoq,1,15.46521435483746,24.05289891336534,-31.6784675153586,62.60889622503352,20,period_sensitivity,tdc_residual_z,rolling_oos_standard_deviation,cumulative_sum_h0_to_h
pre_covid,core,2015Q1,2019Q4,strict_loan_di_loans_nec_qoq,2,13.33709663943025,25.10514840001915,-35.868994224607285,62.543187503467784,20,period_sensitivity,tdc_residual_z,rolling_oos_standard_deviation,cumulative_sum_h0_to_h
pre_covid,core,2015Q1,2019Q4,strict_loan_di_loans_nec_qoq,3,6.023684439949054,11.629509475458535,-16.770154131949674,28.817523011847783,20,period_sensitivity,tdc_residual_z,rolling_oos_standard_deviation,cumulative_sum_h0_to_h
pre_covid,core,2015Q1,2019Q4,strict_loan_di_loans_nec_qoq,4,13.92964875227807,11.496425375440088,-8.603344983584503,36.462642488140645,20,period_sensitivity,tdc_residual_z,rolling_oos_standard_deviation,cumulative_sum_h0_to_h
pre_covid,core,2015Q1,2019Q4,strict_loan_di_loans_nec_qoq,5,-4.436225062997309,15.562959694593129,-34.939626064399846,26.067175938405224,20,period_sensitivity,tdc_residual_z,rolling_oos_standard_deviation,cumulative_sum_h0_to_h
pre_covid,core,2015Q1,2019Q4,strict_loan_di_loans_nec_qoq,6,-56.17495378280514,35.75730466428937,-126.25927092481231,13.909363359202025,20,period_sensitivity,tdc_residual_z,rolling_oos_standard_deviation,cumulative_sum_h0_to_h
pre_covid,core,2015Q1,2019Q4,strict_loan_di_loans_nec_qoq,7,-58.44213993498822,48.11252429052535,-152.7426875444179,35.858407674441466,20,period_sensitivity,tdc_residual_z,rolling_oos_standard_deviation,cumulative_sum_h0_to_h
pre_covid,core,2015Q1,2019Q4,strict_loan_di_loans_nec_qoq,8,-56.12979092685512,31.320250553051313,-117.51748201083569,5.257900157125448,20,period_sensitivity,tdc_residual_z,rolling_oos_standard_deviation,cumulative_sum_h0_to_h
pre_covid,core,2015Q1,2019Q4,strict_loan_other_advances_qoq,0,-0.08367410481951881,0.20916218477082602,-0.4936319869703378,0.32628377733130015,20,period_sensitivity,tdc_residual_z,rolling_oos_standard_deviation,cumulative_sum_h0_to_h
pre_covid,core,2015Q1,2019Q4,strict_loan_other_advances_qoq,1,0.4179623184406692,0.4631379982608976,-0.48978815815069,1.3257127950320284,20,period_sensitivity,tdc_residual_z,rolling_oos_standard_deviation,cumulative_sum_h0_to_h
pre_covid,core,2015Q1,2019Q4,strict_loan_other_advances_qoq,2,0.7500458430541804,0.267680767160948,0.22539153941872236,1.2747001466896384,20,period_sensitivity,tdc_residual_z,rolling_oos_standard_deviation,cumulative_sum_h0_to_h
pre_covid,core,2015Q1,2019Q4,strict_loan_other_advances_qoq,3,0.05003665611017749,0.2593473663462956,-0.4582841819285619,0.5583574941489169,20,period_sensitivity,tdc_residual_z,rolling_oos_standard_deviation,cumulative_sum_h0_to_h
pre_covid,core,2015Q1,2019Q4,strict_loan_other_advances_qoq,4,0.6169849453979929,0.38963977116061876,-0.14670900607681991,1.3806788968728056,20,period_sensitivity,tdc_residual_z,rolling_oos_standard_deviation,cumulative_sum_h0_to_h
pre_covid,core,2015Q1,2019Q4,strict_loan_other_advances_qoq,5,-0.18472337303286052,0.31515958542893857,-0.8024361604735801,0.43298941440785904,20,period_sensitivity,tdc_residual_z,rolling_oos_standard_deviation,cumulative_sum_h0_to_h
pre_covid,core,2015Q1,2019Q4,strict_loan_other_advances_qoq,6,0.0669917428732612,0.5452529962166011,-1.001704129711277,1.1356876154577993,20,period_sensitivity,tdc_residual_z,rolling_oos_standard_deviation,cumulative_sum_h0_to_h
pre_covid,core,2015Q1,2019Q4,strict_loan_other_advances_qoq,7,0.13866664186082622,0.2921683199587019,-0.4339832652582295,0.711316548979882,20,period_sensitivity,tdc_residual_z,rolling_oos_standard_deviation,cumulative_sum_h0_to_h
pre_covid,core,2015Q1,2019Q4,strict_loan_other_advances_qoq,8,-0.3419617025454066,0.25560160780533536,-0.8429408538438639,0.15901744875305068,20,period_sensitivity,tdc_residual_z,rolling_oos_standard_deviation,cumulative_sum_h0_to_h
pre_covid,core,2015Q1,2019Q4,strict_non_treasury_agency_gse_qoq,0,3.5798283451267814,4.620635864803509,-5.476617949888096,12.636274640141659,20,period_sensitivity,tdc_residual_z,rolling_oos_standard_deviation,cumulative_sum_h0_to_h
pre_covid,core,2015Q1,2019Q4,strict_non_treasury_agency_gse_qoq,1,14.790749174384779,7.440619724209165,0.20713451493481472,29.374363833834742,20,period_sensitivity,tdc_residual_z,rolling_oos_standard_deviation,cumulative_sum_h0_to_h
pre_covid,core,2015Q1,2019Q4,strict_non_treasury_agency_gse_qoq,2,12.40136264363964,7.3675815112553416,-2.0390971184208286,26.841822405700107,20,period_sensitivity,tdc_residual_z,rolling_oos_standard_deviation,cumulative_sum_h0_to_h
pre_covid,core,2015Q1,2019Q4,strict_non_treasury_agency_gse_qoq,3,32.6469471835074,17.19743448661764,-1.0600244102631748,66.35391877727798,20,period_sensitivity,tdc_residual_z,rolling_oos_standard_deviation,cumulative_sum_h0_to_h
pre_covid,core,2015Q1,2019Q4,strict_non_treasury_agency_gse_qoq,4,46.76589201204834,36.453890034514004,-24.6837324555991,118.21551647969578,20,period_sensitivity,tdc_residual_z,rolling_oos_standard_deviation,cumulative_sum_h0_to_h
pre_covid,core,2015Q1,2019Q4,strict_non_treasury_agency_gse_qoq,5,53.29379278634657,45.4228550022439,-35.73500301805147,142.3225885907446,20,period_sensitivity,tdc_residual_z,rolling_oos_standard_deviation,cumulative_sum_h0_to_h
pre_covid,core,2015Q1,2019Q4,strict_non_treasury_agency_gse_qoq,6,52.26570849733096,44.646400410547905,-35.24123630734293,139.77265330200487,20,period_sensitivity,tdc_residual_z,rolling_oos_standard_deviation,cumulative_sum_h0_to_h
pre_covid,core,2015Q1,2019Q4,strict_non_treasury_agency_gse_qoq,7,62.89435655953177,42.53871274803384,-20.48152042661455,146.27023354567808,20,period_sensitivity,tdc_residual_z,rolling_oos_standard_deviation,cumulative_sum_h0_to_h
pre_covid,core,2015Q1,2019Q4,strict_non_treasury_agency_gse_qoq,8,44.664820468816984,33.7095692655958,-21.405935291750794,110.73557622938476,20,period_sensitivity,tdc_residual_z,rolling_oos_standard_deviation,cumulative_sum_h0_to_h
pre_covid,core,2015Q1,2019Q4,strict_non_treasury_municipal_qoq,0,-0.27015038824793947,1.471675573333188,-3.154634511980988,2.6143337354851095,20,period_sensitivity,tdc_residual_z,rolling_oos_standard_deviation,cumulative_sum_h0_to_h
pre_covid,core,2015Q1,2019Q4,strict_non_treasury_municipal_qoq,1,2.536986503434575,3.7272635381331227,-4.768450031306346,9.842423038175495,20,period_sensitivity,tdc_residual_z,rolling_oos_standard_deviation,cumulative_sum_h0_to_h
pre_covid,core,2015Q1,2019Q4,strict_non_treasury_municipal_qoq,2,6.050608529527269,6.294391990875719,-6.2863997725891405,18.387616831643676,20,period_sensitivity,tdc_residual_z,rolling_oos_standard_deviation,cumulative_sum_h0_to_h
pre_covid,core,2015Q1,2019Q4,strict_non_treasury_municipal_qoq,3,8.530552554229416,7.380958830952665,-5.936126754437806,22.99723186289664,20,period_sensitivity,tdc_residual_z,rolling_oos_standard_deviation,cumulative_sum_h0_to_h
pre_covid,core,2015Q1,2019Q4,strict_non_treasury_municipal_qoq,4,7.005458779391603,8.189885484663511,-9.04671677054888,23.057634329332085,20,period_sensitivity,tdc_residual_z,rolling_oos_standard_deviation,cumulative_sum_h0_to_h
pre_covid,core,2015Q1,2019Q4,strict_non_treasury_municipal_qoq,5,7.205636615582291,8.934003660366573,-10.30501055873619,24.71628378990077,20,period_sensitivity,tdc_residual_z,rolling_oos_standard_deviation,cumulative_sum_h0_to_h
pre_covid,core,2015Q1,2019Q4,strict_non_treasury_municipal_qoq,6,6.2547803012037395,9.417473900422692,-12.203468543624735,24.713029146032213,20,period_sensitivity,tdc_residual_z,rolling_oos_standard_deviation,cumulative_sum_h0_to_h
pre_covid,core,2015Q1,2019Q4,strict_non_treasury_municipal_qoq,7,7.160118811760368,8.992226122545176,-10.464644388428178,24.784882011948916,20,period_sensitivity,tdc_residual_z,rolling_oos_standard_deviation,cumulative_sum_h0_to_h
pre_covid,core,2015Q1,2019Q4,strict_non_treasury_municipal_qoq,8,4.742452901536411,8.498267037162925,-11.914150491302923,21.399056294375743,20,period_sensitivity,tdc_residual_z,rolling_oos_standard_deviation,cumulative_sum_h0_to_h
pre_covid,core,2015Q1,2019Q4,strict_non_treasury_corporate_foreign_bonds_qoq,0,5.227415737375952,0.9852873968344108,3.296252439580507,7.158579035171397,20,period_sensitivity,tdc_residual_z,rolling_oos_standard_deviation,cumulative_sum_h0_to_h
pre_covid,core,2015Q1,2019Q4,strict_non_treasury_corporate_foreign_bonds_qoq,1,-0.9476677402950289,3.4100232713366925,-7.631313352114946,5.735977871524888,20,period_sensitivity,tdc_residual_z,rolling_oos_standard_deviation,cumulative_sum_h0_to_h
pre_covid,core,2015Q1,2019Q4,strict_non_treasury_corporate_foreign_bonds_qoq,2,1.9291226205576877,1.1996289104726463,-0.42215004396869893,4.280395285084074,20,period_sensitivity,tdc_residual_z,rolling_oos_standard_deviation,cumulative_sum_h0_to_h
pre_covid,core,2015Q1,2019Q4,strict_non_treasury_corporate_foreign_bonds_qoq,3,-2.921396431556263,3.449129821562925,-9.681690881819595,3.8388980187070696,20,period_sensitivity,tdc_residual_z,rolling_oos_standard_deviation,cumulative_sum_h0_to_h
pre_covid,core,2015Q1,2019Q4,strict_non_treasury_corporate_foreign_bonds_qoq,4,-4.288422092505197,1.3709256762721471,-6.975436417998605,-1.6014077670117888,20,period_sensitivity,tdc_residual_z,rolling_oos_standard_deviation,cumulative_sum_h0_to_h
pre_covid,core,2015Q1,2019Q4,strict_non_treasury_corporate_foreign_bonds_qoq,5,8.011372655630836,11.159566279453042,-13.861377252097125,29.884122563358797,20,period_sensitivity,tdc_residual_z,rolling_oos_standard_deviation,cumulative_sum_h0_to_h
pre_covid,core,2015Q1,2019Q4,strict_non_treasury_corporate_foreign_bonds_qoq,6,11.906626335789044,10.233820802699467,-8.151662437501914,31.964915109080003,20,period_sensitivity,tdc_residual_z,rolling_oos_standard_deviation,cumulative_sum_h0_to_h
pre_covid,core,2015Q1,2019Q4,strict_non_treasury_corporate_foreign_bonds_qoq,7,15.36485466850371,8.885145100173673,-2.050029727836691,32.77973906484411,20,period_sensitivity,tdc_residual_z,rolling_oos_standard_deviation,cumulative_sum_h0_to_h
pre_covid,core,2015Q1,2019Q4,strict_non_treasury_corporate_foreign_bonds_qoq,8,24.022115204440727,9.18885686535353,6.011955748347809,42.032274660533645,20,period_sensitivity,tdc_residual_z,rolling_oos_standard_deviation,cumulative_sum_h0_to_h
pre_covid,core,2015Q1,2019Q4,strict_non_treasury_securities_qoq,0,9.739350147810141,4.3253301572376905,1.2617030396242672,18.216997255996013,20,period_sensitivity,tdc_residual_z,rolling_oos_standard_deviation,cumulative_sum_h0_to_h
pre_covid,core,2015Q1,2019Q4,strict_non_treasury_securities_qoq,1,9.348394381187454,9.713524563532495,-9.690113763336235,28.386902525711143,20,period_sensitivity,tdc_residual_z,rolling_oos_standard_deviation,cumulative_sum_h0_to_h
pre_covid,core,2015Q1,2019Q4,strict_non_treasury_securities_qoq,2,11.636990038130696,12.254844765708384,-12.382505702657737,35.65648577891913,20,period_sensitivity,tdc_residual_z,rolling_oos_standard_deviation,cumulative_sum_h0_to_h
pre_covid,core,2015Q1,2019Q4,strict_non_treasury_securities_qoq,3,25.481463407236973,24.658245852027726,-22.848698462737367,73.8116252772113,20,period_sensitivity,tdc_residual_z,rolling_oos_standard_deviation,cumulative_sum_h0_to_h
pre_covid,core,2015Q1,2019Q4,strict_non_treasury_securities_qoq,4,35.13008766867246,41.183524865691034,-45.58962106808197,115.84979640542689,20,period_sensitivity,tdc_residual_z,rolling_oos_standard_deviation,cumulative_sum_h0_to_h
pre_covid,core,2015Q1,2019Q4,strict_non_treasury_securities_qoq,5,49.71382239888605,56.93976903875644,-61.88812491707657,161.31576971484867,20,period_sensitivity,tdc_residual_z,rolling_oos_standard_deviation,cumulative_sum_h0_to_h
pre_covid,core,2015Q1,2019Q4,strict_non_treasury_securities_qoq,6,57.06896107051634,58.02104144495372,-56.65228016159294,170.79020230262563,20,period_sensitivity,tdc_residual_z,rolling_oos_standard_deviation,cumulative_sum_h0_to_h
pre_covid,core,2015Q1,2019Q4,strict_non_treasury_securities_qoq,7,57.3312407028108,52.12771160099052,-44.83907403513062,159.5015554407522,20,period_sensitivity,tdc_residual_z,rolling_oos_standard_deviation,cumulative_sum_h0_to_h
pre_covid,core,2015Q1,2019Q4,strict_non_treasury_securities_qoq,8,53.210249594646044,45.137860565918324,-35.25995711455387,141.68045630384597,20,period_sensitivity,tdc_residual_z,rolling_oos_standard_deviation,cumulative_sum_h0_to_h
pre_covid,core,2015Q1,2019Q4,strict_identifiable_total_qoq,0,-22.21388463100123,9.424826457386239,-40.68654448747826,-3.741224774524202,20,period_sensitivity,tdc_residual_z,rolling_oos_standard_deviation,cumulative_sum_h0_to_h
pre_covid,core,2015Q1,2019Q4,strict_identifiable_total_qoq,1,13.844525911849171,35.61487900822166,-55.96063694426529,83.64968876796364,20,period_sensitivity,tdc_residual_z,rolling_oos_standard_deviation,cumulative_sum_h0_to_h
pre_covid,core,2015Q1,2019Q4,strict_identifiable_total_qoq,2,-1.6847021379683085,27.023053613570887,-54.649887220567244,51.28048294463063,20,period_sensitivity,tdc_residual_z,rolling_oos_standard_deviation,cumulative_sum_h0_to_h
pre_covid,core,2015Q1,2019Q4,strict_identifiable_total_qoq,3,28.014206184945987,26.88947060108415,-24.689156193178942,80.71756856307091,20,period_sensitivity,tdc_residual_z,rolling_oos_standard_deviation,cumulative_sum_h0_to_h
pre_covid,core,2015Q1,2019Q4,strict_identifiable_total_qoq,4,9.566287008157982,39.40669055444686,-67.67082647855786,86.80340049487383,20,period_sensitivity,tdc_residual_z,rolling_oos_standard_deviation,cumulative_sum_h0_to_h
pre_covid,core,2015Q1,2019Q4,strict_identifiable_total_qoq,5,-3.1728715660014117,31.722389213226926,-65.34875442392618,59.003011291923364,20,period_sensitivity,tdc_residual_z,rolling_oos_standard_deviation,cumulative_sum_h0_to_h
pre_covid,core,2015Q1,2019Q4,strict_identifiable_total_qoq,6,-38.47029963347298,24.934643506097302,-87.3422009054237,10.401601638477729,20,period_sensitivity,tdc_residual_z,rolling_oos_standard_deviation,cumulative_sum_h0_to_h
pre_covid,core,2015Q1,2019Q4,strict_identifiable_total_qoq,7,9.820988681904701,25.21112152791575,-39.59280951281017,59.23478687661957,20,period_sensitivity,tdc_residual_z,rolling_oos_standard_deviation,cumulative_sum_h0_to_h
pre_covid,core,2015Q1,2019Q4,strict_identifiable_total_qoq,8,-2.25872379294659,47.91953303590471,-96.18100854331982,91.66356095742665,20,period_sensitivity,tdc_residual_z,rolling_oos_standard_deviation,cumulative_sum_h0_to_h
pre_covid,core,2015Q1,2019Q4,strict_identifiable_gap_qoq,0,-61.85508008778186,15.886023825933767,-92.99168678661204,-30.718473388951672,20,period_sensitivity,tdc_residual_z,rolling_oos_standard_deviation,cumulative_sum_h0_to_h
pre_covid,core,2015Q1,2019Q4,strict_identifiable_gap_qoq,1,-90.4542463898162,16.43863394650073,-122.67396892495763,-58.23452385467478,20,period_sensitivity,tdc_residual_z,rolling_oos_standard_deviation,cumulative_sum_h0_to_h
pre_covid,core,2015Q1,2019Q4,strict_identifiable_gap_qoq,2,-34.353906147006484,78.13075926462027,-187.49019430566221,118.78238201164925,20,period_sensitivity,tdc_residual_z,rolling_oos_standard_deviation,cumulative_sum_h0_to_h
pre_covid,core,2015Q1,2019Q4,strict_identifiable_gap_qoq,3,-45.61901209598899,54.086999931652976,-151.6295319620288,60.391507770050836,20,period_sensitivity,tdc_residual_z,rolling_oos_standard_deviation,cumulative_sum_h0_to_h
pre_covid,core,2015Q1,2019Q4,strict_identifiable_gap_qoq,4,7.542448325903351,36.6056039044355,-64.20453532679022,79.28943197859692,20,period_sensitivity,tdc_residual_z,rolling_oos_standard_deviation,cumulative_sum_h0_to_h
pre_covid,core,2015Q1,2019Q4,strict_identifiable_gap_qoq,5,-27.08420879312932,44.200158132653385,-113.71651873312996,59.54810114687132,20,period_sensitivity,tdc_residual_z,rolling_oos_standard_deviation,cumulative_sum_h0_to_h
pre_covid,core,2015Q1,2019Q4,strict_identifiable_gap_qoq,6,-150.44463940229838,100.89954845434575,-348.207754372816,47.31847556821927,20,period_sensitivity,tdc_residual_z,rolling_oos_standard_deviation,cumulative_sum_h0_to_h
pre_covid,core,2015Q1,2019Q4,strict_identifiable_gap_qoq,7,-234.4414690796724,159.40094179460033,-546.8673149970891,77.98437683774426,20,period_sensitivity,tdc_residual_z,rolling_oos_standard_deviation,cumulative_sum_h0_to_h
pre_covid,core,2015Q1,2019Q4,strict_identifiable_gap_qoq,8,-314.0354198087479,190.95431395063233,-688.3058751519873,60.23503553449143,20,period_sensitivity,tdc_residual_z,rolling_oos_standard_deviation,cumulative_sum_h0_to_h
covid_post,core,2020Q1,2025Q4,tdc_bank_only_qoq,0,171.50647549057564,8.865247976330618,154.13058945696764,188.88236152418364,24,period_sensitivity,tdc_residual_z,rolling_oos_standard_deviation,cumulative_sum_h0_to_h
covid_post,core,2020Q1,2025Q4,tdc_bank_only_qoq,1,242.68427459098717,14.540242775742904,214.18539875053108,271.18315043144327,23,period_sensitivity,tdc_residual_z,rolling_oos_standard_deviation,cumulative_sum_h0_to_h
covid_post,core,2020Q1,2025Q4,tdc_bank_only_qoq,2,296.48566229867924,21.93793622313665,253.4873073013314,339.4840172960271,22,period_sensitivity,tdc_residual_z,rolling_oos_standard_deviation,cumulative_sum_h0_to_h
covid_post,core,2020Q1,2025Q4,tdc_bank_only_qoq,3,275.135204256165,35.14296242041544,206.25499791215077,344.0154106001793,21,period_sensitivity,tdc_residual_z,rolling_oos_standard_deviation,cumulative_sum_h0_to_h
covid_post,core,2020Q1,2025Q4,tdc_bank_only_qoq,4,316.72508807566305,45.574533140288075,227.3990031206984,406.0511730306277,20,period_sensitivity,tdc_residual_z,rolling_oos_standard_deviation,cumulative_sum_h0_to_h
covid_post,core,2020Q1,2025Q4,tdc_bank_only_qoq,5,313.0486314938397,68.74819172427048,178.30217571426957,447.7950872734099,19,period_sensitivity,tdc_residual_z,rolling_oos_standard_deviation,cumulative_sum_h0_to_h
covid_post,core,2020Q1,2025Q4,tdc_bank_only_qoq,6,364.16346905903504,81.6931499503561,204.04489515633708,524.2820429617329,18,period_sensitivity,tdc_residual_z,rolling_oos_standard_deviation,cumulative_sum_h0_to_h
covid_post,core,2020Q1,2025Q4,tdc_bank_only_qoq,7,361.3333921302427,82.6786969154045,199.28314617604988,523.3836380844356,17,period_sensitivity,tdc_residual_z,rolling_oos_standard_deviation,cumulative_sum_h0_to_h
covid_post,core,2020Q1,2025Q4,tdc_bank_only_qoq,8,363.258965803463,84.68412557872742,197.27807966915728,529.2398519377688,16,period_sensitivity,tdc_residual_z,rolling_oos_standard_deviation,cumulative_sum_h0_to_h
covid_post,core,2020Q1,2025Q4,total_deposits_bank_qoq,0,90.96184802507653,29.13871743794739,33.84996184669966,148.0737342034534,24,period_sensitivity,tdc_residual_z,rolling_oos_standard_deviation,cumulative_sum_h0_to_h
covid_post,core,2020Q1,2025Q4,total_deposits_bank_qoq,1,156.7787409473596,62.241031675819336,34.78631886275372,278.7711630319655,23,period_sensitivity,tdc_residual_z,rolling_oos_standard_deviation,cumulative_sum_h0_to_h
covid_post,core,2020Q1,2025Q4,total_deposits_bank_qoq,2,192.02353283135673,59.32562315095855,75.74531145547797,308.3017542072355,22,period_sensitivity,tdc_residual_z,rolling_oos_standard_deviation,cumulative_sum_h0_to_h
covid_post,core,2020Q1,2025Q4,total_deposits_bank_qoq,3,257.7698740449601,63.10735186093501,134.0794643975275,381.4602836923927,21,period_sensitivity,tdc_residual_z,rolling_oos_standard_deviation,cumulative_sum_h0_to_h
covid_post,core,2020Q1,2025Q4,total_deposits_bank_qoq,4,292.84917270864645,90.71719543554089,115.04346965498632,470.6548757623066,20,period_sensitivity,tdc_residual_z,rolling_oos_standard_deviation,cumulative_sum_h0_to_h
covid_post,core,2020Q1,2025Q4,total_deposits_bank_qoq,5,243.05022837059195,108.94348806441671,29.520991764335207,456.5794649768487,19,period_sensitivity,tdc_residual_z,rolling_oos_standard_deviation,cumulative_sum_h0_to_h
covid_post,core,2020Q1,2025Q4,total_deposits_bank_qoq,6,223.3638209225233,121.31469739409584,-14.412985969904554,461.14062781495113,18,period_sensitivity,tdc_residual_z,rolling_oos_standard_deviation,cumulative_sum_h0_to_h
covid_post,core,2020Q1,2025Q4,total_deposits_bank_qoq,7,224.32833701834653,137.35366898932912,-44.884854200738516,493.5415282374316,17,period_sensitivity,tdc_residual_z,rolling_oos_standard_deviation,cumulative_sum_h0_to_h
covid_post,core,2020Q1,2025Q4,other_component_qoq,0,-81.54627288951293,29.032745393097994,-138.450453859985,-24.642091919040865,24,period_sensitivity,tdc_residual_z,rolling_oos_standard_deviation,cumulative_sum_h0_to_h
covid_post,core,2020Q1,2025Q4,other_component_qoq,1,-81.23405705716984,63.49667427158345,-205.6875386294734,43.219424515133724,23,period_sensitivity,tdc_residual_z,rolling_oos_standard_deviation,cumulative_sum_h0_to_h
covid_post,core,2020Q1,2025Q4,other_component_qoq,2,-103.55567018711098,67.8406001952818,-236.52324656986332,29.41190619564135,22,period_sensitivity,tdc_residual_z,rolling_oos_standard_deviation,cumulative_sum_h0_to_h
covid_post,core,2020Q1,2025Q4,other_component_qoq,3,-30.95379009607771,66.79798608938823,-161.87784283127866,99.97026263912323,21,period_sensitivity,tdc_residual_z,rolling_oos_standard_deviation,cumulative_sum_h0_to_h
covid_post,core,2020Q1,2025Q4,other_component_qoq,4,-61.24005619281371,40.42654720004613,-140.47608870490413,17.995976319276707,20,period_sensitivity,tdc_residual_z,rolling_oos_standard_deviation,cumulative_sum_h0_to_h
covid_post,core,2020Q1,2025Q4,other_component_qoq,5,-106.36990475316783,34.31038995829046,-173.61826907141713,-39.12154043491853,19,period_sensitivity,tdc_residual_z,rolling_oos_standard_deviation,cumulative_sum_h0_to_h
covid_post,core,2020Q1,2025Q4,other_component_qoq,6,-162.98847161293307,24.274689586275944,-210.56686320203391,-115.41008002383222,18,period_sensitivity,tdc_residual_z,rolling_oos_standard_deviation,cumulative_sum_h0_to_h
covid_post,core,2020Q1,2025Q4,other_component_qoq,7,-141.44509990487106,43.02819851264092,-225.78036898964726,-57.10983082009486,17,period_sensitivity,tdc_residual_z,rolling_oos_standard_deviation,cumulative_sum_h0_to_h
covid_post,core,2020Q1,2025Q4,accounting_deposit_substitution_qoq,0,-1.6930395242611436,2.8516509732357105,-7.282275431803136,3.8961963832808486,24,period_sensitivity,tdc_residual_z,rolling_oos_standard_deviation,cumulative_sum_h0_to_h
covid_post,core,2020Q1,2025Q4,accounting_deposit_substitution_qoq,1,-13.963233421892355,9.577951072240484,-32.7360175234837,4.809550679698994,23,period_sensitivity,tdc_residual_z,rolling_oos_standard_deviation,cumulative_sum_h0_to_h
covid_post,core,2020Q1,2025Q4,accounting_deposit_substitution_qoq,2,-22.05952633043126,5.687911672502345,-33.20783320853586,-10.911219452326664,22,period_sensitivity,tdc_residual_z,rolling_oos_standard_deviation,cumulative_sum_h0_to_h
covid_post,core,2020Q1,2025Q4,accounting_deposit_substitution_qoq,3,-29.50175899580134,6.687024115589996,-42.608326262357735,-16.395191729244946,21,period_sensitivity,tdc_residual_z,rolling_oos_standard_deviation,cumulative_sum_h0_to_h
covid_post,core,2020Q1,2025Q4,accounting_deposit_substitution_qoq,4,-8.00971243097996,4.950354116151493,-17.712406498636888,1.6929816366769668,20,period_sensitivity,tdc_residual_z,rolling_oos_standard_deviation,cumulative_sum_h0_to_h
covid_post,core,2020Q1,2025Q4,accounting_deposit_substitution_qoq,5,11.21975715394688,2.187812082293533,6.931645472651555,15.507868835242204,19,period_sensitivity,tdc_residual_z,rolling_oos_standard_deviation,cumulative_sum_h0_to_h
covid_post,core,2020Q1,2025Q4,accounting_deposit_substitution_qoq,6,12.21002551155823,6.507520229341953,-0.5447141379519973,24.964765161068456,18,period_sensitivity,tdc_residual_z,rolling_oos_standard_deviation,cumulative_sum_h0_to_h
covid_post,core,2020Q1,2025Q4,accounting_deposit_substitution_qoq,7,-3.6873847912127165,4.7983629899463,-13.092176251507464,5.717406669082031,17,period_sensitivity,tdc_residual_z,rolling_oos_standard_deviation,cumulative_sum_h0_to_h
covid_post,core,2020Q1,2025Q4,accounting_bank_balance_sheet_qoq,0,-23.793854427088075,22.053500510833626,-67.01871542832198,19.43100657414583,24,period_sensitivity,tdc_residual_z,rolling_oos_standard_deviation,cumulative_sum_h0_to_h
covid_post,core,2020Q1,2025Q4,accounting_bank_balance_sheet_qoq,1,1.2460987542482727,25.654808997760433,-49.037326881362176,51.52952438985872,23,period_sensitivity,tdc_residual_z,rolling_oos_standard_deviation,cumulative_sum_h0_to_h
covid_post,core,2020Q1,2025Q4,accounting_bank_balance_sheet_qoq,2,-7.408212840805803,29.338642521452687,-64.91195218285307,50.095526501241466,22,period_sensitivity,tdc_residual_z,rolling_oos_standard_deviation,cumulative_sum_h0_to_h
covid_post,core,2020Q1,2025Q4,accounting_bank_balance_sheet_qoq,3,45.157079165105245,33.343879078047586,-20.19692382786802,110.51108215807851,21,period_sensitivity,tdc_residual_z,rolling_oos_standard_deviation,cumulative_sum_h0_to_h
covid_post,core,2020Q1,2025Q4,accounting_bank_balance_sheet_qoq,4,21.10058084331301,27.209569041946267,-32.230174478901674,74.4313361655277,20,period_sensitivity,tdc_residual_z,rolling_oos_standard_deviation,cumulative_sum_h0_to_h
covid_post,core,2020Q1,2025Q4,accounting_bank_balance_sheet_qoq,5,43.68362460412391,25.35741687110436,-6.0169124632406366,93.38416167148844,19,period_sensitivity,tdc_residual_z,rolling_oos_standard_deviation,cumulative_sum_h0_to_h
covid_post,core,2020Q1,2025Q4,accounting_bank_balance_sheet_qoq,6,23.95738878699288,23.722046566577113,-22.53782248349826,70.45260005748402,18,period_sensitivity,tdc_residual_z,rolling_oos_standard_deviation,cumulative_sum_h0_to_h
covid_post,core,2020Q1,2025Q4,accounting_bank_balance_sheet_qoq,7,40.397563458642054,17.394831551961364,6.30369361679778,74.49143330048634,17,period_sensitivity,tdc_residual_z,rolling_oos_standard_deviation,cumulative_sum_h0_to_h
covid_post,core,2020Q1,2025Q4,accounting_public_liquidity_qoq,0,124.23789044405392,20.518826886499845,84.02098974651423,164.4547911415936,24,period_sensitivity,tdc_residual_z,rolling_oos_standard_deviation,cumulative_sum_h0_to_h
covid_post,core,2020Q1,2025Q4,accounting_public_liquidity_qoq,1,102.05870785885621,49.422508768757645,5.190590672091233,198.92682504562117,23,period_sensitivity,tdc_residual_z,rolling_oos_standard_deviation,cumulative_sum_h0_to_h
covid_post,core,2020Q1,2025Q4,accounting_public_liquidity_qoq,2,98.8628633071551,57.763205913905566,-14.353020284099813,212.07874689841,22,period_sensitivity,tdc_residual_z,rolling_oos_standard_deviation,cumulative_sum_h0_to_h
covid_post,core,2020Q1,2025Q4,accounting_public_liquidity_qoq,3,60.601921401304395,53.75427828357436,-44.75646403450135,165.96030683711012,21,period_sensitivity,tdc_residual_z,rolling_oos_standard_deviation,cumulative_sum_h0_to_h
covid_post,core,2020Q1,2025Q4,accounting_public_liquidity_qoq,4,69.39813245032266,44.06598459332183,-16.97119735258812,155.76746225323345,20,period_sensitivity,tdc_residual_z,rolling_oos_standard_deviation,cumulative_sum_h0_to_h
covid_post,core,2020Q1,2025Q4,accounting_public_liquidity_qoq,5,77.08602224532753,46.64820946461675,-14.3444683053213,168.51651279597635,19,period_sensitivity,tdc_residual_z,rolling_oos_standard_deviation,cumulative_sum_h0_to_h
covid_post,core,2020Q1,2025Q4,accounting_public_liquidity_qoq,6,147.48333172792798,20.04272810089654,108.19958465017075,186.7670788056852,18,period_sensitivity,tdc_residual_z,rolling_oos_standard_deviation,cumulative_sum_h0_to_h
covid_post,core,2020Q1,2025Q4,accounting_public_liquidity_qoq,7,130.60368743756993,24.64211451123272,82.30514299555381,178.90223187958605,17,period_sensitivity,tdc_residual_z,rolling_oos_standard_deviation,cumulative_sum_h0_to_h
covid_post,core,2020Q1,2025Q4,accounting_external_flow_qoq,0,-199.36093682553525,32.15372315620823,-262.38223421170335,-136.33963943936712,24,period_sensitivity,tdc_residual_z,rolling_oos_standard_deviation,cumulative_sum_h0_to_h
covid_post,core,2020Q1,2025Q4,accounting_external_flow_qoq,1,-184.41101463984637,90.12815712217518,-361.0622025993097,-7.759826680383014,23,period_sensitivity,tdc_residual_z,rolling_oos_standard_deviation,cumulative_sum_h0_to_h
covid_post,core,2020Q1,2025Q4,accounting_external_flow_qoq,2,-194.88064697662082,114.11042662314898,-418.5370831579928,28.775789204751163,22,period_sensitivity,tdc_residual_z,rolling_oos_standard_deviation,cumulative_sum_h0_to_h
covid_post,core,2020Q1,2025Q4,accounting_external_flow_qoq,3,-114.97525038188498,111.9950909799438,-334.4856287025748,104.53512793880485,21,period_sensitivity,tdc_residual_z,rolling_oos_standard_deviation,cumulative_sum_h0_to_h
covid_post,core,2020Q1,2025Q4,accounting_external_flow_qoq,4,-135.74467588365388,83.6833126618048,-299.76396870079134,28.274616933483543,20,period_sensitivity,tdc_residual_z,rolling_oos_standard_deviation,cumulative_sum_h0_to_h
covid_post,core,2020Q1,2025Q4,accounting_external_flow_qoq,5,-213.92564843627812,87.54467681673063,-385.5132149970701,-42.3380818754861,19,period_sensitivity,tdc_residual_z,rolling_oos_standard_deviation,cumulative_sum_h0_to_h
covid_post,core,2020Q1,2025Q4,accounting_external_flow_qoq,6,-347.77220146405796,49.00403984602567,-443.82011956226825,-251.72428336584764,18,period_sensitivity,tdc_residual_z,rolling_oos_standard_deviation,cumulative_sum_h0_to_h
covid_post,core,2020Q1,2025Q4,accounting_external_flow_qoq,7,-339.64885695837626,76.51063534634862,-489.60970223721955,-189.68801167953296,17,period_sensitivity,tdc_residual_z,rolling_oos_standard_deviation,cumulative_sum_h0_to_h
covid_post,core,2020Q1,2025Q4,accounting_identity_total_qoq,0,-79.1878330791429,30.061503879726544,-138.10838068340692,-20.267285474878882,24,period_sensitivity,tdc_residual_z,rolling_oos_standard_deviation,cumulative_sum_h0_to_h
covid_post,core,2020Q1,2025Q4,accounting_identity_total_qoq,1,-76.52934945282061,64.81057578260224,-203.558077986721,50.49937908107978,23,period_sensitivity,tdc_residual_z,rolling_oos_standard_deviation,cumulative_sum_h0_to_h
covid_post,core,2020Q1,2025Q4,accounting_identity_total_qoq,2,-96.38633494274183,68.9316140984941,-231.49229857579024,38.71962869030659,22,period_sensitivity,tdc_residual_z,rolling_oos_standard_deviation,cumulative_sum_h0_to_h
covid_post,core,2020Q1,2025Q4,accounting_identity_total_qoq,3,-20.76248615853246,69.10423883361378,-156.20679427241546,114.68182195535056,21,period_sensitivity,tdc_residual_z,rolling_oos_standard_deviation,cumulative_sum_h0_to_h
covid_post,core,2020Q1,2025Q4,accounting_identity_total_qoq,4,-50.16661985193596,42.26369049972406,-133.00345323139513,32.6702135275232,20,period_sensitivity,tdc_residual_z,rolling_oos_standard_deviation,cumulative_sum_h0_to_h
covid_post,core,2020Q1,2025Q4,accounting_identity_total_qoq,5,-91.84174809061562,36.730642614874384,-163.83380761576942,-19.849688565461832,19,period_sensitivity,tdc_residual_z,rolling_oos_standard_deviation,cumulative_sum_h0_to_h
covid_post,core,2020Q1,2025Q4,accounting_identity_total_qoq,6,-147.54303163547428,26.973282627645617,-200.41066558565967,-94.67539768528887,18,period_sensitivity,tdc_residual_z,rolling_oos_standard_deviation,cumulative_sum_h0_to_h
covid_post,core,2020Q1,2025Q4,accounting_identity_total_qoq,7,-124.61384737528977,46.46825768988375,-215.69163244746193,-33.53606230311762,17,period_sensitivity,tdc_residual_z,rolling_oos_standard_deviation,cumulative_sum_h0_to_h
covid_post,core,2020Q1,2025Q4,accounting_identity_gap_qoq,0,-1.9570513434240944,1.701082304929711,-5.291172661086328,1.3770699742381391,24,period_sensitivity,tdc_residual_z,rolling_oos_standard_deviation,cumulative_sum_h0_to_h
covid_post,core,2020Q1,2025Q4,accounting_identity_gap_qoq,1,-4.0198411928669575,3.603579712372668,-11.082857429117386,3.0431750433834717,23,period_sensitivity,tdc_residual_z,rolling_oos_standard_deviation,cumulative_sum_h0_to_h
covid_post,core,2020Q1,2025Q4,accounting_identity_gap_qoq,2,-5.667001162852572,4.004647511947942,-13.51611028627054,2.1821079605653937,22,period_sensitivity,tdc_residual_z,rolling_oos_standard_deviation,cumulative_sum_h0_to_h
covid_post,core,2020Q1,2025Q4,accounting_identity_gap_qoq,3,-8.100967560588387,4.797910375958079,-17.504871897466224,1.3029367762894477,21,period_sensitivity,tdc_residual_z,rolling_oos_standard_deviation,cumulative_sum_h0_to_h
covid_post,core,2020Q1,2025Q4,accounting_identity_gap_qoq,4,-8.497357954131408,4.1793430493722,-16.68887033090092,-0.30584557736189666,20,period_sensitivity,tdc_residual_z,rolling_oos_standard_deviation,cumulative_sum_h0_to_h
covid_post,core,2020Q1,2025Q4,accounting_identity_gap_qoq,5,-10.367101451093369,4.04146117367,-18.28836535148657,-2.445837550700169,19,period_sensitivity,tdc_residual_z,rolling_oos_standard_deviation,cumulative_sum_h0_to_h
covid_post,core,2020Q1,2025Q4,accounting_identity_gap_qoq,6,-12.10891662785334,3.0219286684959266,-18.031896818105356,-6.185936437601324,18,period_sensitivity,tdc_residual_z,rolling_oos_standard_deviation,cumulative_sum_h0_to_h
covid_post,core,2020Q1,2025Q4,accounting_identity_gap_qoq,7,-13.76208495467511,3.581564912904504,-20.781952183967938,-6.742217725382282,17,period_sensitivity,tdc_residual_z,rolling_oos_standard_deviation,cumulative_sum_h0_to_h
covid_post,core,2020Q1,2025Q4,strict_loan_source_qoq,0,-26.679435532692608,13.055484010401758,-52.26818419308005,-1.090686872305163,24,period_sensitivity,tdc_residual_z,rolling_oos_standard_deviation,cumulative_sum_h0_to_h
covid_post,core,2020Q1,2025Q4,strict_loan_source_qoq,1,-11.545744056680121,16.36709071787722,-43.62524186371947,20.533753750359224,23,period_sensitivity,tdc_residual_z,rolling_oos_standard_deviation,cumulative_sum_h0_to_h
covid_post,core,2020Q1,2025Q4,strict_loan_source_qoq,2,-28.038217064188288,27.077888744315842,-81.11087900304733,25.03444487467076,22,period_sensitivity,tdc_residual_z,rolling_oos_standard_deviation,cumulative_sum_h0_to_h
covid_post,core,2020Q1,2025Q4,strict_loan_source_qoq,3,18.887982643847522,31.87656229642558,-43.590079457146615,81.36604474484166,21,period_sensitivity,tdc_residual_z,rolling_oos_standard_deviation,cumulative_sum_h0_to_h
covid_post,core,2020Q1,2025Q4,strict_loan_source_qoq,4,0.9991197614538976,26.913732541590427,-51.75179602006334,53.75003554297113,20,period_sensitivity,tdc_residual_z,rolling_oos_standard_deviation,cumulative_sum_h0_to_h
covid_post,core,2020Q1,2025Q4,strict_loan_source_qoq,5,33.401043586051316,30.97399084321613,-27.307978466652294,94.11006563875492,19,period_sensitivity,tdc_residual_z,rolling_oos_standard_deviation,cumulative_sum_h0_to_h
covid_post,core,2020Q1,2025Q4,strict_loan_source_qoq,6,16.15815179998151,23.61836449183507,-30.13384260401523,62.45014620397825,18,period_sensitivity,tdc_residual_z,rolling_oos_standard_deviation,cumulative_sum_h0_to_h
covid_post,core,2020Q1,2025Q4,strict_loan_source_qoq,7,41.08838066536839,19.515926265583076,2.8371651848255652,79.33959614591122,17,period_sensitivity,tdc_residual_z,rolling_oos_standard_deviation,cumulative_sum_h0_to_h
covid_post,core,2020Q1,2025Q4,strict_loan_mortgages_qoq,0,-9.04036272654118,2.4441160191273035,-13.830830124030694,-4.249895329051665,24,period_sensitivity,tdc_residual_z,rolling_oos_standard_deviation,cumulative_sum_h0_to_h
covid_post,core,2020Q1,2025Q4,strict_loan_mortgages_qoq,1,-17.28243528329025,4.231555509007288,-25.576284080944536,-8.988586485635967,23,period_sensitivity,tdc_residual_z,rolling_oos_standard_deviation,cumulative_sum_h0_to_h
covid_post,core,2020Q1,2025Q4,strict_loan_mortgages_qoq,2,-19.542830003976704,8.861135492966405,-36.910655570190855,-2.175004437762553,22,period_sensitivity,tdc_residual_z,rolling_oos_standard_deviation,cumulative_sum_h0_to_h
covid_post,core,2020Q1,2025Q4,strict_loan_mortgages_qoq,3,-14.055403310160202,11.141280475294185,-35.8923130417368,7.781506421416399,21,period_sensitivity,tdc_residual_z,rolling_oos_standard_deviation,cumulative_sum_h0_to_h
covid_post,core,2020Q1,2025Q4,strict_loan_mortgages_qoq,4,-15.184454447972655,10.63309844437101,-36.02532739893984,5.656418502994523,20,period_sensitivity,tdc_residual_z,rolling_oos_standard_deviation,cumulative_sum_h0_to_h
covid_post,core,2020Q1,2025Q4,strict_loan_mortgages_qoq,5,-6.772229751400403,11.501695660146199,-29.315553245286953,15.771093742486148,19,period_sensitivity,tdc_residual_z,rolling_oos_standard_deviation,cumulative_sum_h0_to_h
covid_post,core,2020Q1,2025Q4,strict_loan_mortgages_qoq,6,0.2709229012937442,10.175094779766578,-19.672262867048747,20.214108669636236,18,period_sensitivity,tdc_residual_z,rolling_oos_standard_deviation,cumulative_sum_h0_to_h
covid_post,core,2020Q1,2025Q4,strict_loan_mortgages_qoq,7,2.1075169621028493,8.7788757302853,-15.099079469256338,19.314113393462037,17,period_sensitivity,tdc_residual_z,rolling_oos_standard_deviation,cumulative_sum_h0_to_h
covid_post,core,2020Q1,2025Q4,strict_loan_consumer_credit_qoq,0,-11.38450264681972,2.183544710278905,-15.664250278966374,-7.104755014673067,24,period_sensitivity,tdc_residual_z,rolling_oos_standard_deviation,cumulative_sum_h0_to_h
covid_post,core,2020Q1,2025Q4,strict_loan_consumer_credit_qoq,1,-14.117924999200202,8.26570266400723,-30.318702220654373,2.082852222253969,23,period_sensitivity,tdc_residual_z,rolling_oos_standard_deviation,cumulative_sum_h0_to_h
covid_post,core,2020Q1,2025Q4,strict_loan_consumer_credit_qoq,2,-7.3084464164283,5.713490220880823,-18.506887249354712,3.889994416498114,22,period_sensitivity,tdc_residual_z,rolling_oos_standard_deviation,cumulative_sum_h0_to_h
covid_post,core,2020Q1,2025Q4,strict_loan_consumer_credit_qoq,3,-5.218319760261202,6.513395437002476,-17.984574816786054,7.547935296263652,21,period_sensitivity,tdc_residual_z,rolling_oos_standard_deviation,cumulative_sum_h0_to_h
covid_post,core,2020Q1,2025Q4,strict_loan_consumer_credit_qoq,4,-6.75616926591311,7.329633973468957,-21.122251853912267,7.6099133220860455,20,period_sensitivity,tdc_residual_z,rolling_oos_standard_deviation,cumulative_sum_h0_to_h
covid_post,core,2020Q1,2025Q4,strict_loan_consumer_credit_qoq,5,3.377714022208621,8.699243831674211,-13.672803887872831,20.428231932290075,19,period_sensitivity,tdc_residual_z,rolling_oos_standard_deviation,cumulative_sum_h0_to_h
covid_post,core,2020Q1,2025Q4,strict_loan_consumer_credit_qoq,6,7.569469083834477,7.017160312967884,-6.184165129582576,21.323103297251528,18,period_sensitivity,tdc_residual_z,rolling_oos_standard_deviation,cumulative_sum_h0_to_h
covid_post,core,2020Q1,2025Q4,strict_loan_consumer_credit_qoq,7,9.550125758068816,5.823057828738732,-1.863067586259099,20.96331910239673,17,period_sensitivity,tdc_residual_z,rolling_oos_standard_deviation,cumulative_sum_h0_to_h
covid_post,core,2020Q1,2025Q4,strict_loan_di_loans_nec_qoq,0,1.9867334142007635,15.68998486495079,-28.765636921102782,32.73910374950431,24,period_sensitivity,tdc_residual_z,rolling_oos_standard_deviation,cumulative_sum_h0_to_h
covid_post,core,2020Q1,2025Q4,strict_loan_di_loans_nec_qoq,1,10.5004158160836,19.673736733237135,-28.060108181061185,49.06093981322839,23,period_sensitivity,tdc_residual_z,rolling_oos_standard_deviation,cumulative_sum_h0_to_h
covid_post,core,2020Q1,2025Q4,strict_loan_di_loans_nec_qoq,2,5.378427785515271,26.362450824459422,-46.291975830425194,57.048831401455736,22,period_sensitivity,tdc_residual_z,rolling_oos_standard_deviation,cumulative_sum_h0_to_h
covid_post,core,2020Q1,2025Q4,strict_loan_di_loans_nec_qoq,3,32.209358434292554,25.953409775918242,-18.6593247265072,83.07804159509232,21,period_sensitivity,tdc_residual_z,rolling_oos_standard_deviation,cumulative_sum_h0_to_h
covid_post,core,2020Q1,2025Q4,strict_loan_di_loans_nec_qoq,4,24.792620917346525,24.229722025150465,-22.697634251948386,72.28287608664144,20,period_sensitivity,tdc_residual_z,rolling_oos_standard_deviation,cumulative_sum_h0_to_h
covid_post,core,2020Q1,2025Q4,strict_loan_di_loans_nec_qoq,5,36.645866788985515,24.41192135742378,-11.201499071565088,84.49323264953611,19,period_sensitivity,tdc_residual_z,rolling_oos_standard_deviation,cumulative_sum_h0_to_h
covid_post,core,2020Q1,2025Q4,strict_loan_di_loans_nec_qoq,6,27.38330232901116,18.729514882024077,-9.326546839756034,64.09315149777835,18,period_sensitivity,tdc_residual_z,rolling_oos_standard_deviation,cumulative_sum_h0_to_h
covid_post,core,2020Q1,2025Q4,strict_loan_di_loans_nec_qoq,7,27.55627723240759,16.49153953047655,-4.767140247326449,59.87969471214163,17,period_sensitivity,tdc_residual_z,rolling_oos_standard_deviation,cumulative_sum_h0_to_h
covid_post,core,2020Q1,2025Q4,strict_loan_other_advances_qoq,0,0.5161109596348036,0.24362125278397517,0.03861330417821224,0.993608615091395,24,period_sensitivity,tdc_residual_z,rolling_oos_standard_deviation,cumulative_sum_h0_to_h
covid_post,core,2020Q1,2025Q4,strict_loan_other_advances_qoq,1,0.49695562151040973,0.2987084867926671,-0.08851301260321776,1.082424255624037,23,period_sensitivity,tdc_residual_z,rolling_oos_standard_deviation,cumulative_sum_h0_to_h
covid_post,core,2020Q1,2025Q4,strict_loan_other_advances_qoq,2,0.37185439377276075,0.16138507814834777,0.05553964060199912,0.6881691469435224,22,period_sensitivity,tdc_residual_z,rolling_oos_standard_deviation,cumulative_sum_h0_to_h
covid_post,core,2020Q1,2025Q4,strict_loan_other_advances_qoq,3,0.32954791921854976,0.11505604401926081,0.10403807294079856,0.5550577654963009,21,period_sensitivity,tdc_residual_z,rolling_oos_standard_deviation,cumulative_sum_h0_to_h
covid_post,core,2020Q1,2025Q4,strict_loan_other_advances_qoq,4,-0.29018010116339266,0.16730580078371424,-0.6180994706994726,0.03773926837268726,20,period_sensitivity,tdc_residual_z,rolling_oos_standard_deviation,cumulative_sum_h0_to_h
covid_post,core,2020Q1,2025Q4,strict_loan_other_advances_qoq,5,-0.5529933874350388,0.10759847619189532,-0.7638864007711537,-0.34210037409892396,19,period_sensitivity,tdc_residual_z,rolling_oos_standard_deviation,cumulative_sum_h0_to_h
covid_post,core,2020Q1,2025Q4,strict_loan_other_advances_qoq,6,-0.3503257867228866,0.17550925244708349,-0.6943239215191702,-0.006327651926603006,18,period_sensitivity,tdc_residual_z,rolling_oos_standard_deviation,cumulative_sum_h0_to_h
covid_post,core,2020Q1,2025Q4,strict_loan_other_advances_qoq,7,-0.32228076279540246,0.24809569236497747,-0.8085483198307584,0.16398679423995338,17,period_sensitivity,tdc_residual_z,rolling_oos_standard_deviation,cumulative_sum_h0_to_h
covid_post,core,2020Q1,2025Q4,strict_non_treasury_agency_gse_qoq,0,18.95442761413378,4.576814289153293,9.983871607393327,27.924983620874237,24,period_sensitivity,tdc_residual_z,rolling_oos_standard_deviation,cumulative_sum_h0_to_h
covid_post,core,2020Q1,2025Q4,strict_non_treasury_agency_gse_qoq,1,26.109024274215653,7.883462421386219,10.657437928298664,41.56061062013264,23,period_sensitivity,tdc_residual_z,rolling_oos_standard_deviation,cumulative_sum_h0_to_h
covid_post,core,2020Q1,2025Q4,strict_non_treasury_agency_gse_qoq,2,35.29037171315271,15.524609141944342,4.862137794941798,65.71860563136362,22,period_sensitivity,tdc_residual_z,rolling_oos_standard_deviation,cumulative_sum_h0_to_h
covid_post,core,2020Q1,2025Q4,strict_non_treasury_agency_gse_qoq,3,39.26503410004652,20.241494046456623,-0.40829423100846185,78.9383624311015,21,period_sensitivity,tdc_residual_z,rolling_oos_standard_deviation,cumulative_sum_h0_to_h
covid_post,core,2020Q1,2025Q4,strict_non_treasury_agency_gse_qoq,4,50.69215942761964,24.631557326915686,2.4143070668649003,98.97001178837439,20,period_sensitivity,tdc_residual_z,rolling_oos_standard_deviation,cumulative_sum_h0_to_h
covid_post,core,2020Q1,2025Q4,strict_non_treasury_agency_gse_qoq,5,45.70805377624714,29.229492074233615,-11.581750689250747,102.99785824174504,19,period_sensitivity,tdc_residual_z,rolling_oos_standard_deviation,cumulative_sum_h0_to_h
covid_post,core,2020Q1,2025Q4,strict_non_treasury_agency_gse_qoq,6,47.35986175511093,30.542088759126482,-12.50263221277698,107.22235572299883,18,period_sensitivity,tdc_residual_z,rolling_oos_standard_deviation,cumulative_sum_h0_to_h
covid_post,core,2020Q1,2025Q4,strict_non_treasury_agency_gse_qoq,7,47.85976244708077,32.17471060733253,-15.202670343290983,110.92219523745251,17,period_sensitivity,tdc_residual_z,rolling_oos_standard_deviation,cumulative_sum_h0_to_h
covid_post,core,2020Q1,2025Q4,strict_non_treasury_municipal_qoq,0,1.5533641712859656,1.2370681122836336,-0.8712893287899561,3.9780176713618873,24,period_sensitivity,tdc_residual_z,rolling_oos_standard_deviation,cumulative_sum_h0_to_h
covid_post,core,2020Q1,2025Q4,strict_non_treasury_municipal_qoq,1,3.084322479649015,1.618659791243052,-0.08825071118736716,6.256895670485397,23,period_sensitivity,tdc_residual_z,rolling_oos_standard_deviation,cumulative_sum_h0_to_h
covid_post,core,2020Q1,2025Q4,strict_non_treasury_municipal_qoq,2,4.893874407437397,1.9818566195048826,1.0094354332078272,8.778313381666967,22,period_sensitivity,tdc_residual_z,rolling_oos_standard_deviation,cumulative_sum_h0_to_h
covid_post,core,2020Q1,2025Q4,strict_non_treasury_municipal_qoq,3,7.2935463391952755,2.420150830973369,2.550050710487473,12.037041967903079,21,period_sensitivity,tdc_residual_z,rolling_oos_standard_deviation,cumulative_sum_h0_to_h
covid_post,core,2020Q1,2025Q4,strict_non_treasury_municipal_qoq,4,9.423792972951661,2.8436957954385984,3.850149213892008,14.997436732011314,20,period_sensitivity,tdc_residual_z,rolling_oos_standard_deviation,cumulative_sum_h0_to_h
covid_post,core,2020Q1,2025Q4,strict_non_treasury_municipal_qoq,5,10.929911848181906,3.515172523296162,4.040173702521428,17.819649993842383,19,period_sensitivity,tdc_residual_z,rolling_oos_standard_deviation,cumulative_sum_h0_to_h
covid_post,core,2020Q1,2025Q4,strict_non_treasury_municipal_qoq,6,10.348317932161594,4.434505477445325,1.6566871963687575,19.03994866795443,18,period_sensitivity,tdc_residual_z,rolling_oos_standard_deviation,cumulative_sum_h0_to_h
covid_post,core,2020Q1,2025Q4,strict_non_treasury_municipal_qoq,7,9.726497559707939,5.195735510327733,-0.45714404053441804,19.910139159950297,17,period_sensitivity,tdc_residual_z,rolling_oos_standard_deviation,cumulative_sum_h0_to_h
covid_post,core,2020Q1,2025Q4,strict_non_treasury_corporate_foreign_bonds_qoq,0,1.903103088242018,4.2006591226614605,-6.330188792174445,10.13639496865848,24,period_sensitivity,tdc_residual_z,rolling_oos_standard_deviation,cumulative_sum_h0_to_h
covid_post,core,2020Q1,2025Q4,strict_non_treasury_corporate_foreign_bonds_qoq,1,6.600307266832175,4.014310612125521,-1.2677415329338464,14.468356066598197,23,period_sensitivity,tdc_residual_z,rolling_oos_standard_deviation,cumulative_sum_h0_to_h
covid_post,core,2020Q1,2025Q4,strict_non_treasury_corporate_foreign_bonds_qoq,2,10.634090772196085,1.4970859894113289,7.699802232949881,13.568379311442289,22,period_sensitivity,tdc_residual_z,rolling_oos_standard_deviation,cumulative_sum_h0_to_h
covid_post,core,2020Q1,2025Q4,strict_non_treasury_corporate_foreign_bonds_qoq,3,3.52649024666181,5.689621065913115,-7.625167042527895,14.678147535851515,21,period_sensitivity,tdc_residual_z,rolling_oos_standard_deviation,cumulative_sum_h0_to_h
covid_post,core,2020Q1,2025Q4,strict_non_treasury_corporate_foreign_bonds_qoq,4,15.44946591083265,3.105143181129303,9.363385275819216,21.535546545846085,20,period_sensitivity,tdc_residual_z,rolling_oos_standard_deviation,cumulative_sum_h0_to_h
covid_post,core,2020Q1,2025Q4,strict_non_treasury_corporate_foreign_bonds_qoq,5,16.44569151246626,3.085425384935449,10.39825775799278,22.493125266939742,19,period_sensitivity,tdc_residual_z,rolling_oos_standard_deviation,cumulative_sum_h0_to_h
covid_post,core,2020Q1,2025Q4,strict_non_treasury_corporate_foreign_bonds_qoq,6,17.83173639049526,3.84634652128309,10.292897208780403,25.370575572210115,18,period_sensitivity,tdc_residual_z,rolling_oos_standard_deviation,cumulative_sum_h0_to_h
covid_post,core,2020Q1,2025Q4,strict_non_treasury_corporate_foreign_bonds_qoq,7,16.88896276996625,5.021871240679548,7.0460951382343335,26.73183040169816,17,period_sensitivity,tdc_residual_z,rolling_oos_standard_deviation,cumulative_sum_h0_to_h
covid_post,core,2020Q1,2025Q4,strict_non_treasury_securities_qoq,0,33.66321834591681,4.972119920410303,23.917863301912618,43.408573389921,24,period_sensitivity,tdc_residual_z,rolling_oos_standard_deviation,cumulative_sum_h0_to_h
covid_post,core,2020Q1,2025Q4,strict_non_treasury_securities_qoq,1,49.27721750510125,7.0087466729977255,35.54007402602571,63.01436098417679,23,period_sensitivity,tdc_residual_z,rolling_oos_standard_deviation,cumulative_sum_h0_to_h
covid_post,core,2020Q1,2025Q4,strict_non_treasury_securities_qoq,2,67.38931305760634,11.460328165840146,44.927069852559654,89.85155626265303,22,period_sensitivity,tdc_residual_z,rolling_oos_standard_deviation,cumulative_sum_h0_to_h
covid_post,core,2020Q1,2025Q4,strict_non_treasury_securities_qoq,3,63.56275418555467,18.41619003402033,27.46702171887482,99.65848665223452,21,period_sensitivity,tdc_residual_z,rolling_oos_standard_deviation,cumulative_sum_h0_to_h
covid_post,core,2020Q1,2025Q4,strict_non_treasury_securities_qoq,4,87.01726338464614,21.94726722001929,44.000619633408334,130.03390713588396,20,period_sensitivity,tdc_residual_z,rolling_oos_standard_deviation,cumulative_sum_h0_to_h
covid_post,core,2020Q1,2025Q4,strict_non_treasury_securities_qoq,5,87.4425124306423,30.15123640330792,28.346089080158777,146.53893578112582,19,period_sensitivity,tdc_residual_z,rolling_oos_standard_deviation,cumulative_sum_h0_to_h
covid_post,core,2020Q1,2025Q4,strict_non_treasury_securities_qoq,6,87.6061605826224,34.393336801883564,20.195220450930606,155.01710071431418,18,period_sensitivity,tdc_residual_z,rolling_oos_standard_deviation,cumulative_sum_h0_to_h
covid_post,core,2020Q1,2025Q4,strict_non_treasury_securities_qoq,7,82.42888774341228,36.560124299171804,10.771044117035544,154.086731369789,17,period_sensitivity,tdc_residual_z,rolling_oos_standard_deviation,cumulative_sum_h0_to_h
covid_post,core,2020Q1,2025Q4,strict_identifiable_total_qoq,0,8.849236439865983,14.308312260233803,-19.195055590192272,36.893528469924235,24,period_sensitivity,tdc_residual_z,rolling_oos_standard_deviation,cumulative_sum_h0_to_h
covid_post,core,2020Q1,2025Q4,strict_identifiable_total_qoq,1,32.658569364144455,18.408602837800835,-3.4222921979451826,68.73943092623409,23,period_sensitivity,tdc_residual_z,rolling_oos_standard_deviation,cumulative_sum_h0_to_h
covid_post,core,2020Q1,2025Q4,strict_identifiable_total_qoq,2,42.18561344418765,25.996843522106243,-8.76819985914058,93.13942674751588,22,period_sensitivity,tdc_residual_z,rolling_oos_standard_deviation,cumulative_sum_h0_to_h
covid_post,core,2020Q1,2025Q4,strict_identifiable_total_qoq,3,90.34279462411263,24.072844618885878,43.16001917109631,137.52557007712895,21,period_sensitivity,tdc_residual_z,rolling_oos_standard_deviation,cumulative_sum_h0_to_h
covid_post,core,2020Q1,2025Q4,strict_identifiable_total_qoq,4,106.10172453677554,28.29776498349279,50.638105169129666,161.5653439044214,20,period_sensitivity,tdc_residual_z,rolling_oos_standard_deviation,cumulative_sum_h0_to_h
covid_post,core,2020Q1,2025Q4,strict_identifiable_total_qoq,5,135.48857005052463,28.982090262111964,78.68367313678519,192.29346696426407,19,period_sensitivity,tdc_residual_z,rolling_oos_standard_deviation,cumulative_sum_h0_to_h
covid_post,core,2020Q1,2025Q4,strict_identifiable_total_qoq,6,125.70661114214545,26.514550791070867,73.73809159164655,177.67513069264436,18,period_sensitivity,tdc_residual_z,rolling_oos_standard_deviation,cumulative_sum_h0_to_h
covid_post,core,2020Q1,2025Q4,strict_identifiable_total_qoq,7,136.13292401543788,31.90576460727515,73.59762538517859,198.66822264569717,17,period_sensitivity,tdc_residual_z,rolling_oos_standard_deviation,cumulative_sum_h0_to_h
covid_post,core,2020Q1,2025Q4,strict_identifiable_gap_qoq,0,-103.9150600867858,20.73751089613989,-144.56058144321997,-63.26953873035161,24,period_sensitivity,tdc_residual_z,rolling_oos_standard_deviation,cumulative_sum_h0_to_h
covid_post,core,2020Q1,2025Q4,strict_identifiable_gap_qoq,1,-114.56222876080932,54.73341986385149,-221.83973169395824,-7.284725827660409,23,period_sensitivity,tdc_residual_z,rolling_oos_standard_deviation,cumulative_sum_h0_to_h
covid_post,core,2020Q1,2025Q4,strict_identifiable_gap_qoq,2,-145.97456488763797,62.72810210364934,-268.92164501079066,-23.027484764485266,22,period_sensitivity,tdc_residual_z,rolling_oos_standard_deviation,cumulative_sum_h0_to_h
covid_post,core,2020Q1,2025Q4,strict_identifiable_gap_qoq,3,-109.39942460164885,61.55550979593877,-230.04822380168883,11.249374598391142,21,period_sensitivity,tdc_residual_z,rolling_oos_standard_deviation,cumulative_sum_h0_to_h
covid_post,core,2020Q1,2025Q4,strict_identifiable_gap_qoq,4,-152.00295412235351,31.282431878281177,-213.31652060378462,-90.6893876409224,20,period_sensitivity,tdc_residual_z,rolling_oos_standard_deviation,cumulative_sum_h0_to_h
covid_post,core,2020Q1,2025Q4,strict_identifiable_gap_qoq,5,-223.80615859876713,30.84299290370078,-284.25842469002066,-163.3538925075136,19,period_sensitivity,tdc_residual_z,rolling_oos_standard_deviation,cumulative_sum_h0_to_h
covid_post,core,2020Q1,2025Q4,strict_identifiable_gap_qoq,6,-293.8290568252984,16.38869432965747,-325.95089771142705,-261.7072159391697,18,period_sensitivity,tdc_residual_z,rolling_oos_standard_deviation,cumulative_sum_h0_to_h
covid_post,core,2020Q1,2025Q4,strict_identifiable_gap_qoq,7,-291.20536864918824,20.884728443516643,-332.1394363984809,-250.27130089989564,17,period_sensitivity,tdc_residual_z,rolling_oos_standard_deviation,cumulative_sum_h0_to_h
