sample_variant,sample_role,sample_filter,outcome,horizon,beta,se,lower95,upper95,n,spec_name,shock_column,shock_scale,response_type
all_usable_shocks,headline,all_usable_shocks,tdc_bank_only_qoq,0,86.08814077380539,14.307190562452137,58.0460472713992,114.13023427621158,119,sample_sensitivity,tdc_residual_z,rolling_oos_standard_deviation,cumulative_sum_h0_to_h
all_usable_shocks,headline,all_usable_shocks,tdc_bank_only_qoq,1,115.95916898888741,23.446035221790385,70.00493995417825,161.91339802359659,118,sample_sensitivity,tdc_residual_z,rolling_oos_standard_deviation,cumulative_sum_h0_to_h
all_usable_shocks,headline,all_usable_shocks,tdc_bank_only_qoq,2,146.89154006334346,36.853032010926995,74.65959732192654,219.12348280476039,117,sample_sensitivity,tdc_residual_z,rolling_oos_standard_deviation,cumulative_sum_h0_to_h
all_usable_shocks,headline,all_usable_shocks,tdc_bank_only_qoq,3,144.51010865008578,40.97137690231744,64.2062099215436,224.81400737862796,116,sample_sensitivity,tdc_residual_z,rolling_oos_standard_deviation,cumulative_sum_h0_to_h
all_usable_shocks,headline,all_usable_shocks,tdc_bank_only_qoq,4,172.8674661880664,50.028812654854036,74.81099338455249,270.9239389915803,115,sample_sensitivity,tdc_residual_z,rolling_oos_standard_deviation,cumulative_sum_h0_to_h
all_usable_shocks,headline,all_usable_shocks,tdc_bank_only_qoq,5,174.6857194206256,58.52744657755605,59.97192412861574,289.39951471263544,114,sample_sensitivity,tdc_residual_z,rolling_oos_standard_deviation,cumulative_sum_h0_to_h
all_usable_shocks,headline,all_usable_shocks,tdc_bank_only_qoq,6,194.29624566042375,72.29046851308121,52.60692737478459,335.98556394606294,113,sample_sensitivity,tdc_residual_z,rolling_oos_standard_deviation,cumulative_sum_h0_to_h
all_usable_shocks,headline,all_usable_shocks,tdc_bank_only_qoq,7,199.1957353817741,78.7704919459548,44.80557116770271,353.5858995958455,112,sample_sensitivity,tdc_residual_z,rolling_oos_standard_deviation,cumulative_sum_h0_to_h
all_usable_shocks,headline,all_usable_shocks,tdc_bank_only_qoq,8,219.83216429237058,81.1308670184492,60.81566493621017,378.848663648531,111,sample_sensitivity,tdc_residual_z,rolling_oos_standard_deviation,cumulative_sum_h0_to_h
all_usable_shocks,headline,all_usable_shocks,total_deposits_bank_qoq,0,28.95006368418275,13.625048119004301,2.244969370934321,55.65515799743118,119,sample_sensitivity,tdc_residual_z,rolling_oos_standard_deviation,cumulative_sum_h0_to_h
all_usable_shocks,headline,all_usable_shocks,total_deposits_bank_qoq,1,44.45196715467209,33.02376942088602,-20.274620910264503,109.17855521960868,118,sample_sensitivity,tdc_residual_z,rolling_oos_standard_deviation,cumulative_sum_h0_to_h
all_usable_shocks,headline,all_usable_shocks,total_deposits_bank_qoq,2,41.5026075787145,43.61215019770538,-43.97720680878804,126.98242196621705,117,sample_sensitivity,tdc_residual_z,rolling_oos_standard_deviation,cumulative_sum_h0_to_h
all_usable_shocks,headline,all_usable_shocks,total_deposits_bank_qoq,3,58.59828794606983,51.85870771996211,-43.0447791850559,160.24135507719558,116,sample_sensitivity,tdc_residual_z,rolling_oos_standard_deviation,cumulative_sum_h0_to_h
all_usable_shocks,headline,all_usable_shocks,total_deposits_bank_qoq,4,71.79333642998903,61.72917014443666,-49.19583705310683,192.78250991308488,115,sample_sensitivity,tdc_residual_z,rolling_oos_standard_deviation,cumulative_sum_h0_to_h
all_usable_shocks,headline,all_usable_shocks,total_deposits_bank_qoq,5,51.03649376811648,65.57587681116931,-77.49222478177535,179.56521231800832,114,sample_sensitivity,tdc_residual_z,rolling_oos_standard_deviation,cumulative_sum_h0_to_h
all_usable_shocks,headline,all_usable_shocks,total_deposits_bank_qoq,6,30.82706261034538,68.26399207786814,-102.97036186227616,164.62448708296694,113,sample_sensitivity,tdc_residual_z,rolling_oos_standard_deviation,cumulative_sum_h0_to_h
all_usable_shocks,headline,all_usable_shocks,total_deposits_bank_qoq,7,43.66277889572578,73.6704253132131,-100.7312547181719,188.05681250962346,112,sample_sensitivity,tdc_residual_z,rolling_oos_standard_deviation,cumulative_sum_h0_to_h
all_usable_shocks,headline,all_usable_shocks,total_deposits_bank_qoq,8,51.06433451600243,77.49350708209145,-100.82293936489681,202.9516083969017,111,sample_sensitivity,tdc_residual_z,rolling_oos_standard_deviation,cumulative_sum_h0_to_h
all_usable_shocks,headline,all_usable_shocks,other_component_qoq,0,-56.223002789186694,12.517283696834168,-80.75687883498166,-31.689126743391725,119,sample_sensitivity,tdc_residual_z,rolling_oos_standard_deviation,cumulative_sum_h0_to_h
all_usable_shocks,headline,all_usable_shocks,other_component_qoq,1,-68.99579094659518,27.36359299323923,-122.62843321334407,-15.36314867984629,118,sample_sensitivity,tdc_residual_z,rolling_oos_standard_deviation,cumulative_sum_h0_to_h
all_usable_shocks,headline,all_usable_shocks,other_component_qoq,2,-95.17061531756876,33.572069552807214,-160.9718716410709,-29.369358994066616,117,sample_sensitivity,tdc_residual_z,rolling_oos_standard_deviation,cumulative_sum_h0_to_h
all_usable_shocks,headline,all_usable_shocks,other_component_qoq,3,-66.64949456041825,34.00991533562763,-133.3089286182484,0.009939497411906473,116,sample_sensitivity,tdc_residual_z,rolling_oos_standard_deviation,cumulative_sum_h0_to_h
all_usable_shocks,headline,all_usable_shocks,other_component_qoq,4,-70.27564601632174,31.87297979793321,-132.74668642027083,-7.804605612372654,115,sample_sensitivity,tdc_residual_z,rolling_oos_standard_deviation,cumulative_sum_h0_to_h
all_usable_shocks,headline,all_usable_shocks,other_component_qoq,5,-88.90421794686286,31.801740078817804,-151.23562850134576,-26.572807392379964,114,sample_sensitivity,tdc_residual_z,rolling_oos_standard_deviation,cumulative_sum_h0_to_h
all_usable_shocks,headline,all_usable_shocks,other_component_qoq,6,-128.35022879375526,36.097839261929686,-199.10199374713744,-57.598463840373086,113,sample_sensitivity,tdc_residual_z,rolling_oos_standard_deviation,cumulative_sum_h0_to_h
all_usable_shocks,headline,all_usable_shocks,other_component_qoq,7,-123.49309907480924,43.29142499957037,-208.34429207396715,-38.64190607565132,112,sample_sensitivity,tdc_residual_z,rolling_oos_standard_deviation,cumulative_sum_h0_to_h
all_usable_shocks,headline,all_usable_shocks,other_component_qoq,8,-137.14820495288674,48.01420550118734,-231.25604773521394,-43.04036217055956,111,sample_sensitivity,tdc_residual_z,rolling_oos_standard_deviation,cumulative_sum_h0_to_h
all_usable_shocks,headline,all_usable_shocks,accounting_deposit_substitution_qoq,0,0.06311304113808158,0.747489248086963,-1.401965885112366,1.5281919673885291,92,sample_sensitivity,tdc_residual_z,rolling_oos_standard_deviation,cumulative_sum_h0_to_h
all_usable_shocks,headline,all_usable_shocks,accounting_deposit_substitution_qoq,1,-2.504916003860984,3.690020320376671,-9.73735583179926,4.727523824077291,91,sample_sensitivity,tdc_residual_z,rolling_oos_standard_deviation,cumulative_sum_h0_to_h
all_usable_shocks,headline,all_usable_shocks,accounting_deposit_substitution_qoq,2,-4.454833148936697,3.4796119630578786,-11.274872596530138,2.3652062986567453,90,sample_sensitivity,tdc_residual_z,rolling_oos_standard_deviation,cumulative_sum_h0_to_h
all_usable_shocks,headline,all_usable_shocks,accounting_deposit_substitution_qoq,3,-8.277736608275786,5.555705378811528,-19.16691915074638,2.6114459341948084,89,sample_sensitivity,tdc_residual_z,rolling_oos_standard_deviation,cumulative_sum_h0_to_h
all_usable_shocks,headline,all_usable_shocks,accounting_deposit_substitution_qoq,4,-3.0126403875425227,3.166104185749512,-9.218204591611567,3.1929238165265206,88,sample_sensitivity,tdc_residual_z,rolling_oos_standard_deviation,cumulative_sum_h0_to_h
all_usable_shocks,headline,all_usable_shocks,accounting_deposit_substitution_qoq,5,1.2634113968312188,2.30349892768171,-3.2514465014249323,5.77826929508737,87,sample_sensitivity,tdc_residual_z,rolling_oos_standard_deviation,cumulative_sum_h0_to_h
all_usable_shocks,headline,all_usable_shocks,accounting_deposit_substitution_qoq,6,0.9385375260206761,2.6610035121663715,-4.277029357825412,6.154104409866764,86,sample_sensitivity,tdc_residual_z,rolling_oos_standard_deviation,cumulative_sum_h0_to_h
all_usable_shocks,headline,all_usable_shocks,accounting_deposit_substitution_qoq,7,-4.829074979979257,3.3201798360988795,-11.33662745873306,1.678477498774546,85,sample_sensitivity,tdc_residual_z,rolling_oos_standard_deviation,cumulative_sum_h0_to_h
all_usable_shocks,headline,all_usable_shocks,accounting_deposit_substitution_qoq,8,-5.959075131005311,3.706949568932337,-13.224696286112692,1.3065460241020697,84,sample_sensitivity,tdc_residual_z,rolling_oos_standard_deviation,cumulative_sum_h0_to_h
all_usable_shocks,headline,all_usable_shocks,accounting_bank_balance_sheet_qoq,0,-22.361894157006002,10.07868924538257,-42.11612507795584,-2.6076632360561653,92,sample_sensitivity,tdc_residual_z,rolling_oos_standard_deviation,cumulative_sum_h0_to_h
all_usable_shocks,headline,all_usable_shocks,accounting_bank_balance_sheet_qoq,1,-29.4354067209874,14.667083767224327,-58.18289090474708,-0.6879225372277205,91,sample_sensitivity,tdc_residual_z,rolling_oos_standard_deviation,cumulative_sum_h0_to_h
all_usable_shocks,headline,all_usable_shocks,accounting_bank_balance_sheet_qoq,2,-44.068909602057225,16.277255281798418,-75.97232995438212,-12.165489249732328,90,sample_sensitivity,tdc_residual_z,rolling_oos_standard_deviation,cumulative_sum_h0_to_h
all_usable_shocks,headline,all_usable_shocks,accounting_bank_balance_sheet_qoq,3,-28.696201360512823,21.2174749281419,-70.28245221967094,12.890049498645304,89,sample_sensitivity,tdc_residual_z,rolling_oos_standard_deviation,cumulative_sum_h0_to_h
all_usable_shocks,headline,all_usable_shocks,accounting_bank_balance_sheet_qoq,4,-41.06637675193981,21.88310419519333,-83.95726097451873,1.8245074706391122,88,sample_sensitivity,tdc_residual_z,rolling_oos_standard_deviation,cumulative_sum_h0_to_h
all_usable_shocks,headline,all_usable_shocks,accounting_bank_balance_sheet_qoq,5,-29.275603564577146,22.80351140630927,-73.9704859209433,15.419278791789019,87,sample_sensitivity,tdc_residual_z,rolling_oos_standard_deviation,cumulative_sum_h0_to_h
all_usable_shocks,headline,all_usable_shocks,accounting_bank_balance_sheet_qoq,6,-41.292265600710564,26.238901214151063,-92.72051198044664,10.135980779025516,86,sample_sensitivity,tdc_residual_z,rolling_oos_standard_deviation,cumulative_sum_h0_to_h
all_usable_shocks,headline,all_usable_shocks,accounting_bank_balance_sheet_qoq,7,-20.548957085978387,27.101423545204955,-73.6677472345801,32.569833062623324,85,sample_sensitivity,tdc_residual_z,rolling_oos_standard_deviation,cumulative_sum_h0_to_h
all_usable_shocks,headline,all_usable_shocks,accounting_bank_balance_sheet_qoq,8,-38.196772444276945,27.18612822503924,-91.48158376535386,15.088038876799963,84,sample_sensitivity,tdc_residual_z,rolling_oos_standard_deviation,cumulative_sum_h0_to_h
all_usable_shocks,headline,all_usable_shocks,accounting_public_liquidity_qoq,0,44.25298739106782,17.91758899461282,9.13451296162669,79.37146182050896,91,sample_sensitivity,tdc_residual_z,rolling_oos_standard_deviation,cumulative_sum_h0_to_h
all_usable_shocks,headline,all_usable_shocks,accounting_public_liquidity_qoq,1,34.098232376807246,31.36273244683265,-27.372723218984746,95.56918797259924,90,sample_sensitivity,tdc_residual_z,rolling_oos_standard_deviation,cumulative_sum_h0_to_h
all_usable_shocks,headline,all_usable_shocks,accounting_public_liquidity_qoq,2,35.34366518574228,45.83332372682406,-54.489649318832875,125.17697969031744,89,sample_sensitivity,tdc_residual_z,rolling_oos_standard_deviation,cumulative_sum_h0_to_h
all_usable_shocks,headline,all_usable_shocks,accounting_public_liquidity_qoq,3,16.925725274966688,42.5782015275016,-66.52754971893646,100.37900026886982,88,sample_sensitivity,tdc_residual_z,rolling_oos_standard_deviation,cumulative_sum_h0_to_h
all_usable_shocks,headline,all_usable_shocks,accounting_public_liquidity_qoq,4,19.84686499619064,33.39625665787548,-45.60979805324531,85.30352804562659,87,sample_sensitivity,tdc_residual_z,rolling_oos_standard_deviation,cumulative_sum_h0_to_h
all_usable_shocks,headline,all_usable_shocks,accounting_public_liquidity_qoq,5,20.006164852375193,28.160189363785044,-35.187806300643494,75.20013600539389,86,sample_sensitivity,tdc_residual_z,rolling_oos_standard_deviation,cumulative_sum_h0_to_h
all_usable_shocks,headline,all_usable_shocks,accounting_public_liquidity_qoq,6,50.93872292433582,28.57530886334513,-5.068882447820627,106.94632829649227,85,sample_sensitivity,tdc_residual_z,rolling_oos_standard_deviation,cumulative_sum_h0_to_h
all_usable_shocks,headline,all_usable_shocks,accounting_public_liquidity_qoq,7,55.402306258227824,33.18690774228389,-9.644032916648598,120.44864543310425,84,sample_sensitivity,tdc_residual_z,rolling_oos_standard_deviation,cumulative_sum_h0_to_h
all_usable_shocks,headline,all_usable_shocks,accounting_public_liquidity_qoq,8,67.44567080413596,36.39311140642386,-3.8848275524548086,138.77616916072674,83,sample_sensitivity,tdc_residual_z,rolling_oos_standard_deviation,cumulative_sum_h0_to_h
all_usable_shocks,headline,all_usable_shocks,accounting_external_flow_qoq,0,-88.48626992626153,24.393641008189945,-136.29780630231383,-40.67473355020923,92,sample_sensitivity,tdc_residual_z,rolling_oos_standard_deviation,cumulative_sum_h0_to_h
all_usable_shocks,headline,all_usable_shocks,accounting_external_flow_qoq,1,-84.7544712039797,45.59553745417894,-174.12172461417043,4.612782206211008,91,sample_sensitivity,tdc_residual_z,rolling_oos_standard_deviation,cumulative_sum_h0_to_h
all_usable_shocks,headline,all_usable_shocks,accounting_external_flow_qoq,2,-101.47610949143979,64.92078368087395,-228.72084550595275,25.768626523073166,90,sample_sensitivity,tdc_residual_z,rolling_oos_standard_deviation,cumulative_sum_h0_to_h
all_usable_shocks,headline,all_usable_shocks,accounting_external_flow_qoq,3,-60.29852322526166,63.80862503790051,-185.36342829954668,64.76638184902335,89,sample_sensitivity,tdc_residual_z,rolling_oos_standard_deviation,cumulative_sum_h0_to_h
all_usable_shocks,headline,all_usable_shocks,accounting_external_flow_qoq,4,-58.54164299528435,53.08002574199129,-162.57849344958728,45.49520745901859,88,sample_sensitivity,tdc_residual_z,rolling_oos_standard_deviation,cumulative_sum_h0_to_h
all_usable_shocks,headline,all_usable_shocks,accounting_external_flow_qoq,5,-96.88611367849758,54.84599652395963,-204.38426686545844,10.612039508463283,87,sample_sensitivity,tdc_residual_z,rolling_oos_standard_deviation,cumulative_sum_h0_to_h
all_usable_shocks,headline,all_usable_shocks,accounting_external_flow_qoq,6,-164.73074360286859,56.328906557221146,-275.135400455022,-54.32608675071515,86,sample_sensitivity,tdc_residual_z,rolling_oos_standard_deviation,cumulative_sum_h0_to_h
all_usable_shocks,headline,all_usable_shocks,accounting_external_flow_qoq,7,-175.60831401159953,65.27329727567086,-303.5439766719144,-47.67265135128466,85,sample_sensitivity,tdc_residual_z,rolling_oos_standard_deviation,cumulative_sum_h0_to_h
all_usable_shocks,headline,all_usable_shocks,accounting_external_flow_qoq,8,-183.95499745372663,70.34607208873,-321.8332987476374,-46.07669615981584,84,sample_sensitivity,tdc_residual_z,rolling_oos_standard_deviation,cumulative_sum_h0_to_h
all_usable_shocks,headline,all_usable_shocks,accounting_identity_total_qoq,0,-65.03773830060437,15.613096137202154,-95.6394067295206,-34.436069871688154,91,sample_sensitivity,tdc_residual_z,rolling_oos_standard_deviation,cumulative_sum_h0_to_h
all_usable_shocks,headline,all_usable_shocks,accounting_identity_total_qoq,1,-83.55130148086025,34.46337169373859,-151.09951000058788,-16.003092961132623,90,sample_sensitivity,tdc_residual_z,rolling_oos_standard_deviation,cumulative_sum_h0_to_h
all_usable_shocks,headline,all_usable_shocks,accounting_identity_total_qoq,2,-117.61410941792504,40.60364850329981,-197.19726048439264,-38.030958351457414,89,sample_sensitivity,tdc_residual_z,rolling_oos_standard_deviation,cumulative_sum_h0_to_h
all_usable_shocks,headline,all_usable_shocks,accounting_identity_total_qoq,3,-86.13835218668801,42.37189807801763,-169.18727241960255,-3.089431953773456,88,sample_sensitivity,tdc_residual_z,rolling_oos_standard_deviation,cumulative_sum_h0_to_h
all_usable_shocks,headline,all_usable_shocks,accounting_identity_total_qoq,4,-91.50872100732244,36.92114023157932,-163.8741558612179,-19.14328615342697,87,sample_sensitivity,tdc_residual_z,rolling_oos_standard_deviation,cumulative_sum_h0_to_h
all_usable_shocks,headline,all_usable_shocks,accounting_identity_total_qoq,5,-114.11981176791451,36.0920153662743,-184.86016188581215,-43.37946165001688,86,sample_sensitivity,tdc_residual_z,rolling_oos_standard_deviation,cumulative_sum_h0_to_h
all_usable_shocks,headline,all_usable_shocks,accounting_identity_total_qoq,6,-162.8226776457021,38.486620365526655,-238.25645356213434,-87.38890172926986,85,sample_sensitivity,tdc_residual_z,rolling_oos_standard_deviation,cumulative_sum_h0_to_h
all_usable_shocks,headline,all_usable_shocks,accounting_identity_total_qoq,7,-156.3215613708605,48.14349908066974,-250.6828195689732,-61.960303172747814,84,sample_sensitivity,tdc_residual_z,rolling_oos_standard_deviation,cumulative_sum_h0_to_h
all_usable_shocks,headline,all_usable_shocks,accounting_identity_total_qoq,8,-167.02611592089917,56.071301101274074,-276.92586607939637,-57.12636576240199,83,sample_sensitivity,tdc_residual_z,rolling_oos_standard_deviation,cumulative_sum_h0_to_h
all_usable_shocks,headline,all_usable_shocks,accounting_identity_gap_qoq,0,-0.641483087652235,0.922911243524295,-2.4503891249598535,1.1674229496553832,91,sample_sensitivity,tdc_residual_z,rolling_oos_standard_deviation,cumulative_sum_h0_to_h
all_usable_shocks,headline,all_usable_shocks,accounting_identity_gap_qoq,1,-2.56764787432439,1.6208877340336512,-5.744587833030346,0.6092920843815666,90,sample_sensitivity,tdc_residual_z,rolling_oos_standard_deviation,cumulative_sum_h0_to_h
all_usable_shocks,headline,all_usable_shocks,accounting_identity_gap_qoq,2,-3.6092931948144695,2.6671430786630363,-8.83689362899402,1.6183072393650813,89,sample_sensitivity,tdc_residual_z,rolling_oos_standard_deviation,cumulative_sum_h0_to_h
all_usable_shocks,headline,all_usable_shocks,accounting_identity_gap_qoq,3,-1.0294474489911591,2.7402328223436903,-6.400303780784792,4.341408882802473,88,sample_sensitivity,tdc_residual_z,rolling_oos_standard_deviation,cumulative_sum_h0_to_h
all_usable_shocks,headline,all_usable_shocks,accounting_identity_gap_qoq,4,-2.534574523609713,2.687431442485769,-7.80194015088182,2.732791103662394,87,sample_sensitivity,tdc_residual_z,rolling_oos_standard_deviation,cumulative_sum_h0_to_h
all_usable_shocks,headline,all_usable_shocks,accounting_identity_gap_qoq,5,-1.5779476572899658,3.465512090759047,-8.370351355177698,5.214456040597766,86,sample_sensitivity,tdc_residual_z,rolling_oos_standard_deviation,cumulative_sum_h0_to_h
all_usable_shocks,headline,all_usable_shocks,accounting_identity_gap_qoq,6,-1.930544175944168,3.805424194704382,-9.389175597564757,5.528087245676421,85,sample_sensitivity,tdc_residual_z,rolling_oos_standard_deviation,cumulative_sum_h0_to_h
all_usable_shocks,headline,all_usable_shocks,accounting_identity_gap_qoq,7,-0.22732076952482094,4.83323557724488,-9.700462500924786,9.245820961875143,84,sample_sensitivity,tdc_residual_z,rolling_oos_standard_deviation,cumulative_sum_h0_to_h
all_usable_shocks,headline,all_usable_shocks,accounting_identity_gap_qoq,8,-1.728467544265366,4.114124897945523,-9.79215234423859,6.335217255707858,83,sample_sensitivity,tdc_residual_z,rolling_oos_standard_deviation,cumulative_sum_h0_to_h
all_usable_shocks,headline,all_usable_shocks,strict_loan_source_qoq,0,-14.361312827632876,5.346581169933267,-24.84061192070208,-3.8820137345636727,119,sample_sensitivity,tdc_residual_z,rolling_oos_standard_deviation,cumulative_sum_h0_to_h
all_usable_shocks,headline,all_usable_shocks,strict_loan_source_qoq,1,-16.059645508791995,6.610266419263587,-29.015767690548625,-3.103523327035365,118,sample_sensitivity,tdc_residual_z,rolling_oos_standard_deviation,cumulative_sum_h0_to_h
all_usable_shocks,headline,all_usable_shocks,strict_loan_source_qoq,2,-28.061312668871658,8.376515106535408,-44.47928227768105,-11.64334306006226,117,sample_sensitivity,tdc_residual_z,rolling_oos_standard_deviation,cumulative_sum_h0_to_h
all_usable_shocks,headline,all_usable_shocks,strict_loan_source_qoq,3,-15.436018730398068,13.967395033019509,-42.81211299511631,11.940075534320169,116,sample_sensitivity,tdc_residual_z,rolling_oos_standard_deviation,cumulative_sum_h0_to_h
all_usable_shocks,headline,all_usable_shocks,strict_loan_source_qoq,4,-23.7266209046791,18.357054361780644,-59.70644745376916,12.253205644410965,115,sample_sensitivity,tdc_residual_z,rolling_oos_standard_deviation,cumulative_sum_h0_to_h
all_usable_shocks,headline,all_usable_shocks,strict_loan_source_qoq,5,-18.10633579096514,25.10022450385742,-67.30277581852567,31.0901042365954,114,sample_sensitivity,tdc_residual_z,rolling_oos_standard_deviation,cumulative_sum_h0_to_h
all_usable_shocks,headline,all_usable_shocks,strict_loan_source_qoq,6,-21.620042010328014,28.812923060183998,-78.09337120828866,34.853287187632624,113,sample_sensitivity,tdc_residual_z,rolling_oos_standard_deviation,cumulative_sum_h0_to_h
all_usable_shocks,headline,all_usable_shocks,strict_loan_source_qoq,7,-6.782359421050984,31.984165663949764,-69.47132412239252,55.90660528029055,112,sample_sensitivity,tdc_residual_z,rolling_oos_standard_deviation,cumulative_sum_h0_to_h
all_usable_shocks,headline,all_usable_shocks,strict_loan_source_qoq,8,-17.516864309908087,33.777073927193335,-83.71992920720702,48.68620058739084,111,sample_sensitivity,tdc_residual_z,rolling_oos_standard_deviation,cumulative_sum_h0_to_h
all_usable_shocks,headline,all_usable_shocks,strict_loan_mortgages_qoq,0,-3.978042275219278,2.059968682069893,-8.015580892076269,0.059496341637712113,119,sample_sensitivity,tdc_residual_z,rolling_oos_standard_deviation,cumulative_sum_h0_to_h
all_usable_shocks,headline,all_usable_shocks,strict_loan_mortgages_qoq,1,-2.8935524836688646,3.477198064430388,-9.708860689952425,3.921755722614696,118,sample_sensitivity,tdc_residual_z,rolling_oos_standard_deviation,cumulative_sum_h0_to_h
all_usable_shocks,headline,all_usable_shocks,strict_loan_mortgages_qoq,2,-4.252697957577334,4.927504407646077,-13.910606596563644,5.405210681408976,117,sample_sensitivity,tdc_residual_z,rolling_oos_standard_deviation,cumulative_sum_h0_to_h
all_usable_shocks,headline,all_usable_shocks,strict_loan_mortgages_qoq,3,-1.9161427420397015,6.968328502547211,-15.574066607032234,11.741781122952831,116,sample_sensitivity,tdc_residual_z,rolling_oos_standard_deviation,cumulative_sum_h0_to_h
all_usable_shocks,headline,all_usable_shocks,strict_loan_mortgages_qoq,4,-2.7723501785221565,9.742659941859554,-21.867963664566883,16.32326330752257,115,sample_sensitivity,tdc_residual_z,rolling_oos_standard_deviation,cumulative_sum_h0_to_h
all_usable_shocks,headline,all_usable_shocks,strict_loan_mortgages_qoq,5,1.3751145428450222,13.1080084548082,-24.31658202857905,27.066811114269093,114,sample_sensitivity,tdc_residual_z,rolling_oos_standard_deviation,cumulative_sum_h0_to_h
all_usable_shocks,headline,all_usable_shocks,strict_loan_mortgages_qoq,6,4.5849297882173765,15.869023186745315,-26.51835565780344,35.68821523423819,113,sample_sensitivity,tdc_residual_z,rolling_oos_standard_deviation,cumulative_sum_h0_to_h
all_usable_shocks,headline,all_usable_shocks,strict_loan_mortgages_qoq,7,8.079094322923499,17.576230730196055,-26.37031790826077,42.528506554107764,112,sample_sensitivity,tdc_residual_z,rolling_oos_standard_deviation,cumulative_sum_h0_to_h
all_usable_shocks,headline,all_usable_shocks,strict_loan_mortgages_qoq,8,6.643857080006978,19.70033795679215,-31.968805315305634,45.25651947531959,111,sample_sensitivity,tdc_residual_z,rolling_oos_standard_deviation,cumulative_sum_h0_to_h
all_usable_shocks,headline,all_usable_shocks,strict_loan_consumer_credit_qoq,0,-4.727049310636028,2.0861980177621144,-8.815997425449773,-0.6381011958222835,119,sample_sensitivity,tdc_residual_z,rolling_oos_standard_deviation,cumulative_sum_h0_to_h
all_usable_shocks,headline,all_usable_shocks,strict_loan_consumer_credit_qoq,1,-7.303482537870657,3.178816914792057,-13.53396369086309,-1.0730013848782258,118,sample_sensitivity,tdc_residual_z,rolling_oos_standard_deviation,cumulative_sum_h0_to_h
all_usable_shocks,headline,all_usable_shocks,strict_loan_consumer_credit_qoq,2,-7.5959349612566305,3.732369718719466,-14.911379609946785,-0.28049031256647705,117,sample_sensitivity,tdc_residual_z,rolling_oos_standard_deviation,cumulative_sum_h0_to_h
all_usable_shocks,headline,all_usable_shocks,strict_loan_consumer_credit_qoq,3,-6.349775817981893,4.449132763548283,-15.070076034536527,2.3705243985727407,116,sample_sensitivity,tdc_residual_z,rolling_oos_standard_deviation,cumulative_sum_h0_to_h
all_usable_shocks,headline,all_usable_shocks,strict_loan_consumer_credit_qoq,4,-9.050428927665745,5.399794509873013,-19.63402616701685,1.53316831168536,115,sample_sensitivity,tdc_residual_z,rolling_oos_standard_deviation,cumulative_sum_h0_to_h
all_usable_shocks,headline,all_usable_shocks,strict_loan_consumer_credit_qoq,5,-7.4340687965255885,6.279277196055922,-19.741452100795193,4.873314507744018,114,sample_sensitivity,tdc_residual_z,rolling_oos_standard_deviation,cumulative_sum_h0_to_h
all_usable_shocks,headline,all_usable_shocks,strict_loan_consumer_credit_qoq,6,-7.023285146782763,6.125275003363749,-19.02882415337571,4.982253859810184,113,sample_sensitivity,tdc_residual_z,rolling_oos_standard_deviation,cumulative_sum_h0_to_h
all_usable_shocks,headline,all_usable_shocks,strict_loan_consumer_credit_qoq,7,-5.171787858973913,6.603574287591319,-18.114793462652898,7.771217744705073,112,sample_sensitivity,tdc_residual_z,rolling_oos_standard_deviation,cumulative_sum_h0_to_h
all_usable_shocks,headline,all_usable_shocks,strict_loan_consumer_credit_qoq,8,-7.191490548742362,6.382903732070525,-19.70198186360059,5.319000766115867,111,sample_sensitivity,tdc_residual_z,rolling_oos_standard_deviation,cumulative_sum_h0_to_h
all_usable_shocks,headline,all_usable_shocks,strict_loan_di_loans_nec_qoq,0,-3.0570197270342403,5.662204476086389,-14.154940500163562,8.040901046095083,119,sample_sensitivity,tdc_residual_z,rolling_oos_standard_deviation,cumulative_sum_h0_to_h
all_usable_shocks,headline,all_usable_shocks,strict_loan_di_loans_nec_qoq,1,-3.3807175717467874,7.944511148946434,-18.9519594236818,12.190524280188223,118,sample_sensitivity,tdc_residual_z,rolling_oos_standard_deviation,cumulative_sum_h0_to_h
all_usable_shocks,headline,all_usable_shocks,strict_loan_di_loans_nec_qoq,2,-11.45240611872982,7.99471939829949,-27.122056139396822,4.217243901937181,117,sample_sensitivity,tdc_residual_z,rolling_oos_standard_deviation,cumulative_sum_h0_to_h
all_usable_shocks,headline,all_usable_shocks,strict_loan_di_loans_nec_qoq,3,-7.906797941166435,8.541827491824296,-24.648779825142057,8.835183942809188,116,sample_sensitivity,tdc_residual_z,rolling_oos_standard_deviation,cumulative_sum_h0_to_h
all_usable_shocks,headline,all_usable_shocks,strict_loan_di_loans_nec_qoq,4,-12.188680634789879,9.823259937200394,-31.44227011170265,7.064908842122893,115,sample_sensitivity,tdc_residual_z,rolling_oos_standard_deviation,cumulative_sum_h0_to_h
all_usable_shocks,headline,all_usable_shocks,strict_loan_di_loans_nec_qoq,5,-11.66369303646767,11.008775359169402,-33.2408927404397,9.913506667504357,114,sample_sensitivity,tdc_residual_z,rolling_oos_standard_deviation,cumulative_sum_h0_to_h
all_usable_shocks,headline,all_usable_shocks,strict_loan_di_loans_nec_qoq,6,-17.241069910569017,11.71011503174898,-40.19289537279702,5.710755551658984,113,sample_sensitivity,tdc_residual_z,rolling_oos_standard_deviation,cumulative_sum_h0_to_h
all_usable_shocks,headline,all_usable_shocks,strict_loan_di_loans_nec_qoq,7,-12.447163649794241,12.929401210705096,-37.788790022776226,12.894462723187747,112,sample_sensitivity,tdc_residual_z,rolling_oos_standard_deviation,cumulative_sum_h0_to_h
all_usable_shocks,headline,all_usable_shocks,strict_loan_di_loans_nec_qoq,8,-16.82313368312014,13.207213150034928,-42.7092714571886,9.063004090948318,111,sample_sensitivity,tdc_residual_z,rolling_oos_standard_deviation,cumulative_sum_h0_to_h
all_usable_shocks,headline,all_usable_shocks,strict_loan_other_advances_qoq,0,0.15295182331822602,0.08233193282024996,-0.008418765009463897,0.3143224116459159,119,sample_sensitivity,tdc_residual_z,rolling_oos_standard_deviation,cumulative_sum_h0_to_h
all_usable_shocks,headline,all_usable_shocks,strict_loan_other_advances_qoq,1,0.2195264950654465,0.11536152935670124,-0.0065821024736879286,0.4456350926045809,118,sample_sensitivity,tdc_residual_z,rolling_oos_standard_deviation,cumulative_sum_h0_to_h
all_usable_shocks,headline,all_usable_shocks,strict_loan_other_advances_qoq,2,0.305529847052452,0.12282655722854201,0.06478979488450967,0.5462698992203944,117,sample_sensitivity,tdc_residual_z,rolling_oos_standard_deviation,cumulative_sum_h0_to_h
all_usable_shocks,headline,all_usable_shocks,strict_loan_other_advances_qoq,3,0.29040708213995814,0.14737933669615103,0.0015435822155021595,0.5792705820644142,116,sample_sensitivity,tdc_residual_z,rolling_oos_standard_deviation,cumulative_sum_h0_to_h
all_usable_shocks,headline,all_usable_shocks,strict_loan_other_advances_qoq,4,0.19849107280168377,0.15541539734723256,-0.10612310599889202,0.5031052516022596,115,sample_sensitivity,tdc_residual_z,rolling_oos_standard_deviation,cumulative_sum_h0_to_h
all_usable_shocks,headline,all_usable_shocks,strict_loan_other_advances_qoq,5,0.08239478561949953,0.16443966185333805,-0.23990695161304304,0.4046965228520421,114,sample_sensitivity,tdc_residual_z,rolling_oos_standard_deviation,cumulative_sum_h0_to_h
all_usable_shocks,headline,all_usable_shocks,strict_loan_other_advances_qoq,6,0.1416305977240887,0.1720509011978172,-0.19558916862363301,0.4788503640718104,113,sample_sensitivity,tdc_residual_z,rolling_oos_standard_deviation,cumulative_sum_h0_to_h
all_usable_shocks,headline,all_usable_shocks,strict_loan_other_advances_qoq,7,0.15429052150508174,0.17177758488391026,-0.18239354486738238,0.4909745878775459,112,sample_sensitivity,tdc_residual_z,rolling_oos_standard_deviation,cumulative_sum_h0_to_h
all_usable_shocks,headline,all_usable_shocks,strict_loan_other_advances_qoq,8,0.07963168554030665,0.17598212909506744,-0.26529328748602554,0.4245566585666388,111,sample_sensitivity,tdc_residual_z,rolling_oos_standard_deviation,cumulative_sum_h0_to_h
all_usable_shocks,headline,all_usable_shocks,strict_non_treasury_agency_gse_qoq,0,7.8016916235167635,2.3587373541175256,3.1785664094464137,12.424816837587112,119,sample_sensitivity,tdc_residual_z,rolling_oos_standard_deviation,cumulative_sum_h0_to_h
all_usable_shocks,headline,all_usable_shocks,strict_non_treasury_agency_gse_qoq,1,9.485803966558853,4.2213107414688595,1.2120349132798882,17.759573019837816,118,sample_sensitivity,tdc_residual_z,rolling_oos_standard_deviation,cumulative_sum_h0_to_h
all_usable_shocks,headline,all_usable_shocks,strict_non_treasury_agency_gse_qoq,2,10.972795461059953,6.466222730543331,-1.7010010908049757,23.64659201292488,117,sample_sensitivity,tdc_residual_z,rolling_oos_standard_deviation,cumulative_sum_h0_to_h
all_usable_shocks,headline,all_usable_shocks,strict_non_treasury_agency_gse_qoq,3,11.541389398532043,9.384048454986518,-6.851345573241531,29.934124370305618,116,sample_sensitivity,tdc_residual_z,rolling_oos_standard_deviation,cumulative_sum_h0_to_h
all_usable_shocks,headline,all_usable_shocks,strict_non_treasury_agency_gse_qoq,4,18.212772721844185,12.978476629145758,-7.2250414712815,43.65058691496987,115,sample_sensitivity,tdc_residual_z,rolling_oos_standard_deviation,cumulative_sum_h0_to_h
all_usable_shocks,headline,all_usable_shocks,strict_non_treasury_agency_gse_qoq,5,17.889667510490618,15.390552932731708,-12.27581623766353,48.05515125864477,114,sample_sensitivity,tdc_residual_z,rolling_oos_standard_deviation,cumulative_sum_h0_to_h
all_usable_shocks,headline,all_usable_shocks,strict_non_treasury_agency_gse_qoq,6,16.362641245894373,17.05159317553042,-17.058481378145252,49.783763869934,113,sample_sensitivity,tdc_residual_z,rolling_oos_standard_deviation,cumulative_sum_h0_to_h
all_usable_shocks,headline,all_usable_shocks,strict_non_treasury_agency_gse_qoq,7,13.901066483459463,18.085981605987243,-21.547457464275535,49.34959043119446,112,sample_sensitivity,tdc_residual_z,rolling_oos_standard_deviation,cumulative_sum_h0_to_h
all_usable_shocks,headline,all_usable_shocks,strict_non_treasury_agency_gse_qoq,8,15.668641117398183,18.760309296946087,-21.10156510461615,52.43884733941251,111,sample_sensitivity,tdc_residual_z,rolling_oos_standard_deviation,cumulative_sum_h0_to_h
all_usable_shocks,headline,all_usable_shocks,strict_non_treasury_municipal_qoq,0,-0.46780324636641424,0.5387465073673173,-1.5237464008063561,0.5881399080735278,119,sample_sensitivity,tdc_residual_z,rolling_oos_standard_deviation,cumulative_sum_h0_to_h
all_usable_shocks,headline,all_usable_shocks,strict_non_treasury_municipal_qoq,1,-0.42717975463066304,0.8439100810907016,-2.081243513568438,1.226884004307112,118,sample_sensitivity,tdc_residual_z,rolling_oos_standard_deviation,cumulative_sum_h0_to_h
all_usable_shocks,headline,all_usable_shocks,strict_non_treasury_municipal_qoq,2,-0.5611067673530328,1.1423433869682098,-2.800099805810724,1.6778862711046583,117,sample_sensitivity,tdc_residual_z,rolling_oos_standard_deviation,cumulative_sum_h0_to_h
all_usable_shocks,headline,all_usable_shocks,strict_non_treasury_municipal_qoq,3,-0.2848442862001126,1.6150700707604737,-3.450381624890641,2.880693052490416,116,sample_sensitivity,tdc_residual_z,rolling_oos_standard_deviation,cumulative_sum_h0_to_h
all_usable_shocks,headline,all_usable_shocks,strict_non_treasury_municipal_qoq,4,-0.015415143204674298,2.0810736141322805,-4.094319426903944,4.063489140494596,115,sample_sensitivity,tdc_residual_z,rolling_oos_standard_deviation,cumulative_sum_h0_to_h
all_usable_shocks,headline,all_usable_shocks,strict_non_treasury_municipal_qoq,5,0.39568118153752607,2.4742082632364495,-4.453767014405915,5.245129377480967,114,sample_sensitivity,tdc_residual_z,rolling_oos_standard_deviation,cumulative_sum_h0_to_h
all_usable_shocks,headline,all_usable_shocks,strict_non_treasury_municipal_qoq,6,0.4570432505659179,2.772439896285719,-4.976938946154091,5.8910254472859265,113,sample_sensitivity,tdc_residual_z,rolling_oos_standard_deviation,cumulative_sum_h0_to_h
all_usable_shocks,headline,all_usable_shocks,strict_non_treasury_municipal_qoq,7,0.6085961350961733,2.9846509801969723,-5.241319786089893,6.458512056282238,112,sample_sensitivity,tdc_residual_z,rolling_oos_standard_deviation,cumulative_sum_h0_to_h
all_usable_shocks,headline,all_usable_shocks,strict_non_treasury_municipal_qoq,8,0.5289735640159856,3.213655999065437,-5.769792194152271,6.827739322184242,111,sample_sensitivity,tdc_residual_z,rolling_oos_standard_deviation,cumulative_sum_h0_to_h
all_usable_shocks,headline,all_usable_shocks,strict_non_treasury_corporate_foreign_bonds_qoq,0,2.2342293317151274,1.931071917096771,-1.5506716257945437,6.019130289224798,119,sample_sensitivity,tdc_residual_z,rolling_oos_standard_deviation,cumulative_sum_h0_to_h
all_usable_shocks,headline,all_usable_shocks,strict_non_treasury_corporate_foreign_bonds_qoq,1,4.033675422930902,2.563846833805866,-0.9914643713285951,9.0588152171904,118,sample_sensitivity,tdc_residual_z,rolling_oos_standard_deviation,cumulative_sum_h0_to_h
all_usable_shocks,headline,all_usable_shocks,strict_non_treasury_corporate_foreign_bonds_qoq,2,7.285673188946472,3.1879124601014848,1.0373647671475617,13.533981610745382,117,sample_sensitivity,tdc_residual_z,rolling_oos_standard_deviation,cumulative_sum_h0_to_h
all_usable_shocks,headline,all_usable_shocks,strict_non_treasury_corporate_foreign_bonds_qoq,3,6.3617764575691735,3.424678327539597,-0.35059306440843585,13.074145979546783,116,sample_sensitivity,tdc_residual_z,rolling_oos_standard_deviation,cumulative_sum_h0_to_h
all_usable_shocks,headline,all_usable_shocks,strict_non_treasury_corporate_foreign_bonds_qoq,4,7.930613823419565,4.886987820617678,-1.647882304991084,17.50910995183021,115,sample_sensitivity,tdc_residual_z,rolling_oos_standard_deviation,cumulative_sum_h0_to_h
all_usable_shocks,headline,all_usable_shocks,strict_non_treasury_corporate_foreign_bonds_qoq,5,9.037935608488601,5.149166158346405,-1.0544300618703524,19.130301278847554,114,sample_sensitivity,tdc_residual_z,rolling_oos_standard_deviation,cumulative_sum_h0_to_h
all_usable_shocks,headline,all_usable_shocks,strict_non_treasury_corporate_foreign_bonds_qoq,6,10.270555950230799,5.5946957171694365,-0.6950476554212965,21.236159555882892,113,sample_sensitivity,tdc_residual_z,rolling_oos_standard_deviation,cumulative_sum_h0_to_h
all_usable_shocks,headline,all_usable_shocks,strict_non_treasury_corporate_foreign_bonds_qoq,7,11.732037622724903,5.791031500635356,0.3816158814796058,23.0824593639702,112,sample_sensitivity,tdc_residual_z,rolling_oos_standard_deviation,cumulative_sum_h0_to_h
all_usable_shocks,headline,all_usable_shocks,strict_non_treasury_corporate_foreign_bonds_qoq,8,14.413032849431826,6.756291257269233,1.1707019851841292,27.65536371367952,111,sample_sensitivity,tdc_residual_z,rolling_oos_standard_deviation,cumulative_sum_h0_to_h
all_usable_shocks,headline,all_usable_shocks,strict_non_treasury_securities_qoq,0,10.512832325809482,3.8376637009437307,2.9910114719597702,18.034653179659195,119,sample_sensitivity,tdc_residual_z,rolling_oos_standard_deviation,cumulative_sum_h0_to_h
all_usable_shocks,headline,all_usable_shocks,strict_non_treasury_securities_qoq,1,14.222523995260342,5.837296169831269,2.781423502391055,25.663624488129628,118,sample_sensitivity,tdc_residual_z,rolling_oos_standard_deviation,cumulative_sum_h0_to_h
all_usable_shocks,headline,all_usable_shocks,strict_non_treasury_securities_qoq,2,19.19274890721303,8.972654733630598,1.6063456292970564,36.77915218512901,117,sample_sensitivity,tdc_residual_z,rolling_oos_standard_deviation,cumulative_sum_h0_to_h
all_usable_shocks,headline,all_usable_shocks,strict_non_treasury_securities_qoq,3,18.782083013278843,11.071225611665326,-2.9175191855851956,40.48168521214288,116,sample_sensitivity,tdc_residual_z,rolling_oos_standard_deviation,cumulative_sum_h0_to_h
all_usable_shocks,headline,all_usable_shocks,strict_non_treasury_securities_qoq,4,26.443065297344976,16.872458899332056,-6.626954145345852,59.51308474003581,115,sample_sensitivity,tdc_residual_z,rolling_oos_standard_deviation,cumulative_sum_h0_to_h
all_usable_shocks,headline,all_usable_shocks,strict_non_treasury_securities_qoq,5,27.470533352954693,20.20868389315995,-12.13848707763881,67.07955378354819,114,sample_sensitivity,tdc_residual_z,rolling_oos_standard_deviation,cumulative_sum_h0_to_h
all_usable_shocks,headline,all_usable_shocks,strict_non_treasury_securities_qoq,6,27.278211788168935,22.5355113089097,-16.891390377294076,71.44781395363195,113,sample_sensitivity,tdc_residual_z,rolling_oos_standard_deviation,cumulative_sum_h0_to_h
all_usable_shocks,headline,all_usable_shocks,strict_non_treasury_securities_qoq,7,26.251100871192676,23.82403097135486,-20.443999832662847,72.9462015750482,112,sample_sensitivity,tdc_residual_z,rolling_oos_standard_deviation,cumulative_sum_h0_to_h
all_usable_shocks,headline,all_usable_shocks,strict_non_treasury_securities_qoq,8,30.833509805595828,26.154298752017,-20.428915748357486,82.09593535954915,111,sample_sensitivity,tdc_residual_z,rolling_oos_standard_deviation,cumulative_sum_h0_to_h
all_usable_shocks,headline,all_usable_shocks,strict_identifiable_total_qoq,0,-3.3212742360073477,7.0574160358523566,-17.153809666277965,10.511261194263271,119,sample_sensitivity,tdc_residual_z,rolling_oos_standard_deviation,cumulative_sum_h0_to_h
all_usable_shocks,headline,all_usable_shocks,strict_identifiable_total_qoq,1,-1.55093125282648,10.590284003470053,-22.307887899627783,19.206025393974823,118,sample_sensitivity,tdc_residual_z,rolling_oos_standard_deviation,cumulative_sum_h0_to_h
all_usable_shocks,headline,all_usable_shocks,strict_identifiable_total_qoq,2,-9.563593239826258,13.308908218101196,-35.6490533473046,16.521866867652086,117,sample_sensitivity,tdc_residual_z,rolling_oos_standard_deviation,cumulative_sum_h0_to_h
all_usable_shocks,headline,all_usable_shocks,strict_identifiable_total_qoq,3,2.1646944625925997,20.315036157109137,-37.65277640534131,41.982165330526506,116,sample_sensitivity,tdc_residual_z,rolling_oos_standard_deviation,cumulative_sum_h0_to_h
all_usable_shocks,headline,all_usable_shocks,strict_identifiable_total_qoq,4,1.6242148598417572,26.983616569507834,-51.263673616393596,54.51210333607711,115,sample_sensitivity,tdc_residual_z,rolling_oos_standard_deviation,cumulative_sum_h0_to_h
all_usable_shocks,headline,all_usable_shocks,strict_identifiable_total_qoq,5,6.454855383069557,34.50111039473189,-61.16732099060495,74.07703175674406,114,sample_sensitivity,tdc_residual_z,rolling_oos_standard_deviation,cumulative_sum_h0_to_h
all_usable_shocks,headline,all_usable_shocks,strict_identifiable_total_qoq,6,1.8476544156253993,37.99797025787693,-72.62836728981338,76.32367612106418,113,sample_sensitivity,tdc_residual_z,rolling_oos_standard_deviation,cumulative_sum_h0_to_h
all_usable_shocks,headline,all_usable_shocks,strict_identifiable_total_qoq,7,15.33496979981166,41.59542207435149,-66.19205746591726,96.86199706554058,112,sample_sensitivity,tdc_residual_z,rolling_oos_standard_deviation,cumulative_sum_h0_to_h
all_usable_shocks,headline,all_usable_shocks,strict_identifiable_total_qoq,8,9.15206279903046,44.76379442273261,-78.58497426952545,96.88909986758637,111,sample_sensitivity,tdc_residual_z,rolling_oos_standard_deviation,cumulative_sum_h0_to_h
all_usable_shocks,headline,all_usable_shocks,strict_identifiable_gap_qoq,0,-51.45101110629406,11.612583938530694,-74.21167562581422,-28.690346586773902,119,sample_sensitivity,tdc_residual_z,rolling_oos_standard_deviation,cumulative_sum_h0_to_h
all_usable_shocks,headline,all_usable_shocks,strict_identifiable_gap_qoq,1,-67.5818703711079,24.5227004267397,-115.64636320751771,-19.517377534698085,118,sample_sensitivity,tdc_residual_z,rolling_oos_standard_deviation,cumulative_sum_h0_to_h
all_usable_shocks,headline,all_usable_shocks,strict_identifiable_gap_qoq,2,-86.25202441447844,31.722876472819884,-148.4288623012054,-24.07518652775147,117,sample_sensitivity,tdc_residual_z,rolling_oos_standard_deviation,cumulative_sum_h0_to_h
all_usable_shocks,headline,all_usable_shocks,strict_identifiable_gap_qoq,3,-69.90249529832533,32.384241895324976,-133.3756094131623,-6.429381183488381,116,sample_sensitivity,tdc_residual_z,rolling_oos_standard_deviation,cumulative_sum_h0_to_h
all_usable_shocks,headline,all_usable_shocks,strict_identifiable_gap_qoq,4,-74.73928102867838,29.50488312747682,-132.56885195853295,-16.90971009882381,115,sample_sensitivity,tdc_residual_z,rolling_oos_standard_deviation,cumulative_sum_h0_to_h
all_usable_shocks,headline,all_usable_shocks,strict_identifiable_gap_qoq,5,-97.6971133459243,33.62060943038145,-163.59350782947195,-31.800718862376655,114,sample_sensitivity,tdc_residual_z,rolling_oos_standard_deviation,cumulative_sum_h0_to_h
all_usable_shocks,headline,all_usable_shocks,strict_identifiable_gap_qoq,6,-130.1097942637959,40.99211881285254,-210.45434713698688,-49.76524139060491,113,sample_sensitivity,tdc_residual_z,rolling_oos_standard_deviation,cumulative_sum_h0_to_h
all_usable_shocks,headline,all_usable_shocks,strict_identifiable_gap_qoq,7,-136.45058127714066,45.31127270500169,-225.26067577894398,-47.64048677533734,112,sample_sensitivity,tdc_residual_z,rolling_oos_standard_deviation,cumulative_sum_h0_to_h
all_usable_shocks,headline,all_usable_shocks,strict_identifiable_gap_qoq,8,-145.1436729824548,46.820325900599066,-236.91151174762896,-53.37583421728064,111,sample_sensitivity,tdc_residual_z,rolling_oos_standard_deviation,cumulative_sum_h0_to_h
all_usable_shocks,headline,all_usable_shocks,bank_credit_private_qoq,0,13.417303271228572,12.79506019172449,-11.661014704551427,38.49562124700857,64,sample_sensitivity,tdc_residual_z,rolling_oos_standard_deviation,cumulative_sum_h0_to_h
all_usable_shocks,headline,all_usable_shocks,bank_credit_private_qoq,1,18.26262920283891,15.074663498098188,-11.283711253433538,47.808969659111355,63,sample_sensitivity,tdc_residual_z,rolling_oos_standard_deviation,cumulative_sum_h0_to_h
all_usable_shocks,headline,all_usable_shocks,bank_credit_private_qoq,2,19.584636941105167,13.579773740339196,-7.031719589959657,46.20099347216999,62,sample_sensitivity,tdc_residual_z,rolling_oos_standard_deviation,cumulative_sum_h0_to_h
all_usable_shocks,headline,all_usable_shocks,bank_credit_private_qoq,3,36.01605178414327,16.90084385213539,2.8903978339579055,69.14170573432864,61,sample_sensitivity,tdc_residual_z,rolling_oos_standard_deviation,cumulative_sum_h0_to_h
all_usable_shocks,headline,all_usable_shocks,bank_credit_private_qoq,4,50.72042121880935,20.002187345397477,11.516134021830297,89.9247084157884,60,sample_sensitivity,tdc_residual_z,rolling_oos_standard_deviation,cumulative_sum_h0_to_h
all_usable_shocks,headline,all_usable_shocks,bank_credit_private_qoq,5,63.157400443374755,25.934009508449613,12.326741806813516,113.988059079936,59,sample_sensitivity,tdc_residual_z,rolling_oos_standard_deviation,cumulative_sum_h0_to_h
all_usable_shocks,headline,all_usable_shocks,bank_credit_private_qoq,6,66.71027634143869,27.88834975631268,12.049110819065831,121.37144186381154,58,sample_sensitivity,tdc_residual_z,rolling_oos_standard_deviation,cumulative_sum_h0_to_h
all_usable_shocks,headline,all_usable_shocks,bank_credit_private_qoq,7,75.77130663700238,31.629834401335987,13.776831210383847,137.76578206362092,57,sample_sensitivity,tdc_residual_z,rolling_oos_standard_deviation,cumulative_sum_h0_to_h
all_usable_shocks,headline,all_usable_shocks,bank_credit_private_qoq,8,73.23477235763156,31.326014858683212,11.835783234612464,134.63376148065066,56,sample_sensitivity,tdc_residual_z,rolling_oos_standard_deviation,cumulative_sum_h0_to_h
all_usable_shocks,headline,all_usable_shocks,commercial_industrial_loans_qoq,0,-0.8482291577015069,5.239195687364588,-11.1170527049361,9.420594389533086,119,sample_sensitivity,tdc_residual_z,rolling_oos_standard_deviation,cumulative_sum_h0_to_h
all_usable_shocks,headline,all_usable_shocks,commercial_industrial_loans_qoq,1,-2.7223053011328977,8.436545821272496,-19.257935110826992,13.813324508561195,118,sample_sensitivity,tdc_residual_z,rolling_oos_standard_deviation,cumulative_sum_h0_to_h
all_usable_shocks,headline,all_usable_shocks,commercial_industrial_loans_qoq,2,-14.146869498240944,7.616205069404289,-29.07463143427335,0.7808924377914632,117,sample_sensitivity,tdc_residual_z,rolling_oos_standard_deviation,cumulative_sum_h0_to_h
all_usable_shocks,headline,all_usable_shocks,commercial_industrial_loans_qoq,3,-13.97204475842642,7.291028449642508,-28.262460519725735,0.3183710028728939,116,sample_sensitivity,tdc_residual_z,rolling_oos_standard_deviation,cumulative_sum_h0_to_h
all_usable_shocks,headline,all_usable_shocks,commercial_industrial_loans_qoq,4,-13.965140023410362,8.65213540576553,-30.923325418710803,2.9930453718900782,115,sample_sensitivity,tdc_residual_z,rolling_oos_standard_deviation,cumulative_sum_h0_to_h
all_usable_shocks,headline,all_usable_shocks,commercial_industrial_loans_qoq,5,-12.937307907949883,9.773084759448611,-32.09255403646916,6.217938220569394,114,sample_sensitivity,tdc_residual_z,rolling_oos_standard_deviation,cumulative_sum_h0_to_h
all_usable_shocks,headline,all_usable_shocks,commercial_industrial_loans_qoq,6,-18.245467266067134,10.85159889507922,-39.51460110042241,3.0236665682881387,113,sample_sensitivity,tdc_residual_z,rolling_oos_standard_deviation,cumulative_sum_h0_to_h
all_usable_shocks,headline,all_usable_shocks,commercial_industrial_loans_qoq,7,-13.883624517625432,11.37918311222999,-36.186823417596216,8.419574382345349,112,sample_sensitivity,tdc_residual_z,rolling_oos_standard_deviation,cumulative_sum_h0_to_h
all_usable_shocks,headline,all_usable_shocks,commercial_industrial_loans_qoq,8,-13.599101562242353,11.616697093722014,-36.3678278659375,9.169624741452793,111,sample_sensitivity,tdc_residual_z,rolling_oos_standard_deviation,cumulative_sum_h0_to_h
all_usable_shocks,headline,all_usable_shocks,construction_land_development_loans_qoq,0,0.20531975845538308,0.23514318828046066,-0.2555608905743198,0.666200407485086,42,sample_sensitivity,tdc_residual_z,rolling_oos_standard_deviation,cumulative_sum_h0_to_h
all_usable_shocks,headline,all_usable_shocks,construction_land_development_loans_qoq,1,-0.37028991400476297,0.6040415666448624,-1.5542113846286933,0.8136315566191673,41,sample_sensitivity,tdc_residual_z,rolling_oos_standard_deviation,cumulative_sum_h0_to_h
all_usable_shocks,headline,all_usable_shocks,construction_land_development_loans_qoq,2,-0.18898140836108168,0.770130107291529,-1.6984364186524785,1.3204736019303152,40,sample_sensitivity,tdc_residual_z,rolling_oos_standard_deviation,cumulative_sum_h0_to_h
all_usable_shocks,headline,all_usable_shocks,construction_land_development_loans_qoq,3,-0.7989485374244132,0.8810150270563811,-2.52573799045492,0.9278409156060938,39,sample_sensitivity,tdc_residual_z,rolling_oos_standard_deviation,cumulative_sum_h0_to_h
all_usable_shocks,headline,all_usable_shocks,construction_land_development_loans_qoq,4,-0.7042878264910684,1.0265060394462888,-2.7162396638057946,1.307664010823658,38,sample_sensitivity,tdc_residual_z,rolling_oos_standard_deviation,cumulative_sum_h0_to_h
all_usable_shocks,headline,all_usable_shocks,construction_land_development_loans_qoq,5,-0.37684861060624186,0.8576189436292647,-2.0577817401196006,1.3040845189071169,37,sample_sensitivity,tdc_residual_z,rolling_oos_standard_deviation,cumulative_sum_h0_to_h
all_usable_shocks,headline,all_usable_shocks,construction_land_development_loans_qoq,6,0.24793092134201533,0.8326096011457118,-1.3839838969035798,1.8798457395876105,36,sample_sensitivity,tdc_residual_z,rolling_oos_standard_deviation,cumulative_sum_h0_to_h
all_usable_shocks,headline,all_usable_shocks,construction_land_development_loans_qoq,7,0.7432856084832515,0.8897047350028435,-1.0005356721223218,2.4871068890888246,35,sample_sensitivity,tdc_residual_z,rolling_oos_standard_deviation,cumulative_sum_h0_to_h
all_usable_shocks,headline,all_usable_shocks,construction_land_development_loans_qoq,8,1.5808380043550008,0.8379202709993713,-0.06148572680376696,3.2231617355137683,34,sample_sensitivity,tdc_residual_z,rolling_oos_standard_deviation,cumulative_sum_h0_to_h
all_usable_shocks,headline,all_usable_shocks,cre_multifamily_loans_qoq,0,-0.7345683611962199,0.5186733911975492,-1.7511682079434163,0.28203148555097646,42,sample_sensitivity,tdc_residual_z,rolling_oos_standard_deviation,cumulative_sum_h0_to_h
all_usable_shocks,headline,all_usable_shocks,cre_multifamily_loans_qoq,1,-0.7417956558744625,0.7163356223731184,-2.1458134757257747,0.6622221639768495,41,sample_sensitivity,tdc_residual_z,rolling_oos_standard_deviation,cumulative_sum_h0_to_h
all_usable_shocks,headline,all_usable_shocks,cre_multifamily_loans_qoq,2,-2.458722183620403,1.0604428745315806,-4.537190217702301,-0.38025414953850545,40,sample_sensitivity,tdc_residual_z,rolling_oos_standard_deviation,cumulative_sum_h0_to_h
all_usable_shocks,headline,all_usable_shocks,cre_multifamily_loans_qoq,3,-2.494765350878274,1.186304430573033,-4.819922034801419,-0.16960866695512955,39,sample_sensitivity,tdc_residual_z,rolling_oos_standard_deviation,cumulative_sum_h0_to_h
all_usable_shocks,headline,all_usable_shocks,cre_multifamily_loans_qoq,4,-3.1215938207285854,1.5382773062314645,-6.136617340942256,-0.10657030051491478,38,sample_sensitivity,tdc_residual_z,rolling_oos_standard_deviation,cumulative_sum_h0_to_h
all_usable_shocks,headline,all_usable_shocks,cre_multifamily_loans_qoq,5,-0.32436006140593143,1.186996820645648,-2.6508738298714016,2.0021537070595388,37,sample_sensitivity,tdc_residual_z,rolling_oos_standard_deviation,cumulative_sum_h0_to_h
all_usable_shocks,headline,all_usable_shocks,cre_multifamily_loans_qoq,6,0.1200102415647244,1.1389090813420146,-2.112251557865624,2.352272040995073,36,sample_sensitivity,tdc_residual_z,rolling_oos_standard_deviation,cumulative_sum_h0_to_h
all_usable_shocks,headline,all_usable_shocks,cre_multifamily_loans_qoq,7,3.092372012498,2.1167878304619294,-1.056532135207381,7.241276160203381,35,sample_sensitivity,tdc_residual_z,rolling_oos_standard_deviation,cumulative_sum_h0_to_h
all_usable_shocks,headline,all_usable_shocks,cre_multifamily_loans_qoq,8,2.425655070234475,1.0363218921290722,0.3944641616614937,4.456845978807456,34,sample_sensitivity,tdc_residual_z,rolling_oos_standard_deviation,cumulative_sum_h0_to_h
all_usable_shocks,headline,all_usable_shocks,cre_nonfarm_nonresidential_loans_qoq,0,-0.4333775432123832,0.6956905551072083,-1.7969310312225115,0.9301759447977451,42,sample_sensitivity,tdc_residual_z,rolling_oos_standard_deviation,cumulative_sum_h0_to_h
all_usable_shocks,headline,all_usable_shocks,cre_nonfarm_nonresidential_loans_qoq,1,-0.9942967902969908,0.9951914155859941,-2.9448719648455395,0.9562783842515576,41,sample_sensitivity,tdc_residual_z,rolling_oos_standard_deviation,cumulative_sum_h0_to_h
all_usable_shocks,headline,all_usable_shocks,cre_nonfarm_nonresidential_loans_qoq,2,-2.0733949330433674,1.2790125166111475,-4.580259465601216,0.4334695995144817,40,sample_sensitivity,tdc_residual_z,rolling_oos_standard_deviation,cumulative_sum_h0_to_h
all_usable_shocks,headline,all_usable_shocks,cre_nonfarm_nonresidential_loans_qoq,3,-2.1405697481092574,1.8708878383938197,-5.807509911361144,1.5263704151426292,39,sample_sensitivity,tdc_residual_z,rolling_oos_standard_deviation,cumulative_sum_h0_to_h
all_usable_shocks,headline,all_usable_shocks,cre_nonfarm_nonresidential_loans_qoq,4,-2.3941701016098467,1.9632360877304356,-6.2421128335615,1.453772630341807,38,sample_sensitivity,tdc_residual_z,rolling_oos_standard_deviation,cumulative_sum_h0_to_h
all_usable_shocks,headline,all_usable_shocks,cre_nonfarm_nonresidential_loans_qoq,5,-0.44517052764851783,1.9272663965684633,-4.222612664922706,3.3322716096256704,37,sample_sensitivity,tdc_residual_z,rolling_oos_standard_deviation,cumulative_sum_h0_to_h
all_usable_shocks,headline,all_usable_shocks,cre_nonfarm_nonresidential_loans_qoq,6,0.9438138556683349,1.9084132747972034,-2.7966761629341836,4.684303874270853,36,sample_sensitivity,tdc_residual_z,rolling_oos_standard_deviation,cumulative_sum_h0_to_h
all_usable_shocks,headline,all_usable_shocks,cre_nonfarm_nonresidential_loans_qoq,7,3.292882591976035,1.913978871009301,-0.4585159952021951,7.0442811791542645,35,sample_sensitivity,tdc_residual_z,rolling_oos_standard_deviation,cumulative_sum_h0_to_h
all_usable_shocks,headline,all_usable_shocks,cre_nonfarm_nonresidential_loans_qoq,8,3.509345832299161,1.6325077552837346,0.3096306319430413,6.70906103265528,34,sample_sensitivity,tdc_residual_z,rolling_oos_standard_deviation,cumulative_sum_h0_to_h
all_usable_shocks,headline,all_usable_shocks,consumer_loans_qoq,0,-2.373205911897445,1.4116417766443938,-5.140023794120458,0.39361197032556694,119,sample_sensitivity,tdc_residual_z,rolling_oos_standard_deviation,cumulative_sum_h0_to_h
all_usable_shocks,headline,all_usable_shocks,consumer_loans_qoq,1,-5.835904132770126,2.410587682502312,-10.560655990474658,-1.111152275065594,118,sample_sensitivity,tdc_residual_z,rolling_oos_standard_deviation,cumulative_sum_h0_to_h
all_usable_shocks,headline,all_usable_shocks,consumer_loans_qoq,2,-5.818248608839708,3.0546097536020094,-11.805283725899645,0.16878650822023022,117,sample_sensitivity,tdc_residual_z,rolling_oos_standard_deviation,cumulative_sum_h0_to_h
all_usable_shocks,headline,all_usable_shocks,consumer_loans_qoq,3,-4.948459473784112,3.5777379972658183,-11.960825948425116,2.063907000856892,116,sample_sensitivity,tdc_residual_z,rolling_oos_standard_deviation,cumulative_sum_h0_to_h
all_usable_shocks,headline,all_usable_shocks,consumer_loans_qoq,4,-0.5082111658192847,4.570374256368577,-9.466144708301696,8.449722376663127,115,sample_sensitivity,tdc_residual_z,rolling_oos_standard_deviation,cumulative_sum_h0_to_h
all_usable_shocks,headline,all_usable_shocks,consumer_loans_qoq,5,4.54494677321529,7.426703121933866,-10.011391345775088,19.10128489220567,114,sample_sensitivity,tdc_residual_z,rolling_oos_standard_deviation,cumulative_sum_h0_to_h
all_usable_shocks,headline,all_usable_shocks,consumer_loans_qoq,6,1.9931598610686185,5.9580134859425655,-9.68454657137881,13.670866293516045,113,sample_sensitivity,tdc_residual_z,rolling_oos_standard_deviation,cumulative_sum_h0_to_h
all_usable_shocks,headline,all_usable_shocks,consumer_loans_qoq,7,2.1804899716979564,5.786639390010529,-9.16132323272268,13.522303176118594,112,sample_sensitivity,tdc_residual_z,rolling_oos_standard_deviation,cumulative_sum_h0_to_h
all_usable_shocks,headline,all_usable_shocks,consumer_loans_qoq,8,2.1298136023858447,5.783664907500948,-9.206169616316012,13.465796821087702,111,sample_sensitivity,tdc_residual_z,rolling_oos_standard_deviation,cumulative_sum_h0_to_h
all_usable_shocks,headline,all_usable_shocks,credit_card_revolving_loans_qoq,0,-1.3833290984699913,1.2787238995789536,-3.88962794164474,1.1229697447047575,101,sample_sensitivity,tdc_residual_z,rolling_oos_standard_deviation,cumulative_sum_h0_to_h
all_usable_shocks,headline,all_usable_shocks,credit_card_revolving_loans_qoq,1,-5.804189953887999,2.4676240565136975,-10.640733104654846,-0.967646803121152,100,sample_sensitivity,tdc_residual_z,rolling_oos_standard_deviation,cumulative_sum_h0_to_h
all_usable_shocks,headline,all_usable_shocks,credit_card_revolving_loans_qoq,2,-5.358955445973005,2.8465548796538136,-10.93820301009448,0.22029211814846938,99,sample_sensitivity,tdc_residual_z,rolling_oos_standard_deviation,cumulative_sum_h0_to_h
all_usable_shocks,headline,all_usable_shocks,credit_card_revolving_loans_qoq,3,-4.998225819137392,3.2730494334240037,-11.413402708648439,1.4169510703736545,98,sample_sensitivity,tdc_residual_z,rolling_oos_standard_deviation,cumulative_sum_h0_to_h
all_usable_shocks,headline,all_usable_shocks,credit_card_revolving_loans_qoq,4,-0.0847068391351753,4.671426875177517,-9.240703514483108,9.07128983621276,97,sample_sensitivity,tdc_residual_z,rolling_oos_standard_deviation,cumulative_sum_h0_to_h
all_usable_shocks,headline,all_usable_shocks,credit_card_revolving_loans_qoq,5,5.9754762939020125,8.9083474314563,-11.484884671752333,23.435837259556358,96,sample_sensitivity,tdc_residual_z,rolling_oos_standard_deviation,cumulative_sum_h0_to_h
all_usable_shocks,headline,all_usable_shocks,credit_card_revolving_loans_qoq,6,2.8598522778760582,7.0379591907642585,-10.934547736021887,16.654252291774004,95,sample_sensitivity,tdc_residual_z,rolling_oos_standard_deviation,cumulative_sum_h0_to_h
all_usable_shocks,headline,all_usable_shocks,credit_card_revolving_loans_qoq,7,2.326117159117067,6.729462926130095,-10.86363017609792,15.515864494332053,94,sample_sensitivity,tdc_residual_z,rolling_oos_standard_deviation,cumulative_sum_h0_to_h
all_usable_shocks,headline,all_usable_shocks,credit_card_revolving_loans_qoq,8,2.7653536961467857,6.9424938926043005,-10.841934333357644,16.372641725651214,93,sample_sensitivity,tdc_residual_z,rolling_oos_standard_deviation,cumulative_sum_h0_to_h
all_usable_shocks,headline,all_usable_shocks,auto_loans_qoq,0,0.14241427584634014,0.19718543778368997,-0.2440691822096922,0.5288977339023725,42,sample_sensitivity,tdc_residual_z,rolling_oos_standard_deviation,cumulative_sum_h0_to_h
all_usable_shocks,headline,all_usable_shocks,auto_loans_qoq,1,0.7101160341518999,0.6169719957769061,-0.49914907757083604,1.919381145874636,41,sample_sensitivity,tdc_residual_z,rolling_oos_standard_deviation,cumulative_sum_h0_to_h
all_usable_shocks,headline,all_usable_shocks,auto_loans_qoq,2,1.4675730408836054,0.8165356861049781,-0.13283690388215152,3.0679829856493623,40,sample_sensitivity,tdc_residual_z,rolling_oos_standard_deviation,cumulative_sum_h0_to_h
all_usable_shocks,headline,all_usable_shocks,auto_loans_qoq,3,2.572658876090709,0.8331579818078153,0.9396692317473909,4.205648520434027,39,sample_sensitivity,tdc_residual_z,rolling_oos_standard_deviation,cumulative_sum_h0_to_h
all_usable_shocks,headline,all_usable_shocks,auto_loans_qoq,4,3.020643982939922,0.8947702154410155,1.2668943606755316,4.774393605204312,38,sample_sensitivity,tdc_residual_z,rolling_oos_standard_deviation,cumulative_sum_h0_to_h
all_usable_shocks,headline,all_usable_shocks,auto_loans_qoq,5,3.5313683119967907,1.0210282095569692,1.5301530212651313,5.53258360272845,37,sample_sensitivity,tdc_residual_z,rolling_oos_standard_deviation,cumulative_sum_h0_to_h
all_usable_shocks,headline,all_usable_shocks,auto_loans_qoq,6,3.79225492363662,1.270980760537464,1.3011326329831907,6.283377214290049,36,sample_sensitivity,tdc_residual_z,rolling_oos_standard_deviation,cumulative_sum_h0_to_h
all_usable_shocks,headline,all_usable_shocks,auto_loans_qoq,7,4.704072801460933,1.5530443738480038,1.6601058287188457,7.74803977420302,35,sample_sensitivity,tdc_residual_z,rolling_oos_standard_deviation,cumulative_sum_h0_to_h
all_usable_shocks,headline,all_usable_shocks,auto_loans_qoq,8,4.953845938930109,1.678166318522084,1.6646399546268245,8.243051923233393,34,sample_sensitivity,tdc_residual_z,rolling_oos_standard_deviation,cumulative_sum_h0_to_h
all_usable_shocks,headline,all_usable_shocks,other_consumer_loans_qoq,0,-1.3025975877171594,0.8531545962609817,-2.9747805963886833,0.36958542095436475,101,sample_sensitivity,tdc_residual_z,rolling_oos_standard_deviation,cumulative_sum_h0_to_h
all_usable_shocks,headline,all_usable_shocks,other_consumer_loans_qoq,1,-1.3924582528723484,1.0337290227848681,-3.41856713753069,0.6336506317859931,100,sample_sensitivity,tdc_residual_z,rolling_oos_standard_deviation,cumulative_sum_h0_to_h
all_usable_shocks,headline,all_usable_shocks,other_consumer_loans_qoq,2,-1.39380520704512,1.4667738672359971,-4.268681986827675,1.4810715727374346,99,sample_sensitivity,tdc_residual_z,rolling_oos_standard_deviation,cumulative_sum_h0_to_h
all_usable_shocks,headline,all_usable_shocks,other_consumer_loans_qoq,3,-0.5685050730663526,1.704131624474757,-3.9086030570368764,2.7715929109041713,98,sample_sensitivity,tdc_residual_z,rolling_oos_standard_deviation,cumulative_sum_h0_to_h
all_usable_shocks,headline,all_usable_shocks,other_consumer_loans_qoq,4,-0.1673015633782473,1.8753750541978094,-3.8430366696059535,3.508433542849459,97,sample_sensitivity,tdc_residual_z,rolling_oos_standard_deviation,cumulative_sum_h0_to_h
all_usable_shocks,headline,all_usable_shocks,other_consumer_loans_qoq,5,0.23413170199172662,2.1620759390258355,-4.003537138498911,4.471800542482364,96,sample_sensitivity,tdc_residual_z,rolling_oos_standard_deviation,cumulative_sum_h0_to_h
all_usable_shocks,headline,all_usable_shocks,other_consumer_loans_qoq,6,0.3602363446432326,2.304706343557947,-4.156988088730343,4.877460778016808,95,sample_sensitivity,tdc_residual_z,rolling_oos_standard_deviation,cumulative_sum_h0_to_h
all_usable_shocks,headline,all_usable_shocks,other_consumer_loans_qoq,7,0.49842769312092905,2.74266665912739,-4.877198958768755,5.874054345010613,94,sample_sensitivity,tdc_residual_z,rolling_oos_standard_deviation,cumulative_sum_h0_to_h
all_usable_shocks,headline,all_usable_shocks,other_consumer_loans_qoq,8,0.17807307050740206,3.045351505460459,-5.7908158801950975,6.146962021209902,93,sample_sensitivity,tdc_residual_z,rolling_oos_standard_deviation,cumulative_sum_h0_to_h
all_usable_shocks,headline,all_usable_shocks,heloc_loans_qoq,0,0.6313234677084043,0.43233011437625685,-0.21604355646905915,1.4786904918858679,119,sample_sensitivity,tdc_residual_z,rolling_oos_standard_deviation,cumulative_sum_h0_to_h
all_usable_shocks,headline,all_usable_shocks,heloc_loans_qoq,1,0.09228295277930987,0.43855040656762634,-0.7672758440932378,0.9518417496518575,118,sample_sensitivity,tdc_residual_z,rolling_oos_standard_deviation,cumulative_sum_h0_to_h
all_usable_shocks,headline,all_usable_shocks,heloc_loans_qoq,2,-0.11233171244885543,0.8429149964667688,-1.7644451055237222,1.5397816806260114,117,sample_sensitivity,tdc_residual_z,rolling_oos_standard_deviation,cumulative_sum_h0_to_h
all_usable_shocks,headline,all_usable_shocks,heloc_loans_qoq,3,-0.06973015689750284,1.3151582958752477,-2.647440416812988,2.5079801030179825,116,sample_sensitivity,tdc_residual_z,rolling_oos_standard_deviation,cumulative_sum_h0_to_h
all_usable_shocks,headline,all_usable_shocks,heloc_loans_qoq,4,0.7236433764632113,1.585806967097538,-2.3845382790479634,3.831825031974386,115,sample_sensitivity,tdc_residual_z,rolling_oos_standard_deviation,cumulative_sum_h0_to_h
all_usable_shocks,headline,all_usable_shocks,heloc_loans_qoq,5,1.2649993898693195,1.9441076055336362,-2.545451516976607,5.075450296715246,114,sample_sensitivity,tdc_residual_z,rolling_oos_standard_deviation,cumulative_sum_h0_to_h
all_usable_shocks,headline,all_usable_shocks,heloc_loans_qoq,6,1.519212215612582,2.32044109402571,-3.0288523286778095,6.067276759902974,113,sample_sensitivity,tdc_residual_z,rolling_oos_standard_deviation,cumulative_sum_h0_to_h
all_usable_shocks,headline,all_usable_shocks,heloc_loans_qoq,7,2.205429518566854,2.7162613578308847,-3.1184427427816797,7.529301779915388,112,sample_sensitivity,tdc_residual_z,rolling_oos_standard_deviation,cumulative_sum_h0_to_h
all_usable_shocks,headline,all_usable_shocks,heloc_loans_qoq,8,2.937299450317689,3.1447045655411627,-3.22632149814299,9.100920398778367,111,sample_sensitivity,tdc_residual_z,rolling_oos_standard_deviation,cumulative_sum_h0_to_h
all_usable_shocks,headline,all_usable_shocks,closed_end_residential_loans_qoq,0,0.14665345425522947,2.414650144126408,-4.58606082823253,4.8793677367429895,85,sample_sensitivity,tdc_residual_z,rolling_oos_standard_deviation,cumulative_sum_h0_to_h
all_usable_shocks,headline,all_usable_shocks,closed_end_residential_loans_qoq,1,-0.6313087604204877,3.0655583974012863,-6.639803219327009,5.377185698486034,84,sample_sensitivity,tdc_residual_z,rolling_oos_standard_deviation,cumulative_sum_h0_to_h
all_usable_shocks,headline,all_usable_shocks,closed_end_residential_loans_qoq,2,-3.4799436185886683,3.175317203596239,-9.703565337637297,2.74367810045996,83,sample_sensitivity,tdc_residual_z,rolling_oos_standard_deviation,cumulative_sum_h0_to_h
all_usable_shocks,headline,all_usable_shocks,closed_end_residential_loans_qoq,3,-2.4995895191599633,2.9718928533233036,-8.324499511673638,3.3253204733537114,82,sample_sensitivity,tdc_residual_z,rolling_oos_standard_deviation,cumulative_sum_h0_to_h
all_usable_shocks,headline,all_usable_shocks,closed_end_residential_loans_qoq,4,0.7620595531267522,4.492702729685752,-8.043637797057322,9.567756903310826,81,sample_sensitivity,tdc_residual_z,rolling_oos_standard_deviation,cumulative_sum_h0_to_h
all_usable_shocks,headline,all_usable_shocks,closed_end_residential_loans_qoq,5,0.9364780698235542,5.118591245191496,-9.095960770751777,10.968916910398885,80,sample_sensitivity,tdc_residual_z,rolling_oos_standard_deviation,cumulative_sum_h0_to_h
all_usable_shocks,headline,all_usable_shocks,closed_end_residential_loans_qoq,6,0.16104164691166467,5.85195794894654,-11.308795933023553,11.630879226846883,79,sample_sensitivity,tdc_residual_z,rolling_oos_standard_deviation,cumulative_sum_h0_to_h
all_usable_shocks,headline,all_usable_shocks,closed_end_residential_loans_qoq,7,2.188528371878448,5.6566898595382,-8.898583752816423,13.275640496573319,78,sample_sensitivity,tdc_residual_z,rolling_oos_standard_deviation,cumulative_sum_h0_to_h
all_usable_shocks,headline,all_usable_shocks,closed_end_residential_loans_qoq,8,4.573766587154067,5.924672425237663,-7.038591366311753,16.186124540619886,77,sample_sensitivity,tdc_residual_z,rolling_oos_standard_deviation,cumulative_sum_h0_to_h
all_usable_shocks,headline,all_usable_shocks,loans_to_commercial_banks_qoq,0,0.1554756815911831,0.616034791330759,-1.0519525094171045,1.3629038725994707,119,sample_sensitivity,tdc_residual_z,rolling_oos_standard_deviation,cumulative_sum_h0_to_h
all_usable_shocks,headline,all_usable_shocks,loans_to_commercial_banks_qoq,1,1.4771116386968457,0.9528936997914339,-0.3905600128943647,3.3447832902880563,118,sample_sensitivity,tdc_residual_z,rolling_oos_standard_deviation,cumulative_sum_h0_to_h
all_usable_shocks,headline,all_usable_shocks,loans_to_commercial_banks_qoq,2,0.9130692407938579,0.7425622088589878,-0.5423526885697583,2.368491170157474,117,sample_sensitivity,tdc_residual_z,rolling_oos_standard_deviation,cumulative_sum_h0_to_h
all_usable_shocks,headline,all_usable_shocks,loans_to_commercial_banks_qoq,3,0.24918529142586074,0.8344395807583541,-1.3863162868605132,1.8846868697122348,116,sample_sensitivity,tdc_residual_z,rolling_oos_standard_deviation,cumulative_sum_h0_to_h
all_usable_shocks,headline,all_usable_shocks,loans_to_commercial_banks_qoq,4,-0.8855690466377424,0.6966365717247162,-2.2509767272181858,0.4798386339427012,115,sample_sensitivity,tdc_residual_z,rolling_oos_standard_deviation,cumulative_sum_h0_to_h
all_usable_shocks,headline,all_usable_shocks,loans_to_commercial_banks_qoq,5,-1.2379893332916607,0.9899839405377898,-3.1783578567457287,0.7023791901624072,114,sample_sensitivity,tdc_residual_z,rolling_oos_standard_deviation,cumulative_sum_h0_to_h
all_usable_shocks,headline,all_usable_shocks,loans_to_commercial_banks_qoq,6,-1.6498231256383284,0.9900165293375891,-3.5902555231400033,0.2906092718633462,113,sample_sensitivity,tdc_residual_z,rolling_oos_standard_deviation,cumulative_sum_h0_to_h
all_usable_shocks,headline,all_usable_shocks,loans_to_commercial_banks_qoq,7,-1.0577115660144272,0.9297399372752534,-2.8800018430739236,0.7645787110450695,112,sample_sensitivity,tdc_residual_z,rolling_oos_standard_deviation,cumulative_sum_h0_to_h
all_usable_shocks,headline,all_usable_shocks,loans_to_commercial_banks_qoq,8,-1.3922823289839332,1.0550659089585954,-3.46021151054278,0.6756468525749137,111,sample_sensitivity,tdc_residual_z,rolling_oos_standard_deviation,cumulative_sum_h0_to_h
all_usable_shocks,headline,all_usable_shocks,loans_to_nondepository_financial_institutions_qoq,0,7.3671089978686775,4.893646512230938,-2.224438166103961,16.958656161841315,42,sample_sensitivity,tdc_residual_z,rolling_oos_standard_deviation,cumulative_sum_h0_to_h
all_usable_shocks,headline,all_usable_shocks,loans_to_nondepository_financial_institutions_qoq,1,10.89062035015778,5.921736215310713,-0.715982631851217,22.497223332166776,41,sample_sensitivity,tdc_residual_z,rolling_oos_standard_deviation,cumulative_sum_h0_to_h
all_usable_shocks,headline,all_usable_shocks,loans_to_nondepository_financial_institutions_qoq,2,14.796619233143044,9.035643729010648,-2.9132424757178264,32.50648094200392,40,sample_sensitivity,tdc_residual_z,rolling_oos_standard_deviation,cumulative_sum_h0_to_h
all_usable_shocks,headline,all_usable_shocks,loans_to_nondepository_financial_institutions_qoq,3,14.81450805377698,8.129025466417508,-1.1183818604013354,30.747397967955294,39,sample_sensitivity,tdc_residual_z,rolling_oos_standard_deviation,cumulative_sum_h0_to_h
all_usable_shocks,headline,all_usable_shocks,loans_to_nondepository_financial_institutions_qoq,4,10.7171603759039,5.523476769348668,-0.10885409201948981,21.543174843827288,38,sample_sensitivity,tdc_residual_z,rolling_oos_standard_deviation,cumulative_sum_h0_to_h
all_usable_shocks,headline,all_usable_shocks,loans_to_nondepository_financial_institutions_qoq,5,9.302415971831849,6.988732908432153,-4.395500528695171,23.00033247235887,37,sample_sensitivity,tdc_residual_z,rolling_oos_standard_deviation,cumulative_sum_h0_to_h
all_usable_shocks,headline,all_usable_shocks,loans_to_nondepository_financial_institutions_qoq,6,7.631057939424725,6.003926003346209,-4.136637027133846,19.398752905983294,36,sample_sensitivity,tdc_residual_z,rolling_oos_standard_deviation,cumulative_sum_h0_to_h
all_usable_shocks,headline,all_usable_shocks,loans_to_nondepository_financial_institutions_qoq,7,6.506738489929436,4.043504847142485,-1.4185310104698337,14.432007990328707,35,sample_sensitivity,tdc_residual_z,rolling_oos_standard_deviation,cumulative_sum_h0_to_h
all_usable_shocks,headline,all_usable_shocks,loans_to_nondepository_financial_institutions_qoq,8,4.953740425375528,4.786714428988749,-4.4282198554424195,14.335700706193476,34,sample_sensitivity,tdc_residual_z,rolling_oos_standard_deviation,cumulative_sum_h0_to_h
all_usable_shocks,headline,all_usable_shocks,loans_for_purchasing_or_carrying_securities_qoq,0,0.2830368763020709,0.7804813314215118,-1.246706533284092,1.812780285888234,119,sample_sensitivity,tdc_residual_z,rolling_oos_standard_deviation,cumulative_sum_h0_to_h
all_usable_shocks,headline,all_usable_shocks,loans_for_purchasing_or_carrying_securities_qoq,1,0.9764570892462575,1.4217148965977808,-1.810104108085393,3.763018286577908,118,sample_sensitivity,tdc_residual_z,rolling_oos_standard_deviation,cumulative_sum_h0_to_h
all_usable_shocks,headline,all_usable_shocks,loans_for_purchasing_or_carrying_securities_qoq,2,1.4261480064359016,1.675505053338854,-1.8578418981082523,4.710137910980055,117,sample_sensitivity,tdc_residual_z,rolling_oos_standard_deviation,cumulative_sum_h0_to_h
all_usable_shocks,headline,all_usable_shocks,loans_for_purchasing_or_carrying_securities_qoq,3,2.678235715762019,2.358724535989291,-1.944864374776992,7.301335806301029,116,sample_sensitivity,tdc_residual_z,rolling_oos_standard_deviation,cumulative_sum_h0_to_h
all_usable_shocks,headline,all_usable_shocks,loans_for_purchasing_or_carrying_securities_qoq,4,4.140218014132167,2.987415780115834,-1.7151169148948675,9.995552943159202,115,sample_sensitivity,tdc_residual_z,rolling_oos_standard_deviation,cumulative_sum_h0_to_h
all_usable_shocks,headline,all_usable_shocks,loans_for_purchasing_or_carrying_securities_qoq,5,3.4749759382614016,2.500060642673537,-1.4251429213787308,8.375094797901534,114,sample_sensitivity,tdc_residual_z,rolling_oos_standard_deviation,cumulative_sum_h0_to_h
all_usable_shocks,headline,all_usable_shocks,loans_for_purchasing_or_carrying_securities_qoq,6,1.2498380507484088,1.6315094754366715,-1.947920521107467,4.4475966226042845,113,sample_sensitivity,tdc_residual_z,rolling_oos_standard_deviation,cumulative_sum_h0_to_h
all_usable_shocks,headline,all_usable_shocks,loans_for_purchasing_or_carrying_securities_qoq,7,1.398604234342566,1.710895272028254,-1.9547504988328117,4.751958967517943,112,sample_sensitivity,tdc_residual_z,rolling_oos_standard_deviation,cumulative_sum_h0_to_h
all_usable_shocks,headline,all_usable_shocks,loans_for_purchasing_or_carrying_securities_qoq,8,0.08204381438028063,1.6337711667711714,-3.1201476724912154,3.2842353012517767,111,sample_sensitivity,tdc_residual_z,rolling_oos_standard_deviation,cumulative_sum_h0_to_h
all_usable_shocks,headline,all_usable_shocks,treasury_securities_bank_qoq,0,2.4719848201926267,1.5586106836400313,-0.5828921197418344,5.526861760127088,119,sample_sensitivity,tdc_residual_z,rolling_oos_standard_deviation,cumulative_sum_h0_to_h
all_usable_shocks,headline,all_usable_shocks,treasury_securities_bank_qoq,1,7.914351861110314,3.4930100216383067,1.0680522186992327,14.760651503521395,118,sample_sensitivity,tdc_residual_z,rolling_oos_standard_deviation,cumulative_sum_h0_to_h
all_usable_shocks,headline,all_usable_shocks,treasury_securities_bank_qoq,2,12.5668158815353,5.303566262957599,2.1718260061384065,22.961805756932193,117,sample_sensitivity,tdc_residual_z,rolling_oos_standard_deviation,cumulative_sum_h0_to_h
all_usable_shocks,headline,all_usable_shocks,treasury_securities_bank_qoq,3,16.927735478367545,8.144810370302313,0.9639071525750111,32.89156380416008,116,sample_sensitivity,tdc_residual_z,rolling_oos_standard_deviation,cumulative_sum_h0_to_h
all_usable_shocks,headline,all_usable_shocks,treasury_securities_bank_qoq,4,18.069314785003165,8.269112072615377,1.861855122677028,34.2767744473293,115,sample_sensitivity,tdc_residual_z,rolling_oos_standard_deviation,cumulative_sum_h0_to_h
all_usable_shocks,headline,all_usable_shocks,treasury_securities_bank_qoq,5,19.577492110214994,9.0863512880079,1.7682435857195102,37.38674063471048,114,sample_sensitivity,tdc_residual_z,rolling_oos_standard_deviation,cumulative_sum_h0_to_h
all_usable_shocks,headline,all_usable_shocks,treasury_securities_bank_qoq,6,16.900643664604946,9.073871844361674,-0.8841451503439366,34.685432479553825,113,sample_sensitivity,tdc_residual_z,rolling_oos_standard_deviation,cumulative_sum_h0_to_h
all_usable_shocks,headline,all_usable_shocks,treasury_securities_bank_qoq,7,17.815946276901855,10.633321457736445,-3.0253637802615785,38.65725633406529,112,sample_sensitivity,tdc_residual_z,rolling_oos_standard_deviation,cumulative_sum_h0_to_h
all_usable_shocks,headline,all_usable_shocks,treasury_securities_bank_qoq,8,13.376129247012747,11.37212943528376,-8.913244446143421,35.66550294016891,111,sample_sensitivity,tdc_residual_z,rolling_oos_standard_deviation,cumulative_sum_h0_to_h
all_usable_shocks,headline,all_usable_shocks,agency_gse_backed_securities_bank_qoq,0,10.684665127032899,3.3358664698390808,4.1463668461483,17.222963407917497,119,sample_sensitivity,tdc_residual_z,rolling_oos_standard_deviation,cumulative_sum_h0_to_h
all_usable_shocks,headline,all_usable_shocks,agency_gse_backed_securities_bank_qoq,1,14.103927052844586,6.259312020655271,1.8356754923602558,26.372178613328916,118,sample_sensitivity,tdc_residual_z,rolling_oos_standard_deviation,cumulative_sum_h0_to_h
all_usable_shocks,headline,all_usable_shocks,agency_gse_backed_securities_bank_qoq,2,15.398724106163453,8.309584134533422,-0.8880607975220549,31.68550900984896,117,sample_sensitivity,tdc_residual_z,rolling_oos_standard_deviation,cumulative_sum_h0_to_h
all_usable_shocks,headline,all_usable_shocks,agency_gse_backed_securities_bank_qoq,3,15.100357909159065,11.301643411192021,-7.050863176777295,37.25157899509543,116,sample_sensitivity,tdc_residual_z,rolling_oos_standard_deviation,cumulative_sum_h0_to_h
all_usable_shocks,headline,all_usable_shocks,agency_gse_backed_securities_bank_qoq,4,14.026988855762818,13.542638541164443,-12.51658268491949,40.570560396445124,115,sample_sensitivity,tdc_residual_z,rolling_oos_standard_deviation,cumulative_sum_h0_to_h
all_usable_shocks,headline,all_usable_shocks,agency_gse_backed_securities_bank_qoq,5,11.361871729961411,16.345025627333243,-20.674378499611745,43.39812195953456,114,sample_sensitivity,tdc_residual_z,rolling_oos_standard_deviation,cumulative_sum_h0_to_h
all_usable_shocks,headline,all_usable_shocks,agency_gse_backed_securities_bank_qoq,6,9.791581853799245,18.23244676448955,-25.944013804600267,45.527177512198755,113,sample_sensitivity,tdc_residual_z,rolling_oos_standard_deviation,cumulative_sum_h0_to_h
all_usable_shocks,headline,all_usable_shocks,agency_gse_backed_securities_bank_qoq,7,7.030530339585822,18.968782922118677,-30.148284187766784,44.20934486693843,112,sample_sensitivity,tdc_residual_z,rolling_oos_standard_deviation,cumulative_sum_h0_to_h
all_usable_shocks,headline,all_usable_shocks,agency_gse_backed_securities_bank_qoq,8,5.995262550908464,18.15477322120832,-29.588092962659843,41.57861806447677,111,sample_sensitivity,tdc_residual_z,rolling_oos_standard_deviation,cumulative_sum_h0_to_h
all_usable_shocks,headline,all_usable_shocks,municipal_securities_bank_qoq,0,-0.314740985310187,0.5360459182721133,-1.365390985123529,0.735909014503155,119,sample_sensitivity,tdc_residual_z,rolling_oos_standard_deviation,cumulative_sum_h0_to_h
all_usable_shocks,headline,all_usable_shocks,municipal_securities_bank_qoq,1,0.07801646041510302,1.0023298014711703,-1.886549950468391,2.042582871298597,118,sample_sensitivity,tdc_residual_z,rolling_oos_standard_deviation,cumulative_sum_h0_to_h
all_usable_shocks,headline,all_usable_shocks,municipal_securities_bank_qoq,2,-0.12188209340155831,1.2802640017476465,-2.6311995368269456,2.387435350023829,117,sample_sensitivity,tdc_residual_z,rolling_oos_standard_deviation,cumulative_sum_h0_to_h
all_usable_shocks,headline,all_usable_shocks,municipal_securities_bank_qoq,3,0.03167589359298684,1.7962870474916726,-3.489046719490691,3.5523985066766652,116,sample_sensitivity,tdc_residual_z,rolling_oos_standard_deviation,cumulative_sum_h0_to_h
all_usable_shocks,headline,all_usable_shocks,municipal_securities_bank_qoq,4,-0.8104021985486707,2.0112495967345074,-4.752451408148305,3.1316470110509638,115,sample_sensitivity,tdc_residual_z,rolling_oos_standard_deviation,cumulative_sum_h0_to_h
all_usable_shocks,headline,all_usable_shocks,municipal_securities_bank_qoq,5,-0.6498932046029129,2.3818388803554607,-5.318297410099616,4.01851100089379,114,sample_sensitivity,tdc_residual_z,rolling_oos_standard_deviation,cumulative_sum_h0_to_h
all_usable_shocks,headline,all_usable_shocks,municipal_securities_bank_qoq,6,-0.5223647631150303,2.715345711067261,-5.844442356806862,4.7997128305768015,113,sample_sensitivity,tdc_residual_z,rolling_oos_standard_deviation,cumulative_sum_h0_to_h
all_usable_shocks,headline,all_usable_shocks,municipal_securities_bank_qoq,7,-0.04342375731740056,3.0167165074947544,-5.956188112007119,5.869340597372318,112,sample_sensitivity,tdc_residual_z,rolling_oos_standard_deviation,cumulative_sum_h0_to_h
all_usable_shocks,headline,all_usable_shocks,municipal_securities_bank_qoq,8,-0.5638143199906454,3.021164553831607,-6.485296845500595,5.357668205519304,111,sample_sensitivity,tdc_residual_z,rolling_oos_standard_deviation,cumulative_sum_h0_to_h
all_usable_shocks,headline,all_usable_shocks,corporate_foreign_bonds_bank_qoq,0,2.2066446571615432,2.0228940967636984,-1.7582277724953053,6.171517086818392,119,sample_sensitivity,tdc_residual_z,rolling_oos_standard_deviation,cumulative_sum_h0_to_h
all_usable_shocks,headline,all_usable_shocks,corporate_foreign_bonds_bank_qoq,1,4.063430574478283,2.6049325926928946,-1.0422373071997901,9.169098456156355,118,sample_sensitivity,tdc_residual_z,rolling_oos_standard_deviation,cumulative_sum_h0_to_h
all_usable_shocks,headline,all_usable_shocks,corporate_foreign_bonds_bank_qoq,2,7.2477937605188005,3.2238753466491636,0.9289980810864398,13.566589439951162,117,sample_sensitivity,tdc_residual_z,rolling_oos_standard_deviation,cumulative_sum_h0_to_h
all_usable_shocks,headline,all_usable_shocks,corporate_foreign_bonds_bank_qoq,3,6.091165945874158,3.4274067011452187,-0.6265511883704704,12.808883080118786,116,sample_sensitivity,tdc_residual_z,rolling_oos_standard_deviation,cumulative_sum_h0_to_h
all_usable_shocks,headline,all_usable_shocks,corporate_foreign_bonds_bank_qoq,4,6.891161966940179,4.805975351854612,-2.5285497226948612,16.310873656575218,115,sample_sensitivity,tdc_residual_z,rolling_oos_standard_deviation,cumulative_sum_h0_to_h
all_usable_shocks,headline,all_usable_shocks,corporate_foreign_bonds_bank_qoq,5,7.441409303678801,5.089696951269488,-2.5343967208093954,17.417215328166996,114,sample_sensitivity,tdc_residual_z,rolling_oos_standard_deviation,cumulative_sum_h0_to_h
all_usable_shocks,headline,all_usable_shocks,corporate_foreign_bonds_bank_qoq,6,8.800846599545908,5.329886741981554,-1.6457314147379378,19.247424613829754,113,sample_sensitivity,tdc_residual_z,rolling_oos_standard_deviation,cumulative_sum_h0_to_h
all_usable_shocks,headline,all_usable_shocks,corporate_foreign_bonds_bank_qoq,7,10.256350159665452,5.538591410581157,-0.599289005073615,21.11198932440452,112,sample_sensitivity,tdc_residual_z,rolling_oos_standard_deviation,cumulative_sum_h0_to_h
all_usable_shocks,headline,all_usable_shocks,corporate_foreign_bonds_bank_qoq,8,12.987996033280508,6.536634985689097,0.1761914613298785,25.799800605231137,111,sample_sensitivity,tdc_residual_z,rolling_oos_standard_deviation,cumulative_sum_h0_to_h
all_usable_shocks,headline,all_usable_shocks,fedfunds_repo_liabilities_bank_qoq,0,0.025509352459609946,1.5429498705435662,-2.99867239380578,3.049691098725,119,sample_sensitivity,tdc_residual_z,rolling_oos_standard_deviation,cumulative_sum_h0_to_h
all_usable_shocks,headline,all_usable_shocks,fedfunds_repo_liabilities_bank_qoq,1,-1.4059815941527687,1.9041771512691181,-5.138168810640241,2.3262056223347027,118,sample_sensitivity,tdc_residual_z,rolling_oos_standard_deviation,cumulative_sum_h0_to_h
all_usable_shocks,headline,all_usable_shocks,fedfunds_repo_liabilities_bank_qoq,2,0.4402551546104656,2.046036283780565,-3.5699759615994413,4.450486270820372,117,sample_sensitivity,tdc_residual_z,rolling_oos_standard_deviation,cumulative_sum_h0_to_h
all_usable_shocks,headline,all_usable_shocks,fedfunds_repo_liabilities_bank_qoq,3,-1.6630781911058004,2.7728934939979815,-7.097949439341844,3.7717930571302434,116,sample_sensitivity,tdc_residual_z,rolling_oos_standard_deviation,cumulative_sum_h0_to_h
all_usable_shocks,headline,all_usable_shocks,fedfunds_repo_liabilities_bank_qoq,4,-2.094110760487397,3.8930787581273756,-9.724545126417052,5.536323605442258,115,sample_sensitivity,tdc_residual_z,rolling_oos_standard_deviation,cumulative_sum_h0_to_h
all_usable_shocks,headline,all_usable_shocks,fedfunds_repo_liabilities_bank_qoq,5,-0.3024291245932651,3.8604679059092524,-7.868946220175399,7.26408797098887,114,sample_sensitivity,tdc_residual_z,rolling_oos_standard_deviation,cumulative_sum_h0_to_h
all_usable_shocks,headline,all_usable_shocks,fedfunds_repo_liabilities_bank_qoq,6,2.5734273146488,4.600726526648068,-6.4439966775814135,11.590851306879014,113,sample_sensitivity,tdc_residual_z,rolling_oos_standard_deviation,cumulative_sum_h0_to_h
all_usable_shocks,headline,all_usable_shocks,fedfunds_repo_liabilities_bank_qoq,7,1.6454606673027063,4.740971454321752,-7.646843383167927,10.93776471777334,112,sample_sensitivity,tdc_residual_z,rolling_oos_standard_deviation,cumulative_sum_h0_to_h
all_usable_shocks,headline,all_usable_shocks,fedfunds_repo_liabilities_bank_qoq,8,2.645785101811433,6.2507290746698425,-9.605643884541458,14.897214088164326,111,sample_sensitivity,tdc_residual_z,rolling_oos_standard_deviation,cumulative_sum_h0_to_h
all_usable_shocks,headline,all_usable_shocks,commercial_bank_borrowings_qoq,0,6.362247145391219,5.0615652708966365,-3.558420785566188,16.282915076348626,119,sample_sensitivity,tdc_residual_z,rolling_oos_standard_deviation,cumulative_sum_h0_to_h
all_usable_shocks,headline,all_usable_shocks,commercial_bank_borrowings_qoq,1,-2.161250672715563,4.546859057294874,-11.073094425013515,6.75059307958239,118,sample_sensitivity,tdc_residual_z,rolling_oos_standard_deviation,cumulative_sum_h0_to_h
all_usable_shocks,headline,all_usable_shocks,commercial_bank_borrowings_qoq,2,-15.329479653968395,8.522040516037164,-32.03267906540124,1.3737197574644462,117,sample_sensitivity,tdc_residual_z,rolling_oos_standard_deviation,cumulative_sum_h0_to_h
all_usable_shocks,headline,all_usable_shocks,commercial_bank_borrowings_qoq,3,-20.54377924458626,12.063462713817993,-44.18816616366952,3.1006076744970024,116,sample_sensitivity,tdc_residual_z,rolling_oos_standard_deviation,cumulative_sum_h0_to_h
all_usable_shocks,headline,all_usable_shocks,commercial_bank_borrowings_qoq,4,-21.703456639282884,13.718462379527281,-48.591642903156355,5.184729624590588,115,sample_sensitivity,tdc_residual_z,rolling_oos_standard_deviation,cumulative_sum_h0_to_h
all_usable_shocks,headline,all_usable_shocks,commercial_bank_borrowings_qoq,5,-28.709931966456494,18.151670410364307,-64.28720597077054,6.867342037857547,114,sample_sensitivity,tdc_residual_z,rolling_oos_standard_deviation,cumulative_sum_h0_to_h
all_usable_shocks,headline,all_usable_shocks,commercial_bank_borrowings_qoq,6,-15.715072348303526,20.209448689619318,-55.32559177995739,23.895447083350337,113,sample_sensitivity,tdc_residual_z,rolling_oos_standard_deviation,cumulative_sum_h0_to_h
all_usable_shocks,headline,all_usable_shocks,commercial_bank_borrowings_qoq,7,-9.201330958927436,21.139587306248917,-50.63492207917531,32.23226016132044,112,sample_sensitivity,tdc_residual_z,rolling_oos_standard_deviation,cumulative_sum_h0_to_h
all_usable_shocks,headline,all_usable_shocks,commercial_bank_borrowings_qoq,8,2.2139603488987127,26.80851629836669,-50.330731595900005,54.75865229369742,111,sample_sensitivity,tdc_residual_z,rolling_oos_standard_deviation,cumulative_sum_h0_to_h
all_usable_shocks,headline,all_usable_shocks,fed_borrowings_depository_institutions_qoq,0,2.0188049098270557,2.528463530571852,-2.9369836100937743,6.974593429747886,119,sample_sensitivity,tdc_residual_z,rolling_oos_standard_deviation,cumulative_sum_h0_to_h
all_usable_shocks,headline,all_usable_shocks,fed_borrowings_depository_institutions_qoq,1,-2.7417846344897523,4.574986897813264,-11.708758954203748,6.225189685224244,118,sample_sensitivity,tdc_residual_z,rolling_oos_standard_deviation,cumulative_sum_h0_to_h
all_usable_shocks,headline,all_usable_shocks,fed_borrowings_depository_institutions_qoq,2,-8.513894227607366,7.654271386502161,-23.516266145151604,6.48847768993687,117,sample_sensitivity,tdc_residual_z,rolling_oos_standard_deviation,cumulative_sum_h0_to_h
all_usable_shocks,headline,all_usable_shocks,fed_borrowings_depository_institutions_qoq,3,-12.460846028400512,7.900341074457043,-27.94551453433632,3.023822477535292,116,sample_sensitivity,tdc_residual_z,rolling_oos_standard_deviation,cumulative_sum_h0_to_h
all_usable_shocks,headline,all_usable_shocks,fed_borrowings_depository_institutions_qoq,4,-11.817260900021157,7.533692270117969,-26.583297749452377,2.948775949410061,115,sample_sensitivity,tdc_residual_z,rolling_oos_standard_deviation,cumulative_sum_h0_to_h
all_usable_shocks,headline,all_usable_shocks,fed_borrowings_depository_institutions_qoq,5,-10.844099444304888,7.006835503245094,-24.57749703066527,2.8892981420554964,114,sample_sensitivity,tdc_residual_z,rolling_oos_standard_deviation,cumulative_sum_h0_to_h
all_usable_shocks,headline,all_usable_shocks,fed_borrowings_depository_institutions_qoq,6,-7.191910060820481,6.480621325444943,-19.89392785869257,5.510107737051607,113,sample_sensitivity,tdc_residual_z,rolling_oos_standard_deviation,cumulative_sum_h0_to_h
all_usable_shocks,headline,all_usable_shocks,fed_borrowings_depository_institutions_qoq,7,-2.5925306587988306,7.847209989267386,-17.973062237762907,12.788000920165246,112,sample_sensitivity,tdc_residual_z,rolling_oos_standard_deviation,cumulative_sum_h0_to_h
all_usable_shocks,headline,all_usable_shocks,fed_borrowings_depository_institutions_qoq,8,5.222235335145548,9.904724701905726,-14.191025080589675,24.63549575088077,111,sample_sensitivity,tdc_residual_z,rolling_oos_standard_deviation,cumulative_sum_h0_to_h
all_usable_shocks,headline,all_usable_shocks,debt_securities_bank_liability_qoq,0,-0.800799742877936,1.854287617151412,-4.435203472494703,2.833603986738831,119,sample_sensitivity,tdc_residual_z,rolling_oos_standard_deviation,cumulative_sum_h0_to_h
all_usable_shocks,headline,all_usable_shocks,debt_securities_bank_liability_qoq,1,-3.799020744696276,4.129177192292083,-11.89220804158876,4.294166552196207,118,sample_sensitivity,tdc_residual_z,rolling_oos_standard_deviation,cumulative_sum_h0_to_h
all_usable_shocks,headline,all_usable_shocks,debt_securities_bank_liability_qoq,2,-1.021422549891403,4.9269737433634635,-10.67829108688379,8.635445987100985,117,sample_sensitivity,tdc_residual_z,rolling_oos_standard_deviation,cumulative_sum_h0_to_h
all_usable_shocks,headline,all_usable_shocks,debt_securities_bank_liability_qoq,3,0.26240557313498114,5.218313719588,-9.9654893172575,10.490300463527461,116,sample_sensitivity,tdc_residual_z,rolling_oos_standard_deviation,cumulative_sum_h0_to_h
all_usable_shocks,headline,all_usable_shocks,debt_securities_bank_liability_qoq,4,7.69475828037992,6.613202086843997,-5.267117809834314,20.656634370594155,115,sample_sensitivity,tdc_residual_z,rolling_oos_standard_deviation,cumulative_sum_h0_to_h
all_usable_shocks,headline,all_usable_shocks,debt_securities_bank_liability_qoq,5,15.969070874300371,11.527870823386971,-6.625555939538092,38.56369768813883,114,sample_sensitivity,tdc_residual_z,rolling_oos_standard_deviation,cumulative_sum_h0_to_h
all_usable_shocks,headline,all_usable_shocks,debt_securities_bank_liability_qoq,6,11.973550234699358,9.850088656862425,-7.332623532750995,31.279724002149713,113,sample_sensitivity,tdc_residual_z,rolling_oos_standard_deviation,cumulative_sum_h0_to_h
all_usable_shocks,headline,all_usable_shocks,debt_securities_bank_liability_qoq,7,8.253178775411333,9.089311329420205,-9.56187143025227,26.068228981074938,112,sample_sensitivity,tdc_residual_z,rolling_oos_standard_deviation,cumulative_sum_h0_to_h
all_usable_shocks,headline,all_usable_shocks,debt_securities_bank_liability_qoq,8,5.77691302388884,9.025915081297653,-11.913880535454558,23.467706583232236,111,sample_sensitivity,tdc_residual_z,rolling_oos_standard_deviation,cumulative_sum_h0_to_h
all_usable_shocks,headline,all_usable_shocks,fhlb_advances_sallie_mae_loans_bank_qoq,0,-5.282797335142851,3.1528720135117196,-11.46242648162582,0.8968318113401192,119,sample_sensitivity,tdc_residual_z,rolling_oos_standard_deviation,cumulative_sum_h0_to_h
all_usable_shocks,headline,all_usable_shocks,fhlb_advances_sallie_mae_loans_bank_qoq,1,-10.21482022175506,3.539154801150312,-17.15156363200967,-3.2780768115004495,118,sample_sensitivity,tdc_residual_z,rolling_oos_standard_deviation,cumulative_sum_h0_to_h
all_usable_shocks,headline,all_usable_shocks,fhlb_advances_sallie_mae_loans_bank_qoq,2,-15.934678963234813,4.844823214599427,-25.430532463849687,-6.438825462619937,117,sample_sensitivity,tdc_residual_z,rolling_oos_standard_deviation,cumulative_sum_h0_to_h
all_usable_shocks,headline,all_usable_shocks,fhlb_advances_sallie_mae_loans_bank_qoq,3,-15.16782791997177,6.830699592164732,-28.555999120614644,-1.7796567193288961,116,sample_sensitivity,tdc_residual_z,rolling_oos_standard_deviation,cumulative_sum_h0_to_h
all_usable_shocks,headline,all_usable_shocks,fhlb_advances_sallie_mae_loans_bank_qoq,4,-17.625783715177405,7.98465825679702,-33.27571389849956,-1.9758535318552468,115,sample_sensitivity,tdc_residual_z,rolling_oos_standard_deviation,cumulative_sum_h0_to_h
all_usable_shocks,headline,all_usable_shocks,fhlb_advances_sallie_mae_loans_bank_qoq,5,-15.291248781764503,9.574763494019471,-34.05778523004267,3.47528766651366,114,sample_sensitivity,tdc_residual_z,rolling_oos_standard_deviation,cumulative_sum_h0_to_h
all_usable_shocks,headline,all_usable_shocks,fhlb_advances_sallie_mae_loans_bank_qoq,6,-9.583086681531586,12.047066423033675,-33.19533687067759,14.029163507614417,113,sample_sensitivity,tdc_residual_z,rolling_oos_standard_deviation,cumulative_sum_h0_to_h
all_usable_shocks,headline,all_usable_shocks,fhlb_advances_sallie_mae_loans_bank_qoq,7,-5.923022243109399,13.236960560018991,-31.867464940746622,20.02142045452782,112,sample_sensitivity,tdc_residual_z,rolling_oos_standard_deviation,cumulative_sum_h0_to_h
all_usable_shocks,headline,all_usable_shocks,fhlb_advances_sallie_mae_loans_bank_qoq,8,-4.797218585205416,15.44518102209492,-35.06977338851146,25.47533621810063,111,sample_sensitivity,tdc_residual_z,rolling_oos_standard_deviation,cumulative_sum_h0_to_h
all_usable_shocks,headline,all_usable_shocks,commercial_industrial_loans_ex_chargeoffs_qoq,0,-0.741666124414313,5.2571500304890995,-11.045680184172948,9.56234793534432,119,sample_sensitivity,tdc_residual_z,rolling_oos_standard_deviation,cumulative_sum_h0_to_h
all_usable_shocks,headline,all_usable_shocks,commercial_industrial_loans_ex_chargeoffs_qoq,1,-2.469536557564206,8.491003787266864,-19.11190398060726,14.172830865478849,118,sample_sensitivity,tdc_residual_z,rolling_oos_standard_deviation,cumulative_sum_h0_to_h
all_usable_shocks,headline,all_usable_shocks,commercial_industrial_loans_ex_chargeoffs_qoq,2,-13.739242331011354,7.6268707635000625,-28.687909027471477,1.2094243654487684,117,sample_sensitivity,tdc_residual_z,rolling_oos_standard_deviation,cumulative_sum_h0_to_h
all_usable_shocks,headline,all_usable_shocks,commercial_industrial_loans_ex_chargeoffs_qoq,3,-13.502719353014351,7.07308699367841,-27.365969860624034,0.360531154595332,116,sample_sensitivity,tdc_residual_z,rolling_oos_standard_deviation,cumulative_sum_h0_to_h
all_usable_shocks,headline,all_usable_shocks,commercial_industrial_loans_ex_chargeoffs_qoq,4,-13.562485411869812,8.352155036412526,-29.932709283238363,2.80773845949874,115,sample_sensitivity,tdc_residual_z,rolling_oos_standard_deviation,cumulative_sum_h0_to_h
all_usable_shocks,headline,all_usable_shocks,commercial_industrial_loans_ex_chargeoffs_qoq,5,-12.586859043137155,9.315715707244026,-30.845661829335448,5.671943743061137,114,sample_sensitivity,tdc_residual_z,rolling_oos_standard_deviation,cumulative_sum_h0_to_h
all_usable_shocks,headline,all_usable_shocks,commercial_industrial_loans_ex_chargeoffs_qoq,6,-17.955453070354988,10.347558184861649,-38.23666711268382,2.3257609719738426,113,sample_sensitivity,tdc_residual_z,rolling_oos_standard_deviation,cumulative_sum_h0_to_h
all_usable_shocks,headline,all_usable_shocks,commercial_industrial_loans_ex_chargeoffs_qoq,7,-13.663922427753366,10.834409774427058,-34.8993655856304,7.571520730123666,112,sample_sensitivity,tdc_residual_z,rolling_oos_standard_deviation,cumulative_sum_h0_to_h
all_usable_shocks,headline,all_usable_shocks,commercial_industrial_loans_ex_chargeoffs_qoq,8,-13.473951114612756,11.066518746872205,-35.16432785848228,8.216425629256765,111,sample_sensitivity,tdc_residual_z,rolling_oos_standard_deviation,cumulative_sum_h0_to_h
all_usable_shocks,headline,all_usable_shocks,consumer_loans_ex_chargeoffs_qoq,0,-2.1341118362228793,1.3544063671212598,-4.788748315780548,0.5205246433347899,119,sample_sensitivity,tdc_residual_z,rolling_oos_standard_deviation,cumulative_sum_h0_to_h
all_usable_shocks,headline,all_usable_shocks,consumer_loans_ex_chargeoffs_qoq,1,-5.4610441526842965,2.276687315319774,-9.923351290711054,-0.9987370146575394,118,sample_sensitivity,tdc_residual_z,rolling_oos_standard_deviation,cumulative_sum_h0_to_h
all_usable_shocks,headline,all_usable_shocks,consumer_loans_ex_chargeoffs_qoq,2,-5.204962457324672,2.827476656894156,-10.746816704837219,0.33689179018787296,117,sample_sensitivity,tdc_residual_z,rolling_oos_standard_deviation,cumulative_sum_h0_to_h
all_usable_shocks,headline,all_usable_shocks,consumer_loans_ex_chargeoffs_qoq,3,-4.049154776545991,3.202505482333813,-10.326065521920263,2.2277559688282826,116,sample_sensitivity,tdc_residual_z,rolling_oos_standard_deviation,cumulative_sum_h0_to_h
all_usable_shocks,headline,all_usable_shocks,consumer_loans_ex_chargeoffs_qoq,4,0.19489081989737933,4.453031592651906,-8.533051101700357,8.922832741495116,115,sample_sensitivity,tdc_residual_z,rolling_oos_standard_deviation,cumulative_sum_h0_to_h
all_usable_shocks,headline,all_usable_shocks,consumer_loans_ex_chargeoffs_qoq,5,5.236812181753086,7.655326971237189,-9.767628681871804,20.241253045377974,114,sample_sensitivity,tdc_residual_z,rolling_oos_standard_deviation,cumulative_sum_h0_to_h
all_usable_shocks,headline,all_usable_shocks,consumer_loans_ex_chargeoffs_qoq,6,2.724735105334343,6.2267947887583075,-9.47978268063194,14.929252891300626,113,sample_sensitivity,tdc_residual_z,rolling_oos_standard_deviation,cumulative_sum_h0_to_h
all_usable_shocks,headline,all_usable_shocks,consumer_loans_ex_chargeoffs_qoq,7,3.033171086007199,6.04105605119035,-8.807298774325886,14.873640946340284,112,sample_sensitivity,tdc_residual_z,rolling_oos_standard_deviation,cumulative_sum_h0_to_h
all_usable_shocks,headline,all_usable_shocks,consumer_loans_ex_chargeoffs_qoq,8,2.778292006843854,6.0186150296563,-9.018193451282494,14.574777464970202,111,sample_sensitivity,tdc_residual_z,rolling_oos_standard_deviation,cumulative_sum_h0_to_h
all_usable_shocks,headline,all_usable_shocks,credit_card_revolving_loans_ex_chargeoffs_qoq,0,-1.222955173845182,1.2147994114343172,-3.6039620202564437,1.1580516725660797,101,sample_sensitivity,tdc_residual_z,rolling_oos_standard_deviation,cumulative_sum_h0_to_h
all_usable_shocks,headline,all_usable_shocks,credit_card_revolving_loans_ex_chargeoffs_qoq,1,-5.568405912366431,2.3406117042309655,-10.156004852659123,-0.9808069720737382,100,sample_sensitivity,tdc_residual_z,rolling_oos_standard_deviation,cumulative_sum_h0_to_h
all_usable_shocks,headline,all_usable_shocks,credit_card_revolving_loans_ex_chargeoffs_qoq,2,-5.030107421425452,2.68538660383271,-10.293465164937563,0.23325032208665952,99,sample_sensitivity,tdc_residual_z,rolling_oos_standard_deviation,cumulative_sum_h0_to_h
all_usable_shocks,headline,all_usable_shocks,credit_card_revolving_loans_ex_chargeoffs_qoq,3,-4.584203219796871,3.068653842985528,-10.598764752048506,1.4303583124547634,98,sample_sensitivity,tdc_residual_z,rolling_oos_standard_deviation,cumulative_sum_h0_to_h
all_usable_shocks,headline,all_usable_shocks,credit_card_revolving_loans_ex_chargeoffs_qoq,4,0.030137658464322925,4.612276732179692,-9.009924736607873,9.070200053536519,97,sample_sensitivity,tdc_residual_z,rolling_oos_standard_deviation,cumulative_sum_h0_to_h
all_usable_shocks,headline,all_usable_shocks,credit_card_revolving_loans_ex_chargeoffs_qoq,5,5.991221350181571,9.103712074456771,-11.852054315753698,23.834497016116842,96,sample_sensitivity,tdc_residual_z,rolling_oos_standard_deviation,cumulative_sum_h0_to_h
all_usable_shocks,headline,all_usable_shocks,credit_card_revolving_loans_ex_chargeoffs_qoq,6,2.9147834373028756,7.394649425664008,-11.578729436998579,17.40829631160433,95,sample_sensitivity,tdc_residual_z,rolling_oos_standard_deviation,cumulative_sum_h0_to_h
all_usable_shocks,headline,all_usable_shocks,credit_card_revolving_loans_ex_chargeoffs_qoq,7,2.4187329048695236,7.130289067039886,-11.556633666528652,16.394099476267698,94,sample_sensitivity,tdc_residual_z,rolling_oos_standard_deviation,cumulative_sum_h0_to_h
all_usable_shocks,headline,all_usable_shocks,credit_card_revolving_loans_ex_chargeoffs_qoq,8,2.576414794558122,7.435936871975504,-11.998021474513866,17.15085106363011,93,sample_sensitivity,tdc_residual_z,rolling_oos_standard_deviation,cumulative_sum_h0_to_h
all_usable_shocks,headline,all_usable_shocks,other_consumer_loans_ex_chargeoffs_qoq,0,-1.2374532448811641,0.8528820420810547,-2.9091020473600313,0.434195557597703,101,sample_sensitivity,tdc_residual_z,rolling_oos_standard_deviation,cumulative_sum_h0_to_h
all_usable_shocks,headline,all_usable_shocks,other_consumer_loans_ex_chargeoffs_qoq,1,-1.2958876330576314,1.01821580219715,-3.2915906053640454,0.6998153392487823,100,sample_sensitivity,tdc_residual_z,rolling_oos_standard_deviation,cumulative_sum_h0_to_h
all_usable_shocks,headline,all_usable_shocks,other_consumer_loans_ex_chargeoffs_qoq,2,-1.240782141520103,1.437536336740349,-4.0583533615311875,1.576789078490981,99,sample_sensitivity,tdc_residual_z,rolling_oos_standard_deviation,cumulative_sum_h0_to_h
all_usable_shocks,headline,all_usable_shocks,other_consumer_loans_ex_chargeoffs_qoq,3,-0.42368348890371843,1.6570502165401777,-3.6715019133224667,2.82413493551503,98,sample_sensitivity,tdc_residual_z,rolling_oos_standard_deviation,cumulative_sum_h0_to_h
all_usable_shocks,headline,all_usable_shocks,other_consumer_loans_ex_chargeoffs_qoq,4,-0.0592908363127953,1.8206747812283162,-3.627813407520295,3.5092317348947044,97,sample_sensitivity,tdc_residual_z,rolling_oos_standard_deviation,cumulative_sum_h0_to_h
all_usable_shocks,headline,all_usable_shocks,other_consumer_loans_ex_chargeoffs_qoq,5,0.3239701238191719,2.0970358506402653,-3.786220143435748,4.434160391074092,96,sample_sensitivity,tdc_residual_z,rolling_oos_standard_deviation,cumulative_sum_h0_to_h
all_usable_shocks,headline,all_usable_shocks,other_consumer_loans_ex_chargeoffs_qoq,6,0.4497508536985775,2.189274357118292,-3.841226886253275,4.74072859365043,95,sample_sensitivity,tdc_residual_z,rolling_oos_standard_deviation,cumulative_sum_h0_to_h
all_usable_shocks,headline,all_usable_shocks,other_consumer_loans_ex_chargeoffs_qoq,7,0.5898055916429135,2.60825789133111,-4.522379875366061,5.701991058651888,94,sample_sensitivity,tdc_residual_z,rolling_oos_standard_deviation,cumulative_sum_h0_to_h
all_usable_shocks,headline,all_usable_shocks,other_consumer_loans_ex_chargeoffs_qoq,8,0.289083448325429,2.8475682258158974,-5.292150274273729,5.870317170924587,93,sample_sensitivity,tdc_residual_z,rolling_oos_standard_deviation,cumulative_sum_h0_to_h
all_usable_shocks,headline,all_usable_shocks,closed_end_residential_loans_ex_chargeoffs_qoq,0,0.1386753105015823,2.4857732336649723,-4.733440227481764,5.010790848484928,85,sample_sensitivity,tdc_residual_z,rolling_oos_standard_deviation,cumulative_sum_h0_to_h
all_usable_shocks,headline,all_usable_shocks,closed_end_residential_loans_ex_chargeoffs_qoq,1,-0.5997746617395738,3.1970473999541493,-6.865987565649707,5.666438242170559,84,sample_sensitivity,tdc_residual_z,rolling_oos_standard_deviation,cumulative_sum_h0_to_h
all_usable_shocks,headline,all_usable_shocks,closed_end_residential_loans_ex_chargeoffs_qoq,2,-3.3639473542773763,3.3870408017985834,-10.002547325802599,3.2746526172478467,83,sample_sensitivity,tdc_residual_z,rolling_oos_standard_deviation,cumulative_sum_h0_to_h
all_usable_shocks,headline,all_usable_shocks,closed_end_residential_loans_ex_chargeoffs_qoq,3,-2.2958658927478925,3.0363821302655767,-8.247174868068424,3.6554430825726376,82,sample_sensitivity,tdc_residual_z,rolling_oos_standard_deviation,cumulative_sum_h0_to_h
all_usable_shocks,headline,all_usable_shocks,closed_end_residential_loans_ex_chargeoffs_qoq,4,1.117111395951806,4.595890695153008,-7.89083436654809,10.125057158451702,81,sample_sensitivity,tdc_residual_z,rolling_oos_standard_deviation,cumulative_sum_h0_to_h
all_usable_shocks,headline,all_usable_shocks,closed_end_residential_loans_ex_chargeoffs_qoq,5,1.4201647894025946,4.979410432959411,-8.33947965919785,11.17980923800304,80,sample_sensitivity,tdc_residual_z,rolling_oos_standard_deviation,cumulative_sum_h0_to_h
all_usable_shocks,headline,all_usable_shocks,closed_end_residential_loans_ex_chargeoffs_qoq,6,0.831875175478709,5.508689012227201,-9.965155288486605,11.628905639444023,79,sample_sensitivity,tdc_residual_z,rolling_oos_standard_deviation,cumulative_sum_h0_to_h
all_usable_shocks,headline,all_usable_shocks,closed_end_residential_loans_ex_chargeoffs_qoq,7,2.9399794455087402,5.125947788401659,-7.10687821975851,12.98683711077599,78,sample_sensitivity,tdc_residual_z,rolling_oos_standard_deviation,cumulative_sum_h0_to_h
all_usable_shocks,headline,all_usable_shocks,closed_end_residential_loans_ex_chargeoffs_qoq,8,5.564251530797044,5.175488914473972,-4.57970674157194,15.708209803166028,77,sample_sensitivity,tdc_residual_z,rolling_oos_standard_deviation,cumulative_sum_h0_to_h
all_usable_shocks,headline,all_usable_shocks,cb_nonts_qoq,0,34.76027494833025,12.124580448836053,10.996097268611585,58.52445262804891,91,sample_sensitivity,tdc_residual_z,rolling_oos_standard_deviation,cumulative_sum_h0_to_h
all_usable_shocks,headline,all_usable_shocks,cb_nonts_qoq,1,56.38229406633907,44.58729239728987,-31.008799032349074,143.7733871650272,90,sample_sensitivity,tdc_residual_z,rolling_oos_standard_deviation,cumulative_sum_h0_to_h
all_usable_shocks,headline,all_usable_shocks,cb_nonts_qoq,2,64.70616640102298,55.66754223006289,-44.40221636990029,173.81454917194625,89,sample_sensitivity,tdc_residual_z,rolling_oos_standard_deviation,cumulative_sum_h0_to_h
all_usable_shocks,headline,all_usable_shocks,cb_nonts_qoq,3,65.17283259250765,59.54720826475123,-51.53969560640476,181.88536079142006,88,sample_sensitivity,tdc_residual_z,rolling_oos_standard_deviation,cumulative_sum_h0_to_h
all_usable_shocks,headline,all_usable_shocks,cb_nonts_qoq,4,80.28002986236913,66.28204844599338,-49.63278509177789,210.19284481651616,87,sample_sensitivity,tdc_residual_z,rolling_oos_standard_deviation,cumulative_sum_h0_to_h
all_usable_shocks,headline,all_usable_shocks,cb_nonts_qoq,5,48.40974594197821,72.2555707263587,-93.21117268168484,190.03066456564125,86,sample_sensitivity,tdc_residual_z,rolling_oos_standard_deviation,cumulative_sum_h0_to_h
all_usable_shocks,headline,all_usable_shocks,cb_nonts_qoq,6,14.124616215481499,68.65290575318,-120.43507906075129,148.68431149171428,85,sample_sensitivity,tdc_residual_z,rolling_oos_standard_deviation,cumulative_sum_h0_to_h
all_usable_shocks,headline,all_usable_shocks,cb_nonts_qoq,7,-2.581916079268616,70.86770056381897,-141.48260918435378,136.31877702581656,84,sample_sensitivity,tdc_residual_z,rolling_oos_standard_deviation,cumulative_sum_h0_to_h
all_usable_shocks,headline,all_usable_shocks,cb_nonts_qoq,8,14.622011710454036,71.59713124536769,-125.70836553046665,154.95238895137473,83,sample_sensitivity,tdc_residual_z,rolling_oos_standard_deviation,cumulative_sum_h0_to_h
all_usable_shocks,headline,all_usable_shocks,foreign_nonts_qoq,0,20.77386320365451,8.691620953966337,3.7382861338804894,37.809440273428535,119,sample_sensitivity,tdc_residual_z,rolling_oos_standard_deviation,cumulative_sum_h0_to_h
all_usable_shocks,headline,all_usable_shocks,foreign_nonts_qoq,1,17.51118708693982,8.154577507744346,1.5282151717609018,33.494159002118735,118,sample_sensitivity,tdc_residual_z,rolling_oos_standard_deviation,cumulative_sum_h0_to_h
all_usable_shocks,headline,all_usable_shocks,foreign_nonts_qoq,2,21.28017836186708,8.09613411955388,5.411755487541473,37.14860123619269,117,sample_sensitivity,tdc_residual_z,rolling_oos_standard_deviation,cumulative_sum_h0_to_h
all_usable_shocks,headline,all_usable_shocks,foreign_nonts_qoq,3,25.209866924851497,7.615046219929784,10.28437633378912,40.135357515913874,116,sample_sensitivity,tdc_residual_z,rolling_oos_standard_deviation,cumulative_sum_h0_to_h
all_usable_shocks,headline,all_usable_shocks,foreign_nonts_qoq,4,31.024846623730987,8.11848988345604,15.11260645215715,46.93708679530482,115,sample_sensitivity,tdc_residual_z,rolling_oos_standard_deviation,cumulative_sum_h0_to_h
all_usable_shocks,headline,all_usable_shocks,foreign_nonts_qoq,5,23.30707172885793,8.530017544823778,6.588237341003325,40.025906116712534,114,sample_sensitivity,tdc_residual_z,rolling_oos_standard_deviation,cumulative_sum_h0_to_h
all_usable_shocks,headline,all_usable_shocks,foreign_nonts_qoq,6,20.389244027345995,7.787015430291518,5.12669378397462,35.651794270717375,113,sample_sensitivity,tdc_residual_z,rolling_oos_standard_deviation,cumulative_sum_h0_to_h
all_usable_shocks,headline,all_usable_shocks,foreign_nonts_qoq,7,26.032948339338102,7.892525209866665,10.563598927999438,41.50229775067677,112,sample_sensitivity,tdc_residual_z,rolling_oos_standard_deviation,cumulative_sum_h0_to_h
all_usable_shocks,headline,all_usable_shocks,foreign_nonts_qoq,8,31.584778081997413,9.344040160834545,13.270459366761706,49.89909679723312,111,sample_sensitivity,tdc_residual_z,rolling_oos_standard_deviation,cumulative_sum_h0_to_h
all_usable_shocks,headline,all_usable_shocks,domestic_nonfinancial_mmf_reallocation_qoq,0,-13.460242201299241,8.302582811657416,-29.733304512147775,2.8128201095492926,119,sample_sensitivity,tdc_residual_z,rolling_oos_standard_deviation,cumulative_sum_h0_to_h
all_usable_shocks,headline,all_usable_shocks,domestic_nonfinancial_mmf_reallocation_qoq,1,-12.769995396190534,12.932979353658393,-38.11863492936098,12.578644136979914,118,sample_sensitivity,tdc_residual_z,rolling_oos_standard_deviation,cumulative_sum_h0_to_h
all_usable_shocks,headline,all_usable_shocks,domestic_nonfinancial_mmf_reallocation_qoq,2,2.8901396414718032,12.54448439978461,-21.697049782106028,27.477329065049638,117,sample_sensitivity,tdc_residual_z,rolling_oos_standard_deviation,cumulative_sum_h0_to_h
all_usable_shocks,headline,all_usable_shocks,domestic_nonfinancial_mmf_reallocation_qoq,3,2.213277680579992,13.676433185645736,-24.59253136328565,29.019086724445636,116,sample_sensitivity,tdc_residual_z,rolling_oos_standard_deviation,cumulative_sum_h0_to_h
all_usable_shocks,headline,all_usable_shocks,domestic_nonfinancial_mmf_reallocation_qoq,4,1.6416501347845127,16.928404685845425,-31.53802304947252,34.82132331904155,115,sample_sensitivity,tdc_residual_z,rolling_oos_standard_deviation,cumulative_sum_h0_to_h
all_usable_shocks,headline,all_usable_shocks,domestic_nonfinancial_mmf_reallocation_qoq,5,13.625230852319905,18.93712468949262,-23.491533539085626,50.74199524372544,114,sample_sensitivity,tdc_residual_z,rolling_oos_standard_deviation,cumulative_sum_h0_to_h
all_usable_shocks,headline,all_usable_shocks,domestic_nonfinancial_mmf_reallocation_qoq,6,21.170046898292092,20.16020799619858,-18.34396077425712,60.684054570841305,113,sample_sensitivity,tdc_residual_z,rolling_oos_standard_deviation,cumulative_sum_h0_to_h
all_usable_shocks,headline,all_usable_shocks,domestic_nonfinancial_mmf_reallocation_qoq,7,4.904127346476891,22.793673641572592,-39.77147299100539,49.57972768395917,112,sample_sensitivity,tdc_residual_z,rolling_oos_standard_deviation,cumulative_sum_h0_to_h
all_usable_shocks,headline,all_usable_shocks,domestic_nonfinancial_mmf_reallocation_qoq,8,-11.463474477775122,27.532042591974918,-65.42627795804596,42.49932900249571,111,sample_sensitivity,tdc_residual_z,rolling_oos_standard_deviation,cumulative_sum_h0_to_h
all_usable_shocks,headline,all_usable_shocks,domestic_nonfinancial_repo_reallocation_qoq,0,-0.06445707988976607,0.5194506220873366,-1.082580299180946,0.9536661394014136,119,sample_sensitivity,tdc_residual_z,rolling_oos_standard_deviation,cumulative_sum_h0_to_h
all_usable_shocks,headline,all_usable_shocks,domestic_nonfinancial_repo_reallocation_qoq,1,-0.1063165503812496,0.7468147145028871,-1.5700733908069082,1.3574402900444091,118,sample_sensitivity,tdc_residual_z,rolling_oos_standard_deviation,cumulative_sum_h0_to_h
all_usable_shocks,headline,all_usable_shocks,domestic_nonfinancial_repo_reallocation_qoq,2,-0.7836905680914201,0.8485153753049991,-2.4467807036892184,0.8793995675063782,117,sample_sensitivity,tdc_residual_z,rolling_oos_standard_deviation,cumulative_sum_h0_to_h
all_usable_shocks,headline,all_usable_shocks,domestic_nonfinancial_repo_reallocation_qoq,3,-1.2258093364210043,0.9110355046797783,-3.01143892559337,0.5598202527513612,116,sample_sensitivity,tdc_residual_z,rolling_oos_standard_deviation,cumulative_sum_h0_to_h
all_usable_shocks,headline,all_usable_shocks,domestic_nonfinancial_repo_reallocation_qoq,4,-0.8034077574350139,0.8713877620325763,-2.5113277710188635,0.9045122561488356,115,sample_sensitivity,tdc_residual_z,rolling_oos_standard_deviation,cumulative_sum_h0_to_h
all_usable_shocks,headline,all_usable_shocks,domestic_nonfinancial_repo_reallocation_qoq,5,-0.9225640409049396,1.1140638900867303,-3.106129265474931,1.2610011836650517,114,sample_sensitivity,tdc_residual_z,rolling_oos_standard_deviation,cumulative_sum_h0_to_h
all_usable_shocks,headline,all_usable_shocks,domestic_nonfinancial_repo_reallocation_qoq,6,-1.2632238785487222,1.1476543397319987,-3.5126263844234398,0.9861786273259954,113,sample_sensitivity,tdc_residual_z,rolling_oos_standard_deviation,cumulative_sum_h0_to_h
all_usable_shocks,headline,all_usable_shocks,domestic_nonfinancial_repo_reallocation_qoq,7,-1.9851850924932446,1.2412670998226383,-4.4180686081456155,0.44769842315912634,112,sample_sensitivity,tdc_residual_z,rolling_oos_standard_deviation,cumulative_sum_h0_to_h
all_usable_shocks,headline,all_usable_shocks,domestic_nonfinancial_repo_reallocation_qoq,8,-2.0014426599487383,1.1655268905173632,-4.28587536536277,0.2829900454652936,111,sample_sensitivity,tdc_residual_z,rolling_oos_standard_deviation,cumulative_sum_h0_to_h
drop_flagged_shocks,exploratory,shock_flag=='',tdc_bank_only_qoq,0,85.77737931975665,14.89971096599464,56.573945826407154,114.98081281310614,113,sample_sensitivity,tdc_residual_z,rolling_oos_standard_deviation,cumulative_sum_h0_to_h
drop_flagged_shocks,exploratory,shock_flag=='',tdc_bank_only_qoq,1,116.58692325912614,24.125609535067035,69.30072857039475,163.8731179478575,112,sample_sensitivity,tdc_residual_z,rolling_oos_standard_deviation,cumulative_sum_h0_to_h
drop_flagged_shocks,exploratory,shock_flag=='',tdc_bank_only_qoq,2,146.49749144184753,37.61073209538834,72.78045653488638,220.21452634880868,111,sample_sensitivity,tdc_residual_z,rolling_oos_standard_deviation,cumulative_sum_h0_to_h
drop_flagged_shocks,exploratory,shock_flag=='',tdc_bank_only_qoq,3,141.7992033815146,41.56025566615517,60.341102275850446,223.25730448717871,110,sample_sensitivity,tdc_residual_z,rolling_oos_standard_deviation,cumulative_sum_h0_to_h
drop_flagged_shocks,exploratory,shock_flag=='',tdc_bank_only_qoq,4,168.77390727929765,50.99927823458801,68.81532193950514,268.7324926190902,109,sample_sensitivity,tdc_residual_z,rolling_oos_standard_deviation,cumulative_sum_h0_to_h
drop_flagged_shocks,exploratory,shock_flag=='',tdc_bank_only_qoq,5,171.0485538008253,60.33387436440757,52.794160046586455,289.3029475550641,108,sample_sensitivity,tdc_residual_z,rolling_oos_standard_deviation,cumulative_sum_h0_to_h
drop_flagged_shocks,exploratory,shock_flag=='',tdc_bank_only_qoq,6,189.8746135601113,75.06939962525868,42.73859029460428,337.01063682561835,107,sample_sensitivity,tdc_residual_z,rolling_oos_standard_deviation,cumulative_sum_h0_to_h
drop_flagged_shocks,exploratory,shock_flag=='',tdc_bank_only_qoq,7,195.63266474149265,81.95313714001735,35.00451594705865,356.2608135359267,106,sample_sensitivity,tdc_residual_z,rolling_oos_standard_deviation,cumulative_sum_h0_to_h
drop_flagged_shocks,exploratory,shock_flag=='',tdc_bank_only_qoq,8,218.10364634599338,84.1753535449806,53.11995339783141,383.08733929415536,105,sample_sensitivity,tdc_residual_z,rolling_oos_standard_deviation,cumulative_sum_h0_to_h
drop_flagged_shocks,exploratory,shock_flag=='',total_deposits_bank_qoq,0,31.179934069762652,14.33944995750678,3.0746121530493653,59.28525598647594,113,sample_sensitivity,tdc_residual_z,rolling_oos_standard_deviation,cumulative_sum_h0_to_h
drop_flagged_shocks,exploratory,shock_flag=='',total_deposits_bank_qoq,1,45.0729720195194,35.0790920667436,-23.682048431298057,113.82799247033685,112,sample_sensitivity,tdc_residual_z,rolling_oos_standard_deviation,cumulative_sum_h0_to_h
drop_flagged_shocks,exploratory,shock_flag=='',total_deposits_bank_qoq,2,39.759240917134875,46.278040857216055,-50.94571916300859,130.46420099727834,111,sample_sensitivity,tdc_residual_z,rolling_oos_standard_deviation,cumulative_sum_h0_to_h
drop_flagged_shocks,exploratory,shock_flag=='',total_deposits_bank_qoq,3,57.77712797369347,54.58905380074644,-49.21741747576955,164.77167342315647,110,sample_sensitivity,tdc_residual_z,rolling_oos_standard_deviation,cumulative_sum_h0_to_h
drop_flagged_shocks,exploratory,shock_flag=='',total_deposits_bank_qoq,4,74.10375886078164,64.50095346367827,-52.318109928027766,200.52562764959106,109,sample_sensitivity,tdc_residual_z,rolling_oos_standard_deviation,cumulative_sum_h0_to_h
drop_flagged_shocks,exploratory,shock_flag=='',total_deposits_bank_qoq,5,49.730880148841,68.7856183227305,-85.08893176371078,184.5506920613928,108,sample_sensitivity,tdc_residual_z,rolling_oos_standard_deviation,cumulative_sum_h0_to_h
drop_flagged_shocks,exploratory,shock_flag=='',total_deposits_bank_qoq,6,26.651242664172003,72.14466367536834,-114.75229813954994,168.05478346789394,107,sample_sensitivity,tdc_residual_z,rolling_oos_standard_deviation,cumulative_sum_h0_to_h
drop_flagged_shocks,exploratory,shock_flag=='',total_deposits_bank_qoq,7,41.36369518911515,77.56761248511592,-110.66882528171205,193.39621565994236,106,sample_sensitivity,tdc_residual_z,rolling_oos_standard_deviation,cumulative_sum_h0_to_h
drop_flagged_shocks,exploratory,shock_flag=='',total_deposits_bank_qoq,8,50.90697241081101,81.28583042176058,-108.41325521583973,210.22720003746173,105,sample_sensitivity,tdc_residual_z,rolling_oos_standard_deviation,cumulative_sum_h0_to_h
drop_flagged_shocks,exploratory,shock_flag=='',other_component_qoq,0,-53.599932437167965,12.920613059243488,-78.9243340332852,-28.275530841050728,113,sample_sensitivity,tdc_residual_z,rolling_oos_standard_deviation,cumulative_sum_h0_to_h
drop_flagged_shocks,exploratory,shock_flag=='',other_component_qoq,1,-68.93451456201785,29.377064287657785,-126.5135605658271,-11.3554685582086,112,sample_sensitivity,tdc_residual_z,rolling_oos_standard_deviation,cumulative_sum_h0_to_h
drop_flagged_shocks,exploratory,shock_flag=='',other_component_qoq,2,-95.79882372934712,35.582398196603584,-165.54032419469013,-26.057323264004097,111,sample_sensitivity,tdc_residual_z,rolling_oos_standard_deviation,cumulative_sum_h0_to_h
drop_flagged_shocks,exploratory,shock_flag=='',other_component_qoq,3,-63.24115716218536,35.65694538051392,-133.12877010799264,6.646455783621917,110,sample_sensitivity,tdc_residual_z,rolling_oos_standard_deviation,cumulative_sum_h0_to_h
drop_flagged_shocks,exploratory,shock_flag=='',other_component_qoq,4,-61.43107943026614,32.51074239205749,-125.1521345186988,2.289975658166533,109,sample_sensitivity,tdc_residual_z,rolling_oos_standard_deviation,cumulative_sum_h0_to_h
drop_flagged_shocks,exploratory,shock_flag=='',other_component_qoq,5,-83.89049244470796,32.878838945547855,-148.33301677798175,-19.447968111434164,108,sample_sensitivity,tdc_residual_z,rolling_oos_standard_deviation,cumulative_sum_h0_to_h
drop_flagged_shocks,exploratory,shock_flag=='',other_component_qoq,6,-125.39255125685352,37.395394722628616,-198.6875249132056,-52.09757760050144,107,sample_sensitivity,tdc_residual_z,rolling_oos_standard_deviation,cumulative_sum_h0_to_h
drop_flagged_shocks,exploratory,shock_flag=='',other_component_qoq,7,-119.99938630924896,44.68131702661377,-207.57476768141194,-32.42400493708598,106,sample_sensitivity,tdc_residual_z,rolling_oos_standard_deviation,cumulative_sum_h0_to_h
drop_flagged_shocks,exploratory,shock_flag=='',other_component_qoq,8,-133.5294069674251,49.81646966258726,-231.16968750609612,-35.88912642875408,105,sample_sensitivity,tdc_residual_z,rolling_oos_standard_deviation,cumulative_sum_h0_to_h
drop_flagged_shocks,exploratory,shock_flag=='',accounting_deposit_substitution_qoq,0,0.1172776715411189,0.8041251504586839,-1.4588076233579015,1.6933629664401395,88,sample_sensitivity,tdc_residual_z,rolling_oos_standard_deviation,cumulative_sum_h0_to_h
drop_flagged_shocks,exploratory,shock_flag=='',accounting_deposit_substitution_qoq,1,-2.5410271292914732,3.9347408317891244,-10.253119159598157,5.17106490101521,87,sample_sensitivity,tdc_residual_z,rolling_oos_standard_deviation,cumulative_sum_h0_to_h
drop_flagged_shocks,exploratory,shock_flag=='',accounting_deposit_substitution_qoq,2,-4.506066835575504,3.685236923937677,-11.729131206493351,2.716997535342344,86,sample_sensitivity,tdc_residual_z,rolling_oos_standard_deviation,cumulative_sum_h0_to_h
drop_flagged_shocks,exploratory,shock_flag=='',accounting_deposit_substitution_qoq,3,-8.38765975493204,5.7733036917148635,-19.703334990693172,2.9280154808290924,85,sample_sensitivity,tdc_residual_z,rolling_oos_standard_deviation,cumulative_sum_h0_to_h
drop_flagged_shocks,exploratory,shock_flag=='',accounting_deposit_substitution_qoq,4,-2.5615906843720473,3.281738299232136,-8.993797750867033,3.870616382122939,84,sample_sensitivity,tdc_residual_z,rolling_oos_standard_deviation,cumulative_sum_h0_to_h
drop_flagged_shocks,exploratory,shock_flag=='',accounting_deposit_substitution_qoq,5,2.1532814278283863,2.653435422212198,-3.0474519997075222,7.354014855364294,83,sample_sensitivity,tdc_residual_z,rolling_oos_standard_deviation,cumulative_sum_h0_to_h
drop_flagged_shocks,exploratory,shock_flag=='',accounting_deposit_substitution_qoq,6,1.7242798064614289,3.094715010526253,-4.341361614170028,7.789921227092885,82,sample_sensitivity,tdc_residual_z,rolling_oos_standard_deviation,cumulative_sum_h0_to_h
drop_flagged_shocks,exploratory,shock_flag=='',accounting_deposit_substitution_qoq,7,-4.420641250217084,3.549338391067687,-11.37734449670975,2.536061996275582,81,sample_sensitivity,tdc_residual_z,rolling_oos_standard_deviation,cumulative_sum_h0_to_h
drop_flagged_shocks,exploratory,shock_flag=='',accounting_deposit_substitution_qoq,8,-5.500462899245292,4.010944544384345,-13.361914206238609,2.3609884077480237,80,sample_sensitivity,tdc_residual_z,rolling_oos_standard_deviation,cumulative_sum_h0_to_h
drop_flagged_shocks,exploratory,shock_flag=='',accounting_bank_balance_sheet_qoq,0,-22.47597368705866,10.59839218343128,-43.248822366583966,-1.7031250075333517,88,sample_sensitivity,tdc_residual_z,rolling_oos_standard_deviation,cumulative_sum_h0_to_h
drop_flagged_shocks,exploratory,shock_flag=='',accounting_bank_balance_sheet_qoq,1,-30.554678285855985,15.397933160731558,-60.73462728088984,-0.37472929082213113,87,sample_sensitivity,tdc_residual_z,rolling_oos_standard_deviation,cumulative_sum_h0_to_h
drop_flagged_shocks,exploratory,shock_flag=='',accounting_bank_balance_sheet_qoq,2,-44.73191125482259,16.893113616738415,-77.84241394362988,-11.621408566015297,86,sample_sensitivity,tdc_residual_z,rolling_oos_standard_deviation,cumulative_sum_h0_to_h
drop_flagged_shocks,exploratory,shock_flag=='',accounting_bank_balance_sheet_qoq,3,-27.216473310165465,22.25741912816449,-70.84101480136786,16.408068181036935,85,sample_sensitivity,tdc_residual_z,rolling_oos_standard_deviation,cumulative_sum_h0_to_h
drop_flagged_shocks,exploratory,shock_flag=='',accounting_bank_balance_sheet_qoq,4,-37.82940014590019,22.70917969294755,-82.3393923440774,6.680592052277014,84,sample_sensitivity,tdc_residual_z,rolling_oos_standard_deviation,cumulative_sum_h0_to_h
drop_flagged_shocks,exploratory,shock_flag=='',accounting_bank_balance_sheet_qoq,5,-27.09071562257946,23.97482339509384,-74.08136947696337,19.899938231804462,83,sample_sensitivity,tdc_residual_z,rolling_oos_standard_deviation,cumulative_sum_h0_to_h
drop_flagged_shocks,exploratory,shock_flag=='',accounting_bank_balance_sheet_qoq,6,-39.258991223138906,27.532383315062805,-93.222462520662,14.704480074384193,82,sample_sensitivity,tdc_residual_z,rolling_oos_standard_deviation,cumulative_sum_h0_to_h
drop_flagged_shocks,exploratory,shock_flag=='',accounting_bank_balance_sheet_qoq,7,-18.03301055744934,28.248250547116495,-73.39958162979767,37.33356051489899,81,sample_sensitivity,tdc_residual_z,rolling_oos_standard_deviation,cumulative_sum_h0_to_h
drop_flagged_shocks,exploratory,shock_flag=='',accounting_bank_balance_sheet_qoq,8,-36.53178245778682,28.35082593536733,-92.09940129110677,19.035836375533144,80,sample_sensitivity,tdc_residual_z,rolling_oos_standard_deviation,cumulative_sum_h0_to_h
drop_flagged_shocks,exploratory,shock_flag=='',accounting_public_liquidity_qoq,0,45.532525918989606,18.628453697667165,9.020756671561962,82.04429516641724,87,sample_sensitivity,tdc_residual_z,rolling_oos_standard_deviation,cumulative_sum_h0_to_h
drop_flagged_shocks,exploratory,shock_flag=='',accounting_public_liquidity_qoq,1,33.98559354072507,33.191822874896744,-31.070379294072545,99.04156637552268,86,sample_sensitivity,tdc_residual_z,rolling_oos_standard_deviation,cumulative_sum_h0_to_h
drop_flagged_shocks,exploratory,shock_flag=='',accounting_public_liquidity_qoq,2,35.19393697550746,48.213844893105836,-59.30519901497997,129.6930729659949,85,sample_sensitivity,tdc_residual_z,rolling_oos_standard_deviation,cumulative_sum_h0_to_h
drop_flagged_shocks,exploratory,shock_flag=='',accounting_public_liquidity_qoq,3,16.34020943705663,44.51823202223553,-70.91552532652501,103.59594420063827,84,sample_sensitivity,tdc_residual_z,rolling_oos_standard_deviation,cumulative_sum_h0_to_h
drop_flagged_shocks,exploratory,shock_flag=='',accounting_public_liquidity_qoq,4,20.712285332741256,34.636117198829545,-47.17450437696465,88.59907504244717,83,sample_sensitivity,tdc_residual_z,rolling_oos_standard_deviation,cumulative_sum_h0_to_h
drop_flagged_shocks,exploratory,shock_flag=='',accounting_public_liquidity_qoq,5,21.89747025204597,29.02653718188136,-34.99454262444149,78.78948312853343,82,sample_sensitivity,tdc_residual_z,rolling_oos_standard_deviation,cumulative_sum_h0_to_h
drop_flagged_shocks,exploratory,shock_flag=='',accounting_public_liquidity_qoq,6,54.841959485154725,29.644176714229665,-3.260626874735422,112.94454584504487,81,sample_sensitivity,tdc_residual_z,rolling_oos_standard_deviation,cumulative_sum_h0_to_h
drop_flagged_shocks,exploratory,shock_flag=='',accounting_public_liquidity_qoq,7,59.74872286612652,34.65532446779986,-8.1757130907612,127.67315882301423,80,sample_sensitivity,tdc_residual_z,rolling_oos_standard_deviation,cumulative_sum_h0_to_h
drop_flagged_shocks,exploratory,shock_flag=='',accounting_public_liquidity_qoq,8,71.33198068645063,38.10252248244299,-3.348963379137629,146.01292475203888,79,sample_sensitivity,tdc_residual_z,rolling_oos_standard_deviation,cumulative_sum_h0_to_h
drop_flagged_shocks,exploratory,shock_flag=='',accounting_external_flow_qoq,0,-86.95621504355674,25.425494365109454,-136.79018399917126,-37.12224608794221,88,sample_sensitivity,tdc_residual_z,rolling_oos_standard_deviation,cumulative_sum_h0_to_h
drop_flagged_shocks,exploratory,shock_flag=='',accounting_external_flow_qoq,1,-83.53696601941427,48.64271762112825,-178.87669255682562,11.8027605179971,87,sample_sensitivity,tdc_residual_z,rolling_oos_standard_deviation,cumulative_sum_h0_to_h
drop_flagged_shocks,exploratory,shock_flag=='',accounting_external_flow_qoq,2,-101.74693833324162,68.70618163678569,-236.41105434134155,32.91717767485832,86,sample_sensitivity,tdc_residual_z,rolling_oos_standard_deviation,cumulative_sum_h0_to_h
drop_flagged_shocks,exploratory,shock_flag=='',accounting_external_flow_qoq,3,-57.404085401436554,67.26829328314292,-189.2499402363967,74.44176943352358,85,sample_sensitivity,tdc_residual_z,rolling_oos_standard_deviation,cumulative_sum_h0_to_h
drop_flagged_shocks,exploratory,shock_flag=='',accounting_external_flow_qoq,4,-53.301524331409354,55.656449567050906,-162.38816548282912,55.785116820010415,84,sample_sensitivity,tdc_residual_z,rolling_oos_standard_deviation,cumulative_sum_h0_to_h
drop_flagged_shocks,exploratory,shock_flag=='',accounting_external_flow_qoq,5,-95.18335053379482,57.258617072328704,-207.4102399955591,17.043538927969436,83,sample_sensitivity,tdc_residual_z,rolling_oos_standard_deviation,cumulative_sum_h0_to_h
drop_flagged_shocks,exploratory,shock_flag=='',accounting_external_flow_qoq,6,-167.83350939970452,58.88283681043359,-283.24386954815435,-52.4231492512547,82,sample_sensitivity,tdc_residual_z,rolling_oos_standard_deviation,cumulative_sum_h0_to_h
drop_flagged_shocks,exploratory,shock_flag=='',accounting_external_flow_qoq,7,-178.99450230495802,68.58997788845362,-313.4308589663271,-44.558145643588944,81,sample_sensitivity,tdc_residual_z,rolling_oos_standard_deviation,cumulative_sum_h0_to_h
drop_flagged_shocks,exploratory,shock_flag=='',accounting_external_flow_qoq,8,-186.69841736159987,74.07826051246789,-331.89180796603694,-41.505026757162796,80,sample_sensitivity,tdc_residual_z,rolling_oos_standard_deviation,cumulative_sum_h0_to_h
drop_flagged_shocks,exploratory,shock_flag=='',accounting_identity_total_qoq,0,-62.37011509662494,16.335831959370054,-94.38834573699025,-30.35188445625964,87,sample_sensitivity,tdc_residual_z,rolling_oos_standard_deviation,cumulative_sum_h0_to_h
drop_flagged_shocks,exploratory,shock_flag=='',accounting_identity_total_qoq,1,-84.1208827863197,37.330882372922964,-157.2894122372487,-10.952353335390683,86,sample_sensitivity,tdc_residual_z,rolling_oos_standard_deviation,cumulative_sum_h0_to_h
drop_flagged_shocks,exploratory,shock_flag=='',accounting_identity_total_qoq,2,-119.77557498424875,43.2906584287229,-204.6252655045456,-34.925884463951874,85,sample_sensitivity,tdc_residual_z,rolling_oos_standard_deviation,cumulative_sum_h0_to_h
drop_flagged_shocks,exploratory,shock_flag=='',accounting_identity_total_qoq,3,-83.0378907420891,45.02777322027843,-171.29232625383483,5.216544769656622,84,sample_sensitivity,tdc_residual_z,rolling_oos_standard_deviation,cumulative_sum_h0_to_h
drop_flagged_shocks,exploratory,shock_flag=='',accounting_identity_total_qoq,4,-81.92158896644735,38.583093643147315,-157.54445250701608,-6.298725425878615,83,sample_sensitivity,tdc_residual_z,rolling_oos_standard_deviation,cumulative_sum_h0_to_h
drop_flagged_shocks,exploratory,shock_flag=='',accounting_identity_total_qoq,5,-107.54778564793966,37.82337542846742,-181.6816014877358,-33.41396980814352,82,sample_sensitivity,tdc_residual_z,rolling_oos_standard_deviation,cumulative_sum_h0_to_h
drop_flagged_shocks,exploratory,shock_flag=='',accounting_identity_total_qoq,6,-159.82244159235458,40.31331988571829,-238.83654856836245,-80.80833461634673,81,sample_sensitivity,tdc_residual_z,rolling_oos_standard_deviation,cumulative_sum_h0_to_h
drop_flagged_shocks,exploratory,shock_flag=='',accounting_identity_total_qoq,7,-152.36582561373672,50.33117820913053,-251.01493490363254,-53.716716323840885,80,sample_sensitivity,tdc_residual_z,rolling_oos_standard_deviation,cumulative_sum_h0_to_h
drop_flagged_shocks,exploratory,shock_flag=='',accounting_identity_total_qoq,8,-163.27690806729046,58.80278270166311,-278.53036216255015,-48.023453972030765,79,sample_sensitivity,tdc_residual_z,rolling_oos_standard_deviation,cumulative_sum_h0_to_h
drop_flagged_shocks,exploratory,shock_flag=='',accounting_identity_gap_qoq,0,-0.5078833968508731,0.9741630491511016,-2.417242973187032,1.4014761794852861,87,sample_sensitivity,tdc_residual_z,rolling_oos_standard_deviation,cumulative_sum_h0_to_h
drop_flagged_shocks,exploratory,shock_flag=='',accounting_identity_gap_qoq,1,-2.4580776642572473,1.7337673911022229,-5.856261750817604,0.9401064223031095,86,sample_sensitivity,tdc_residual_z,rolling_oos_standard_deviation,cumulative_sum_h0_to_h
drop_flagged_shocks,exploratory,shock_flag=='',accounting_identity_gap_qoq,2,-3.4265561442766694,2.8223417714541306,-8.958346016326765,2.1052337277734265,85,sample_sensitivity,tdc_residual_z,rolling_oos_standard_deviation,cumulative_sum_h0_to_h
drop_flagged_shocks,exploratory,shock_flag=='',accounting_identity_gap_qoq,3,-0.49961095408970657,3.145330632183376,-6.664458993169123,5.66523708498971,84,sample_sensitivity,tdc_residual_z,rolling_oos_standard_deviation,cumulative_sum_h0_to_h
drop_flagged_shocks,exploratory,shock_flag=='',accounting_identity_gap_qoq,4,-2.0563271781690866,3.01185700326743,-7.959566904573249,3.846912548235076,83,sample_sensitivity,tdc_residual_z,rolling_oos_standard_deviation,cumulative_sum_h0_to_h
drop_flagged_shocks,exploratory,shock_flag=='',accounting_identity_gap_qoq,5,-3.0425410294294295,3.3778062816083185,-9.663041341381733,3.5779592825228743,82,sample_sensitivity,tdc_residual_z,rolling_oos_standard_deviation,cumulative_sum_h0_to_h
drop_flagged_shocks,exploratory,shock_flag=='',accounting_identity_gap_qoq,6,-3.323257828246704,3.707636833762806,-10.590226022421803,3.9437103659283954,81,sample_sensitivity,tdc_residual_z,rolling_oos_standard_deviation,cumulative_sum_h0_to_h
drop_flagged_shocks,exploratory,shock_flag=='',accounting_identity_gap_qoq,7,-1.3840642075628802,4.908164429193243,-11.004066488781636,8.235938073655877,80,sample_sensitivity,tdc_residual_z,rolling_oos_standard_deviation,cumulative_sum_h0_to_h
drop_flagged_shocks,exploratory,shock_flag=='',accounting_identity_gap_qoq,8,-2.8908284745275417,4.255414317209161,-11.231440536257498,5.449783587202415,79,sample_sensitivity,tdc_residual_z,rolling_oos_standard_deviation,cumulative_sum_h0_to_h
drop_flagged_shocks,exploratory,shock_flag=='',strict_loan_source_qoq,0,-12.877088456486334,5.3874078712957845,-23.43640788422607,-2.3177690287465964,113,sample_sensitivity,tdc_residual_z,rolling_oos_standard_deviation,cumulative_sum_h0_to_h
drop_flagged_shocks,exploratory,shock_flag=='',strict_loan_source_qoq,1,-15.225608579152809,6.877481143784313,-28.705471620970062,-1.745745537335555,112,sample_sensitivity,tdc_residual_z,rolling_oos_standard_deviation,cumulative_sum_h0_to_h
drop_flagged_shocks,exploratory,shock_flag=='',strict_loan_source_qoq,2,-27.061178359372622,8.52155715216634,-43.76343037761865,-10.358926341126597,111,sample_sensitivity,tdc_residual_z,rolling_oos_standard_deviation,cumulative_sum_h0_to_h
drop_flagged_shocks,exploratory,shock_flag=='',strict_loan_source_qoq,3,-13.436890378161586,14.195679226891894,-41.260421662869696,14.386640906546525,110,sample_sensitivity,tdc_residual_z,rolling_oos_standard_deviation,cumulative_sum_h0_to_h
drop_flagged_shocks,exploratory,shock_flag=='',strict_loan_source_qoq,4,-20.23165147622081,18.752571474830937,-56.98669156688945,16.523388614447825,109,sample_sensitivity,tdc_residual_z,rolling_oos_standard_deviation,cumulative_sum_h0_to_h
drop_flagged_shocks,exploratory,shock_flag=='',strict_loan_source_qoq,5,-16.393599935278363,25.619343418744457,-66.6075130360175,33.820313165460774,108,sample_sensitivity,tdc_residual_z,rolling_oos_standard_deviation,cumulative_sum_h0_to_h
drop_flagged_shocks,exploratory,shock_flag=='',strict_loan_source_qoq,6,-19.560751795787578,29.43111819309868,-77.24574345426099,38.12423986268584,107,sample_sensitivity,tdc_residual_z,rolling_oos_standard_deviation,cumulative_sum_h0_to_h
drop_flagged_shocks,exploratory,shock_flag=='',strict_loan_source_qoq,7,-5.356672343876781,32.563995698550094,-69.18210391303496,58.4687592252814,106,sample_sensitivity,tdc_residual_z,rolling_oos_standard_deviation,cumulative_sum_h0_to_h
drop_flagged_shocks,exploratory,shock_flag=='',strict_loan_source_qoq,8,-16.03259005737598,34.4888282667127,-83.63069346013287,51.56551334538091,105,sample_sensitivity,tdc_residual_z,rolling_oos_standard_deviation,cumulative_sum_h0_to_h
drop_flagged_shocks,exploratory,shock_flag=='',strict_loan_mortgages_qoq,0,-3.5386835106541863,2.1282660454834774,-7.710084959801802,0.6327179384934292,113,sample_sensitivity,tdc_residual_z,rolling_oos_standard_deviation,cumulative_sum_h0_to_h
drop_flagged_shocks,exploratory,shock_flag=='',strict_loan_mortgages_qoq,1,-2.465593150228221,3.7152748700470886,-9.747531895520513,4.816345595064072,112,sample_sensitivity,tdc_residual_z,rolling_oos_standard_deviation,cumulative_sum_h0_to_h
drop_flagged_shocks,exploratory,shock_flag=='',strict_loan_mortgages_qoq,2,-4.012824638182254,5.163332450822595,-14.13295624179454,6.107306965430032,111,sample_sensitivity,tdc_residual_z,rolling_oos_standard_deviation,cumulative_sum_h0_to_h
drop_flagged_shocks,exploratory,shock_flag=='',strict_loan_mortgages_qoq,3,-1.4046513171033546,7.154809425158172,-15.428077790413372,12.618775156206663,110,sample_sensitivity,tdc_residual_z,rolling_oos_standard_deviation,cumulative_sum_h0_to_h
drop_flagged_shocks,exploratory,shock_flag=='',strict_loan_mortgages_qoq,4,-2.1677131552282365,9.99199529232763,-21.75202392819039,17.41659761773392,109,sample_sensitivity,tdc_residual_z,rolling_oos_standard_deviation,cumulative_sum_h0_to_h
drop_flagged_shocks,exploratory,shock_flag=='',strict_loan_mortgages_qoq,5,1.3715243782953017,13.42225493117814,-24.936095286813853,27.679144043404456,108,sample_sensitivity,tdc_residual_z,rolling_oos_standard_deviation,cumulative_sum_h0_to_h
drop_flagged_shocks,exploratory,shock_flag=='',strict_loan_mortgages_qoq,6,4.303928369986057,16.155052815339886,-27.359975148080117,35.96783188805223,107,sample_sensitivity,tdc_residual_z,rolling_oos_standard_deviation,cumulative_sum_h0_to_h
drop_flagged_shocks,exploratory,shock_flag=='',strict_loan_mortgages_qoq,7,7.084369153318377,17.792555246897464,-27.78903913060065,41.957777437237404,106,sample_sensitivity,tdc_residual_z,rolling_oos_standard_deviation,cumulative_sum_h0_to_h
drop_flagged_shocks,exploratory,shock_flag=='',strict_loan_mortgages_qoq,8,5.283452632989437,19.899442046421342,-33.71945377799639,44.28635904397527,105,sample_sensitivity,tdc_residual_z,rolling_oos_standard_deviation,cumulative_sum_h0_to_h
drop_flagged_shocks,exploratory,shock_flag=='',strict_loan_consumer_credit_qoq,0,-4.358546635115099,2.20321254711557,-8.676843227461616,-0.040250042768581906,113,sample_sensitivity,tdc_residual_z,rolling_oos_standard_deviation,cumulative_sum_h0_to_h
drop_flagged_shocks,exploratory,shock_flag=='',strict_loan_consumer_credit_qoq,1,-7.8413351180131805,3.4002354473572396,-14.50579659483337,-1.1768736411929908,112,sample_sensitivity,tdc_residual_z,rolling_oos_standard_deviation,cumulative_sum_h0_to_h
drop_flagged_shocks,exploratory,shock_flag=='',strict_loan_consumer_credit_qoq,2,-8.07910870408654,4.027424603572102,-15.972860927087861,-0.1853564810852193,111,sample_sensitivity,tdc_residual_z,rolling_oos_standard_deviation,cumulative_sum_h0_to_h
drop_flagged_shocks,exploratory,shock_flag=='',strict_loan_consumer_credit_qoq,3,-6.8976666455969475,4.804210560068613,-16.313919343331428,2.5185860521375343,110,sample_sensitivity,tdc_residual_z,rolling_oos_standard_deviation,cumulative_sum_h0_to_h
drop_flagged_shocks,exploratory,shock_flag=='',strict_loan_consumer_credit_qoq,4,-9.205799589599971,5.855841807127546,-20.683249531569963,2.2716503523700187,109,sample_sensitivity,tdc_residual_z,rolling_oos_standard_deviation,cumulative_sum_h0_to_h
drop_flagged_shocks,exploratory,shock_flag=='',strict_loan_consumer_credit_qoq,5,-8.204758558686493,6.661616245078042,-21.261526399039454,4.852009281666469,108,sample_sensitivity,tdc_residual_z,rolling_oos_standard_deviation,cumulative_sum_h0_to_h
drop_flagged_shocks,exploratory,shock_flag=='',strict_loan_consumer_credit_qoq,6,-7.474215644037182,6.41026421126217,-20.038333498111037,5.089902210036671,107,sample_sensitivity,tdc_residual_z,rolling_oos_standard_deviation,cumulative_sum_h0_to_h
drop_flagged_shocks,exploratory,shock_flag=='',strict_loan_consumer_credit_qoq,7,-5.488012187488948,6.873584322547289,-18.960237459681636,7.984213084703738,106,sample_sensitivity,tdc_residual_z,rolling_oos_standard_deviation,cumulative_sum_h0_to_h
drop_flagged_shocks,exploratory,shock_flag=='',strict_loan_consumer_credit_qoq,8,-6.99945596712482,6.663809639249396,-20.060522860053638,6.061610925803995,105,sample_sensitivity,tdc_residual_z,rolling_oos_standard_deviation,cumulative_sum_h0_to_h
drop_flagged_shocks,exploratory,shock_flag=='',strict_loan_di_loans_nec_qoq,0,-2.386594578237543,5.921183877189635,-13.992114977529226,9.218925821054142,113,sample_sensitivity,tdc_residual_z,rolling_oos_standard_deviation,cumulative_sum_h0_to_h
drop_flagged_shocks,exploratory,shock_flag=='',strict_loan_di_loans_nec_qoq,1,-2.7692551263725864,8.297266162135571,-19.031896804158308,13.493386551413133,112,sample_sensitivity,tdc_residual_z,rolling_oos_standard_deviation,cumulative_sum_h0_to_h
drop_flagged_shocks,exploratory,shock_flag=='',strict_loan_di_loans_nec_qoq,2,-10.619212061865072,8.218674672129405,-26.727814419238705,5.489390295508562,111,sample_sensitivity,tdc_residual_z,rolling_oos_standard_deviation,cumulative_sum_h0_to_h
drop_flagged_shocks,exploratory,shock_flag=='',strict_loan_di_loans_nec_qoq,3,-6.573817741694844,8.690303898068217,-23.60681338190855,10.459177898518861,110,sample_sensitivity,tdc_residual_z,rolling_oos_standard_deviation,cumulative_sum_h0_to_h
drop_flagged_shocks,exploratory,shock_flag=='',strict_loan_di_loans_nec_qoq,4,-9.821814092265543,9.884859773650513,-29.196139248620547,9.552511064089463,109,sample_sensitivity,tdc_residual_z,rolling_oos_standard_deviation,cumulative_sum_h0_to_h
drop_flagged_shocks,exploratory,shock_flag=='',strict_loan_di_loans_nec_qoq,5,-10.006038952698882,11.110876178726132,-31.783356263002098,11.771278357604336,108,sample_sensitivity,tdc_residual_z,rolling_oos_standard_deviation,cumulative_sum_h0_to_h
drop_flagged_shocks,exploratory,shock_flag=='',strict_loan_di_loans_nec_qoq,6,-15.381269008691026,11.884146032531945,-38.674195232453634,7.911657215071584,107,sample_sensitivity,tdc_residual_z,rolling_oos_standard_deviation,cumulative_sum_h0_to_h
drop_flagged_shocks,exploratory,shock_flag=='',strict_loan_di_loans_nec_qoq,7,-10.6389045280539,13.177319317450504,-36.46645039025689,15.18864133414909,106,sample_sensitivity,tdc_residual_z,rolling_oos_standard_deviation,cumulative_sum_h0_to_h
drop_flagged_shocks,exploratory,shock_flag=='',strict_loan_di_loans_nec_qoq,8,-14.88583493224638,13.571925604826438,-41.4868091177062,11.715139253213438,105,sample_sensitivity,tdc_residual_z,rolling_oos_standard_deviation,cumulative_sum_h0_to_h
drop_flagged_shocks,exploratory,shock_flag=='',strict_loan_other_advances_qoq,0,0.15956084048035968,0.08662522453124262,-0.01022459960087585,0.3293462805615952,113,sample_sensitivity,tdc_residual_z,rolling_oos_standard_deviation,cumulative_sum_h0_to_h
drop_flagged_shocks,exploratory,shock_flag=='',strict_loan_other_advances_qoq,1,0.24707919063616313,0.1241413707432283,0.0037621039794356603,0.4903962772928906,112,sample_sensitivity,tdc_residual_z,rolling_oos_standard_deviation,cumulative_sum_h0_to_h
drop_flagged_shocks,exploratory,shock_flag=='',strict_loan_other_advances_qoq,2,0.3251149161454613,0.13132257597976768,0.06772266722511666,0.5825071650658059,111,sample_sensitivity,tdc_residual_z,rolling_oos_standard_deviation,cumulative_sum_h0_to_h
drop_flagged_shocks,exploratory,shock_flag=='',strict_loan_other_advances_qoq,3,0.31916998267637664,0.1556302805578152,0.014134632783058876,0.6242053325696943,110,sample_sensitivity,tdc_residual_z,rolling_oos_standard_deviation,cumulative_sum_h0_to_h
drop_flagged_shocks,exploratory,shock_flag=='',strict_loan_other_advances_qoq,4,0.220867548888473,0.16847158940341075,-0.10933676634221207,0.5510718641191581,109,sample_sensitivity,tdc_residual_z,rolling_oos_standard_deviation,cumulative_sum_h0_to_h
drop_flagged_shocks,exploratory,shock_flag=='',strict_loan_other_advances_qoq,5,0.08769891092053853,0.1830786916981777,-0.2711353248078897,0.4465331466489668,108,sample_sensitivity,tdc_residual_z,rolling_oos_standard_deviation,cumulative_sum_h0_to_h
drop_flagged_shocks,exploratory,shock_flag=='',strict_loan_other_advances_qoq,6,0.1643178306315617,0.18966238247468017,-0.20742043901881146,0.5360561002819348,107,sample_sensitivity,tdc_residual_z,rolling_oos_standard_deviation,cumulative_sum_h0_to_h
drop_flagged_shocks,exploratory,shock_flag=='',strict_loan_other_advances_qoq,7,0.16527553652839133,0.19183298242446944,-0.21071710902356877,0.5412681820803514,106,sample_sensitivity,tdc_residual_z,rolling_oos_standard_deviation,cumulative_sum_h0_to_h
drop_flagged_shocks,exploratory,shock_flag=='',strict_loan_other_advances_qoq,8,0.09775635936870004,0.1940668487184226,-0.2826146641194083,0.47812738285680834,105,sample_sensitivity,tdc_residual_z,rolling_oos_standard_deviation,cumulative_sum_h0_to_h
drop_flagged_shocks,exploratory,shock_flag=='',strict_non_treasury_agency_gse_qoq,0,7.9857385696283805,2.193613540933819,3.686256029398095,12.285221109858666,113,sample_sensitivity,tdc_residual_z,rolling_oos_standard_deviation,cumulative_sum_h0_to_h
drop_flagged_shocks,exploratory,shock_flag=='',strict_non_treasury_agency_gse_qoq,1,9.615525336648151,4.00530627855652,1.765125030677372,17.46592564261893,112,sample_sensitivity,tdc_residual_z,rolling_oos_standard_deviation,cumulative_sum_h0_to_h
drop_flagged_shocks,exploratory,shock_flag=='',strict_non_treasury_agency_gse_qoq,2,10.116790271898447,6.342534818669155,-2.3145779726930975,22.54815851648999,111,sample_sensitivity,tdc_residual_z,rolling_oos_standard_deviation,cumulative_sum_h0_to_h
drop_flagged_shocks,exploratory,shock_flag=='',strict_non_treasury_agency_gse_qoq,3,10.583383295356313,9.58870047098452,-8.210469627773346,29.377236218485972,110,sample_sensitivity,tdc_residual_z,rolling_oos_standard_deviation,cumulative_sum_h0_to_h
drop_flagged_shocks,exploratory,shock_flag=='',strict_non_treasury_agency_gse_qoq,4,17.477355749929785,13.439260397986137,-8.863594630123043,43.818306129982616,109,sample_sensitivity,tdc_residual_z,rolling_oos_standard_deviation,cumulative_sum_h0_to_h
drop_flagged_shocks,exploratory,shock_flag=='',strict_non_treasury_agency_gse_qoq,5,17.07776485561127,15.950272272692343,-14.184768798865722,48.34029851008826,108,sample_sensitivity,tdc_residual_z,rolling_oos_standard_deviation,cumulative_sum_h0_to_h
drop_flagged_shocks,exploratory,shock_flag=='',strict_non_treasury_agency_gse_qoq,6,15.43613497155999,17.70995652716871,-19.27537982169068,50.147649764810666,107,sample_sensitivity,tdc_residual_z,rolling_oos_standard_deviation,cumulative_sum_h0_to_h
drop_flagged_shocks,exploratory,shock_flag=='',strict_non_treasury_agency_gse_qoq,7,12.300328354433749,18.897557905304968,-24.738885139963987,49.33954184883149,106,sample_sensitivity,tdc_residual_z,rolling_oos_standard_deviation,cumulative_sum_h0_to_h
drop_flagged_shocks,exploratory,shock_flag=='',strict_non_treasury_agency_gse_qoq,8,13.844062621204166,19.672581596303758,-24.714197307551196,52.40232254995953,105,sample_sensitivity,tdc_residual_z,rolling_oos_standard_deviation,cumulative_sum_h0_to_h
drop_flagged_shocks,exploratory,shock_flag=='',strict_non_treasury_municipal_qoq,0,-0.502793671858212,0.5731544143897452,-1.6261763240621125,0.6205889803456885,113,sample_sensitivity,tdc_residual_z,rolling_oos_standard_deviation,cumulative_sum_h0_to_h
drop_flagged_shocks,exploratory,shock_flag=='',strict_non_treasury_municipal_qoq,1,-0.47565221827553467,0.8897000836401963,-2.2194643822103193,1.2681599456592498,112,sample_sensitivity,tdc_residual_z,rolling_oos_standard_deviation,cumulative_sum_h0_to_h
drop_flagged_shocks,exploratory,shock_flag=='',strict_non_treasury_municipal_qoq,2,-0.5769664357103509,1.1885285675649966,-2.9064824281377444,1.7525495567170424,111,sample_sensitivity,tdc_residual_z,rolling_oos_standard_deviation,cumulative_sum_h0_to_h
drop_flagged_shocks,exploratory,shock_flag=='',strict_non_treasury_municipal_qoq,3,-0.28949606116050897,1.6739121816078428,-3.570363937111881,2.9913718147908632,110,sample_sensitivity,tdc_residual_z,rolling_oos_standard_deviation,cumulative_sum_h0_to_h
drop_flagged_shocks,exploratory,shock_flag=='',strict_non_treasury_municipal_qoq,4,-0.009709144870525876,2.176413803215653,-4.275480199173206,4.2560619094321535,109,sample_sensitivity,tdc_residual_z,rolling_oos_standard_deviation,cumulative_sum_h0_to_h
drop_flagged_shocks,exploratory,shock_flag=='',strict_non_treasury_municipal_qoq,5,0.4091808671680731,2.591396570737192,-4.669956411476823,5.48831814581297,108,sample_sensitivity,tdc_residual_z,rolling_oos_standard_deviation,cumulative_sum_h0_to_h
drop_flagged_shocks,exploratory,shock_flag=='',strict_non_treasury_municipal_qoq,6,0.5013379374072565,2.8892400824486417,-5.161572624192082,6.164248499006594,107,sample_sensitivity,tdc_residual_z,rolling_oos_standard_deviation,cumulative_sum_h0_to_h
drop_flagged_shocks,exploratory,shock_flag=='',strict_non_treasury_municipal_qoq,7,0.6934641671789048,3.1192808754649883,-5.420326348732472,6.8072546830902825,106,sample_sensitivity,tdc_residual_z,rolling_oos_standard_deviation,cumulative_sum_h0_to_h
drop_flagged_shocks,exploratory,shock_flag=='',strict_non_treasury_municipal_qoq,8,0.6375385722849044,3.3652835612562733,-5.958417207777392,7.2334943523472,105,sample_sensitivity,tdc_residual_z,rolling_oos_standard_deviation,cumulative_sum_h0_to_h
drop_flagged_shocks,exploratory,shock_flag=='',strict_non_treasury_corporate_foreign_bonds_qoq,0,2.4773699741118795,2.000509148692088,-1.4436279573246131,6.398367905548373,113,sample_sensitivity,tdc_residual_z,rolling_oos_standard_deviation,cumulative_sum_h0_to_h
drop_flagged_shocks,exploratory,shock_flag=='',strict_non_treasury_corporate_foreign_bonds_qoq,1,3.9108694524406427,2.7171007963386007,-1.4146481083830147,9.2363870132643,112,sample_sensitivity,tdc_residual_z,rolling_oos_standard_deviation,cumulative_sum_h0_to_h
drop_flagged_shocks,exploratory,shock_flag=='',strict_non_treasury_corporate_foreign_bonds_qoq,2,7.084913315431218,3.3066744648020183,0.6038313644192623,13.565995266443174,111,sample_sensitivity,tdc_residual_z,rolling_oos_standard_deviation,cumulative_sum_h0_to_h
drop_flagged_shocks,exploratory,shock_flag=='',strict_non_treasury_corporate_foreign_bonds_qoq,3,6.201650462514552,3.5295275397069146,-0.7162235153110004,13.119524440340104,110,sample_sensitivity,tdc_residual_z,rolling_oos_standard_deviation,cumulative_sum_h0_to_h
drop_flagged_shocks,exploratory,shock_flag=='',strict_non_treasury_corporate_foreign_bonds_qoq,4,8.015876715470375,4.931290959480784,-1.649453565111962,17.681206996052712,109,sample_sensitivity,tdc_residual_z,rolling_oos_standard_deviation,cumulative_sum_h0_to_h
drop_flagged_shocks,exploratory,shock_flag=='',strict_non_treasury_corporate_foreign_bonds_qoq,5,9.166777816236854,5.14652649993547,-0.9204141236366663,19.253969756110372,108,sample_sensitivity,tdc_residual_z,rolling_oos_standard_deviation,cumulative_sum_h0_to_h
drop_flagged_shocks,exploratory,shock_flag=='',strict_non_treasury_corporate_foreign_bonds_qoq,6,10.573222642583522,5.553038812578244,-0.3107334300698348,21.45717871523688,107,sample_sensitivity,tdc_residual_z,rolling_oos_standard_deviation,cumulative_sum_h0_to_h
drop_flagged_shocks,exploratory,shock_flag=='',strict_non_treasury_corporate_foreign_bonds_qoq,7,12.265199788864154,5.741952077140652,1.0109737176684774,23.51942586005983,106,sample_sensitivity,tdc_residual_z,rolling_oos_standard_deviation,cumulative_sum_h0_to_h
drop_flagged_shocks,exploratory,shock_flag=='',strict_non_treasury_corporate_foreign_bonds_qoq,8,15.377589123690594,6.725633974918381,2.195346532850568,28.55983171453062,105,sample_sensitivity,tdc_residual_z,rolling_oos_standard_deviation,cumulative_sum_h0_to_h
drop_flagged_shocks,exploratory,shock_flag=='',strict_non_treasury_securities_qoq,0,10.934957610627398,3.693579108062021,3.6955425588258377,18.174372662428958,113,sample_sensitivity,tdc_residual_z,rolling_oos_standard_deviation,cumulative_sum_h0_to_h
drop_flagged_shocks,exploratory,shock_flag=='',strict_non_treasury_securities_qoq,1,14.166369574479349,5.5575497178777455,3.2735721274389675,25.05916702151973,112,sample_sensitivity,tdc_residual_z,rolling_oos_standard_deviation,cumulative_sum_h0_to_h
drop_flagged_shocks,exploratory,shock_flag=='',strict_non_treasury_securities_qoq,2,18.056825719024296,8.84391254331145,0.7227571341338539,35.390894303914735,111,sample_sensitivity,tdc_residual_z,rolling_oos_standard_deviation,cumulative_sum_h0_to_h
drop_flagged_shocks,exploratory,shock_flag=='',strict_non_treasury_securities_qoq,3,17.48999666952551,11.156835101671756,-4.3774001297511305,39.35739346880215,110,sample_sensitivity,tdc_residual_z,rolling_oos_standard_deviation,cumulative_sum_h0_to_h
drop_flagged_shocks,exploratory,shock_flag=='',strict_non_treasury_securities_qoq,4,25.50156847033832,17.36438759304881,-8.532631212037352,59.53576815271399,109,sample_sensitivity,tdc_residual_z,rolling_oos_standard_deviation,cumulative_sum_h0_to_h
drop_flagged_shocks,exploratory,shock_flag=='',strict_non_treasury_securities_qoq,5,26.59241875793952,20.88143864529849,-14.335200986845521,67.52003850272456,108,sample_sensitivity,tdc_residual_z,rolling_oos_standard_deviation,cumulative_sum_h0_to_h
drop_flagged_shocks,exploratory,shock_flag=='',strict_non_treasury_securities_qoq,6,26.624076203121085,23.347772261001754,-19.137557428442356,72.38570983468452,107,sample_sensitivity,tdc_residual_z,rolling_oos_standard_deviation,cumulative_sum_h0_to_h
drop_flagged_shocks,exploratory,shock_flag=='',strict_non_treasury_securities_qoq,7,25.349992370944765,24.794240643775563,-23.246719290855335,73.94670403274486,106,sample_sensitivity,tdc_residual_z,rolling_oos_standard_deviation,cumulative_sum_h0_to_h
drop_flagged_shocks,exploratory,shock_flag=='',strict_non_treasury_securities_qoq,8,30.356240157348374,27.260310055343876,-23.07396755112562,83.78644786582237,105,sample_sensitivity,tdc_residual_z,rolling_oos_standard_deviation,cumulative_sum_h0_to_h
drop_flagged_shocks,exploratory,shock_flag=='',strict_identifiable_total_qoq,0,-1.1074843159553538,6.777392493148328,-14.391173602526077,12.17620497061537,113,sample_sensitivity,tdc_residual_z,rolling_oos_standard_deviation,cumulative_sum_h0_to_h
drop_flagged_shocks,exploratory,shock_flag=='',strict_identifiable_total_qoq,1,-0.4598344470882729,10.672273182742128,-21.377489885262843,20.457820991086297,112,sample_sensitivity,tdc_residual_z,rolling_oos_standard_deviation,cumulative_sum_h0_to_h
drop_flagged_shocks,exploratory,shock_flag=='',strict_identifiable_total_qoq,2,-9.649028858286865,13.422037521633357,-35.95622240068825,16.658164684114514,111,sample_sensitivity,tdc_residual_z,rolling_oos_standard_deviation,cumulative_sum_h0_to_h
drop_flagged_shocks,exploratory,shock_flag=='',strict_identifiable_total_qoq,3,2.9080798241063306,20.57884875444515,-37.426463734606166,43.24262338281883,110,sample_sensitivity,tdc_residual_z,rolling_oos_standard_deviation,cumulative_sum_h0_to_h
drop_flagged_shocks,exploratory,shock_flag=='',strict_identifiable_total_qoq,4,4.240162475653733,27.411158872662075,-49.48570891476393,57.9660338660714,109,sample_sensitivity,tdc_residual_z,rolling_oos_standard_deviation,cumulative_sum_h0_to_h
drop_flagged_shocks,exploratory,shock_flag=='',strict_identifiable_total_qoq,5,6.935307465563973,35.23560609172332,-62.12648047421373,75.99709540534167,108,sample_sensitivity,tdc_residual_z,rolling_oos_standard_deviation,cumulative_sum_h0_to_h
drop_flagged_shocks,exploratory,shock_flag=='',strict_identifiable_total_qoq,6,2.6429274184649074,38.72179620337857,-73.25179314015708,78.53764797708689,107,sample_sensitivity,tdc_residual_z,rolling_oos_standard_deviation,cumulative_sum_h0_to_h
drop_flagged_shocks,exploratory,shock_flag=='',strict_identifiable_total_qoq,7,15.172454491071125,42.477040284354295,-68.0825444662633,98.42745344840554,106,sample_sensitivity,tdc_residual_z,rolling_oos_standard_deviation,cumulative_sum_h0_to_h
drop_flagged_shocks,exploratory,shock_flag=='',strict_identifiable_total_qoq,8,9.628362145180759,45.93686035595052,-80.40788415248227,99.66460844284379,105,sample_sensitivity,tdc_residual_z,rolling_oos_standard_deviation,cumulative_sum_h0_to_h
drop_flagged_shocks,exploratory,shock_flag=='',strict_identifiable_gap_qoq,0,-50.802745989202904,12.146085805632136,-74.60907416824189,-26.99641781016392,113,sample_sensitivity,tdc_residual_z,rolling_oos_standard_deviation,cumulative_sum_h0_to_h
drop_flagged_shocks,exploratory,shock_flag=='',strict_identifiable_gap_qoq,1,-68.82658154138787,26.105880790868877,-119.99410789149087,-17.65905519128487,112,sample_sensitivity,tdc_residual_z,rolling_oos_standard_deviation,cumulative_sum_h0_to_h
drop_flagged_shocks,exploratory,shock_flag=='',strict_identifiable_gap_qoq,2,-87.63104748414963,33.35646816264331,-153.00972508293052,-22.25236988536875,111,sample_sensitivity,tdc_residual_z,rolling_oos_standard_deviation,cumulative_sum_h0_to_h
drop_flagged_shocks,exploratory,shock_flag=='',strict_identifiable_gap_qoq,3,-69.10746768158512,33.52200414181989,-134.81059579955212,-3.4043395636181373,110,sample_sensitivity,tdc_residual_z,rolling_oos_standard_deviation,cumulative_sum_h0_to_h
drop_flagged_shocks,exploratory,shock_flag=='',strict_identifiable_gap_qoq,4,-71.2148488778506,29.58614754991288,-129.20369807567985,-13.225999680021353,109,sample_sensitivity,tdc_residual_z,rolling_oos_standard_deviation,cumulative_sum_h0_to_h
drop_flagged_shocks,exploratory,shock_flag=='',strict_identifiable_gap_qoq,5,-96.30415293691368,33.960615171841056,-162.86695867372214,-29.74134720010521,108,sample_sensitivity,tdc_residual_z,rolling_oos_standard_deviation,cumulative_sum_h0_to_h
drop_flagged_shocks,exploratory,shock_flag=='',strict_identifiable_gap_qoq,6,-130.81427062113377,41.63192977325545,-212.41285297671445,-49.2156882655531,107,sample_sensitivity,tdc_residual_z,rolling_oos_standard_deviation,cumulative_sum_h0_to_h
drop_flagged_shocks,exploratory,shock_flag=='',strict_identifiable_gap_qoq,7,-135.72999929676655,46.02444494972398,-225.93791139822554,-45.52208719530755,106,sample_sensitivity,tdc_residual_z,rolling_oos_standard_deviation,cumulative_sum_h0_to_h
drop_flagged_shocks,exploratory,shock_flag=='',strict_identifiable_gap_qoq,8,-144.8729154445185,47.59655861620852,-238.1621703322872,-51.583660556749805,105,sample_sensitivity,tdc_residual_z,rolling_oos_standard_deviation,cumulative_sum_h0_to_h
drop_flagged_shocks,exploratory,shock_flag=='',bank_credit_private_qoq,0,15.33467134967448,13.172492039856692,-10.483413048444636,41.15275574779359,61,sample_sensitivity,tdc_residual_z,rolling_oos_standard_deviation,cumulative_sum_h0_to_h
drop_flagged_shocks,exploratory,shock_flag=='',bank_credit_private_qoq,1,21.401351886499832,14.419058781347879,-6.86000332494201,49.66270709794168,60,sample_sensitivity,tdc_residual_z,rolling_oos_standard_deviation,cumulative_sum_h0_to_h
drop_flagged_shocks,exploratory,shock_flag=='',bank_credit_private_qoq,2,22.4364071803172,12.879031078456046,-2.8064937334566515,47.679308094091056,59,sample_sensitivity,tdc_residual_z,rolling_oos_standard_deviation,cumulative_sum_h0_to_h
drop_flagged_shocks,exploratory,shock_flag=='',bank_credit_private_qoq,3,39.09397236446588,15.883966784000009,7.961397467825861,70.22654726110589,58,sample_sensitivity,tdc_residual_z,rolling_oos_standard_deviation,cumulative_sum_h0_to_h
drop_flagged_shocks,exploratory,shock_flag=='',bank_credit_private_qoq,4,55.53863654897475,18.918441135109646,18.458491924159844,92.61878117378966,57,sample_sensitivity,tdc_residual_z,rolling_oos_standard_deviation,cumulative_sum_h0_to_h
drop_flagged_shocks,exploratory,shock_flag=='',bank_credit_private_qoq,5,67.10854250284572,24.914693781766406,18.27574269058357,115.94134231510787,56,sample_sensitivity,tdc_residual_z,rolling_oos_standard_deviation,cumulative_sum_h0_to_h
drop_flagged_shocks,exploratory,shock_flag=='',bank_credit_private_qoq,6,69.76326963695841,26.666807987530287,17.496325981399053,122.03021329251777,55,sample_sensitivity,tdc_residual_z,rolling_oos_standard_deviation,cumulative_sum_h0_to_h
drop_flagged_shocks,exploratory,shock_flag=='',bank_credit_private_qoq,7,77.05241437195593,30.75292809023898,16.77667531508753,137.32815342882435,54,sample_sensitivity,tdc_residual_z,rolling_oos_standard_deviation,cumulative_sum_h0_to_h
drop_flagged_shocks,exploratory,shock_flag=='',bank_credit_private_qoq,8,73.14323249413528,30.542229522256854,13.280462630511842,133.00600235775872,53,sample_sensitivity,tdc_residual_z,rolling_oos_standard_deviation,cumulative_sum_h0_to_h
drop_flagged_shocks,exploratory,shock_flag=='',commercial_industrial_loans_qoq,0,-0.22838841640551255,5.499817911744945,-11.008031523425604,10.551254690614577,113,sample_sensitivity,tdc_residual_z,rolling_oos_standard_deviation,cumulative_sum_h0_to_h
drop_flagged_shocks,exploratory,shock_flag=='',commercial_industrial_loans_qoq,1,-1.6460562427493786,8.826278602588477,-18.945562303822793,15.653449818324038,112,sample_sensitivity,tdc_residual_z,rolling_oos_standard_deviation,cumulative_sum_h0_to_h
drop_flagged_shocks,exploratory,shock_flag=='',commercial_industrial_loans_qoq,2,-12.924249134637968,7.843296182187554,-28.297109651725574,2.448611382449638,111,sample_sensitivity,tdc_residual_z,rolling_oos_standard_deviation,cumulative_sum_h0_to_h
drop_flagged_shocks,exploratory,shock_flag=='',commercial_industrial_loans_qoq,3,-12.586032813940053,7.362698480370606,-27.01692183546644,1.8448562075863357,110,sample_sensitivity,tdc_residual_z,rolling_oos_standard_deviation,cumulative_sum_h0_to_h
drop_flagged_shocks,exploratory,shock_flag=='',commercial_industrial_loans_qoq,4,-11.388486146593369,8.666149017421386,-28.374138220739287,5.597165927552549,109,sample_sensitivity,tdc_residual_z,rolling_oos_standard_deviation,cumulative_sum_h0_to_h
drop_flagged_shocks,exploratory,shock_flag=='',commercial_industrial_loans_qoq,5,-10.335199755412878,9.793027787786174,-29.52953421947378,8.859134708648023,108,sample_sensitivity,tdc_residual_z,rolling_oos_standard_deviation,cumulative_sum_h0_to_h
drop_flagged_shocks,exploratory,shock_flag=='',commercial_industrial_loans_qoq,6,-15.918895503255055,10.946442849085388,-37.37392348746241,5.536132480952304,107,sample_sensitivity,tdc_residual_z,rolling_oos_standard_deviation,cumulative_sum_h0_to_h
drop_flagged_shocks,exploratory,shock_flag=='',commercial_industrial_loans_qoq,7,-11.81278647321825,11.607831882174754,-34.56413696228077,10.938564015844268,106,sample_sensitivity,tdc_residual_z,rolling_oos_standard_deviation,cumulative_sum_h0_to_h
drop_flagged_shocks,exploratory,shock_flag=='',commercial_industrial_loans_qoq,8,-11.127317151406862,11.926369662969798,-34.503001690827666,12.248367388013941,105,sample_sensitivity,tdc_residual_z,rolling_oos_standard_deviation,cumulative_sum_h0_to_h
drop_flagged_shocks,exploratory,shock_flag=='',construction_land_development_loans_qoq,0,0.18712753460697285,0.246264169821458,-0.2955502382430848,0.6698053074570305,40,sample_sensitivity,tdc_residual_z,rolling_oos_standard_deviation,cumulative_sum_h0_to_h
drop_flagged_shocks,exploratory,shock_flag=='',construction_land_development_loans_qoq,1,-0.37208311960012813,0.6202633779515621,-1.5877993403851898,0.8436331011849334,39,sample_sensitivity,tdc_residual_z,rolling_oos_standard_deviation,cumulative_sum_h0_to_h
drop_flagged_shocks,exploratory,shock_flag=='',construction_land_development_loans_qoq,2,-0.21767404323502726,0.7942619297677589,-1.7744274255798347,1.3390793391097802,38,sample_sensitivity,tdc_residual_z,rolling_oos_standard_deviation,cumulative_sum_h0_to_h
drop_flagged_shocks,exploratory,shock_flag=='',construction_land_development_loans_qoq,3,-0.907494908872766,0.9042762505697605,-2.679876359989496,0.8648865422439644,37,sample_sensitivity,tdc_residual_z,rolling_oos_standard_deviation,cumulative_sum_h0_to_h
drop_flagged_shocks,exploratory,shock_flag=='',construction_land_development_loans_qoq,4,-0.8739473291442428,1.0289839976473039,-2.8907559645329584,1.1428613062444728,36,sample_sensitivity,tdc_residual_z,rolling_oos_standard_deviation,cumulative_sum_h0_to_h
drop_flagged_shocks,exploratory,shock_flag=='',construction_land_development_loans_qoq,5,-0.5591953845014692,0.8706660984917638,-2.2657009375453265,1.1473101685423879,35,sample_sensitivity,tdc_residual_z,rolling_oos_standard_deviation,cumulative_sum_h0_to_h
drop_flagged_shocks,exploratory,shock_flag=='',construction_land_development_loans_qoq,6,0.0294272871608543,0.8015395184843328,-1.541590169068438,1.6004447433901465,34,sample_sensitivity,tdc_residual_z,rolling_oos_standard_deviation,cumulative_sum_h0_to_h
drop_flagged_shocks,exploratory,shock_flag=='',construction_land_development_loans_qoq,7,0.492708117582044,0.8732001435476647,-1.2187641637713789,2.204180398935467,33,sample_sensitivity,tdc_residual_z,rolling_oos_standard_deviation,cumulative_sum_h0_to_h
drop_flagged_shocks,exploratory,shock_flag=='',construction_land_development_loans_qoq,8,1.2938810731948127,0.8273271773033654,-0.32768019431978335,2.9154423407094088,32,sample_sensitivity,tdc_residual_z,rolling_oos_standard_deviation,cumulative_sum_h0_to_h
drop_flagged_shocks,exploratory,shock_flag=='',cre_multifamily_loans_qoq,0,-0.7204786382234215,0.5341540777976641,-1.7674206307068432,0.32646335426000006,40,sample_sensitivity,tdc_residual_z,rolling_oos_standard_deviation,cumulative_sum_h0_to_h
drop_flagged_shocks,exploratory,shock_flag=='',cre_multifamily_loans_qoq,1,-0.7999943580836464,0.7413109091368406,-2.252963739991854,0.6529750238245613,39,sample_sensitivity,tdc_residual_z,rolling_oos_standard_deviation,cumulative_sum_h0_to_h
drop_flagged_shocks,exploratory,shock_flag=='',cre_multifamily_loans_qoq,2,-2.5980273867878383,1.095505063104576,-4.745217310472807,-0.4508374631028693,38,sample_sensitivity,tdc_residual_z,rolling_oos_standard_deviation,cumulative_sum_h0_to_h
drop_flagged_shocks,exploratory,shock_flag=='',cre_multifamily_loans_qoq,3,-2.6598872471938,1.209641110851073,-5.030783824461903,-0.2889906699256972,37,sample_sensitivity,tdc_residual_z,rolling_oos_standard_deviation,cumulative_sum_h0_to_h
drop_flagged_shocks,exploratory,shock_flag=='',cre_multifamily_loans_qoq,4,-3.4147041483068987,1.5088646051689976,-6.372078774438133,-0.4573295221756637,36,sample_sensitivity,tdc_residual_z,rolling_oos_standard_deviation,cumulative_sum_h0_to_h
drop_flagged_shocks,exploratory,shock_flag=='',cre_multifamily_loans_qoq,5,-0.5701561574128222,1.1700774288466507,-2.8635079179522576,1.7231956031266131,35,sample_sensitivity,tdc_residual_z,rolling_oos_standard_deviation,cumulative_sum_h0_to_h
drop_flagged_shocks,exploratory,shock_flag=='',cre_multifamily_loans_qoq,6,-0.11308363655723319,1.112970482584588,-2.294505782423026,2.0683385093085596,34,sample_sensitivity,tdc_residual_z,rolling_oos_standard_deviation,cumulative_sum_h0_to_h
drop_flagged_shocks,exploratory,shock_flag=='',cre_multifamily_loans_qoq,7,2.864000374576995,2.1458498245081983,-1.3418652814590732,7.069866030613063,33,sample_sensitivity,tdc_residual_z,rolling_oos_standard_deviation,cumulative_sum_h0_to_h
drop_flagged_shocks,exploratory,shock_flag=='',cre_multifamily_loans_qoq,8,2.3322205970582157,1.0625375000987536,0.2496470968646589,4.4147940972517725,32,sample_sensitivity,tdc_residual_z,rolling_oos_standard_deviation,cumulative_sum_h0_to_h
drop_flagged_shocks,exploratory,shock_flag=='',cre_nonfarm_nonresidential_loans_qoq,0,-0.5022048128844783,0.6977348828287987,-1.8697651832289237,0.8653555574599672,40,sample_sensitivity,tdc_residual_z,rolling_oos_standard_deviation,cumulative_sum_h0_to_h
drop_flagged_shocks,exploratory,shock_flag=='',cre_nonfarm_nonresidential_loans_qoq,1,-1.2279708244915497,0.9917520978756771,-3.171804936327877,0.7158632873447774,39,sample_sensitivity,tdc_residual_z,rolling_oos_standard_deviation,cumulative_sum_h0_to_h
drop_flagged_shocks,exploratory,shock_flag=='',cre_nonfarm_nonresidential_loans_qoq,2,-2.2868729618356674,1.3284757911056622,-4.890685512402765,0.31693958873143036,38,sample_sensitivity,tdc_residual_z,rolling_oos_standard_deviation,cumulative_sum_h0_to_h
drop_flagged_shocks,exploratory,shock_flag=='',cre_nonfarm_nonresidential_loans_qoq,3,-2.661533415133979,1.7448868861366778,-6.081511711961868,0.7584448816939093,37,sample_sensitivity,tdc_residual_z,rolling_oos_standard_deviation,cumulative_sum_h0_to_h
drop_flagged_shocks,exploratory,shock_flag=='',cre_nonfarm_nonresidential_loans_qoq,4,-3.0761822378823167,1.8286310722931336,-6.660299139576859,0.5079346638122253,36,sample_sensitivity,tdc_residual_z,rolling_oos_standard_deviation,cumulative_sum_h0_to_h
drop_flagged_shocks,exploratory,shock_flag=='',cre_nonfarm_nonresidential_loans_qoq,5,-1.167578144407278,1.8104588284062628,-4.716077448083553,2.380921159268997,35,sample_sensitivity,tdc_residual_z,rolling_oos_standard_deviation,cumulative_sum_h0_to_h
drop_flagged_shocks,exploratory,shock_flag=='',cre_nonfarm_nonresidential_loans_qoq,6,0.2236995235530479,1.8963138561919093,-3.4930756345830942,3.94047468168919,34,sample_sensitivity,tdc_residual_z,rolling_oos_standard_deviation,cumulative_sum_h0_to_h
drop_flagged_shocks,exploratory,shock_flag=='',cre_nonfarm_nonresidential_loans_qoq,7,2.723113600250432,2.007682757961366,-1.2119446053538452,6.6581718058547095,33,sample_sensitivity,tdc_residual_z,rolling_oos_standard_deviation,cumulative_sum_h0_to_h
drop_flagged_shocks,exploratory,shock_flag=='',cre_nonfarm_nonresidential_loans_qoq,8,3.1062570667830194,1.7051966182840523,-0.2359283050537231,6.448442438619762,32,sample_sensitivity,tdc_residual_z,rolling_oos_standard_deviation,cumulative_sum_h0_to_h
drop_flagged_shocks,exploratory,shock_flag=='',consumer_loans_qoq,0,-2.677307296860481,1.5821451824541315,-5.778311854470578,0.4236972607496168,113,sample_sensitivity,tdc_residual_z,rolling_oos_standard_deviation,cumulative_sum_h0_to_h
drop_flagged_shocks,exploratory,shock_flag=='',consumer_loans_qoq,1,-6.5513996506652585,2.6477048171547746,-11.740901092288617,-1.3618982090419003,112,sample_sensitivity,tdc_residual_z,rolling_oos_standard_deviation,cumulative_sum_h0_to_h
drop_flagged_shocks,exploratory,shock_flag=='',consumer_loans_qoq,2,-6.822220087682629,3.1239619374584655,-12.94518548510122,-0.6992546902640369,111,sample_sensitivity,tdc_residual_z,rolling_oos_standard_deviation,cumulative_sum_h0_to_h
drop_flagged_shocks,exploratory,shock_flag=='',consumer_loans_qoq,3,-6.233204051338851,3.6775301040835995,-13.441163055342706,0.9747549526650037,110,sample_sensitivity,tdc_residual_z,rolling_oos_standard_deviation,cumulative_sum_h0_to_h
drop_flagged_shocks,exploratory,shock_flag=='',consumer_loans_qoq,4,-1.707870998844941,4.666952090352401,-10.855097095935648,7.439355098245766,109,sample_sensitivity,tdc_residual_z,rolling_oos_standard_deviation,cumulative_sum_h0_to_h
drop_flagged_shocks,exploratory,shock_flag=='',consumer_loans_qoq,5,3.5809896213119883,7.707544650198008,-11.525797893076106,18.687777135700085,108,sample_sensitivity,tdc_residual_z,rolling_oos_standard_deviation,cumulative_sum_h0_to_h
drop_flagged_shocks,exploratory,shock_flag=='',consumer_loans_qoq,6,0.8514658993240882,6.078819472881563,-11.063020267523775,12.765952066171952,107,sample_sensitivity,tdc_residual_z,rolling_oos_standard_deviation,cumulative_sum_h0_to_h
drop_flagged_shocks,exploratory,shock_flag=='',consumer_loans_qoq,7,0.6768310605834724,5.9191504235337336,-10.924703769542646,12.27836589070959,106,sample_sensitivity,tdc_residual_z,rolling_oos_standard_deviation,cumulative_sum_h0_to_h
drop_flagged_shocks,exploratory,shock_flag=='',consumer_loans_qoq,8,0.4992397185086821,5.964765924746445,-11.191701493994348,12.190180931011714,105,sample_sensitivity,tdc_residual_z,rolling_oos_standard_deviation,cumulative_sum_h0_to_h
drop_flagged_shocks,exploratory,shock_flag=='',credit_card_revolving_loans_qoq,0,-1.6732453080281742,1.4965697336968533,-4.606521986074007,1.2600313700176584,97,sample_sensitivity,tdc_residual_z,rolling_oos_standard_deviation,cumulative_sum_h0_to_h
drop_flagged_shocks,exploratory,shock_flag=='',credit_card_revolving_loans_qoq,1,-6.710143297737821,2.7507116415112356,-12.101538115099842,-1.318748480375799,96,sample_sensitivity,tdc_residual_z,rolling_oos_standard_deviation,cumulative_sum_h0_to_h
drop_flagged_shocks,exploratory,shock_flag=='',credit_card_revolving_loans_qoq,2,-6.379299723570199,2.9225247413608972,-12.107448216637557,-0.6511512305028404,95,sample_sensitivity,tdc_residual_z,rolling_oos_standard_deviation,cumulative_sum_h0_to_h
drop_flagged_shocks,exploratory,shock_flag=='',credit_card_revolving_loans_qoq,3,-6.400260249800869,3.3802154238106596,-13.025482480469762,0.22496198086802366,94,sample_sensitivity,tdc_residual_z,rolling_oos_standard_deviation,cumulative_sum_h0_to_h
drop_flagged_shocks,exploratory,shock_flag=='',credit_card_revolving_loans_qoq,4,-1.249608819089528,4.822400342250404,-10.701513489900321,8.202295851721264,93,sample_sensitivity,tdc_residual_z,rolling_oos_standard_deviation,cumulative_sum_h0_to_h
drop_flagged_shocks,exploratory,shock_flag=='',credit_card_revolving_loans_qoq,5,5.223954936306231,9.362344185104144,-13.126239666497892,23.574149539110355,92,sample_sensitivity,tdc_residual_z,rolling_oos_standard_deviation,cumulative_sum_h0_to_h
drop_flagged_shocks,exploratory,shock_flag=='',credit_card_revolving_loans_qoq,6,1.7199039041576887,7.2709671157826685,-12.531191642776342,15.970999451091718,91,sample_sensitivity,tdc_residual_z,rolling_oos_standard_deviation,cumulative_sum_h0_to_h
drop_flagged_shocks,exploratory,shock_flag=='',credit_card_revolving_loans_qoq,7,0.7346491634354964,6.94769727119128,-12.882837488099412,14.352135814970406,90,sample_sensitivity,tdc_residual_z,rolling_oos_standard_deviation,cumulative_sum_h0_to_h
drop_flagged_shocks,exploratory,shock_flag=='',credit_card_revolving_loans_qoq,8,1.0077869588592048,7.196496681666907,-13.097346537207931,15.112920454926341,89,sample_sensitivity,tdc_residual_z,rolling_oos_standard_deviation,cumulative_sum_h0_to_h
drop_flagged_shocks,exploratory,shock_flag=='',auto_loans_qoq,0,0.12049563830484483,0.2009329247406445,-0.2733328941868184,0.514324170796508,40,sample_sensitivity,tdc_residual_z,rolling_oos_standard_deviation,cumulative_sum_h0_to_h
drop_flagged_shocks,exploratory,shock_flag=='',auto_loans_qoq,1,0.6663121890799875,0.6327724728972121,-0.5739218577985481,1.906546235958523,39,sample_sensitivity,tdc_residual_z,rolling_oos_standard_deviation,cumulative_sum_h0_to_h
drop_flagged_shocks,exploratory,shock_flag=='',auto_loans_qoq,2,1.3700313414289604,0.8587496439433122,-0.3131179606999315,3.0531806435578526,38,sample_sensitivity,tdc_residual_z,rolling_oos_standard_deviation,cumulative_sum_h0_to_h
drop_flagged_shocks,exploratory,shock_flag=='',auto_loans_qoq,3,2.418097518001479,0.8902580313902885,0.6731917764765136,4.163003259526445,37,sample_sensitivity,tdc_residual_z,rolling_oos_standard_deviation,cumulative_sum_h0_to_h
drop_flagged_shocks,exploratory,shock_flag=='',auto_loans_qoq,4,2.87468091908773,0.9614683911501504,0.9902028724334353,4.759158965742024,36,sample_sensitivity,tdc_residual_z,rolling_oos_standard_deviation,cumulative_sum_h0_to_h
drop_flagged_shocks,exploratory,shock_flag=='',auto_loans_qoq,5,3.421168876474033,1.071285821493059,1.3214486663476377,5.5208890866004285,35,sample_sensitivity,tdc_residual_z,rolling_oos_standard_deviation,cumulative_sum_h0_to_h
drop_flagged_shocks,exploratory,shock_flag=='',auto_loans_qoq,6,3.7305420412874053,1.269076034549995,1.2431530135694153,6.217931069005395,34,sample_sensitivity,tdc_residual_z,rolling_oos_standard_deviation,cumulative_sum_h0_to_h
drop_flagged_shocks,exploratory,shock_flag=='',auto_loans_qoq,7,4.656502213245824,1.5218439079292572,1.67368815370448,7.639316272787168,33,sample_sensitivity,tdc_residual_z,rolling_oos_standard_deviation,cumulative_sum_h0_to_h
drop_flagged_shocks,exploratory,shock_flag=='',auto_loans_qoq,8,4.89117621973612,1.6107739614576948,1.7340592552790381,8.048293184193202,32,sample_sensitivity,tdc_residual_z,rolling_oos_standard_deviation,cumulative_sum_h0_to_h
drop_flagged_shocks,exploratory,shock_flag=='',other_consumer_loans_qoq,0,-1.3946010879436748,0.8790809092762741,-3.117599670125172,0.3283974942378225,97,sample_sensitivity,tdc_residual_z,rolling_oos_standard_deviation,cumulative_sum_h0_to_h
drop_flagged_shocks,exploratory,shock_flag=='',other_consumer_loans_qoq,1,-1.335236422304899,1.070462734817761,-3.4333433825477107,0.7628705379379126,96,sample_sensitivity,tdc_residual_z,rolling_oos_standard_deviation,cumulative_sum_h0_to_h
drop_flagged_shocks,exploratory,shock_flag=='',other_consumer_loans_qoq,2,-1.511678012535581,1.5080568506190406,-4.467469439748901,1.4441134146777383,95,sample_sensitivity,tdc_residual_z,rolling_oos_standard_deviation,cumulative_sum_h0_to_h
drop_flagged_shocks,exploratory,shock_flag=='',other_consumer_loans_qoq,3,-0.41879065925568204,1.757957346793195,-3.8643870589703444,3.0268057404589803,94,sample_sensitivity,tdc_residual_z,rolling_oos_standard_deviation,cumulative_sum_h0_to_h
drop_flagged_shocks,exploratory,shock_flag=='',other_consumer_loans_qoq,4,-0.09924509370870904,1.9494535388231027,-3.92017402980199,3.721683842384572,93,sample_sensitivity,tdc_residual_z,rolling_oos_standard_deviation,cumulative_sum_h0_to_h
drop_flagged_shocks,exploratory,shock_flag=='',other_consumer_loans_qoq,5,0.4235090367724581,2.2388690895802887,-3.964674378804908,4.811692452349824,92,sample_sensitivity,tdc_residual_z,rolling_oos_standard_deviation,cumulative_sum_h0_to_h
drop_flagged_shocks,exploratory,shock_flag=='',other_consumer_loans_qoq,6,0.7225648789604824,2.384388023478983,-3.950835647058325,5.39596540497929,91,sample_sensitivity,tdc_residual_z,rolling_oos_standard_deviation,cumulative_sum_h0_to_h
drop_flagged_shocks,exploratory,shock_flag=='',other_consumer_loans_qoq,7,0.9207858083163534,2.864088616015082,-4.6928278790732065,6.534399495705914,90,sample_sensitivity,tdc_residual_z,rolling_oos_standard_deviation,cumulative_sum_h0_to_h
drop_flagged_shocks,exploratory,shock_flag=='',other_consumer_loans_qoq,8,0.672911043924008,3.1656322520151683,-5.531728170025723,6.877550257873738,89,sample_sensitivity,tdc_residual_z,rolling_oos_standard_deviation,cumulative_sum_h0_to_h
drop_flagged_shocks,exploratory,shock_flag=='',heloc_loans_qoq,0,0.6581113976404096,0.44370905118332854,-0.21155834267891427,1.5277811379597335,113,sample_sensitivity,tdc_residual_z,rolling_oos_standard_deviation,cumulative_sum_h0_to_h
drop_flagged_shocks,exploratory,shock_flag=='',heloc_loans_qoq,1,0.0015572623940443009,0.45683208763298483,-0.8938336293666059,0.8969481541546945,112,sample_sensitivity,tdc_residual_z,rolling_oos_standard_deviation,cumulative_sum_h0_to_h
drop_flagged_shocks,exploratory,shock_flag=='',heloc_loans_qoq,2,-0.39753717753045303,0.8877442825119154,-2.137515971253807,1.3424416161929011,111,sample_sensitivity,tdc_residual_z,rolling_oos_standard_deviation,cumulative_sum_h0_to_h
drop_flagged_shocks,exploratory,shock_flag=='',heloc_loans_qoq,3,-0.5430455776753835,1.3716493791695616,-3.231478360847724,2.1453872054969576,110,sample_sensitivity,tdc_residual_z,rolling_oos_standard_deviation,cumulative_sum_h0_to_h
drop_flagged_shocks,exploratory,shock_flag=='',heloc_loans_qoq,4,0.11510735946830852,1.6148879314289066,-3.0500729861323483,3.2802877050689654,109,sample_sensitivity,tdc_residual_z,rolling_oos_standard_deviation,cumulative_sum_h0_to_h
drop_flagged_shocks,exploratory,shock_flag=='',heloc_loans_qoq,5,0.4818857229767597,1.970659942738985,-3.380607764791651,4.344379210745171,108,sample_sensitivity,tdc_residual_z,rolling_oos_standard_deviation,cumulative_sum_h0_to_h
drop_flagged_shocks,exploratory,shock_flag=='',heloc_loans_qoq,6,0.6768132353148497,2.333081914532012,-3.896027317167894,5.249653787797593,107,sample_sensitivity,tdc_residual_z,rolling_oos_standard_deviation,cumulative_sum_h0_to_h
drop_flagged_shocks,exploratory,shock_flag=='',heloc_loans_qoq,7,1.1255705336469009,2.702472202697018,-4.171274983639255,6.422416050933056,106,sample_sensitivity,tdc_residual_z,rolling_oos_standard_deviation,cumulative_sum_h0_to_h
drop_flagged_shocks,exploratory,shock_flag=='',heloc_loans_qoq,8,1.731866420934043,3.11557659443703,-4.374663704162535,7.838396546030622,105,sample_sensitivity,tdc_residual_z,rolling_oos_standard_deviation,cumulative_sum_h0_to_h
drop_flagged_shocks,exploratory,shock_flag=='',closed_end_residential_loans_qoq,0,0.6412435878884049,2.564031625934832,-4.3842583989438655,5.666745574720675,81,sample_sensitivity,tdc_residual_z,rolling_oos_standard_deviation,cumulative_sum_h0_to_h
drop_flagged_shocks,exploratory,shock_flag=='',closed_end_residential_loans_qoq,1,0.6198930570592465,3.148992670454608,-5.552132577031785,6.791918691150278,80,sample_sensitivity,tdc_residual_z,rolling_oos_standard_deviation,cumulative_sum_h0_to_h
drop_flagged_shocks,exploratory,shock_flag=='',closed_end_residential_loans_qoq,2,-2.5414831764173402,3.4023443149850046,-9.21007803378795,4.127111680953268,79,sample_sensitivity,tdc_residual_z,rolling_oos_standard_deviation,cumulative_sum_h0_to_h
drop_flagged_shocks,exploratory,shock_flag=='',closed_end_residential_loans_qoq,3,-1.5061179497204247,3.258034081543565,-7.891864749545812,4.879628850104963,78,sample_sensitivity,tdc_residual_z,rolling_oos_standard_deviation,cumulative_sum_h0_to_h
drop_flagged_shocks,exploratory,shock_flag=='',closed_end_residential_loans_qoq,4,2.748430628449449,4.947960386016812,-6.9495717281435025,12.4464329850424,77,sample_sensitivity,tdc_residual_z,rolling_oos_standard_deviation,cumulative_sum_h0_to_h
drop_flagged_shocks,exploratory,shock_flag=='',closed_end_residential_loans_qoq,5,2.7287847368175555,5.623637740369987,-8.293545234307619,13.75111470794273,76,sample_sensitivity,tdc_residual_z,rolling_oos_standard_deviation,cumulative_sum_h0_to_h
drop_flagged_shocks,exploratory,shock_flag=='',closed_end_residential_loans_qoq,6,3.217562677769961,6.053987334184572,-8.648252497231798,15.083377852771722,75,sample_sensitivity,tdc_residual_z,rolling_oos_standard_deviation,cumulative_sum_h0_to_h
drop_flagged_shocks,exploratory,shock_flag=='',closed_end_residential_loans_qoq,7,3.8249513628004266,6.136112159219611,-8.20182846927001,15.851731194870863,74,sample_sensitivity,tdc_residual_z,rolling_oos_standard_deviation,cumulative_sum_h0_to_h
drop_flagged_shocks,exploratory,shock_flag=='',closed_end_residential_loans_qoq,8,6.51527361302698,6.4191394541049345,-6.066239717018692,19.09678694307265,73,sample_sensitivity,tdc_residual_z,rolling_oos_standard_deviation,cumulative_sum_h0_to_h
drop_flagged_shocks,exploratory,shock_flag=='',loans_to_commercial_banks_qoq,0,0.22380552411329524,0.6762174523017613,-1.1015806823981569,1.5491917306247474,113,sample_sensitivity,tdc_residual_z,rolling_oos_standard_deviation,cumulative_sum_h0_to_h
drop_flagged_shocks,exploratory,shock_flag=='',loans_to_commercial_banks_qoq,1,1.5318143103423714,1.0105088194184622,-0.44878297571781434,3.512411596402557,112,sample_sensitivity,tdc_residual_z,rolling_oos_standard_deviation,cumulative_sum_h0_to_h
drop_flagged_shocks,exploratory,shock_flag=='',loans_to_commercial_banks_qoq,2,0.8650889622733373,0.7777713350491251,-0.6593428544229478,2.3895207789696222,111,sample_sensitivity,tdc_residual_z,rolling_oos_standard_deviation,cumulative_sum_h0_to_h
drop_flagged_shocks,exploratory,shock_flag=='',loans_to_commercial_banks_qoq,3,0.11565960497517591,0.8573161038844972,-1.5646799586384386,1.7959991685887904,110,sample_sensitivity,tdc_residual_z,rolling_oos_standard_deviation,cumulative_sum_h0_to_h
drop_flagged_shocks,exploratory,shock_flag=='',loans_to_commercial_banks_qoq,4,-1.1228760265985136,0.6706388050644191,-2.4373280845247747,0.1915760313277477,109,sample_sensitivity,tdc_residual_z,rolling_oos_standard_deviation,cumulative_sum_h0_to_h
drop_flagged_shocks,exploratory,shock_flag=='',loans_to_commercial_banks_qoq,5,-1.3480129699907073,1.0155426858858005,-3.3384766343268764,0.6424506943454618,108,sample_sensitivity,tdc_residual_z,rolling_oos_standard_deviation,cumulative_sum_h0_to_h
drop_flagged_shocks,exploratory,shock_flag=='',loans_to_commercial_banks_qoq,6,-1.5453891710274426,1.0272683444252464,-3.5588351261009255,0.46805678404604034,107,sample_sensitivity,tdc_residual_z,rolling_oos_standard_deviation,cumulative_sum_h0_to_h
drop_flagged_shocks,exploratory,shock_flag=='',loans_to_commercial_banks_qoq,7,-0.8852939682336661,1.0204957417160845,-2.8854656219971915,1.1148776855298594,106,sample_sensitivity,tdc_residual_z,rolling_oos_standard_deviation,cumulative_sum_h0_to_h
drop_flagged_shocks,exploratory,shock_flag=='',loans_to_commercial_banks_qoq,8,-1.319024133485223,1.1280503743341532,-3.5300028671801633,0.8919546002097172,105,sample_sensitivity,tdc_residual_z,rolling_oos_standard_deviation,cumulative_sum_h0_to_h
drop_flagged_shocks,exploratory,shock_flag=='',loans_to_nondepository_financial_institutions_qoq,0,7.286226287183772,5.012238177037209,-2.537760539809157,17.1102131141767,40,sample_sensitivity,tdc_residual_z,rolling_oos_standard_deviation,cumulative_sum_h0_to_h
drop_flagged_shocks,exploratory,shock_flag=='',loans_to_nondepository_financial_institutions_qoq,1,10.746625414724676,6.031088128356762,-1.0743073168545774,22.56755814630393,39,sample_sensitivity,tdc_residual_z,rolling_oos_standard_deviation,cumulative_sum_h0_to_h
drop_flagged_shocks,exploratory,shock_flag=='',loans_to_nondepository_financial_institutions_qoq,2,14.7157330619267,9.209750274376287,-3.3353774758508212,32.766843599704224,38,sample_sensitivity,tdc_residual_z,rolling_oos_standard_deviation,cumulative_sum_h0_to_h
drop_flagged_shocks,exploratory,shock_flag=='',loans_to_nondepository_financial_institutions_qoq,3,14.766277337104292,8.374427897264416,-1.6476013415339636,31.180156015742547,37,sample_sensitivity,tdc_residual_z,rolling_oos_standard_deviation,cumulative_sum_h0_to_h
drop_flagged_shocks,exploratory,shock_flag=='',loans_to_nondepository_financial_institutions_qoq,4,10.660197046039453,5.7309957428393785,-0.5725546099257279,21.892948702004634,36,sample_sensitivity,tdc_residual_z,rolling_oos_standard_deviation,cumulative_sum_h0_to_h
drop_flagged_shocks,exploratory,shock_flag=='',loans_to_nondepository_financial_institutions_qoq,5,9.139422215706684,7.222184256247176,-5.016058926537781,23.29490335795115,35,sample_sensitivity,tdc_residual_z,rolling_oos_standard_deviation,cumulative_sum_h0_to_h
drop_flagged_shocks,exploratory,shock_flag=='',loans_to_nondepository_financial_institutions_qoq,6,7.376577158767015,6.138914724786858,-4.655695701815226,19.408850019349256,34,sample_sensitivity,tdc_residual_z,rolling_oos_standard_deviation,cumulative_sum_h0_to_h
drop_flagged_shocks,exploratory,shock_flag=='',loans_to_nondepository_financial_institutions_qoq,7,6.258346424490853,4.169374958911014,-1.9136284949747342,14.43032134395644,33,sample_sensitivity,tdc_residual_z,rolling_oos_standard_deviation,cumulative_sum_h0_to_h
drop_flagged_shocks,exploratory,shock_flag=='',loans_to_nondepository_financial_institutions_qoq,8,4.37670478399404,4.828217249397191,-5.086601024824455,13.840010592812535,32,sample_sensitivity,tdc_residual_z,rolling_oos_standard_deviation,cumulative_sum_h0_to_h
drop_flagged_shocks,exploratory,shock_flag=='',loans_for_purchasing_or_carrying_securities_qoq,0,0.28367883816682543,0.8094560330323596,-1.3028549865765993,1.87021266291025,113,sample_sensitivity,tdc_residual_z,rolling_oos_standard_deviation,cumulative_sum_h0_to_h
drop_flagged_shocks,exploratory,shock_flag=='',loans_for_purchasing_or_carrying_securities_qoq,1,1.0477149239778174,1.4494632260503764,-1.7932329990809204,3.888662847036555,112,sample_sensitivity,tdc_residual_z,rolling_oos_standard_deviation,cumulative_sum_h0_to_h
drop_flagged_shocks,exploratory,shock_flag=='',loans_for_purchasing_or_carrying_securities_qoq,2,1.4561280285836085,1.7074033843013598,-1.8903826046470567,4.802638661814274,111,sample_sensitivity,tdc_residual_z,rolling_oos_standard_deviation,cumulative_sum_h0_to_h
drop_flagged_shocks,exploratory,shock_flag=='',loans_for_purchasing_or_carrying_securities_qoq,3,2.705948450488553,2.3766117734362213,-1.9522106254464409,7.364107526423547,110,sample_sensitivity,tdc_residual_z,rolling_oos_standard_deviation,cumulative_sum_h0_to_h
drop_flagged_shocks,exploratory,shock_flag=='',loans_for_purchasing_or_carrying_securities_qoq,4,4.322010876130542,3.0869332756817283,-1.7283783442056455,10.37240009646673,109,sample_sensitivity,tdc_residual_z,rolling_oos_standard_deviation,cumulative_sum_h0_to_h
drop_flagged_shocks,exploratory,shock_flag=='',loans_for_purchasing_or_carrying_securities_qoq,5,3.6541529303072626,2.5633170831033527,-1.3699485525753086,8.678254413189833,108,sample_sensitivity,tdc_residual_z,rolling_oos_standard_deviation,cumulative_sum_h0_to_h
drop_flagged_shocks,exploratory,shock_flag=='',loans_for_purchasing_or_carrying_securities_qoq,6,1.1497944344435087,1.732671947672404,-2.246242582994403,4.545831451881421,107,sample_sensitivity,tdc_residual_z,rolling_oos_standard_deviation,cumulative_sum_h0_to_h
drop_flagged_shocks,exploratory,shock_flag=='',loans_for_purchasing_or_carrying_securities_qoq,7,1.3575679457124694,1.7143697250465169,-2.0025967153787034,4.717732606803643,106,sample_sensitivity,tdc_residual_z,rolling_oos_standard_deviation,cumulative_sum_h0_to_h
drop_flagged_shocks,exploratory,shock_flag=='',loans_for_purchasing_or_carrying_securities_qoq,8,0.04843067678574986,1.7495077086830628,-3.3806044322330533,3.477465785804553,105,sample_sensitivity,tdc_residual_z,rolling_oos_standard_deviation,cumulative_sum_h0_to_h
drop_flagged_shocks,exploratory,shock_flag=='',treasury_securities_bank_qoq,0,2.12464320754165,1.632889368476902,-1.0758199546730776,5.325106369756377,113,sample_sensitivity,tdc_residual_z,rolling_oos_standard_deviation,cumulative_sum_h0_to_h
drop_flagged_shocks,exploratory,shock_flag=='',treasury_securities_bank_qoq,1,7.789829964902142,3.625165908707542,0.6845047838353597,14.895155145968925,112,sample_sensitivity,tdc_residual_z,rolling_oos_standard_deviation,cumulative_sum_h0_to_h
drop_flagged_shocks,exploratory,shock_flag=='',treasury_securities_bank_qoq,2,12.625354904439183,5.466852302903323,1.91032439074867,23.340385418129696,111,sample_sensitivity,tdc_residual_z,rolling_oos_standard_deviation,cumulative_sum_h0_to_h
drop_flagged_shocks,exploratory,shock_flag=='',treasury_securities_bank_qoq,3,17.009271953095492,8.343493111388776,0.6560254547734914,33.36251845141749,110,sample_sensitivity,tdc_residual_z,rolling_oos_standard_deviation,cumulative_sum_h0_to_h
drop_flagged_shocks,exploratory,shock_flag=='',treasury_securities_bank_qoq,4,18.26933916391611,8.396634970674466,1.8119346213941583,34.726743706438064,109,sample_sensitivity,tdc_residual_z,rolling_oos_standard_deviation,cumulative_sum_h0_to_h
drop_flagged_shocks,exploratory,shock_flag=='',treasury_securities_bank_qoq,5,19.160442889186353,9.311798853193876,0.9093171369263544,37.41156864144635,108,sample_sensitivity,tdc_residual_z,rolling_oos_standard_deviation,cumulative_sum_h0_to_h
drop_flagged_shocks,exploratory,shock_flag=='',treasury_securities_bank_qoq,6,15.806784147441418,9.497302362353867,-2.8079284827721605,34.421496777654994,107,sample_sensitivity,tdc_residual_z,rolling_oos_standard_deviation,cumulative_sum_h0_to_h
drop_flagged_shocks,exploratory,shock_flag=='',treasury_securities_bank_qoq,7,16.897050795766567,11.142343200066705,-4.941941876364172,38.736043467897304,106,sample_sensitivity,tdc_residual_z,rolling_oos_standard_deviation,cumulative_sum_h0_to_h
drop_flagged_shocks,exploratory,shock_flag=='',treasury_securities_bank_qoq,8,12.410580958982496,11.977150763851274,-11.064634538166,35.88579645613099,105,sample_sensitivity,tdc_residual_z,rolling_oos_standard_deviation,cumulative_sum_h0_to_h
drop_flagged_shocks,exploratory,shock_flag=='',agency_gse_backed_securities_bank_qoq,0,11.212722625874203,3.4099427166994456,4.52923490114329,17.896210350605116,113,sample_sensitivity,tdc_residual_z,rolling_oos_standard_deviation,cumulative_sum_h0_to_h
drop_flagged_shocks,exploratory,shock_flag=='',agency_gse_backed_securities_bank_qoq,1,15.305343556564237,6.122226340190282,3.305779929791285,27.30490718333719,112,sample_sensitivity,tdc_residual_z,rolling_oos_standard_deviation,cumulative_sum_h0_to_h
drop_flagged_shocks,exploratory,shock_flag=='',agency_gse_backed_securities_bank_qoq,2,15.551553917914939,8.307669863354379,-0.7314790142596426,31.834586850089522,111,sample_sensitivity,tdc_residual_z,rolling_oos_standard_deviation,cumulative_sum_h0_to_h
drop_flagged_shocks,exploratory,shock_flag=='',agency_gse_backed_securities_bank_qoq,3,15.195442145355436,11.496651249017704,-7.337994302719263,37.72887859343014,110,sample_sensitivity,tdc_residual_z,rolling_oos_standard_deviation,cumulative_sum_h0_to_h
drop_flagged_shocks,exploratory,shock_flag=='',agency_gse_backed_securities_bank_qoq,4,13.978240988151676,14.07647629663675,-13.611652553256356,41.56813452955971,109,sample_sensitivity,tdc_residual_z,rolling_oos_standard_deviation,cumulative_sum_h0_to_h
drop_flagged_shocks,exploratory,shock_flag=='',agency_gse_backed_securities_bank_qoq,5,11.200202814267236,17.02074097566752,-22.160449498041096,44.56085512657557,108,sample_sensitivity,tdc_residual_z,rolling_oos_standard_deviation,cumulative_sum_h0_to_h
drop_flagged_shocks,exploratory,shock_flag=='',agency_gse_backed_securities_bank_qoq,6,9.279324588086983,19.04438791067518,-28.04767571683637,46.60632489301034,107,sample_sensitivity,tdc_residual_z,rolling_oos_standard_deviation,cumulative_sum_h0_to_h
drop_flagged_shocks,exploratory,shock_flag=='',agency_gse_backed_securities_bank_qoq,7,6.018354239972815,19.882050146855985,-32.95046404786491,44.98717252781054,106,sample_sensitivity,tdc_residual_z,rolling_oos_standard_deviation,cumulative_sum_h0_to_h
drop_flagged_shocks,exploratory,shock_flag=='',agency_gse_backed_securities_bank_qoq,8,4.246758912850055,19.093243629159915,-33.17599860030338,41.66951642600349,105,sample_sensitivity,tdc_residual_z,rolling_oos_standard_deviation,cumulative_sum_h0_to_h
drop_flagged_shocks,exploratory,shock_flag=='',municipal_securities_bank_qoq,0,-0.3170781506029486,0.5727061541916245,-1.4395822128185325,0.8054259116126354,113,sample_sensitivity,tdc_residual_z,rolling_oos_standard_deviation,cumulative_sum_h0_to_h
drop_flagged_shocks,exploratory,shock_flag=='',municipal_securities_bank_qoq,1,0.102670133818935,1.0264325376932772,-1.9091376400598883,2.1144779076977582,112,sample_sensitivity,tdc_residual_z,rolling_oos_standard_deviation,cumulative_sum_h0_to_h
drop_flagged_shocks,exploratory,shock_flag=='',municipal_securities_bank_qoq,2,-0.016972512988669863,1.2908099029410973,-2.5469599227532203,2.5130148967758807,111,sample_sensitivity,tdc_residual_z,rolling_oos_standard_deviation,cumulative_sum_h0_to_h
drop_flagged_shocks,exploratory,shock_flag=='',municipal_securities_bank_qoq,3,0.16614282848200718,1.7973740297701122,-3.3567102698674125,3.688995926831427,110,sample_sensitivity,tdc_residual_z,rolling_oos_standard_deviation,cumulative_sum_h0_to_h
drop_flagged_shocks,exploratory,shock_flag=='',municipal_securities_bank_qoq,4,-0.7171878693923552,2.0430370171785905,-4.721540423062393,3.2871646842776823,109,sample_sensitivity,tdc_residual_z,rolling_oos_standard_deviation,cumulative_sum_h0_to_h
drop_flagged_shocks,exploratory,shock_flag=='',municipal_securities_bank_qoq,5,-0.5565524189728994,2.442923262790327,-5.34468201404194,4.231577176096142,108,sample_sensitivity,tdc_residual_z,rolling_oos_standard_deviation,cumulative_sum_h0_to_h
drop_flagged_shocks,exploratory,shock_flag=='',municipal_securities_bank_qoq,6,-0.4962728108145738,2.7945990555375615,-5.9736869596681945,4.981141338039047,107,sample_sensitivity,tdc_residual_z,rolling_oos_standard_deviation,cumulative_sum_h0_to_h
drop_flagged_shocks,exploratory,shock_flag=='',municipal_securities_bank_qoq,7,0.03572226896590086,3.118683244224523,-6.076896889714164,6.148341427645966,106,sample_sensitivity,tdc_residual_z,rolling_oos_standard_deviation,cumulative_sum_h0_to_h
drop_flagged_shocks,exploratory,shock_flag=='',municipal_securities_bank_qoq,8,-0.5456959537798264,3.1136226221618934,-6.648396293217137,5.557004385657485,105,sample_sensitivity,tdc_residual_z,rolling_oos_standard_deviation,cumulative_sum_h0_to_h
drop_flagged_shocks,exploratory,shock_flag=='',corporate_foreign_bonds_bank_qoq,0,2.479005458013957,2.1002582988029133,-1.637500807639753,6.595511723667666,113,sample_sensitivity,tdc_residual_z,rolling_oos_standard_deviation,cumulative_sum_h0_to_h
drop_flagged_shocks,exploratory,shock_flag=='',corporate_foreign_bonds_bank_qoq,1,4.0134874879442615,2.755973263992038,-1.388220109480133,9.415195085368655,112,sample_sensitivity,tdc_residual_z,rolling_oos_standard_deviation,cumulative_sum_h0_to_h
drop_flagged_shocks,exploratory,shock_flag=='',corporate_foreign_bonds_bank_qoq,2,7.125241834869295,3.3289947341866357,0.6004121558634896,13.650071513875101,111,sample_sensitivity,tdc_residual_z,rolling_oos_standard_deviation,cumulative_sum_h0_to_h
drop_flagged_shocks,exploratory,shock_flag=='',corporate_foreign_bonds_bank_qoq,3,6.0931535254298295,3.509638515683881,-0.7857379653105774,12.972045016170236,110,sample_sensitivity,tdc_residual_z,rolling_oos_standard_deviation,cumulative_sum_h0_to_h
drop_flagged_shocks,exploratory,shock_flag=='',corporate_foreign_bonds_bank_qoq,4,7.117923940749852,4.814112057539575,-2.317735692027715,16.55358357352742,109,sample_sensitivity,tdc_residual_z,rolling_oos_standard_deviation,cumulative_sum_h0_to_h
drop_flagged_shocks,exploratory,shock_flag=='',corporate_foreign_bonds_bank_qoq,5,7.720138730381143,5.0594254606847215,-2.196335172560911,17.636612633323196,108,sample_sensitivity,tdc_residual_z,rolling_oos_standard_deviation,cumulative_sum_h0_to_h
drop_flagged_shocks,exploratory,shock_flag=='',corporate_foreign_bonds_bank_qoq,6,9.226895999665672,5.276428317481041,-1.1149035025971674,19.56869550192851,107,sample_sensitivity,tdc_residual_z,rolling_oos_standard_deviation,cumulative_sum_h0_to_h
drop_flagged_shocks,exploratory,shock_flag=='',corporate_foreign_bonds_bank_qoq,7,10.954108175224773,5.476169802814775,0.2208153617078139,21.687400988741732,106,sample_sensitivity,tdc_residual_z,rolling_oos_standard_deviation,cumulative_sum_h0_to_h
drop_flagged_shocks,exploratory,shock_flag=='',corporate_foreign_bonds_bank_qoq,8,14.112048356165566,6.501262995546442,1.3695728848945397,26.854523827436594,105,sample_sensitivity,tdc_residual_z,rolling_oos_standard_deviation,cumulative_sum_h0_to_h
drop_flagged_shocks,exploratory,shock_flag=='',fedfunds_repo_liabilities_bank_qoq,0,0.0839961686047187,1.6163112947665332,-3.0839739691376864,3.2519663063471236,113,sample_sensitivity,tdc_residual_z,rolling_oos_standard_deviation,cumulative_sum_h0_to_h
drop_flagged_shocks,exploratory,shock_flag=='',fedfunds_repo_liabilities_bank_qoq,1,-1.3321508764062757,1.9390014925753494,-5.13259380185396,2.468292049041409,112,sample_sensitivity,tdc_residual_z,rolling_oos_standard_deviation,cumulative_sum_h0_to_h
drop_flagged_shocks,exploratory,shock_flag=='',fedfunds_repo_liabilities_bank_qoq,2,0.9697216243197077,2.1119287981610513,-3.169658820075953,5.1091020687153685,111,sample_sensitivity,tdc_residual_z,rolling_oos_standard_deviation,cumulative_sum_h0_to_h
drop_flagged_shocks,exploratory,shock_flag=='',fedfunds_repo_liabilities_bank_qoq,3,-0.9964745175882719,2.872965704237091,-6.62748729789297,4.634538262716426,110,sample_sensitivity,tdc_residual_z,rolling_oos_standard_deviation,cumulative_sum_h0_to_h
drop_flagged_shocks,exploratory,shock_flag=='',fedfunds_repo_liabilities_bank_qoq,4,-1.7166331686303977,3.922953673377325,-9.405622368449954,5.972356031189159,109,sample_sensitivity,tdc_residual_z,rolling_oos_standard_deviation,cumulative_sum_h0_to_h
drop_flagged_shocks,exploratory,shock_flag=='',fedfunds_repo_liabilities_bank_qoq,5,0.6988179318128818,3.9418175184793443,-7.0271444044066325,8.424780268032396,108,sample_sensitivity,tdc_residual_z,rolling_oos_standard_deviation,cumulative_sum_h0_to_h
drop_flagged_shocks,exploratory,shock_flag=='',fedfunds_repo_liabilities_bank_qoq,6,3.4190518335501783,4.784084812900742,-5.957754399735277,12.795858066835633,107,sample_sensitivity,tdc_residual_z,rolling_oos_standard_deviation,cumulative_sum_h0_to_h
drop_flagged_shocks,exploratory,shock_flag=='',fedfunds_repo_liabilities_bank_qoq,7,2.5492032323176264,4.944583397461991,-7.142180226707875,12.240586691343129,106,sample_sensitivity,tdc_residual_z,rolling_oos_standard_deviation,cumulative_sum_h0_to_h
drop_flagged_shocks,exploratory,shock_flag=='',fedfunds_repo_liabilities_bank_qoq,8,3.1700389707172367,6.331037019740828,-9.238793587974786,15.578871529409259,105,sample_sensitivity,tdc_residual_z,rolling_oos_standard_deviation,cumulative_sum_h0_to_h
drop_flagged_shocks,exploratory,shock_flag=='',commercial_bank_borrowings_qoq,0,7.420332412615659,5.205186011896387,-2.781832170701259,17.62249699593258,113,sample_sensitivity,tdc_residual_z,rolling_oos_standard_deviation,cumulative_sum_h0_to_h
drop_flagged_shocks,exploratory,shock_flag=='',commercial_bank_borrowings_qoq,1,-2.099212443335444,4.862572034298084,-11.629853630559689,7.4314287438888,112,sample_sensitivity,tdc_residual_z,rolling_oos_standard_deviation,cumulative_sum_h0_to_h
drop_flagged_shocks,exploratory,shock_flag=='',commercial_bank_borrowings_qoq,2,-15.474073750403345,8.737984319201889,-32.60052301603905,1.6523755152323574,111,sample_sensitivity,tdc_residual_z,rolling_oos_standard_deviation,cumulative_sum_h0_to_h
drop_flagged_shocks,exploratory,shock_flag=='',commercial_bank_borrowings_qoq,3,-20.595772747307905,12.339526645650388,-44.78124497278266,3.589699478166853,110,sample_sensitivity,tdc_residual_z,rolling_oos_standard_deviation,cumulative_sum_h0_to_h
drop_flagged_shocks,exploratory,shock_flag=='',commercial_bank_borrowings_qoq,4,-21.95108238463564,14.081812932698726,-49.55143573272514,5.649270963453862,109,sample_sensitivity,tdc_residual_z,rolling_oos_standard_deviation,cumulative_sum_h0_to_h
drop_flagged_shocks,exploratory,shock_flag=='',commercial_bank_borrowings_qoq,5,-28.81606026666267,18.80944565462764,-65.68257374973285,8.050453216407508,108,sample_sensitivity,tdc_residual_z,rolling_oos_standard_deviation,cumulative_sum_h0_to_h
drop_flagged_shocks,exploratory,shock_flag=='',commercial_bank_borrowings_qoq,6,-14.450389074011515,20.97662214619557,-55.564568480554826,26.6637903325318,107,sample_sensitivity,tdc_residual_z,rolling_oos_standard_deviation,cumulative_sum_h0_to_h
drop_flagged_shocks,exploratory,shock_flag=='',commercial_bank_borrowings_qoq,7,-7.5440741317419615,22.07211491275483,-50.805419360741425,35.71727109725751,106,sample_sensitivity,tdc_residual_z,rolling_oos_standard_deviation,cumulative_sum_h0_to_h
drop_flagged_shocks,exploratory,shock_flag=='',commercial_bank_borrowings_qoq,8,4.72476302358632,27.884836768621888,-49.92951704291258,59.37904309008522,105,sample_sensitivity,tdc_residual_z,rolling_oos_standard_deviation,cumulative_sum_h0_to_h
drop_flagged_shocks,exploratory,shock_flag=='',fed_borrowings_depository_institutions_qoq,0,2.1594714432141564,2.5975880006542407,-2.9318010380681554,7.250743924496469,113,sample_sensitivity,tdc_residual_z,rolling_oos_standard_deviation,cumulative_sum_h0_to_h
drop_flagged_shocks,exploratory,shock_flag=='',fed_borrowings_depository_institutions_qoq,1,-2.85312520871606,5.006467530324557,-12.665801568152192,6.959551150720072,112,sample_sensitivity,tdc_residual_z,rolling_oos_standard_deviation,cumulative_sum_h0_to_h
drop_flagged_shocks,exploratory,shock_flag=='',fed_borrowings_depository_institutions_qoq,2,-8.964304707694767,8.279188435410253,-25.191514041098863,7.26290462570933,111,sample_sensitivity,tdc_residual_z,rolling_oos_standard_deviation,cumulative_sum_h0_to_h
drop_flagged_shocks,exploratory,shock_flag=='',fed_borrowings_depository_institutions_qoq,3,-13.13923598189541,8.423693253251386,-29.649674758268127,3.3712027944773055,110,sample_sensitivity,tdc_residual_z,rolling_oos_standard_deviation,cumulative_sum_h0_to_h
drop_flagged_shocks,exploratory,shock_flag=='',fed_borrowings_depository_institutions_qoq,4,-12.288655793581158,7.784611990259392,-27.546495294489567,2.9691837073272485,109,sample_sensitivity,tdc_residual_z,rolling_oos_standard_deviation,cumulative_sum_h0_to_h
drop_flagged_shocks,exploratory,shock_flag=='',fed_borrowings_depository_institutions_qoq,5,-11.087982874596218,7.136101994130962,-25.0747427830929,2.8987770339004673,108,sample_sensitivity,tdc_residual_z,rolling_oos_standard_deviation,cumulative_sum_h0_to_h
drop_flagged_shocks,exploratory,shock_flag=='',fed_borrowings_depository_institutions_qoq,6,-7.12824155614249,6.572162084165442,-20.009679241106756,5.753196128821776,107,sample_sensitivity,tdc_residual_z,rolling_oos_standard_deviation,cumulative_sum_h0_to_h
drop_flagged_shocks,exploratory,shock_flag=='',fed_borrowings_depository_institutions_qoq,7,-2.173998508074041,7.865564483967186,-17.590504896649726,13.242507880501645,106,sample_sensitivity,tdc_residual_z,rolling_oos_standard_deviation,cumulative_sum_h0_to_h
drop_flagged_shocks,exploratory,shock_flag=='',fed_borrowings_depository_institutions_qoq,8,6.145735975495759,9.864465795116747,-13.188616982933064,25.480088933924584,105,sample_sensitivity,tdc_residual_z,rolling_oos_standard_deviation,cumulative_sum_h0_to_h
drop_flagged_shocks,exploratory,shock_flag=='',debt_securities_bank_liability_qoq,0,-1.06072329857122,2.2160285784165907,-5.404139312267738,3.282692715125298,113,sample_sensitivity,tdc_residual_z,rolling_oos_standard_deviation,cumulative_sum_h0_to_h
drop_flagged_shocks,exploratory,shock_flag=='',debt_securities_bank_liability_qoq,1,-4.6979778647172905,4.84414456380264,-14.192501209770466,4.796545480335884,112,sample_sensitivity,tdc_residual_z,rolling_oos_standard_deviation,cumulative_sum_h0_to_h
drop_flagged_shocks,exploratory,shock_flag=='',debt_securities_bank_liability_qoq,2,-2.7543321956679443,5.2805490752618836,-13.104208383181236,7.595543991845348,111,sample_sensitivity,tdc_residual_z,rolling_oos_standard_deviation,cumulative_sum_h0_to_h
drop_flagged_shocks,exploratory,shock_flag=='',debt_securities_bank_liability_qoq,3,-1.3910577220970306,5.6465442092405365,-12.458284372208482,9.67616892801442,110,sample_sensitivity,tdc_residual_z,rolling_oos_standard_deviation,cumulative_sum_h0_to_h
drop_flagged_shocks,exploratory,shock_flag=='',debt_securities_bank_liability_qoq,4,6.647760750911216,6.900396095293354,-6.877015595863758,20.172537097686188,109,sample_sensitivity,tdc_residual_z,rolling_oos_standard_deviation,cumulative_sum_h0_to_h
drop_flagged_shocks,exploratory,shock_flag=='',debt_securities_bank_liability_qoq,5,14.968563821321517,11.845402510722948,-8.24842509969546,38.185552742338494,108,sample_sensitivity,tdc_residual_z,rolling_oos_standard_deviation,cumulative_sum_h0_to_h
drop_flagged_shocks,exploratory,shock_flag=='',debt_securities_bank_liability_qoq,6,9.903101362222522,9.894440641462678,-9.490002295044327,29.29620501948937,107,sample_sensitivity,tdc_residual_z,rolling_oos_standard_deviation,cumulative_sum_h0_to_h
drop_flagged_shocks,exploratory,shock_flag=='',debt_securities_bank_liability_qoq,7,5.262429496112076,9.003462654314122,-12.384357306343603,22.909216298567756,106,sample_sensitivity,tdc_residual_z,rolling_oos_standard_deviation,cumulative_sum_h0_to_h
drop_flagged_shocks,exploratory,shock_flag=='',debt_securities_bank_liability_qoq,8,3.004245401570595,9.113970591659001,-14.859136958081047,20.867627761222238,105,sample_sensitivity,tdc_residual_z,rolling_oos_standard_deviation,cumulative_sum_h0_to_h
drop_flagged_shocks,exploratory,shock_flag=='',fhlb_advances_sallie_mae_loans_bank_qoq,0,-5.138376428494335,3.3418500705811236,-11.688402566833338,1.4116497098446672,113,sample_sensitivity,tdc_residual_z,rolling_oos_standard_deviation,cumulative_sum_h0_to_h
drop_flagged_shocks,exploratory,shock_flag=='',fhlb_advances_sallie_mae_loans_bank_qoq,1,-10.642673082208749,3.6606028690756864,-17.817454705597093,-3.467891458820403,112,sample_sensitivity,tdc_residual_z,rolling_oos_standard_deviation,cumulative_sum_h0_to_h
drop_flagged_shocks,exploratory,shock_flag=='',fhlb_advances_sallie_mae_loans_bank_qoq,2,-16.38145526184305,5.072448908788971,-26.323455123069433,-6.439455400616669,111,sample_sensitivity,tdc_residual_z,rolling_oos_standard_deviation,cumulative_sum_h0_to_h
drop_flagged_shocks,exploratory,shock_flag=='',fhlb_advances_sallie_mae_loans_bank_qoq,3,-15.705432386521023,7.139735736703305,-29.699314430459502,-1.7115503425825445,110,sample_sensitivity,tdc_residual_z,rolling_oos_standard_deviation,cumulative_sum_h0_to_h
drop_flagged_shocks,exploratory,shock_flag=='',fhlb_advances_sallie_mae_loans_bank_qoq,4,-17.819648865015616,8.398482743375135,-34.28067504203088,-1.3586226880003522,109,sample_sensitivity,tdc_residual_z,rolling_oos_standard_deviation,cumulative_sum_h0_to_h
drop_flagged_shocks,exploratory,shock_flag=='',fhlb_advances_sallie_mae_loans_bank_qoq,5,-15.606590909462248,10.001890014235892,-35.2102953373646,3.9971135184400985,108,sample_sensitivity,tdc_residual_z,rolling_oos_standard_deviation,cumulative_sum_h0_to_h
drop_flagged_shocks,exploratory,shock_flag=='',fhlb_advances_sallie_mae_loans_bank_qoq,6,-9.116074210927174,12.588993701214397,-33.79050186530739,15.558353443453043,107,sample_sensitivity,tdc_residual_z,rolling_oos_standard_deviation,cumulative_sum_h0_to_h
drop_flagged_shocks,exploratory,shock_flag=='',fhlb_advances_sallie_mae_loans_bank_qoq,7,-5.582464625084665,13.793106188376322,-32.61695275430226,21.452023504132928,106,sample_sensitivity,tdc_residual_z,rolling_oos_standard_deviation,cumulative_sum_h0_to_h
drop_flagged_shocks,exploratory,shock_flag=='',fhlb_advances_sallie_mae_loans_bank_qoq,8,-4.206653758626029,16.078861571253984,-35.72122243828384,27.30791492103178,105,sample_sensitivity,tdc_residual_z,rolling_oos_standard_deviation,cumulative_sum_h0_to_h
drop_flagged_shocks,exploratory,shock_flag=='',commercial_industrial_loans_ex_chargeoffs_qoq,0,-0.13637803143636074,5.51790238922213,-10.951466714311735,10.678710651439015,113,sample_sensitivity,tdc_residual_z,rolling_oos_standard_deviation,cumulative_sum_h0_to_h
drop_flagged_shocks,exploratory,shock_flag=='',commercial_industrial_loans_ex_chargeoffs_qoq,1,-1.4327870398316076,8.877474017061475,-18.832636113272102,15.967062033608885,112,sample_sensitivity,tdc_residual_z,rolling_oos_standard_deviation,cumulative_sum_h0_to_h
drop_flagged_shocks,exploratory,shock_flag=='',commercial_industrial_loans_ex_chargeoffs_qoq,2,-12.578276445812932,7.848283215352439,-27.960911547903713,2.8043586562778486,111,sample_sensitivity,tdc_residual_z,rolling_oos_standard_deviation,cumulative_sum_h0_to_h
drop_flagged_shocks,exploratory,shock_flag=='',commercial_industrial_loans_ex_chargeoffs_qoq,3,-12.205829641489219,7.12746075854828,-26.175652728243847,1.7639934452654114,110,sample_sensitivity,tdc_residual_z,rolling_oos_standard_deviation,cumulative_sum_h0_to_h
drop_flagged_shocks,exploratory,shock_flag=='',commercial_industrial_loans_ex_chargeoffs_qoq,4,-11.115629729120078,8.340488586255834,-27.462987358181515,5.231727899941356,109,sample_sensitivity,tdc_residual_z,rolling_oos_standard_deviation,cumulative_sum_h0_to_h
drop_flagged_shocks,exploratory,shock_flag=='',commercial_industrial_loans_ex_chargeoffs_qoq,5,-10.149284355131288,9.30104375104447,-28.379330107178447,8.080761396915873,108,sample_sensitivity,tdc_residual_z,rolling_oos_standard_deviation,cumulative_sum_h0_to_h
drop_flagged_shocks,exploratory,shock_flag=='',commercial_industrial_loans_ex_chargeoffs_qoq,6,-15.826482713602385,10.406081268841188,-36.22240200053111,4.5694365733263425,107,sample_sensitivity,tdc_residual_z,rolling_oos_standard_deviation,cumulative_sum_h0_to_h
drop_flagged_shocks,exploratory,shock_flag=='',commercial_industrial_loans_ex_chargeoffs_qoq,7,-11.818862376721913,11.022953058599567,-33.42385037157706,9.786125618133237,106,sample_sensitivity,tdc_residual_z,rolling_oos_standard_deviation,cumulative_sum_h0_to_h
drop_flagged_shocks,exploratory,shock_flag=='',commercial_industrial_loans_ex_chargeoffs_qoq,8,-11.259582789972223,11.325080156132868,-33.45673989599264,10.937574316048197,105,sample_sensitivity,tdc_residual_z,rolling_oos_standard_deviation,cumulative_sum_h0_to_h
drop_flagged_shocks,exploratory,shock_flag=='',consumer_loans_ex_chargeoffs_qoq,0,-2.4554224353530008,1.5397643268197878,-5.473360515919785,0.5625156452137832,113,sample_sensitivity,tdc_residual_z,rolling_oos_standard_deviation,cumulative_sum_h0_to_h
drop_flagged_shocks,exploratory,shock_flag=='',consumer_loans_ex_chargeoffs_qoq,1,-6.214723587945622,2.5525473573537822,-11.217716408359035,-1.2117307675322087,112,sample_sensitivity,tdc_residual_z,rolling_oos_standard_deviation,cumulative_sum_h0_to_h
drop_flagged_shocks,exploratory,shock_flag=='',consumer_loans_ex_chargeoffs_qoq,2,-6.264521208047885,2.9232139482726978,-11.994020546662373,-0.5350218694333977,111,sample_sensitivity,tdc_residual_z,rolling_oos_standard_deviation,cumulative_sum_h0_to_h
drop_flagged_shocks,exploratory,shock_flag=='',consumer_loans_ex_chargeoffs_qoq,3,-5.404507747020235,3.3311516328335746,-11.933564947374041,1.1245494533335716,110,sample_sensitivity,tdc_residual_z,rolling_oos_standard_deviation,cumulative_sum_h0_to_h
drop_flagged_shocks,exploratory,shock_flag=='',consumer_loans_ex_chargeoffs_qoq,4,-1.121882226449233,4.570576889825516,-10.080212930507244,7.836448477608779,109,sample_sensitivity,tdc_residual_z,rolling_oos_standard_deviation,cumulative_sum_h0_to_h
drop_flagged_shocks,exploratory,shock_flag=='',consumer_loans_ex_chargeoffs_qoq,5,4.123733454568521,7.951928207397413,-11.462045831930407,19.70951274106745,108,sample_sensitivity,tdc_residual_z,rolling_oos_standard_deviation,cumulative_sum_h0_to_h
drop_flagged_shocks,exploratory,shock_flag=='',consumer_loans_ex_chargeoffs_qoq,6,1.4065653430566698,6.382874188863395,-11.103868067115584,13.916998753228924,107,sample_sensitivity,tdc_residual_z,rolling_oos_standard_deviation,cumulative_sum_h0_to_h
drop_flagged_shocks,exploratory,shock_flag=='',consumer_loans_ex_chargeoffs_qoq,7,1.3358426232599614,6.230423455976942,-10.875787350454843,13.547472596974767,106,sample_sensitivity,tdc_residual_z,rolling_oos_standard_deviation,cumulative_sum_h0_to_h
drop_flagged_shocks,exploratory,shock_flag=='',consumer_loans_ex_chargeoffs_qoq,8,0.9174887711861253,6.2743100966541805,-11.380159018256068,13.215136560628318,105,sample_sensitivity,tdc_residual_z,rolling_oos_standard_deviation,cumulative_sum_h0_to_h
drop_flagged_shocks,exploratory,shock_flag=='',credit_card_revolving_loans_ex_chargeoffs_qoq,0,-1.5124074927184457,1.4291900102370612,-4.313619912783086,1.2888049273461943,97,sample_sensitivity,tdc_residual_z,rolling_oos_standard_deviation,cumulative_sum_h0_to_h
drop_flagged_shocks,exploratory,shock_flag=='',credit_card_revolving_loans_ex_chargeoffs_qoq,1,-6.48063957753564,2.6329062351877073,-11.641135798503546,-1.3201433565677334,96,sample_sensitivity,tdc_residual_z,rolling_oos_standard_deviation,cumulative_sum_h0_to_h
drop_flagged_shocks,exploratory,shock_flag=='',credit_card_revolving_loans_ex_chargeoffs_qoq,2,-6.060824349420693,2.750576804756831,-11.451954886744081,-0.6696938120973037,95,sample_sensitivity,tdc_residual_z,rolling_oos_standard_deviation,cumulative_sum_h0_to_h
drop_flagged_shocks,exploratory,shock_flag=='',credit_card_revolving_loans_ex_chargeoffs_qoq,3,-6.020453502262331,3.1685366866331375,-12.23078540806328,0.18987840353861785,94,sample_sensitivity,tdc_residual_z,rolling_oos_standard_deviation,cumulative_sum_h0_to_h
drop_flagged_shocks,exploratory,shock_flag=='',credit_card_revolving_loans_ex_chargeoffs_qoq,4,-1.2288071810444041,4.748648712845981,-10.536158658222526,8.078544296133717,93,sample_sensitivity,tdc_residual_z,rolling_oos_standard_deviation,cumulative_sum_h0_to_h
drop_flagged_shocks,exploratory,shock_flag=='',credit_card_revolving_loans_ex_chargeoffs_qoq,5,5.109525361146698,9.550291648246079,-13.609046269415614,23.82809699170901,92,sample_sensitivity,tdc_residual_z,rolling_oos_standard_deviation,cumulative_sum_h0_to_h
drop_flagged_shocks,exploratory,shock_flag=='',credit_card_revolving_loans_ex_chargeoffs_qoq,6,1.6217180859903833,7.626336097966076,-13.325900666023127,16.569336838003892,91,sample_sensitivity,tdc_residual_z,rolling_oos_standard_deviation,cumulative_sum_h0_to_h
drop_flagged_shocks,exploratory,shock_flag=='',credit_card_revolving_loans_ex_chargeoffs_qoq,7,0.6498861633080049,7.341147563977498,-13.73876306208789,15.038535388703899,90,sample_sensitivity,tdc_residual_z,rolling_oos_standard_deviation,cumulative_sum_h0_to_h
drop_flagged_shocks,exploratory,shock_flag=='',credit_card_revolving_loans_ex_chargeoffs_qoq,8,0.5892028311748501,7.68914176051152,-14.481515019427729,15.659920681777429,89,sample_sensitivity,tdc_residual_z,rolling_oos_standard_deviation,cumulative_sum_h0_to_h
drop_flagged_shocks,exploratory,shock_flag=='',other_consumer_loans_ex_chargeoffs_qoq,0,-1.3378401356110432,0.8796756457284094,-3.0620044012387257,0.3863241300166391,97,sample_sensitivity,tdc_residual_z,rolling_oos_standard_deviation,cumulative_sum_h0_to_h
drop_flagged_shocks,exploratory,shock_flag=='',other_consumer_loans_ex_chargeoffs_qoq,1,-1.2494904345693867,1.0541155759825163,-3.3155569634951183,0.8165760943563452,96,sample_sensitivity,tdc_residual_z,rolling_oos_standard_deviation,cumulative_sum_h0_to_h
drop_flagged_shocks,exploratory,shock_flag=='',other_consumer_loans_ex_chargeoffs_qoq,2,-1.3750556858035132,1.4762843363221656,-4.268572984994957,1.5184616133879314,95,sample_sensitivity,tdc_residual_z,rolling_oos_standard_deviation,cumulative_sum_h0_to_h
drop_flagged_shocks,exploratory,shock_flag=='',other_consumer_loans_ex_chargeoffs_qoq,3,-0.30870613012957815,1.7060725701644162,-3.6526083676518337,3.0351961073926774,94,sample_sensitivity,tdc_residual_z,rolling_oos_standard_deviation,cumulative_sum_h0_to_h
drop_flagged_shocks,exploratory,shock_flag=='',other_consumer_loans_ex_chargeoffs_qoq,4,-0.03579429960142866,1.8883447212177327,-3.7369499531881845,3.665361353985327,93,sample_sensitivity,tdc_residual_z,rolling_oos_standard_deviation,cumulative_sum_h0_to_h
drop_flagged_shocks,exploratory,shock_flag=='',other_consumer_loans_ex_chargeoffs_qoq,5,0.4568203200827403,2.1697709478243845,-3.7959307376530536,4.709571377818534,92,sample_sensitivity,tdc_residual_z,rolling_oos_standard_deviation,cumulative_sum_h0_to_h
drop_flagged_shocks,exploratory,shock_flag=='',other_consumer_loans_ex_chargeoffs_qoq,6,0.7438305451858218,2.266608429001245,-3.6987219756566185,5.186383066028262,91,sample_sensitivity,tdc_residual_z,rolling_oos_standard_deviation,cumulative_sum_h0_to_h
drop_flagged_shocks,exploratory,shock_flag=='',other_consumer_loans_ex_chargeoffs_qoq,7,0.9390272452167467,2.72961460822965,-4.411017386913367,6.289071877346861,90,sample_sensitivity,tdc_residual_z,rolling_oos_standard_deviation,cumulative_sum_h0_to_h
drop_flagged_shocks,exploratory,shock_flag=='',other_consumer_loans_ex_chargeoffs_qoq,8,0.7046660002215903,2.9702690930568285,-5.117061422169794,6.5263934226129745,89,sample_sensitivity,tdc_residual_z,rolling_oos_standard_deviation,cumulative_sum_h0_to_h
drop_flagged_shocks,exploratory,shock_flag=='',closed_end_residential_loans_ex_chargeoffs_qoq,0,0.6176458934476834,2.638137044818118,-4.553102714395828,5.788394501291195,81,sample_sensitivity,tdc_residual_z,rolling_oos_standard_deviation,cumulative_sum_h0_to_h
drop_flagged_shocks,exploratory,shock_flag=='',closed_end_residential_loans_ex_chargeoffs_qoq,1,0.626671983942718,3.27792784233286,-5.7980665870296875,7.0514105549151225,80,sample_sensitivity,tdc_residual_z,rolling_oos_standard_deviation,cumulative_sum_h0_to_h
drop_flagged_shocks,exploratory,shock_flag=='',closed_end_residential_loans_ex_chargeoffs_qoq,2,-2.457670901363794,3.6035171015814935,-9.520564420463522,4.605222617735933,79,sample_sensitivity,tdc_residual_z,rolling_oos_standard_deviation,cumulative_sum_h0_to_h
drop_flagged_shocks,exploratory,shock_flag=='',closed_end_residential_loans_ex_chargeoffs_qoq,3,-1.2949829494131717,3.280058060325881,-7.723896747651899,5.133930848825555,78,sample_sensitivity,tdc_residual_z,rolling_oos_standard_deviation,cumulative_sum_h0_to_h
drop_flagged_shocks,exploratory,shock_flag=='',closed_end_residential_loans_ex_chargeoffs_qoq,4,3.1199061973616,4.992826506620962,-6.666033755615485,12.905846150338684,77,sample_sensitivity,tdc_residual_z,rolling_oos_standard_deviation,cumulative_sum_h0_to_h
drop_flagged_shocks,exploratory,shock_flag=='',closed_end_residential_loans_ex_chargeoffs_qoq,5,3.230635274755107,5.436669902037892,-7.425237733239161,13.886508282749375,76,sample_sensitivity,tdc_residual_z,rolling_oos_standard_deviation,cumulative_sum_h0_to_h
drop_flagged_shocks,exploratory,shock_flag=='',closed_end_residential_loans_ex_chargeoffs_qoq,6,3.8948128453429414,5.688641587480647,-7.254924666119126,15.044550356805008,75,sample_sensitivity,tdc_residual_z,rolling_oos_standard_deviation,cumulative_sum_h0_to_h
drop_flagged_shocks,exploratory,shock_flag=='',closed_end_residential_loans_ex_chargeoffs_qoq,7,4.56070429972968,5.6382843927794255,-6.4903331101179935,15.611741709577352,74,sample_sensitivity,tdc_residual_z,rolling_oos_standard_deviation,cumulative_sum_h0_to_h
drop_flagged_shocks,exploratory,shock_flag=='',closed_end_residential_loans_ex_chargeoffs_qoq,8,7.4766973765630205,5.720564296678537,-3.735608644926913,18.689003398052954,73,sample_sensitivity,tdc_residual_z,rolling_oos_standard_deviation,cumulative_sum_h0_to_h
drop_flagged_shocks,exploratory,shock_flag=='',cb_nonts_qoq,0,37.01717978215978,12.763517913785222,12.000684671140746,62.03367489317881,87,sample_sensitivity,tdc_residual_z,rolling_oos_standard_deviation,cumulative_sum_h0_to_h
drop_flagged_shocks,exploratory,shock_flag=='',cb_nonts_qoq,1,58.53315466283257,48.3504620183309,-36.23375089309599,153.30006021876113,86,sample_sensitivity,tdc_residual_z,rolling_oos_standard_deviation,cumulative_sum_h0_to_h
drop_flagged_shocks,exploratory,shock_flag=='',cb_nonts_qoq,2,65.22794381889776,59.97644057888058,-52.32587971570817,182.78176735350368,85,sample_sensitivity,tdc_residual_z,rolling_oos_standard_deviation,cumulative_sum_h0_to_h
drop_flagged_shocks,exploratory,shock_flag=='',cb_nonts_qoq,3,62.09786292222502,63.71606762830132,-62.78562962924556,186.9813554736956,84,sample_sensitivity,tdc_residual_z,rolling_oos_standard_deviation,cumulative_sum_h0_to_h
drop_flagged_shocks,exploratory,shock_flag=='',cb_nonts_qoq,4,75.67210611621154,70.75851309303451,-63.01457954613609,214.35879177855918,83,sample_sensitivity,tdc_residual_z,rolling_oos_standard_deviation,cumulative_sum_h0_to_h
drop_flagged_shocks,exploratory,shock_flag=='',cb_nonts_qoq,5,42.76174494789602,76.36089399882951,-106.90560728980982,192.42909718560185,82,sample_sensitivity,tdc_residual_z,rolling_oos_standard_deviation,cumulative_sum_h0_to_h
drop_flagged_shocks,exploratory,shock_flag=='',cb_nonts_qoq,6,6.7220511549176365,72.72026425136154,-135.80966677775098,149.25376908758625,81,sample_sensitivity,tdc_residual_z,rolling_oos_standard_deviation,cumulative_sum_h0_to_h
drop_flagged_shocks,exploratory,shock_flag=='',cb_nonts_qoq,7,-9.827131967610855,75.09250703456057,-157.00844575534956,137.35418182012785,80,sample_sensitivity,tdc_residual_z,rolling_oos_standard_deviation,cumulative_sum_h0_to_h
drop_flagged_shocks,exploratory,shock_flag=='',cb_nonts_qoq,8,12.673604664915274,75.81440684687489,-135.9226327549595,161.26984208479004,79,sample_sensitivity,tdc_residual_z,rolling_oos_standard_deviation,cumulative_sum_h0_to_h
drop_flagged_shocks,exploratory,shock_flag=='',foreign_nonts_qoq,0,21.800790918534613,9.247842027368009,3.675020544893318,39.926561292175904,113,sample_sensitivity,tdc_residual_z,rolling_oos_standard_deviation,cumulative_sum_h0_to_h
drop_flagged_shocks,exploratory,shock_flag=='',foreign_nonts_qoq,1,16.935882346876078,8.622674369154106,0.03544058333402944,33.836324110418126,112,sample_sensitivity,tdc_residual_z,rolling_oos_standard_deviation,cumulative_sum_h0_to_h
drop_flagged_shocks,exploratory,shock_flag=='',foreign_nonts_qoq,2,20.518343221728806,8.445369234508865,3.9654195220914303,37.07126692136618,111,sample_sensitivity,tdc_residual_z,rolling_oos_standard_deviation,cumulative_sum_h0_to_h
drop_flagged_shocks,exploratory,shock_flag=='',foreign_nonts_qoq,3,24.39053090467094,8.191292103135607,8.335598382525149,40.44546342681673,110,sample_sensitivity,tdc_residual_z,rolling_oos_standard_deviation,cumulative_sum_h0_to_h
drop_flagged_shocks,exploratory,shock_flag=='',foreign_nonts_qoq,4,29.470542713007674,8.6516794239625,12.513251042041173,46.42783438397417,109,sample_sensitivity,tdc_residual_z,rolling_oos_standard_deviation,cumulative_sum_h0_to_h
drop_flagged_shocks,exploratory,shock_flag=='',foreign_nonts_qoq,5,20.867377563594765,8.83980262828256,3.541364412160945,38.193390715028585,108,sample_sensitivity,tdc_residual_z,rolling_oos_standard_deviation,cumulative_sum_h0_to_h
drop_flagged_shocks,exploratory,shock_flag=='',foreign_nonts_qoq,6,21.158184640682872,8.642283561829263,4.2193088594975166,38.09706042186823,107,sample_sensitivity,tdc_residual_z,rolling_oos_standard_deviation,cumulative_sum_h0_to_h
drop_flagged_shocks,exploratory,shock_flag=='',foreign_nonts_qoq,7,25.443404864837362,8.791843617086784,8.211391375347265,42.67541835432746,106,sample_sensitivity,tdc_residual_z,rolling_oos_standard_deviation,cumulative_sum_h0_to_h
drop_flagged_shocks,exploratory,shock_flag=='',foreign_nonts_qoq,8,32.740658043853166,10.053374341281666,13.036044334941103,52.44527175276523,105,sample_sensitivity,tdc_residual_z,rolling_oos_standard_deviation,cumulative_sum_h0_to_h
drop_flagged_shocks,exploratory,shock_flag=='',domestic_nonfinancial_mmf_reallocation_qoq,0,-14.911685332686876,8.168334233200387,-30.921620429759635,1.0982497643858835,113,sample_sensitivity,tdc_residual_z,rolling_oos_standard_deviation,cumulative_sum_h0_to_h
drop_flagged_shocks,exploratory,shock_flag=='',domestic_nonfinancial_mmf_reallocation_qoq,1,-12.614929806983323,13.223982668771107,-38.53393583777469,13.304076223808046,112,sample_sensitivity,tdc_residual_z,rolling_oos_standard_deviation,cumulative_sum_h0_to_h
drop_flagged_shocks,exploratory,shock_flag=='',domestic_nonfinancial_mmf_reallocation_qoq,2,4.641822454520563,12.987215253492142,-20.813119442324037,30.09676435136516,111,sample_sensitivity,tdc_residual_z,rolling_oos_standard_deviation,cumulative_sum_h0_to_h
drop_flagged_shocks,exploratory,shock_flag=='',domestic_nonfinancial_mmf_reallocation_qoq,3,3.435630299305462,13.720228840221319,-23.45601822752832,30.327278826139246,110,sample_sensitivity,tdc_residual_z,rolling_oos_standard_deviation,cumulative_sum_h0_to_h
drop_flagged_shocks,exploratory,shock_flag=='',domestic_nonfinancial_mmf_reallocation_qoq,4,0.6108375828064396,16.681081193254645,-32.084081555972666,33.305756721585546,109,sample_sensitivity,tdc_residual_z,rolling_oos_standard_deviation,cumulative_sum_h0_to_h
drop_flagged_shocks,exploratory,shock_flag=='',domestic_nonfinancial_mmf_reallocation_qoq,5,13.743094132739017,19.240014112892972,-23.967333528531206,51.45352179400924,108,sample_sensitivity,tdc_residual_z,rolling_oos_standard_deviation,cumulative_sum_h0_to_h
drop_flagged_shocks,exploratory,shock_flag=='',domestic_nonfinancial_mmf_reallocation_qoq,6,21.95716819731479,20.902430077748534,-19.011594755072334,62.92593114970191,107,sample_sensitivity,tdc_residual_z,rolling_oos_standard_deviation,cumulative_sum_h0_to_h
drop_flagged_shocks,exploratory,shock_flag=='',domestic_nonfinancial_mmf_reallocation_qoq,7,2.7148805004426606,23.499671208479842,-43.34447506817783,48.77423606906315,106,sample_sensitivity,tdc_residual_z,rolling_oos_standard_deviation,cumulative_sum_h0_to_h
drop_flagged_shocks,exploratory,shock_flag=='',domestic_nonfinancial_mmf_reallocation_qoq,8,-14.956111240812476,28.28960569467307,-70.40373840237169,40.49151592074674,105,sample_sensitivity,tdc_residual_z,rolling_oos_standard_deviation,cumulative_sum_h0_to_h
drop_flagged_shocks,exploratory,shock_flag=='',domestic_nonfinancial_repo_reallocation_qoq,0,-0.33237999003590735,0.5625741071758257,-1.4350252401005257,0.7702652600287109,113,sample_sensitivity,tdc_residual_z,rolling_oos_standard_deviation,cumulative_sum_h0_to_h
drop_flagged_shocks,exploratory,shock_flag=='',domestic_nonfinancial_repo_reallocation_qoq,1,-0.4086118745925929,0.7143447417092601,-1.8087275683427426,0.9915038191575569,112,sample_sensitivity,tdc_residual_z,rolling_oos_standard_deviation,cumulative_sum_h0_to_h
drop_flagged_shocks,exploratory,shock_flag=='',domestic_nonfinancial_repo_reallocation_qoq,2,-1.0512208401966363,0.8391450180991429,-2.6959450756709566,0.5935033952776838,111,sample_sensitivity,tdc_residual_z,rolling_oos_standard_deviation,cumulative_sum_h0_to_h
drop_flagged_shocks,exploratory,shock_flag=='',domestic_nonfinancial_repo_reallocation_qoq,3,-1.3203384181830113,0.9162282735561105,-3.116145834352988,0.47546899798696507,110,sample_sensitivity,tdc_residual_z,rolling_oos_standard_deviation,cumulative_sum_h0_to_h
drop_flagged_shocks,exploratory,shock_flag=='',domestic_nonfinancial_repo_reallocation_qoq,4,-0.7253644265204953,0.8716443497007104,-2.4337873519338875,0.983058498892897,109,sample_sensitivity,tdc_residual_z,rolling_oos_standard_deviation,cumulative_sum_h0_to_h
drop_flagged_shocks,exploratory,shock_flag=='',domestic_nonfinancial_repo_reallocation_qoq,5,-0.9749923436571304,1.1358014561980447,-3.2011631978052977,1.2511785104910371,108,sample_sensitivity,tdc_residual_z,rolling_oos_standard_deviation,cumulative_sum_h0_to_h
drop_flagged_shocks,exploratory,shock_flag=='',domestic_nonfinancial_repo_reallocation_qoq,6,-1.2982366989575884,1.156726080990933,-3.565419817699817,0.9689464197846402,107,sample_sensitivity,tdc_residual_z,rolling_oos_standard_deviation,cumulative_sum_h0_to_h
drop_flagged_shocks,exploratory,shock_flag=='',domestic_nonfinancial_repo_reallocation_qoq,7,-2.17644092414594,1.2374018154727702,-4.601748482472569,0.24886663418068933,106,sample_sensitivity,tdc_residual_z,rolling_oos_standard_deviation,cumulative_sum_h0_to_h
drop_flagged_shocks,exploratory,shock_flag=='',domestic_nonfinancial_repo_reallocation_qoq,8,-2.016406851679455,1.2004364434645176,-4.3692622808699095,0.33644857751099977,105,sample_sensitivity,tdc_residual_z,rolling_oos_standard_deviation,cumulative_sum_h0_to_h
drop_severe_scale_tail,exploratory,fitted_to_target_scale_ratio<=25.0,tdc_bank_only_qoq,0,85.7326255034164,14.623402697356305,57.07075621659804,114.39449479023476,118,sample_sensitivity,tdc_residual_z,rolling_oos_standard_deviation,cumulative_sum_h0_to_h
drop_severe_scale_tail,exploratory,fitted_to_target_scale_ratio<=25.0,tdc_bank_only_qoq,1,116.7452213855387,23.75953315843847,70.1765363949993,163.31390637607808,117,sample_sensitivity,tdc_residual_z,rolling_oos_standard_deviation,cumulative_sum_h0_to_h
drop_severe_scale_tail,exploratory,fitted_to_target_scale_ratio<=25.0,tdc_bank_only_qoq,2,146.06847864783032,37.18149573682008,73.19274700366296,218.94421029199768,116,sample_sensitivity,tdc_residual_z,rolling_oos_standard_deviation,cumulative_sum_h0_to_h
drop_severe_scale_tail,exploratory,fitted_to_target_scale_ratio<=25.0,tdc_bank_only_qoq,3,143.12842165175118,41.28975056756717,62.20051053931954,224.05633276418283,115,sample_sensitivity,tdc_residual_z,rolling_oos_standard_deviation,cumulative_sum_h0_to_h
drop_severe_scale_tail,exploratory,fitted_to_target_scale_ratio<=25.0,tdc_bank_only_qoq,4,171.67912845903453,50.93816150870535,71.84033190197205,271.517925016097,114,sample_sensitivity,tdc_residual_z,rolling_oos_standard_deviation,cumulative_sum_h0_to_h
drop_severe_scale_tail,exploratory,fitted_to_target_scale_ratio<=25.0,tdc_bank_only_qoq,5,175.37784762300535,60.4022493072758,56.98943898074478,293.76625626526595,113,sample_sensitivity,tdc_residual_z,rolling_oos_standard_deviation,cumulative_sum_h0_to_h
drop_severe_scale_tail,exploratory,fitted_to_target_scale_ratio<=25.0,tdc_bank_only_qoq,6,194.74926001111723,75.31375962688682,47.13429114241907,342.3642288798154,112,sample_sensitivity,tdc_residual_z,rolling_oos_standard_deviation,cumulative_sum_h0_to_h
drop_severe_scale_tail,exploratory,fitted_to_target_scale_ratio<=25.0,tdc_bank_only_qoq,7,201.86845116804875,82.35590849656437,40.45087051478259,363.2860318213149,111,sample_sensitivity,tdc_residual_z,rolling_oos_standard_deviation,cumulative_sum_h0_to_h
drop_severe_scale_tail,exploratory,fitted_to_target_scale_ratio<=25.0,tdc_bank_only_qoq,8,225.86398783705843,84.64793360212917,59.954037976885246,391.77393769723164,110,sample_sensitivity,tdc_residual_z,rolling_oos_standard_deviation,cumulative_sum_h0_to_h
drop_severe_scale_tail,exploratory,fitted_to_target_scale_ratio<=25.0,total_deposits_bank_qoq,0,30.06787125427535,14.110662312598695,2.4109731215819075,57.72476938696879,118,sample_sensitivity,tdc_residual_z,rolling_oos_standard_deviation,cumulative_sum_h0_to_h
drop_severe_scale_tail,exploratory,fitted_to_target_scale_ratio<=25.0,total_deposits_bank_qoq,1,44.00543163037236,34.68637961653575,-23.979872418037715,111.99073567878243,117,sample_sensitivity,tdc_residual_z,rolling_oos_standard_deviation,cumulative_sum_h0_to_h
drop_severe_scale_tail,exploratory,fitted_to_target_scale_ratio<=25.0,total_deposits_bank_qoq,2,39.29420108100497,45.91812521290397,-50.70532433628682,129.29372649829676,116,sample_sensitivity,tdc_residual_z,rolling_oos_standard_deviation,cumulative_sum_h0_to_h
drop_severe_scale_tail,exploratory,fitted_to_target_scale_ratio<=25.0,total_deposits_bank_qoq,3,58.14143868237632,54.37073339319733,-48.42519876829044,164.70807613304308,115,sample_sensitivity,tdc_residual_z,rolling_oos_standard_deviation,cumulative_sum_h0_to_h
drop_severe_scale_tail,exploratory,fitted_to_target_scale_ratio<=25.0,total_deposits_bank_qoq,4,73.73978090383294,64.45041216307436,-52.5830269357928,200.06258874345866,114,sample_sensitivity,tdc_residual_z,rolling_oos_standard_deviation,cumulative_sum_h0_to_h
drop_severe_scale_tail,exploratory,fitted_to_target_scale_ratio<=25.0,total_deposits_bank_qoq,5,51.46966793995907,68.9274816701875,-83.62819613360844,186.56753201352657,113,sample_sensitivity,tdc_residual_z,rolling_oos_standard_deviation,cumulative_sum_h0_to_h
drop_severe_scale_tail,exploratory,fitted_to_target_scale_ratio<=25.0,total_deposits_bank_qoq,6,29.066888136081296,72.2962377771287,-112.63373790709093,170.76751417925354,112,sample_sensitivity,tdc_residual_z,rolling_oos_standard_deviation,cumulative_sum_h0_to_h
drop_severe_scale_tail,exploratory,fitted_to_target_scale_ratio<=25.0,total_deposits_bank_qoq,7,45.392072510171246,77.70111655509395,-106.9021159378129,197.6862609581554,111,sample_sensitivity,tdc_residual_z,rolling_oos_standard_deviation,cumulative_sum_h0_to_h
drop_severe_scale_tail,exploratory,fitted_to_target_scale_ratio<=25.0,total_deposits_bank_qoq,8,55.91421058586577,81.35254300486743,-103.53677370367438,215.3651948754059,110,sample_sensitivity,tdc_residual_z,rolling_oos_standard_deviation,cumulative_sum_h0_to_h
drop_severe_scale_tail,exploratory,fitted_to_target_scale_ratio<=25.0,other_component_qoq,0,-54.61756892077001,12.705783412442788,-79.52090440915788,-29.714233432382148,118,sample_sensitivity,tdc_residual_z,rolling_oos_standard_deviation,cumulative_sum_h0_to_h
drop_severe_scale_tail,exploratory,fitted_to_target_scale_ratio<=25.0,other_component_qoq,1,-70.04693395496525,28.88581279128062,-126.66312702587527,-13.43074088405524,117,sample_sensitivity,tdc_residual_z,rolling_oos_standard_deviation,cumulative_sum_h0_to_h
drop_severe_scale_tail,exploratory,fitted_to_target_scale_ratio<=25.0,other_component_qoq,2,-95.39709133348714,35.14687503150724,-164.28496639524133,-26.50921627173294,116,sample_sensitivity,tdc_residual_z,rolling_oos_standard_deviation,cumulative_sum_h0_to_h
drop_severe_scale_tail,exploratory,fitted_to_target_scale_ratio<=25.0,other_component_qoq,3,-63.52716931415864,35.3442466337923,-132.80189271639154,5.747554088074267,115,sample_sensitivity,tdc_residual_z,rolling_oos_standard_deviation,cumulative_sum_h0_to_h
drop_severe_scale_tail,exploratory,fitted_to_target_scale_ratio<=25.0,other_component_qoq,4,-63.68173468487244,32.379712003395326,-127.14597021152727,-0.21749915821759913,114,sample_sensitivity,tdc_residual_z,rolling_oos_standard_deviation,cumulative_sum_h0_to_h
drop_severe_scale_tail,exploratory,fitted_to_target_scale_ratio<=25.0,other_component_qoq,5,-85.44988821202443,32.70618728574541,-149.5540152920854,-21.345761131963442,113,sample_sensitivity,tdc_residual_z,rolling_oos_standard_deviation,cumulative_sum_h0_to_h
drop_severe_scale_tail,exploratory,fitted_to_target_scale_ratio<=25.0,other_component_qoq,6,-126.78992970771156,37.132112582994154,-199.56887037038013,-54.01098904504302,112,sample_sensitivity,tdc_residual_z,rolling_oos_standard_deviation,cumulative_sum_h0_to_h
drop_severe_scale_tail,exploratory,fitted_to_target_scale_ratio<=25.0,other_component_qoq,7,-121.24809301921229,44.47294064394756,-208.4150566813495,-34.08112935707507,111,sample_sensitivity,tdc_residual_z,rolling_oos_standard_deviation,cumulative_sum_h0_to_h
drop_severe_scale_tail,exploratory,fitted_to_target_scale_ratio<=25.0,other_component_qoq,8,-135.49570312922032,49.393634476734434,-232.3072267036198,-38.68417955482083,110,sample_sensitivity,tdc_residual_z,rolling_oos_standard_deviation,cumulative_sum_h0_to_h
drop_severe_scale_tail,exploratory,fitted_to_target_scale_ratio<=25.0,accounting_deposit_substitution_qoq,0,0.025588691703724242,0.8009047657999624,-1.544184649264202,1.5953620326716504,91,sample_sensitivity,tdc_residual_z,rolling_oos_standard_deviation,cumulative_sum_h0_to_h
drop_severe_scale_tail,exploratory,fitted_to_target_scale_ratio<=25.0,accounting_deposit_substitution_qoq,1,-2.690642050428445,3.8260436730860024,-10.189687649677008,4.808403548820119,90,sample_sensitivity,tdc_residual_z,rolling_oos_standard_deviation,cumulative_sum_h0_to_h
drop_severe_scale_tail,exploratory,fitted_to_target_scale_ratio<=25.0,accounting_deposit_substitution_qoq,2,-4.729338450450017,3.612266465319856,-11.809380722476934,2.3507038215769,89,sample_sensitivity,tdc_residual_z,rolling_oos_standard_deviation,cumulative_sum_h0_to_h
drop_severe_scale_tail,exploratory,fitted_to_target_scale_ratio<=25.0,accounting_deposit_substitution_qoq,3,-8.648635612491065,5.683895824030657,-19.789071427591153,2.4918002026090225,88,sample_sensitivity,tdc_residual_z,rolling_oos_standard_deviation,cumulative_sum_h0_to_h
drop_severe_scale_tail,exploratory,fitted_to_target_scale_ratio<=25.0,accounting_deposit_substitution_qoq,4,-3.078097734794299,3.220671210018122,-9.390613306429817,3.23441783684122,87,sample_sensitivity,tdc_residual_z,rolling_oos_standard_deviation,cumulative_sum_h0_to_h
drop_severe_scale_tail,exploratory,fitted_to_target_scale_ratio<=25.0,accounting_deposit_substitution_qoq,5,1.4109167593391514,2.442245752397665,-3.3758849153602717,6.197718434038574,86,sample_sensitivity,tdc_residual_z,rolling_oos_standard_deviation,cumulative_sum_h0_to_h
drop_severe_scale_tail,exploratory,fitted_to_target_scale_ratio<=25.0,accounting_deposit_substitution_qoq,6,0.8488066568830692,2.791581758566642,-4.6226935899075485,6.320306903673687,85,sample_sensitivity,tdc_residual_z,rolling_oos_standard_deviation,cumulative_sum_h0_to_h
drop_severe_scale_tail,exploratory,fitted_to_target_scale_ratio<=25.0,accounting_deposit_substitution_qoq,7,-5.274906881179695,3.4210673294324816,-11.98019884686736,1.4303850845079689,84,sample_sensitivity,tdc_residual_z,rolling_oos_standard_deviation,cumulative_sum_h0_to_h
drop_severe_scale_tail,exploratory,fitted_to_target_scale_ratio<=25.0,accounting_deposit_substitution_qoq,8,-6.418952877550989,3.7056408146739415,-13.682008874311915,0.8441031192099357,83,sample_sensitivity,tdc_residual_z,rolling_oos_standard_deviation,cumulative_sum_h0_to_h
drop_severe_scale_tail,exploratory,fitted_to_target_scale_ratio<=25.0,accounting_bank_balance_sheet_qoq,0,-21.948820894984415,10.492616457262448,-42.51434915121881,-1.3832926387500173,91,sample_sensitivity,tdc_residual_z,rolling_oos_standard_deviation,cumulative_sum_h0_to_h
drop_severe_scale_tail,exploratory,fitted_to_target_scale_ratio<=25.0,accounting_bank_balance_sheet_qoq,1,-29.651645633057907,15.430310187076865,-59.89505359972856,0.5917623336127491,90,sample_sensitivity,tdc_residual_z,rolling_oos_standard_deviation,cumulative_sum_h0_to_h
drop_severe_scale_tail,exploratory,fitted_to_target_scale_ratio<=25.0,accounting_bank_balance_sheet_qoq,2,-43.152539759319765,16.903757749467502,-76.28390494827607,-10.021174570363463,89,sample_sensitivity,tdc_residual_z,rolling_oos_standard_deviation,cumulative_sum_h0_to_h
drop_severe_scale_tail,exploratory,fitted_to_target_scale_ratio<=25.0,accounting_bank_balance_sheet_qoq,3,-26.226299806008665,22.122878782438633,-69.58714221958839,17.134542607571053,88,sample_sensitivity,tdc_residual_z,rolling_oos_standard_deviation,cumulative_sum_h0_to_h
drop_severe_scale_tail,exploratory,fitted_to_target_scale_ratio<=25.0,accounting_bank_balance_sheet_qoq,4,-37.69809753383698,22.580925671596816,-81.95671185016674,6.560516782492783,87,sample_sensitivity,tdc_residual_z,rolling_oos_standard_deviation,cumulative_sum_h0_to_h
drop_severe_scale_tail,exploratory,fitted_to_target_scale_ratio<=25.0,accounting_bank_balance_sheet_qoq,5,-28.271670156301802,23.690212797836782,-74.7044872400619,18.16114692745829,86,sample_sensitivity,tdc_residual_z,rolling_oos_standard_deviation,cumulative_sum_h0_to_h
drop_severe_scale_tail,exploratory,fitted_to_target_scale_ratio<=25.0,accounting_bank_balance_sheet_qoq,6,-40.4485374299454,27.32806335727304,-94.01154161020057,13.114466750309766,85,sample_sensitivity,tdc_residual_z,rolling_oos_standard_deviation,cumulative_sum_h0_to_h
drop_severe_scale_tail,exploratory,fitted_to_target_scale_ratio<=25.0,accounting_bank_balance_sheet_qoq,7,-19.760024261797792,28.224874892194457,-75.08077905049893,35.56073052690334,84,sample_sensitivity,tdc_residual_z,rolling_oos_standard_deviation,cumulative_sum_h0_to_h
drop_severe_scale_tail,exploratory,fitted_to_target_scale_ratio<=25.0,accounting_bank_balance_sheet_qoq,8,-37.886028059171636,28.180928715905267,-93.12064834234596,17.348592224002687,83,sample_sensitivity,tdc_residual_z,rolling_oos_standard_deviation,cumulative_sum_h0_to_h
drop_severe_scale_tail,exploratory,fitted_to_target_scale_ratio<=25.0,accounting_public_liquidity_qoq,0,44.22643246049961,18.260343334790065,8.43615952431108,80.01670539668814,90,sample_sensitivity,tdc_residual_z,rolling_oos_standard_deviation,cumulative_sum_h0_to_h
drop_severe_scale_tail,exploratory,fitted_to_target_scale_ratio<=25.0,accounting_public_liquidity_qoq,1,33.11603754244538,32.870405671740066,-31.30995757416514,97.5420326590559,89,sample_sensitivity,tdc_residual_z,rolling_oos_standard_deviation,cumulative_sum_h0_to_h
drop_severe_scale_tail,exploratory,fitted_to_target_scale_ratio<=25.0,accounting_public_liquidity_qoq,2,33.202560867998855,47.908824062809,-60.69873429510679,127.1038560311045,88,sample_sensitivity,tdc_residual_z,rolling_oos_standard_deviation,cumulative_sum_h0_to_h
drop_severe_scale_tail,exploratory,fitted_to_target_scale_ratio<=25.0,accounting_public_liquidity_qoq,3,14.819090902177171,44.366719004530374,-72.13967834670237,101.7778601510567,87,sample_sensitivity,tdc_residual_z,rolling_oos_standard_deviation,cumulative_sum_h0_to_h
drop_severe_scale_tail,exploratory,fitted_to_target_scale_ratio<=25.0,accounting_public_liquidity_qoq,4,18.49064006501724,34.742013642945444,-49.60370667515583,86.58498680519031,86,sample_sensitivity,tdc_residual_z,rolling_oos_standard_deviation,cumulative_sum_h0_to_h
drop_severe_scale_tail,exploratory,fitted_to_target_scale_ratio<=25.0,accounting_public_liquidity_qoq,5,19.195851863734806,29.222907299807144,-38.08104644388719,76.47275017135681,85,sample_sensitivity,tdc_residual_z,rolling_oos_standard_deviation,cumulative_sum_h0_to_h
drop_severe_scale_tail,exploratory,fitted_to_target_scale_ratio<=25.0,accounting_public_liquidity_qoq,6,51.2684351768857,29.153657718806134,-5.872733951974318,108.40960430574572,84,sample_sensitivity,tdc_residual_z,rolling_oos_standard_deviation,cumulative_sum_h0_to_h
drop_severe_scale_tail,exploratory,fitted_to_target_scale_ratio<=25.0,accounting_public_liquidity_qoq,7,56.43937385992082,33.68914374368416,-9.59134787770013,122.47009559754177,83,sample_sensitivity,tdc_residual_z,rolling_oos_standard_deviation,cumulative_sum_h0_to_h
drop_severe_scale_tail,exploratory,fitted_to_target_scale_ratio<=25.0,accounting_public_liquidity_qoq,8,67.76765414324818,36.94627455623513,-4.647043986972676,140.18235227346904,82,sample_sensitivity,tdc_residual_z,rolling_oos_standard_deviation,cumulative_sum_h0_to_h
drop_severe_scale_tail,exploratory,fitted_to_target_scale_ratio<=25.0,accounting_external_flow_qoq,0,-86.80086506334996,25.001049280837318,-135.8029216537911,-37.79880847290882,91,sample_sensitivity,tdc_residual_z,rolling_oos_standard_deviation,cumulative_sum_h0_to_h
drop_severe_scale_tail,exploratory,fitted_to_target_scale_ratio<=25.0,accounting_external_flow_qoq,1,-84.92665172199509,48.22399735146998,-179.44568653087623,9.592383086886073,90,sample_sensitivity,tdc_residual_z,rolling_oos_standard_deviation,cumulative_sum_h0_to_h
drop_severe_scale_tail,exploratory,fitted_to_target_scale_ratio<=25.0,accounting_external_flow_qoq,2,-100.50077752296795,68.41505647928574,-234.594288222368,33.59273317643209,89,sample_sensitivity,tdc_residual_z,rolling_oos_standard_deviation,cumulative_sum_h0_to_h
drop_severe_scale_tail,exploratory,fitted_to_target_scale_ratio<=25.0,accounting_external_flow_qoq,3,-57.27077656577154,67.16056073763268,-188.90547561153159,74.3639224799885,88,sample_sensitivity,tdc_residual_z,rolling_oos_standard_deviation,cumulative_sum_h0_to_h
drop_severe_scale_tail,exploratory,fitted_to_target_scale_ratio<=25.0,accounting_external_flow_qoq,4,-54.18201341157885,56.03109957819235,-164.00296858483586,55.63894176167814,87,sample_sensitivity,tdc_residual_z,rolling_oos_standard_deviation,cumulative_sum_h0_to_h
drop_severe_scale_tail,exploratory,fitted_to_target_scale_ratio<=25.0,accounting_external_flow_qoq,5,-93.2572114958405,57.75252636588045,-206.45216317296615,19.93774018128518,86,sample_sensitivity,tdc_residual_z,rolling_oos_standard_deviation,cumulative_sum_h0_to_h
drop_severe_scale_tail,exploratory,fitted_to_target_scale_ratio<=25.0,accounting_external_flow_qoq,6,-163.85683732304483,58.22626041902618,-277.98030774433613,-49.73336690175351,85,sample_sensitivity,tdc_residual_z,rolling_oos_standard_deviation,cumulative_sum_h0_to_h
drop_severe_scale_tail,exploratory,fitted_to_target_scale_ratio<=25.0,accounting_external_flow_qoq,7,-174.98679190163438,67.1550793544826,-306.6107474364203,-43.362836366848484,84,sample_sensitivity,tdc_residual_z,rolling_oos_standard_deviation,cumulative_sum_h0_to_h
drop_severe_scale_tail,exploratory,fitted_to_target_scale_ratio<=25.0,accounting_external_flow_qoq,8,-183.19899081828984,72.20169872479318,-324.71432031888446,-41.683661317695226,83,sample_sensitivity,tdc_residual_z,rolling_oos_standard_deviation,cumulative_sum_h0_to_h
drop_severe_scale_tail,exploratory,fitted_to_target_scale_ratio<=25.0,accounting_identity_total_qoq,0,-63.43342141791911,16.171003134842913,-95.12858756221121,-31.738255273626997,90,sample_sensitivity,tdc_residual_z,rolling_oos_standard_deviation,cumulative_sum_h0_to_h
drop_severe_scale_tail,exploratory,fitted_to_target_scale_ratio<=25.0,accounting_identity_total_qoq,1,-85.74158672607778,36.92552663215656,-158.11561892510463,-13.367554527050928,89,sample_sensitivity,tdc_residual_z,rolling_oos_standard_deviation,cumulative_sum_h0_to_h
drop_severe_scale_tail,exploratory,fitted_to_target_scale_ratio<=25.0,accounting_identity_total_qoq,2,-119.35053154413217,43.15343310693086,-203.93126043371666,-34.769802654547675,88,sample_sensitivity,tdc_residual_z,rolling_oos_standard_deviation,cumulative_sum_h0_to_h
drop_severe_scale_tail,exploratory,fitted_to_target_scale_ratio<=25.0,accounting_identity_total_qoq,3,-83.64958080552863,44.81651315187974,-171.4899465832129,4.1907849721556545,87,sample_sensitivity,tdc_residual_z,rolling_oos_standard_deviation,cumulative_sum_h0_to_h
drop_severe_scale_tail,exploratory,fitted_to_target_scale_ratio<=25.0,accounting_identity_total_qoq,4,-84.90716676028467,38.49726028556329,-160.3617969199887,-9.452536600580615,86,sample_sensitivity,tdc_residual_z,rolling_oos_standard_deviation,cumulative_sum_h0_to_h
drop_severe_scale_tail,exploratory,fitted_to_target_scale_ratio<=25.0,accounting_identity_total_qoq,5,-109.71014139212714,37.576092091891205,-183.3592818922339,-36.06100089202039,85,sample_sensitivity,tdc_residual_z,rolling_oos_standard_deviation,cumulative_sum_h0_to_h
drop_severe_scale_tail,exploratory,fitted_to_target_scale_ratio<=25.0,accounting_identity_total_qoq,6,-161.30151410417034,39.77543697050497,-239.26137056636009,-83.3416576419806,84,sample_sensitivity,tdc_residual_z,rolling_oos_standard_deviation,cumulative_sum_h0_to_h
drop_severe_scale_tail,exploratory,fitted_to_target_scale_ratio<=25.0,accounting_identity_total_qoq,7,-153.90858527844117,49.77091682694317,-251.45958225924977,-56.357588297632546,83,sample_sensitivity,tdc_residual_z,rolling_oos_standard_deviation,cumulative_sum_h0_to_h
drop_severe_scale_tail,exploratory,fitted_to_target_scale_ratio<=25.0,accounting_identity_total_qoq,8,-165.38033034719098,58.10647344998804,-279.26901830916756,-51.49164238521442,82,sample_sensitivity,tdc_residual_z,rolling_oos_standard_deviation,cumulative_sum_h0_to_h
drop_severe_scale_tail,exploratory,fitted_to_target_scale_ratio<=25.0,accounting_identity_gap_qoq,0,-0.49250943336321706,0.9282768080705469,-2.311931977181489,1.3269131104550547,90,sample_sensitivity,tdc_residual_z,rolling_oos_standard_deviation,cumulative_sum_h0_to_h
drop_severe_scale_tail,exploratory,fitted_to_target_scale_ratio<=25.0,accounting_identity_gap_qoq,1,-2.393282161718567,1.656783471674485,-5.640577766200558,0.8540134427634234,89,sample_sensitivity,tdc_residual_z,rolling_oos_standard_deviation,cumulative_sum_h0_to_h
drop_severe_scale_tail,exploratory,fitted_to_target_scale_ratio<=25.0,accounting_identity_gap_qoq,2,-3.310482381438378,2.742565265020179,-8.685910300877929,2.0649455380011723,88,sample_sensitivity,tdc_residual_z,rolling_oos_standard_deviation,cumulative_sum_h0_to_h
drop_severe_scale_tail,exploratory,fitted_to_target_scale_ratio<=25.0,accounting_identity_gap_qoq,3,-0.4245077626713754,3.016485197229453,-6.336818749241103,5.487803223898353,87,sample_sensitivity,tdc_residual_z,rolling_oos_standard_deviation,cumulative_sum_h0_to_h
drop_severe_scale_tail,exploratory,fitted_to_target_scale_ratio<=25.0,accounting_identity_gap_qoq,4,-1.92598623532783,2.883847297895392,-7.578326939202799,3.7263544685471386,86,sample_sensitivity,tdc_residual_z,rolling_oos_standard_deviation,cumulative_sum_h0_to_h
drop_severe_scale_tail,exploratory,fitted_to_target_scale_ratio<=25.0,accounting_identity_gap_qoq,5,-2.8589555353002867,3.222536291799348,-9.175126667227008,3.457215596626435,85,sample_sensitivity,tdc_residual_z,rolling_oos_standard_deviation,cumulative_sum_h0_to_h
drop_severe_scale_tail,exploratory,fitted_to_target_scale_ratio<=25.0,accounting_identity_gap_qoq,6,-3.13743104251909,3.548042498868351,-10.091594340301057,3.8167322552628784,84,sample_sensitivity,tdc_residual_z,rolling_oos_standard_deviation,cumulative_sum_h0_to_h
drop_severe_scale_tail,exploratory,fitted_to_target_scale_ratio<=25.0,accounting_identity_gap_qoq,7,-1.2391352839636758,4.730479383235398,-10.510874875105056,8.032604307177703,83,sample_sensitivity,tdc_residual_z,rolling_oos_standard_deviation,cumulative_sum_h0_to_h
drop_severe_scale_tail,exploratory,fitted_to_target_scale_ratio<=25.0,accounting_identity_gap_qoq,8,-2.7300794553174956,4.067462094663791,-10.702305160858526,5.242146250223535,82,sample_sensitivity,tdc_residual_z,rolling_oos_standard_deviation,cumulative_sum_h0_to_h
drop_severe_scale_tail,exploratory,fitted_to_target_scale_ratio<=25.0,strict_loan_source_qoq,0,-13.37892397655802,5.326072662980707,-23.818026396000207,-2.9398215571158364,118,sample_sensitivity,tdc_residual_z,rolling_oos_standard_deviation,cumulative_sum_h0_to_h
drop_severe_scale_tail,exploratory,fitted_to_target_scale_ratio<=25.0,strict_loan_source_qoq,1,-15.884780744510087,6.942510124740422,-29.492100589001314,-2.277460900018859,117,sample_sensitivity,tdc_residual_z,rolling_oos_standard_deviation,cumulative_sum_h0_to_h
drop_severe_scale_tail,exploratory,fitted_to_target_scale_ratio<=25.0,strict_loan_source_qoq,2,-27.348309274555017,8.525119680942606,-44.057543849202524,-10.63907469990751,116,sample_sensitivity,tdc_residual_z,rolling_oos_standard_deviation,cumulative_sum_h0_to_h
drop_severe_scale_tail,exploratory,fitted_to_target_scale_ratio<=25.0,strict_loan_source_qoq,3,-14.202283042950821,14.22104774067238,-42.075536614668685,13.670970528767043,115,sample_sensitivity,tdc_residual_z,rolling_oos_standard_deviation,cumulative_sum_h0_to_h
drop_severe_scale_tail,exploratory,fitted_to_target_scale_ratio<=25.0,strict_loan_source_qoq,4,-21.91215544926894,18.762128785656774,-58.68592786915622,14.86161697061834,114,sample_sensitivity,tdc_residual_z,rolling_oos_standard_deviation,cumulative_sum_h0_to_h
drop_severe_scale_tail,exploratory,fitted_to_target_scale_ratio<=25.0,strict_loan_source_qoq,5,-18.0715103785938,25.671413593876775,-68.38748102259228,32.244460265404676,113,sample_sensitivity,tdc_residual_z,rolling_oos_standard_deviation,cumulative_sum_h0_to_h
drop_severe_scale_tail,exploratory,fitted_to_target_scale_ratio<=25.0,strict_loan_source_qoq,6,-21.607839367213618,29.445500160923512,-79.3210196826237,36.10534094819647,112,sample_sensitivity,tdc_residual_z,rolling_oos_standard_deviation,cumulative_sum_h0_to_h
drop_severe_scale_tail,exploratory,fitted_to_target_scale_ratio<=25.0,strict_loan_source_qoq,7,-7.38080688626572,32.559720844180866,-71.19785974086021,56.43624596832878,111,sample_sensitivity,tdc_residual_z,rolling_oos_standard_deviation,cumulative_sum_h0_to_h
drop_severe_scale_tail,exploratory,fitted_to_target_scale_ratio<=25.0,strict_loan_source_qoq,8,-18.28273490920803,34.40730433197582,-85.72105139988064,49.155581581464574,110,sample_sensitivity,tdc_residual_z,rolling_oos_standard_deviation,cumulative_sum_h0_to_h
drop_severe_scale_tail,exploratory,fitted_to_target_scale_ratio<=25.0,strict_loan_mortgages_qoq,0,-3.8646090866447063,2.113582580401025,-8.007230944230717,0.27801277094130317,118,sample_sensitivity,tdc_residual_z,rolling_oos_standard_deviation,cumulative_sum_h0_to_h
drop_severe_scale_tail,exploratory,fitted_to_target_scale_ratio<=25.0,strict_loan_mortgages_qoq,1,-3.0707188020236487,3.6649646124139275,-10.254049442354948,4.112611838307649,117,sample_sensitivity,tdc_residual_z,rolling_oos_standard_deviation,cumulative_sum_h0_to_h
drop_severe_scale_tail,exploratory,fitted_to_target_scale_ratio<=25.0,strict_loan_mortgages_qoq,2,-4.455573626205421,5.080782249953757,-14.413906836114785,5.502759583703943,116,sample_sensitivity,tdc_residual_z,rolling_oos_standard_deviation,cumulative_sum_h0_to_h
drop_severe_scale_tail,exploratory,fitted_to_target_scale_ratio<=25.0,strict_loan_mortgages_qoq,3,-2.1715404453226137,7.116405099380222,-16.11969444010785,11.77661354946262,115,sample_sensitivity,tdc_residual_z,rolling_oos_standard_deviation,cumulative_sum_h0_to_h
drop_severe_scale_tail,exploratory,fitted_to_target_scale_ratio<=25.0,strict_loan_mortgages_qoq,4,-3.138554802177886,9.984939279297087,-22.709035789600176,16.431926185244404,114,sample_sensitivity,tdc_residual_z,rolling_oos_standard_deviation,cumulative_sum_h0_to_h
drop_severe_scale_tail,exploratory,fitted_to_target_scale_ratio<=25.0,strict_loan_mortgages_qoq,5,0.4873579574948579,13.402479987366432,-25.78150281774335,26.756218732733064,113,sample_sensitivity,tdc_residual_z,rolling_oos_standard_deviation,cumulative_sum_h0_to_h
drop_severe_scale_tail,exploratory,fitted_to_target_scale_ratio<=25.0,strict_loan_mortgages_qoq,6,3.4040938908593166,16.124411936577,-28.199753504831605,35.007941286550235,112,sample_sensitivity,tdc_residual_z,rolling_oos_standard_deviation,cumulative_sum_h0_to_h
drop_severe_scale_tail,exploratory,fitted_to_target_scale_ratio<=25.0,strict_loan_mortgages_qoq,7,6.485524971938563,17.762858127972308,-28.32967695888716,41.30072690276428,111,sample_sensitivity,tdc_residual_z,rolling_oos_standard_deviation,cumulative_sum_h0_to_h
drop_severe_scale_tail,exploratory,fitted_to_target_scale_ratio<=25.0,strict_loan_mortgages_qoq,8,4.68174561035444,19.869301227126915,-34.262084794814314,43.625576015523194,110,sample_sensitivity,tdc_residual_z,rolling_oos_standard_deviation,cumulative_sum_h0_to_h
drop_severe_scale_tail,exploratory,fitted_to_target_scale_ratio<=25.0,strict_loan_consumer_credit_qoq,0,-4.546660709022384,2.2203281786881215,-8.898503939251103,-0.19481747879366562,118,sample_sensitivity,tdc_residual_z,rolling_oos_standard_deviation,cumulative_sum_h0_to_h
drop_severe_scale_tail,exploratory,fitted_to_target_scale_ratio<=25.0,strict_loan_consumer_credit_qoq,1,-7.888594200017364,3.389791675672222,-14.53258588433492,-1.2446025156998086,117,sample_sensitivity,tdc_residual_z,rolling_oos_standard_deviation,cumulative_sum_h0_to_h
drop_severe_scale_tail,exploratory,fitted_to_target_scale_ratio<=25.0,strict_loan_consumer_credit_qoq,2,-7.913268049888144,4.0156128919271845,-15.783869318065426,-0.04266678171086191,116,sample_sensitivity,tdc_residual_z,rolling_oos_standard_deviation,cumulative_sum_h0_to_h
drop_severe_scale_tail,exploratory,fitted_to_target_scale_ratio<=25.0,strict_loan_consumer_credit_qoq,3,-6.727788415167578,4.794237187899464,-16.124493303450528,2.668916473115371,115,sample_sensitivity,tdc_residual_z,rolling_oos_standard_deviation,cumulative_sum_h0_to_h
drop_severe_scale_tail,exploratory,fitted_to_target_scale_ratio<=25.0,strict_loan_consumer_credit_qoq,4,-9.217067084485207,5.852527465841092,-20.68802091753375,2.2538867485633336,114,sample_sensitivity,tdc_residual_z,rolling_oos_standard_deviation,cumulative_sum_h0_to_h
drop_severe_scale_tail,exploratory,fitted_to_target_scale_ratio<=25.0,strict_loan_consumer_credit_qoq,5,-8.1741464373616,6.648348852280838,-21.20491018783204,4.856617313108844,113,sample_sensitivity,tdc_residual_z,rolling_oos_standard_deviation,cumulative_sum_h0_to_h
drop_severe_scale_tail,exploratory,fitted_to_target_scale_ratio<=25.0,strict_loan_consumer_credit_qoq,6,-7.4571775447807775,6.376606222196154,-19.95532574028524,5.0409706507236836,112,sample_sensitivity,tdc_residual_z,rolling_oos_standard_deviation,cumulative_sum_h0_to_h
drop_severe_scale_tail,exploratory,fitted_to_target_scale_ratio<=25.0,strict_loan_consumer_credit_qoq,7,-5.5828315743239125,6.806650967750487,-18.923867471114868,7.758204322467042,111,sample_sensitivity,tdc_residual_z,rolling_oos_standard_deviation,cumulative_sum_h0_to_h
drop_severe_scale_tail,exploratory,fitted_to_target_scale_ratio<=25.0,strict_loan_consumer_credit_qoq,8,-7.245832089815756,6.56230477441094,-20.1079494476612,5.616285268029686,110,sample_sensitivity,tdc_residual_z,rolling_oos_standard_deviation,cumulative_sum_h0_to_h
drop_severe_scale_tail,exploratory,fitted_to_target_scale_ratio<=25.0,strict_loan_di_loans_nec_qoq,0,-2.3590087076622837,5.868800862347038,-13.861858397862477,9.14384098253791,118,sample_sensitivity,tdc_residual_z,rolling_oos_standard_deviation,cumulative_sum_h0_to_h
drop_severe_scale_tail,exploratory,fitted_to_target_scale_ratio<=25.0,strict_loan_di_loans_nec_qoq,1,-2.4674626141357026,8.319556673051773,-18.773793693317177,13.838868465045774,117,sample_sensitivity,tdc_residual_z,rolling_oos_standard_deviation,cumulative_sum_h0_to_h
drop_severe_scale_tail,exploratory,fitted_to_target_scale_ratio<=25.0,strict_loan_di_loans_nec_qoq,2,-10.198744038447597,8.279617238416382,-26.426793825743705,6.029305748848511,116,sample_sensitivity,tdc_residual_z,rolling_oos_standard_deviation,cumulative_sum_h0_to_h
drop_severe_scale_tail,exploratory,fitted_to_target_scale_ratio<=25.0,strict_loan_di_loans_nec_qoq,3,-6.240208346809813,8.748227531616664,-23.386734308778472,10.906317615158848,115,sample_sensitivity,tdc_residual_z,rolling_oos_standard_deviation,cumulative_sum_h0_to_h
drop_severe_scale_tail,exploratory,fitted_to_target_scale_ratio<=25.0,strict_loan_di_loans_nec_qoq,4,-9.985414534484256,9.962628754527424,-29.512166893358007,9.541337824389494,114,sample_sensitivity,tdc_residual_z,rolling_oos_standard_deviation,cumulative_sum_h0_to_h
drop_severe_scale_tail,exploratory,fitted_to_target_scale_ratio<=25.0,strict_loan_di_loans_nec_qoq,5,-10.04250605746472,11.174020371315232,-31.943585985242574,11.858573870313133,113,sample_sensitivity,tdc_residual_z,rolling_oos_standard_deviation,cumulative_sum_h0_to_h
drop_severe_scale_tail,exploratory,fitted_to_target_scale_ratio<=25.0,strict_loan_di_loans_nec_qoq,6,-15.628238685038236,11.862218587709288,-38.87818711694844,7.62170974687197,112,sample_sensitivity,tdc_residual_z,rolling_oos_standard_deviation,cumulative_sum_h0_to_h
drop_severe_scale_tail,exploratory,fitted_to_target_scale_ratio<=25.0,strict_loan_di_loans_nec_qoq,7,-11.102864055861286,13.145311353390543,-36.86767430850675,14.661946196784179,111,sample_sensitivity,tdc_residual_z,rolling_oos_standard_deviation,cumulative_sum_h0_to_h
drop_severe_scale_tail,exploratory,fitted_to_target_scale_ratio<=25.0,strict_loan_di_loans_nec_qoq,8,-15.492772508896877,13.440436820438663,-41.83602867695666,10.8504836591629,110,sample_sensitivity,tdc_residual_z,rolling_oos_standard_deviation,cumulative_sum_h0_to_h
drop_severe_scale_tail,exploratory,fitted_to_target_scale_ratio<=25.0,strict_loan_other_advances_qoq,0,0.16081908581172924,0.08506139701419985,-0.005901252336102447,0.3275394239595609,118,sample_sensitivity,tdc_residual_z,rolling_oos_standard_deviation,cumulative_sum_h0_to_h
drop_severe_scale_tail,exploratory,fitted_to_target_scale_ratio<=25.0,strict_loan_other_advances_qoq,1,0.23258538790770406,0.1197439983583193,-0.0021128488746017526,0.46728362469000984,117,sample_sensitivity,tdc_residual_z,rolling_oos_standard_deviation,cumulative_sum_h0_to_h
drop_severe_scale_tail,exploratory,fitted_to_target_scale_ratio<=25.0,strict_loan_other_advances_qoq,2,0.32317511393367665,0.12655439266396537,0.07512850431230453,0.5712217235550487,116,sample_sensitivity,tdc_residual_z,rolling_oos_standard_deviation,cumulative_sum_h0_to_h
drop_severe_scale_tail,exploratory,fitted_to_target_scale_ratio<=25.0,strict_loan_other_advances_qoq,3,0.30934440128619445,0.15191614237040704,0.01158876224019667,0.6071000403321922,115,sample_sensitivity,tdc_residual_z,rolling_oos_standard_deviation,cumulative_sum_h0_to_h
drop_severe_scale_tail,exploratory,fitted_to_target_scale_ratio<=25.0,strict_loan_other_advances_qoq,4,0.21307940293360011,0.1629916769645768,-0.10638428391697041,0.5325430897841706,114,sample_sensitivity,tdc_residual_z,rolling_oos_standard_deviation,cumulative_sum_h0_to_h
drop_severe_scale_tail,exploratory,fitted_to_target_scale_ratio<=25.0,strict_loan_other_advances_qoq,5,0.09622245053816784,0.173262518727913,-0.2433720861685416,0.43581698724487733,113,sample_sensitivity,tdc_residual_z,rolling_oos_standard_deviation,cumulative_sum_h0_to_h
drop_severe_scale_tail,exploratory,fitted_to_target_scale_ratio<=25.0,strict_loan_other_advances_qoq,6,0.16345367930959223,0.18019269865626106,-0.1897240100566794,0.5166313686758639,112,sample_sensitivity,tdc_residual_z,rolling_oos_standard_deviation,cumulative_sum_h0_to_h
drop_severe_scale_tail,exploratory,fitted_to_target_scale_ratio<=25.0,strict_loan_other_advances_qoq,7,0.17707820836820198,0.178637208069796,-0.17305071944859818,0.5272071361850021,111,sample_sensitivity,tdc_residual_z,rolling_oos_standard_deviation,cumulative_sum_h0_to_h
drop_severe_scale_tail,exploratory,fitted_to_target_scale_ratio<=25.0,strict_loan_other_advances_qoq,8,0.09992836928847912,0.18288281522040015,-0.2585219485435052,0.45837868712046337,110,sample_sensitivity,tdc_residual_z,rolling_oos_standard_deviation,cumulative_sum_h0_to_h
drop_severe_scale_tail,exploratory,fitted_to_target_scale_ratio<=25.0,strict_non_treasury_agency_gse_qoq,0,8.28829435039783,2.3187191124506734,3.7436048899945105,12.83298381080115,118,sample_sensitivity,tdc_residual_z,rolling_oos_standard_deviation,cumulative_sum_h0_to_h
drop_severe_scale_tail,exploratory,fitted_to_target_scale_ratio<=25.0,strict_non_treasury_agency_gse_qoq,1,10.306138412199948,4.151616688284538,2.1689697031622543,18.44330712123764,117,sample_sensitivity,tdc_residual_z,rolling_oos_standard_deviation,cumulative_sum_h0_to_h
drop_severe_scale_tail,exploratory,fitted_to_target_scale_ratio<=25.0,strict_non_treasury_agency_gse_qoq,2,11.15791907808346,6.5330342569378255,-1.6468280655146774,23.962666221681594,116,sample_sensitivity,tdc_residual_z,rolling_oos_standard_deviation,cumulative_sum_h0_to_h
drop_severe_scale_tail,exploratory,fitted_to_target_scale_ratio<=25.0,strict_non_treasury_agency_gse_qoq,3,11.698510861292146,9.659396500721009,-7.23390628012103,30.63092800270532,115,sample_sensitivity,tdc_residual_z,rolling_oos_standard_deviation,cumulative_sum_h0_to_h
drop_severe_scale_tail,exploratory,fitted_to_target_scale_ratio<=25.0,strict_non_treasury_agency_gse_qoq,4,18.39919744795925,13.482454610538282,-8.026413588695782,44.82480848461428,114,sample_sensitivity,tdc_residual_z,rolling_oos_standard_deviation,cumulative_sum_h0_to_h
drop_severe_scale_tail,exploratory,fitted_to_target_scale_ratio<=25.0,strict_non_treasury_agency_gse_qoq,5,18.39580722126127,16.064126230954205,-13.089880191408973,49.88149463393151,113,sample_sensitivity,tdc_residual_z,rolling_oos_standard_deviation,cumulative_sum_h0_to_h
drop_severe_scale_tail,exploratory,fitted_to_target_scale_ratio<=25.0,strict_non_treasury_agency_gse_qoq,6,17.02223841709052,17.873192631355185,-18.009219140365644,52.053695974546685,112,sample_sensitivity,tdc_residual_z,rolling_oos_standard_deviation,cumulative_sum_h0_to_h
drop_severe_scale_tail,exploratory,fitted_to_target_scale_ratio<=25.0,strict_non_treasury_agency_gse_qoq,7,14.340512980859069,19.052123803509996,-23.001649674020527,51.68267563573866,111,sample_sensitivity,tdc_residual_z,rolling_oos_standard_deviation,cumulative_sum_h0_to_h
drop_severe_scale_tail,exploratory,fitted_to_target_scale_ratio<=25.0,strict_non_treasury_agency_gse_qoq,8,16.47131502037272,19.77113466864599,-22.280108930173412,55.222738970918854,110,sample_sensitivity,tdc_residual_z,rolling_oos_standard_deviation,cumulative_sum_h0_to_h
drop_severe_scale_tail,exploratory,fitted_to_target_scale_ratio<=25.0,strict_non_treasury_municipal_qoq,0,-0.48688010084869865,0.5622800248703654,-1.588948949594615,0.6151887478972176,118,sample_sensitivity,tdc_residual_z,rolling_oos_standard_deviation,cumulative_sum_h0_to_h
drop_severe_scale_tail,exploratory,fitted_to_target_scale_ratio<=25.0,strict_non_treasury_municipal_qoq,1,-0.4372485130990051,0.8807529827916535,-2.163524359370646,1.2890273331726356,117,sample_sensitivity,tdc_residual_z,rolling_oos_standard_deviation,cumulative_sum_h0_to_h
drop_severe_scale_tail,exploratory,fitted_to_target_scale_ratio<=25.0,strict_non_treasury_municipal_qoq,2,-0.48565275395490204,1.1806916889783092,-2.799808464352388,1.828502956442584,116,sample_sensitivity,tdc_residual_z,rolling_oos_standard_deviation,cumulative_sum_h0_to_h
drop_severe_scale_tail,exploratory,fitted_to_target_scale_ratio<=25.0,strict_non_treasury_municipal_qoq,3,-0.14056825043075616,1.6674848002610727,-3.4088384589424585,3.127701958080946,115,sample_sensitivity,tdc_residual_z,rolling_oos_standard_deviation,cumulative_sum_h0_to_h
drop_severe_scale_tail,exploratory,fitted_to_target_scale_ratio<=25.0,strict_non_treasury_municipal_qoq,4,0.151957460464412,2.168028381985018,-4.097378168226223,4.401293089155047,114,sample_sensitivity,tdc_residual_z,rolling_oos_standard_deviation,cumulative_sum_h0_to_h
drop_severe_scale_tail,exploratory,fitted_to_target_scale_ratio<=25.0,strict_non_treasury_municipal_qoq,5,0.5964211451683078,2.5945117309077927,-4.488821847410966,5.681664137747582,113,sample_sensitivity,tdc_residual_z,rolling_oos_standard_deviation,cumulative_sum_h0_to_h
drop_severe_scale_tail,exploratory,fitted_to_target_scale_ratio<=25.0,strict_non_treasury_municipal_qoq,6,0.7536036732480591,2.91144719159767,-4.952832822283374,6.460040168779492,112,sample_sensitivity,tdc_residual_z,rolling_oos_standard_deviation,cumulative_sum_h0_to_h
drop_severe_scale_tail,exploratory,fitted_to_target_scale_ratio<=25.0,strict_non_treasury_municipal_qoq,7,0.9546764435590325,3.149322873427826,-5.217996388359507,7.127349275477571,111,sample_sensitivity,tdc_residual_z,rolling_oos_standard_deviation,cumulative_sum_h0_to_h
drop_severe_scale_tail,exploratory,fitted_to_target_scale_ratio<=25.0,strict_non_treasury_municipal_qoq,8,0.9441978039199534,3.4035835613959224,-5.7268259764160545,7.615221584255962,110,sample_sensitivity,tdc_residual_z,rolling_oos_standard_deviation,cumulative_sum_h0_to_h
drop_severe_scale_tail,exploratory,fitted_to_target_scale_ratio<=25.0,strict_non_treasury_corporate_foreign_bonds_qoq,0,2.41859594578008,1.974139945856323,-1.450718348098313,6.287910239658473,118,sample_sensitivity,tdc_residual_z,rolling_oos_standard_deviation,cumulative_sum_h0_to_h
drop_severe_scale_tail,exploratory,fitted_to_target_scale_ratio<=25.0,strict_non_treasury_corporate_foreign_bonds_qoq,1,3.910755654595692,2.6597750567995124,-1.3024034567313527,9.123914765922736,117,sample_sensitivity,tdc_residual_z,rolling_oos_standard_deviation,cumulative_sum_h0_to_h
drop_severe_scale_tail,exploratory,fitted_to_target_scale_ratio<=25.0,strict_non_treasury_corporate_foreign_bonds_qoq,2,7.1406775014068735,3.2420970524690205,0.7861672785675937,13.495187724246154,116,sample_sensitivity,tdc_residual_z,rolling_oos_standard_deviation,cumulative_sum_h0_to_h
drop_severe_scale_tail,exploratory,fitted_to_target_scale_ratio<=25.0,strict_non_treasury_corporate_foreign_bonds_qoq,3,6.284288545935096,3.473509811068538,-0.5237906837592385,13.09236777562943,115,sample_sensitivity,tdc_residual_z,rolling_oos_standard_deviation,cumulative_sum_h0_to_h
drop_severe_scale_tail,exploratory,fitted_to_target_scale_ratio<=25.0,strict_non_treasury_corporate_foreign_bonds_qoq,4,8.049308510344494,4.896975617383444,-1.548763699727056,17.647380720416045,114,sample_sensitivity,tdc_residual_z,rolling_oos_standard_deviation,cumulative_sum_h0_to_h
drop_severe_scale_tail,exploratory,fitted_to_target_scale_ratio<=25.0,strict_non_treasury_corporate_foreign_bonds_qoq,5,9.146650222816858,5.0983007908546965,-0.8460193272583467,19.139319772892062,113,sample_sensitivity,tdc_residual_z,rolling_oos_standard_deviation,cumulative_sum_h0_to_h
drop_severe_scale_tail,exploratory,fitted_to_target_scale_ratio<=25.0,strict_non_treasury_corporate_foreign_bonds_qoq,6,10.426361258576094,5.5055753947264305,-0.3645665150877093,21.217289032239897,112,sample_sensitivity,tdc_residual_z,rolling_oos_standard_deviation,cumulative_sum_h0_to_h
drop_severe_scale_tail,exploratory,fitted_to_target_scale_ratio<=25.0,strict_non_treasury_corporate_foreign_bonds_qoq,7,12.097060550407967,5.706038059360006,0.9132259540623551,23.28089514675358,111,sample_sensitivity,tdc_residual_z,rolling_oos_standard_deviation,cumulative_sum_h0_to_h
drop_severe_scale_tail,exploratory,fitted_to_target_scale_ratio<=25.0,strict_non_treasury_corporate_foreign_bonds_qoq,8,14.932182538290121,6.685730514087692,1.8281507306782458,28.036214345901996,110,sample_sensitivity,tdc_residual_z,rolling_oos_standard_deviation,cumulative_sum_h0_to_h
drop_severe_scale_tail,exploratory,fitted_to_target_scale_ratio<=25.0,strict_non_treasury_securities_qoq,0,11.11590116414727,3.7374711831326257,3.790457645207323,18.441344683087216,118,sample_sensitivity,tdc_residual_z,rolling_oos_standard_deviation,cumulative_sum_h0_to_h
drop_severe_scale_tail,exploratory,fitted_to_target_scale_ratio<=25.0,strict_non_treasury_securities_qoq,1,14.829278929029154,5.669144156144829,3.7177563829852893,25.94080147507302,117,sample_sensitivity,tdc_residual_z,rolling_oos_standard_deviation,cumulative_sum_h0_to_h
drop_severe_scale_tail,exploratory,fitted_to_target_scale_ratio<=25.0,strict_non_treasury_securities_qoq,2,19.176332204492375,8.983601287934807,1.5684736801401549,36.78419072884459,116,sample_sensitivity,tdc_residual_z,rolling_oos_standard_deviation,cumulative_sum_h0_to_h
drop_severe_scale_tail,exploratory,fitted_to_target_scale_ratio<=25.0,strict_non_treasury_securities_qoq,3,18.8567397521355,11.272842205898,-3.2380309714245783,40.95151047569558,115,sample_sensitivity,tdc_residual_z,rolling_oos_standard_deviation,cumulative_sum_h0_to_h
drop_severe_scale_tail,exploratory,fitted_to_target_scale_ratio<=25.0,strict_non_treasury_securities_qoq,4,26.70550599485568,17.38801994207151,-7.375013091604476,60.78602508131584,114,sample_sensitivity,tdc_residual_z,rolling_oos_standard_deviation,cumulative_sum_h0_to_h
drop_severe_scale_tail,exploratory,fitted_to_target_scale_ratio<=25.0,strict_non_treasury_securities_qoq,5,28.13028015714503,20.947994216486638,-12.927788507168778,69.18834882145885,113,sample_sensitivity,tdc_residual_z,rolling_oos_standard_deviation,cumulative_sum_h0_to_h
drop_severe_scale_tail,exploratory,fitted_to_target_scale_ratio<=25.0,strict_non_treasury_securities_qoq,6,28.264970084909095,23.45505509793283,-17.706937907039254,74.23687807685744,112,sample_sensitivity,tdc_residual_z,rolling_oos_standard_deviation,cumulative_sum_h0_to_h
drop_severe_scale_tail,exploratory,fitted_to_target_scale_ratio<=25.0,strict_non_treasury_securities_qoq,7,27.32642649441399,24.940371625019193,-21.556701890623625,76.2095548794516,111,sample_sensitivity,tdc_residual_z,rolling_oos_standard_deviation,cumulative_sum_h0_to_h
drop_severe_scale_tail,exploratory,fitted_to_target_scale_ratio<=25.0,strict_non_treasury_securities_qoq,8,32.51561482474521,27.396448341954283,-21.181423925485184,86.2126535749756,110,sample_sensitivity,tdc_residual_z,rolling_oos_standard_deviation,cumulative_sum_h0_to_h
drop_severe_scale_tail,exploratory,fitted_to_target_scale_ratio<=25.0,strict_identifiable_total_qoq,0,-1.7679002344539878,6.687483575753507,-14.875368042930862,11.339567574022887,118,sample_sensitivity,tdc_residual_z,rolling_oos_standard_deviation,cumulative_sum_h0_to_h
drop_severe_scale_tail,exploratory,fitted_to_target_scale_ratio<=25.0,strict_identifiable_total_qoq,1,-0.9237613441033137,10.592573450159705,-21.685205306416336,19.837682618209705,117,sample_sensitivity,tdc_residual_z,rolling_oos_standard_deviation,cumulative_sum_h0_to_h
drop_severe_scale_tail,exploratory,fitted_to_target_scale_ratio<=25.0,strict_identifiable_total_qoq,2,-9.370691591825809,13.298531231387802,-35.4358128053459,16.694429621694283,116,sample_sensitivity,tdc_residual_z,rolling_oos_standard_deviation,cumulative_sum_h0_to_h
drop_severe_scale_tail,exploratory,fitted_to_target_scale_ratio<=25.0,strict_identifiable_total_qoq,3,2.7906981159479365,20.377891927086214,-37.14997006114105,42.73136629303691,115,sample_sensitivity,tdc_residual_z,rolling_oos_standard_deviation,cumulative_sum_h0_to_h
drop_severe_scale_tail,exploratory,fitted_to_target_scale_ratio<=25.0,strict_identifiable_total_qoq,4,2.8298722002901755,27.13263969348116,-50.350101598932895,56.009845999513246,114,sample_sensitivity,tdc_residual_z,rolling_oos_standard_deviation,cumulative_sum_h0_to_h
drop_severe_scale_tail,exploratory,fitted_to_target_scale_ratio<=25.0,strict_identifiable_total_qoq,5,6.090268109285802,34.933604703352145,-62.379597109284404,74.56013332785601,113,sample_sensitivity,tdc_residual_z,rolling_oos_standard_deviation,cumulative_sum_h0_to_h
drop_severe_scale_tail,exploratory,fitted_to_target_scale_ratio<=25.0,strict_identifiable_total_qoq,6,1.6827660887039357,38.40842399127255,-73.59774493419025,76.96327711159813,112,sample_sensitivity,tdc_residual_z,rolling_oos_standard_deviation,cumulative_sum_h0_to_h
drop_severe_scale_tail,exploratory,fitted_to_target_scale_ratio<=25.0,strict_identifiable_total_qoq,7,14.803854981254567,42.173970903110195,-67.85712798884143,97.46483795135055,111,sample_sensitivity,tdc_residual_z,rolling_oos_standard_deviation,cumulative_sum_h0_to_h
drop_severe_scale_tail,exploratory,fitted_to_target_scale_ratio<=25.0,strict_identifiable_total_qoq,8,9.222929450813815,45.65129828647992,-80.25361519068682,98.69947409231446,110,sample_sensitivity,tdc_residual_z,rolling_oos_standard_deviation,cumulative_sum_h0_to_h
drop_severe_scale_tail,exploratory,fitted_to_target_scale_ratio<=25.0,strict_identifiable_gap_qoq,0,-51.25348689210395,11.87517413909755,-74.52882820473515,-27.978145579472752,118,sample_sensitivity,tdc_residual_z,rolling_oos_standard_deviation,cumulative_sum_h0_to_h
drop_severe_scale_tail,exploratory,fitted_to_target_scale_ratio<=25.0,strict_identifiable_gap_qoq,1,-69.40558755500936,25.572623238283796,-119.5279291020456,-19.28324600797312,117,sample_sensitivity,tdc_residual_z,rolling_oos_standard_deviation,cumulative_sum_h0_to_h
drop_severe_scale_tail,exploratory,fitted_to_target_scale_ratio<=25.0,strict_identifiable_gap_qoq,2,-87.15077331409206,32.79288331473224,-151.42482461096725,-22.876722017216878,116,sample_sensitivity,tdc_residual_z,rolling_oos_standard_deviation,cumulative_sum_h0_to_h
drop_severe_scale_tail,exploratory,fitted_to_target_scale_ratio<=25.0,strict_identifiable_gap_qoq,3,-68.51540630536257,33.216070505327174,-133.61890449580383,-3.4119081149213173,115,sample_sensitivity,tdc_residual_z,rolling_oos_standard_deviation,cumulative_sum_h0_to_h
drop_severe_scale_tail,exploratory,fitted_to_target_scale_ratio<=25.0,strict_identifiable_gap_qoq,4,-71.11552051470676,29.603230695334624,-129.13785267756262,-13.093188351850898,114,sample_sensitivity,tdc_residual_z,rolling_oos_standard_deviation,cumulative_sum_h0_to_h
drop_severe_scale_tail,exploratory,fitted_to_target_scale_ratio<=25.0,strict_identifiable_gap_qoq,5,-95.70676112388607,33.728487320125474,-161.814596271332,-29.598925976440142,113,sample_sensitivity,tdc_residual_z,rolling_oos_standard_deviation,cumulative_sum_h0_to_h
drop_severe_scale_tail,exploratory,fitted_to_target_scale_ratio<=25.0,strict_identifiable_gap_qoq,6,-129.85787682759695,41.14614540138399,-210.50432181430958,-49.21143184088433,112,sample_sensitivity,tdc_residual_z,rolling_oos_standard_deviation,cumulative_sum_h0_to_h
drop_severe_scale_tail,exploratory,fitted_to_target_scale_ratio<=25.0,strict_identifiable_gap_qoq,7,-135.12382458990567,45.616639757577566,-224.5324385147577,-45.71521066505363,111,sample_sensitivity,tdc_residual_z,rolling_oos_standard_deviation,cumulative_sum_h0_to_h
drop_severe_scale_tail,exploratory,fitted_to_target_scale_ratio<=25.0,strict_identifiable_gap_qoq,8,-145.04569597249954,47.27392249045473,-237.70258405379082,-52.38880789120827,110,sample_sensitivity,tdc_residual_z,rolling_oos_standard_deviation,cumulative_sum_h0_to_h
drop_severe_scale_tail,exploratory,fitted_to_target_scale_ratio<=25.0,bank_credit_private_qoq,0,15.405645752847562,13.144820710984465,-10.35820284068199,41.169494346377114,63,sample_sensitivity,tdc_residual_z,rolling_oos_standard_deviation,cumulative_sum_h0_to_h
drop_severe_scale_tail,exploratory,fitted_to_target_scale_ratio<=25.0,bank_credit_private_qoq,1,22.682444046153815,14.729636918179214,-6.187644313477442,51.55253240578507,62,sample_sensitivity,tdc_residual_z,rolling_oos_standard_deviation,cumulative_sum_h0_to_h
drop_severe_scale_tail,exploratory,fitted_to_target_scale_ratio<=25.0,bank_credit_private_qoq,2,23.75304136684941,13.050979821690865,-1.8268790836646858,49.332961817363504,61,sample_sensitivity,tdc_residual_z,rolling_oos_standard_deviation,cumulative_sum_h0_to_h
drop_severe_scale_tail,exploratory,fitted_to_target_scale_ratio<=25.0,bank_credit_private_qoq,3,40.975862618260976,15.941698601400544,9.73013335951591,72.22159187700603,60,sample_sensitivity,tdc_residual_z,rolling_oos_standard_deviation,cumulative_sum_h0_to_h
drop_severe_scale_tail,exploratory,fitted_to_target_scale_ratio<=25.0,bank_credit_private_qoq,4,56.96503258051078,18.841811399490357,20.035082237509684,93.89498292351188,59,sample_sensitivity,tdc_residual_z,rolling_oos_standard_deviation,cumulative_sum_h0_to_h
drop_severe_scale_tail,exploratory,fitted_to_target_scale_ratio<=25.0,bank_credit_private_qoq,5,68.37919532829535,24.60073184178886,20.161760918389184,116.59662973820153,58,sample_sensitivity,tdc_residual_z,rolling_oos_standard_deviation,cumulative_sum_h0_to_h
drop_severe_scale_tail,exploratory,fitted_to_target_scale_ratio<=25.0,bank_credit_private_qoq,6,71.10510770936172,26.275058862286915,19.605992339279368,122.60422307944407,57,sample_sensitivity,tdc_residual_z,rolling_oos_standard_deviation,cumulative_sum_h0_to_h
drop_severe_scale_tail,exploratory,fitted_to_target_scale_ratio<=25.0,bank_credit_private_qoq,7,78.38320381398616,30.13514656922514,19.318316538304884,137.44809108966743,56,sample_sensitivity,tdc_residual_z,rolling_oos_standard_deviation,cumulative_sum_h0_to_h
drop_severe_scale_tail,exploratory,fitted_to_target_scale_ratio<=25.0,bank_credit_private_qoq,8,75.00229248792336,30.051382834760926,16.101582131791943,133.90300284405475,55,sample_sensitivity,tdc_residual_z,rolling_oos_standard_deviation,cumulative_sum_h0_to_h
drop_severe_scale_tail,exploratory,fitted_to_target_scale_ratio<=25.0,commercial_industrial_loans_qoq,0,-0.14266675191698397,5.443924540010539,-10.81275885033764,10.527425346503673,118,sample_sensitivity,tdc_residual_z,rolling_oos_standard_deviation,cumulative_sum_h0_to_h
drop_severe_scale_tail,exploratory,fitted_to_target_scale_ratio<=25.0,commercial_industrial_loans_qoq,1,-1.6157252252021945,8.772425516138203,-18.80967923683307,15.578228786428681,117,sample_sensitivity,tdc_residual_z,rolling_oos_standard_deviation,cumulative_sum_h0_to_h
drop_severe_scale_tail,exploratory,fitted_to_target_scale_ratio<=25.0,commercial_industrial_loans_qoq,2,-13.020305140510507,7.852981635637385,-28.41214914635978,2.371538865338767,116,sample_sensitivity,tdc_residual_z,rolling_oos_standard_deviation,cumulative_sum_h0_to_h
drop_severe_scale_tail,exploratory,fitted_to_target_scale_ratio<=25.0,commercial_industrial_loans_qoq,3,-12.60720126145066,7.389187497071061,-27.09000875570994,1.8756062328086198,115,sample_sensitivity,tdc_residual_z,rolling_oos_standard_deviation,cumulative_sum_h0_to_h
drop_severe_scale_tail,exploratory,fitted_to_target_scale_ratio<=25.0,commercial_industrial_loans_qoq,4,-12.097073532141977,8.710414211888109,-29.16948538744267,4.9753383231587165,114,sample_sensitivity,tdc_residual_z,rolling_oos_standard_deviation,cumulative_sum_h0_to_h
drop_severe_scale_tail,exploratory,fitted_to_target_scale_ratio<=25.0,commercial_industrial_loans_qoq,5,-11.285354666789972,9.844546242845501,-30.58066530276715,8.009955969187208,113,sample_sensitivity,tdc_residual_z,rolling_oos_standard_deviation,cumulative_sum_h0_to_h
drop_severe_scale_tail,exploratory,fitted_to_target_scale_ratio<=25.0,commercial_industrial_loans_qoq,6,-16.99811365989415,10.933528021743399,-38.42782858251121,4.431601262722914,112,sample_sensitivity,tdc_residual_z,rolling_oos_standard_deviation,cumulative_sum_h0_to_h
drop_severe_scale_tail,exploratory,fitted_to_target_scale_ratio<=25.0,commercial_industrial_loans_qoq,7,-13.13545668073748,11.512667802639081,-35.70028557391008,9.42937221243512,111,sample_sensitivity,tdc_residual_z,rolling_oos_standard_deviation,cumulative_sum_h0_to_h
drop_severe_scale_tail,exploratory,fitted_to_target_scale_ratio<=25.0,commercial_industrial_loans_qoq,8,-12.593763461459705,11.773885658011716,-35.67057935116267,10.483052428243258,110,sample_sensitivity,tdc_residual_z,rolling_oos_standard_deviation,cumulative_sum_h0_to_h
drop_severe_scale_tail,exploratory,fitted_to_target_scale_ratio<=25.0,construction_land_development_loans_qoq,0,0.20531975845538308,0.23514318828046066,-0.2555608905743198,0.666200407485086,42,sample_sensitivity,tdc_residual_z,rolling_oos_standard_deviation,cumulative_sum_h0_to_h
drop_severe_scale_tail,exploratory,fitted_to_target_scale_ratio<=25.0,construction_land_development_loans_qoq,1,-0.37028991400476297,0.6040415666448624,-1.5542113846286933,0.8136315566191673,41,sample_sensitivity,tdc_residual_z,rolling_oos_standard_deviation,cumulative_sum_h0_to_h
drop_severe_scale_tail,exploratory,fitted_to_target_scale_ratio<=25.0,construction_land_development_loans_qoq,2,-0.18898140836108168,0.770130107291529,-1.6984364186524785,1.3204736019303152,40,sample_sensitivity,tdc_residual_z,rolling_oos_standard_deviation,cumulative_sum_h0_to_h
drop_severe_scale_tail,exploratory,fitted_to_target_scale_ratio<=25.0,construction_land_development_loans_qoq,3,-0.7989485374244132,0.8810150270563811,-2.52573799045492,0.9278409156060938,39,sample_sensitivity,tdc_residual_z,rolling_oos_standard_deviation,cumulative_sum_h0_to_h
drop_severe_scale_tail,exploratory,fitted_to_target_scale_ratio<=25.0,construction_land_development_loans_qoq,4,-0.7042878264910684,1.0265060394462888,-2.7162396638057946,1.307664010823658,38,sample_sensitivity,tdc_residual_z,rolling_oos_standard_deviation,cumulative_sum_h0_to_h
drop_severe_scale_tail,exploratory,fitted_to_target_scale_ratio<=25.0,construction_land_development_loans_qoq,5,-0.37684861060624186,0.8576189436292647,-2.0577817401196006,1.3040845189071169,37,sample_sensitivity,tdc_residual_z,rolling_oos_standard_deviation,cumulative_sum_h0_to_h
drop_severe_scale_tail,exploratory,fitted_to_target_scale_ratio<=25.0,construction_land_development_loans_qoq,6,0.24793092134201533,0.8326096011457118,-1.3839838969035798,1.8798457395876105,36,sample_sensitivity,tdc_residual_z,rolling_oos_standard_deviation,cumulative_sum_h0_to_h
drop_severe_scale_tail,exploratory,fitted_to_target_scale_ratio<=25.0,construction_land_development_loans_qoq,7,0.7432856084832515,0.8897047350028435,-1.0005356721223218,2.4871068890888246,35,sample_sensitivity,tdc_residual_z,rolling_oos_standard_deviation,cumulative_sum_h0_to_h
drop_severe_scale_tail,exploratory,fitted_to_target_scale_ratio<=25.0,construction_land_development_loans_qoq,8,1.5808380043550008,0.8379202709993713,-0.06148572680376696,3.2231617355137683,34,sample_sensitivity,tdc_residual_z,rolling_oos_standard_deviation,cumulative_sum_h0_to_h
drop_severe_scale_tail,exploratory,fitted_to_target_scale_ratio<=25.0,cre_multifamily_loans_qoq,0,-0.7345683611962199,0.5186733911975492,-1.7511682079434163,0.28203148555097646,42,sample_sensitivity,tdc_residual_z,rolling_oos_standard_deviation,cumulative_sum_h0_to_h
drop_severe_scale_tail,exploratory,fitted_to_target_scale_ratio<=25.0,cre_multifamily_loans_qoq,1,-0.7417956558744625,0.7163356223731184,-2.1458134757257747,0.6622221639768495,41,sample_sensitivity,tdc_residual_z,rolling_oos_standard_deviation,cumulative_sum_h0_to_h
drop_severe_scale_tail,exploratory,fitted_to_target_scale_ratio<=25.0,cre_multifamily_loans_qoq,2,-2.458722183620403,1.0604428745315806,-4.537190217702301,-0.38025414953850545,40,sample_sensitivity,tdc_residual_z,rolling_oos_standard_deviation,cumulative_sum_h0_to_h
drop_severe_scale_tail,exploratory,fitted_to_target_scale_ratio<=25.0,cre_multifamily_loans_qoq,3,-2.494765350878274,1.186304430573033,-4.819922034801419,-0.16960866695512955,39,sample_sensitivity,tdc_residual_z,rolling_oos_standard_deviation,cumulative_sum_h0_to_h
drop_severe_scale_tail,exploratory,fitted_to_target_scale_ratio<=25.0,cre_multifamily_loans_qoq,4,-3.1215938207285854,1.5382773062314645,-6.136617340942256,-0.10657030051491478,38,sample_sensitivity,tdc_residual_z,rolling_oos_standard_deviation,cumulative_sum_h0_to_h
drop_severe_scale_tail,exploratory,fitted_to_target_scale_ratio<=25.0,cre_multifamily_loans_qoq,5,-0.32436006140593143,1.186996820645648,-2.6508738298714016,2.0021537070595388,37,sample_sensitivity,tdc_residual_z,rolling_oos_standard_deviation,cumulative_sum_h0_to_h
drop_severe_scale_tail,exploratory,fitted_to_target_scale_ratio<=25.0,cre_multifamily_loans_qoq,6,0.1200102415647244,1.1389090813420146,-2.112251557865624,2.352272040995073,36,sample_sensitivity,tdc_residual_z,rolling_oos_standard_deviation,cumulative_sum_h0_to_h
drop_severe_scale_tail,exploratory,fitted_to_target_scale_ratio<=25.0,cre_multifamily_loans_qoq,7,3.092372012498,2.1167878304619294,-1.056532135207381,7.241276160203381,35,sample_sensitivity,tdc_residual_z,rolling_oos_standard_deviation,cumulative_sum_h0_to_h
drop_severe_scale_tail,exploratory,fitted_to_target_scale_ratio<=25.0,cre_multifamily_loans_qoq,8,2.425655070234475,1.0363218921290722,0.3944641616614937,4.456845978807456,34,sample_sensitivity,tdc_residual_z,rolling_oos_standard_deviation,cumulative_sum_h0_to_h
drop_severe_scale_tail,exploratory,fitted_to_target_scale_ratio<=25.0,cre_nonfarm_nonresidential_loans_qoq,0,-0.4333775432123832,0.6956905551072083,-1.7969310312225115,0.9301759447977451,42,sample_sensitivity,tdc_residual_z,rolling_oos_standard_deviation,cumulative_sum_h0_to_h
drop_severe_scale_tail,exploratory,fitted_to_target_scale_ratio<=25.0,cre_nonfarm_nonresidential_loans_qoq,1,-0.9942967902969908,0.9951914155859941,-2.9448719648455395,0.9562783842515576,41,sample_sensitivity,tdc_residual_z,rolling_oos_standard_deviation,cumulative_sum_h0_to_h
drop_severe_scale_tail,exploratory,fitted_to_target_scale_ratio<=25.0,cre_nonfarm_nonresidential_loans_qoq,2,-2.0733949330433674,1.2790125166111475,-4.580259465601216,0.4334695995144817,40,sample_sensitivity,tdc_residual_z,rolling_oos_standard_deviation,cumulative_sum_h0_to_h
drop_severe_scale_tail,exploratory,fitted_to_target_scale_ratio<=25.0,cre_nonfarm_nonresidential_loans_qoq,3,-2.1405697481092574,1.8708878383938197,-5.807509911361144,1.5263704151426292,39,sample_sensitivity,tdc_residual_z,rolling_oos_standard_deviation,cumulative_sum_h0_to_h
drop_severe_scale_tail,exploratory,fitted_to_target_scale_ratio<=25.0,cre_nonfarm_nonresidential_loans_qoq,4,-2.3941701016098467,1.9632360877304356,-6.2421128335615,1.453772630341807,38,sample_sensitivity,tdc_residual_z,rolling_oos_standard_deviation,cumulative_sum_h0_to_h
drop_severe_scale_tail,exploratory,fitted_to_target_scale_ratio<=25.0,cre_nonfarm_nonresidential_loans_qoq,5,-0.44517052764851783,1.9272663965684633,-4.222612664922706,3.3322716096256704,37,sample_sensitivity,tdc_residual_z,rolling_oos_standard_deviation,cumulative_sum_h0_to_h
drop_severe_scale_tail,exploratory,fitted_to_target_scale_ratio<=25.0,cre_nonfarm_nonresidential_loans_qoq,6,0.9438138556683349,1.9084132747972034,-2.7966761629341836,4.684303874270853,36,sample_sensitivity,tdc_residual_z,rolling_oos_standard_deviation,cumulative_sum_h0_to_h
drop_severe_scale_tail,exploratory,fitted_to_target_scale_ratio<=25.0,cre_nonfarm_nonresidential_loans_qoq,7,3.292882591976035,1.913978871009301,-0.4585159952021951,7.0442811791542645,35,sample_sensitivity,tdc_residual_z,rolling_oos_standard_deviation,cumulative_sum_h0_to_h
drop_severe_scale_tail,exploratory,fitted_to_target_scale_ratio<=25.0,cre_nonfarm_nonresidential_loans_qoq,8,3.509345832299161,1.6325077552837346,0.3096306319430413,6.70906103265528,34,sample_sensitivity,tdc_residual_z,rolling_oos_standard_deviation,cumulative_sum_h0_to_h
drop_severe_scale_tail,exploratory,fitted_to_target_scale_ratio<=25.0,consumer_loans_qoq,0,-2.6299895867369276,1.5233249896157333,-5.615706566383764,0.3557273929099094,118,sample_sensitivity,tdc_residual_z,rolling_oos_standard_deviation,cumulative_sum_h0_to_h
drop_severe_scale_tail,exploratory,fitted_to_target_scale_ratio<=25.0,consumer_loans_qoq,1,-6.405657739571376,2.5587603187275247,-11.420827964277326,-1.3904875148654279,117,sample_sensitivity,tdc_residual_z,rolling_oos_standard_deviation,cumulative_sum_h0_to_h
drop_severe_scale_tail,exploratory,fitted_to_target_scale_ratio<=25.0,consumer_loans_qoq,2,-6.568942078821076,3.0523783042383195,-12.551603555128182,-0.5862806025139697,116,sample_sensitivity,tdc_residual_z,rolling_oos_standard_deviation,cumulative_sum_h0_to_h
drop_severe_scale_tail,exploratory,fitted_to_target_scale_ratio<=25.0,consumer_loans_qoq,3,-5.787686173366518,3.6073383817168914,-12.858069401531626,1.2826970547985885,115,sample_sensitivity,tdc_residual_z,rolling_oos_standard_deviation,cumulative_sum_h0_to_h
drop_severe_scale_tail,exploratory,fitted_to_target_scale_ratio<=25.0,consumer_loans_qoq,4,-1.277169172705161,4.625740394380482,-10.343620345690905,7.789282000280583,114,sample_sensitivity,tdc_residual_z,rolling_oos_standard_deviation,cumulative_sum_h0_to_h
drop_severe_scale_tail,exploratory,fitted_to_target_scale_ratio<=25.0,consumer_loans_qoq,5,3.896313319767784,7.592827249360501,-10.985628088978796,18.778254728514366,113,sample_sensitivity,tdc_residual_z,rolling_oos_standard_deviation,cumulative_sum_h0_to_h
drop_severe_scale_tail,exploratory,fitted_to_target_scale_ratio<=25.0,consumer_loans_qoq,6,1.1771958064812544,5.9928419421361605,-10.56877440010562,12.923166013068128,112,sample_sensitivity,tdc_residual_z,rolling_oos_standard_deviation,cumulative_sum_h0_to_h
drop_severe_scale_tail,exploratory,fitted_to_target_scale_ratio<=25.0,consumer_loans_qoq,7,1.231732067294403,5.786465740853202,-10.109740784777873,12.573204919366678,111,sample_sensitivity,tdc_residual_z,rolling_oos_standard_deviation,cumulative_sum_h0_to_h
drop_severe_scale_tail,exploratory,fitted_to_target_scale_ratio<=25.0,consumer_loans_qoq,8,1.019663499823304,5.734317242997198,-10.219598296451204,12.258925296097813,110,sample_sensitivity,tdc_residual_z,rolling_oos_standard_deviation,cumulative_sum_h0_to_h
drop_severe_scale_tail,exploratory,fitted_to_target_scale_ratio<=25.0,credit_card_revolving_loans_qoq,0,-1.6938353543462954,1.441408667028558,-4.51899634172227,1.1313256330296784,100,sample_sensitivity,tdc_residual_z,rolling_oos_standard_deviation,cumulative_sum_h0_to_h
drop_severe_scale_tail,exploratory,fitted_to_target_scale_ratio<=25.0,credit_card_revolving_loans_qoq,1,-6.567893484369071,2.662363672842862,-11.78612628314108,-1.3496606855970619,99,sample_sensitivity,tdc_residual_z,rolling_oos_standard_deviation,cumulative_sum_h0_to_h
drop_severe_scale_tail,exploratory,fitted_to_target_scale_ratio<=25.0,credit_card_revolving_loans_qoq,2,-6.248064440770943,2.83769218518644,-11.809941123736365,-0.68618775780552,98,sample_sensitivity,tdc_residual_z,rolling_oos_standard_deviation,cumulative_sum_h0_to_h
drop_severe_scale_tail,exploratory,fitted_to_target_scale_ratio<=25.0,credit_card_revolving_loans_qoq,3,-6.033799628109488,3.31365612582816,-12.528565634732681,0.4609663785137048,97,sample_sensitivity,tdc_residual_z,rolling_oos_standard_deviation,cumulative_sum_h0_to_h
drop_severe_scale_tail,exploratory,fitted_to_target_scale_ratio<=25.0,credit_card_revolving_loans_qoq,4,-0.9223969756047627,4.8108079916158495,-10.351580639171827,8.506786687962302,96,sample_sensitivity,tdc_residual_z,rolling_oos_standard_deviation,cumulative_sum_h0_to_h
drop_severe_scale_tail,exploratory,fitted_to_target_scale_ratio<=25.0,credit_card_revolving_loans_qoq,5,5.293104258722645,9.241914987634582,-12.821049117041136,23.407257634486427,95,sample_sensitivity,tdc_residual_z,rolling_oos_standard_deviation,cumulative_sum_h0_to_h
drop_severe_scale_tail,exploratory,fitted_to_target_scale_ratio<=25.0,credit_card_revolving_loans_qoq,6,1.8692780927318315,7.211725505346709,-12.265703897747716,16.00426008321138,94,sample_sensitivity,tdc_residual_z,rolling_oos_standard_deviation,cumulative_sum_h0_to_h
drop_severe_scale_tail,exploratory,fitted_to_target_scale_ratio<=25.0,credit_card_revolving_loans_qoq,7,1.1070962273780038,6.855249837326884,-12.32919345378269,14.543385908538696,93,sample_sensitivity,tdc_residual_z,rolling_oos_standard_deviation,cumulative_sum_h0_to_h
drop_severe_scale_tail,exploratory,fitted_to_target_scale_ratio<=25.0,credit_card_revolving_loans_qoq,8,1.2551313809142997,7.0181257308037805,-12.50039505146111,15.01065781328971,92,sample_sensitivity,tdc_residual_z,rolling_oos_standard_deviation,cumulative_sum_h0_to_h
drop_severe_scale_tail,exploratory,fitted_to_target_scale_ratio<=25.0,auto_loans_qoq,0,0.14241427584634014,0.19718543778368997,-0.2440691822096922,0.5288977339023725,42,sample_sensitivity,tdc_residual_z,rolling_oos_standard_deviation,cumulative_sum_h0_to_h
drop_severe_scale_tail,exploratory,fitted_to_target_scale_ratio<=25.0,auto_loans_qoq,1,0.7101160341518999,0.6169719957769061,-0.49914907757083604,1.919381145874636,41,sample_sensitivity,tdc_residual_z,rolling_oos_standard_deviation,cumulative_sum_h0_to_h
drop_severe_scale_tail,exploratory,fitted_to_target_scale_ratio<=25.0,auto_loans_qoq,2,1.4675730408836054,0.8165356861049781,-0.13283690388215152,3.0679829856493623,40,sample_sensitivity,tdc_residual_z,rolling_oos_standard_deviation,cumulative_sum_h0_to_h
drop_severe_scale_tail,exploratory,fitted_to_target_scale_ratio<=25.0,auto_loans_qoq,3,2.572658876090709,0.8331579818078153,0.9396692317473909,4.205648520434027,39,sample_sensitivity,tdc_residual_z,rolling_oos_standard_deviation,cumulative_sum_h0_to_h
drop_severe_scale_tail,exploratory,fitted_to_target_scale_ratio<=25.0,auto_loans_qoq,4,3.020643982939922,0.8947702154410155,1.2668943606755316,4.774393605204312,38,sample_sensitivity,tdc_residual_z,rolling_oos_standard_deviation,cumulative_sum_h0_to_h
drop_severe_scale_tail,exploratory,fitted_to_target_scale_ratio<=25.0,auto_loans_qoq,5,3.5313683119967907,1.0210282095569692,1.5301530212651313,5.53258360272845,37,sample_sensitivity,tdc_residual_z,rolling_oos_standard_deviation,cumulative_sum_h0_to_h
drop_severe_scale_tail,exploratory,fitted_to_target_scale_ratio<=25.0,auto_loans_qoq,6,3.79225492363662,1.270980760537464,1.3011326329831907,6.283377214290049,36,sample_sensitivity,tdc_residual_z,rolling_oos_standard_deviation,cumulative_sum_h0_to_h
drop_severe_scale_tail,exploratory,fitted_to_target_scale_ratio<=25.0,auto_loans_qoq,7,4.704072801460933,1.5530443738480038,1.6601058287188457,7.74803977420302,35,sample_sensitivity,tdc_residual_z,rolling_oos_standard_deviation,cumulative_sum_h0_to_h
drop_severe_scale_tail,exploratory,fitted_to_target_scale_ratio<=25.0,auto_loans_qoq,8,4.953845938930109,1.678166318522084,1.6646399546268245,8.243051923233393,34,sample_sensitivity,tdc_residual_z,rolling_oos_standard_deviation,cumulative_sum_h0_to_h
drop_severe_scale_tail,exploratory,fitted_to_target_scale_ratio<=25.0,other_consumer_loans_qoq,0,-1.3154191483685276,0.867124522609819,-3.014983212683773,0.3841449159467176,100,sample_sensitivity,tdc_residual_z,rolling_oos_standard_deviation,cumulative_sum_h0_to_h
drop_severe_scale_tail,exploratory,fitted_to_target_scale_ratio<=25.0,other_consumer_loans_qoq,1,-1.3623126838857558,1.0542686344389045,-3.4286792073860086,0.7040538396144971,99,sample_sensitivity,tdc_residual_z,rolling_oos_standard_deviation,cumulative_sum_h0_to_h
drop_severe_scale_tail,exploratory,fitted_to_target_scale_ratio<=25.0,other_consumer_loans_qoq,2,-1.434767263969979,1.4769565570462178,-4.329602115780566,1.460067587840608,98,sample_sensitivity,tdc_residual_z,rolling_oos_standard_deviation,cumulative_sum_h0_to_h
drop_severe_scale_tail,exploratory,fitted_to_target_scale_ratio<=25.0,other_consumer_loans_qoq,3,-0.483757288877972,1.7230796475840933,-3.860993398142795,2.893478820386851,97,sample_sensitivity,tdc_residual_z,rolling_oos_standard_deviation,cumulative_sum_h0_to_h
drop_severe_scale_tail,exploratory,fitted_to_target_scale_ratio<=25.0,other_consumer_loans_qoq,4,-0.12323752941697608,1.9005316004415111,-3.848279466282338,3.6018044074483857,96,sample_sensitivity,tdc_residual_z,rolling_oos_standard_deviation,cumulative_sum_h0_to_h
drop_severe_scale_tail,exploratory,fitted_to_target_scale_ratio<=25.0,other_consumer_loans_qoq,5,0.35181703881204296,2.1796905189471345,-3.920376378324341,4.624010455948427,95,sample_sensitivity,tdc_residual_z,rolling_oos_standard_deviation,cumulative_sum_h0_to_h
drop_severe_scale_tail,exploratory,fitted_to_target_scale_ratio<=25.0,other_consumer_loans_qoq,6,0.5445237754143122,2.308776739805655,-3.9806786346047716,5.069726185433396,94,sample_sensitivity,tdc_residual_z,rolling_oos_standard_deviation,cumulative_sum_h0_to_h
drop_severe_scale_tail,exploratory,fitted_to_target_scale_ratio<=25.0,other_consumer_loans_qoq,7,0.7043938878191067,2.7564751245358114,-4.698297356271084,6.107085131909297,93,sample_sensitivity,tdc_residual_z,rolling_oos_standard_deviation,cumulative_sum_h0_to_h
drop_severe_scale_tail,exploratory,fitted_to_target_scale_ratio<=25.0,other_consumer_loans_qoq,8,0.44098705233552593,3.0770095625025484,-5.589951690169469,6.471925794840521,92,sample_sensitivity,tdc_residual_z,rolling_oos_standard_deviation,cumulative_sum_h0_to_h
drop_severe_scale_tail,exploratory,fitted_to_target_scale_ratio<=25.0,heloc_loans_qoq,0,0.6454414717148531,0.43666467009634685,-0.21042128167398666,1.5013042251036928,118,sample_sensitivity,tdc_residual_z,rolling_oos_standard_deviation,cumulative_sum_h0_to_h
drop_severe_scale_tail,exploratory,fitted_to_target_scale_ratio<=25.0,heloc_loans_qoq,1,0.1024051591429688,0.46587799151505044,-0.81071570422653,1.0155260225124676,117,sample_sensitivity,tdc_residual_z,rolling_oos_standard_deviation,cumulative_sum_h0_to_h
drop_severe_scale_tail,exploratory,fitted_to_target_scale_ratio<=25.0,heloc_loans_qoq,2,-0.1423460536124545,0.8913875103642831,-1.8894655739264494,1.6047734667015403,116,sample_sensitivity,tdc_residual_z,rolling_oos_standard_deviation,cumulative_sum_h0_to_h
drop_severe_scale_tail,exploratory,fitted_to_target_scale_ratio<=25.0,heloc_loans_qoq,3,-0.18780286512710986,1.3709510294914142,-2.8748668829302817,2.4992611526760617,115,sample_sensitivity,tdc_residual_z,rolling_oos_standard_deviation,cumulative_sum_h0_to_h
drop_severe_scale_tail,exploratory,fitted_to_target_scale_ratio<=25.0,heloc_loans_qoq,4,0.5625392251654352,1.6422497634657405,-2.656270311227416,3.7813487615582866,114,sample_sensitivity,tdc_residual_z,rolling_oos_standard_deviation,cumulative_sum_h0_to_h
drop_severe_scale_tail,exploratory,fitted_to_target_scale_ratio<=25.0,heloc_loans_qoq,5,1.0605585876491013,2.00492766152619,-2.8690996289422315,4.9902168042404345,113,sample_sensitivity,tdc_residual_z,rolling_oos_standard_deviation,cumulative_sum_h0_to_h
drop_severe_scale_tail,exploratory,fitted_to_target_scale_ratio<=25.0,heloc_loans_qoq,6,1.2190254051203662,2.3709571126386226,-3.4280505356513347,5.8661013458920666,112,sample_sensitivity,tdc_residual_z,rolling_oos_standard_deviation,cumulative_sum_h0_to_h
drop_severe_scale_tail,exploratory,fitted_to_target_scale_ratio<=25.0,heloc_loans_qoq,7,1.8921447206232354,2.774619448444284,-3.546109398327561,7.330398839574032,111,sample_sensitivity,tdc_residual_z,rolling_oos_standard_deviation,cumulative_sum_h0_to_h
drop_severe_scale_tail,exploratory,fitted_to_target_scale_ratio<=25.0,heloc_loans_qoq,8,2.5991565540144648,3.208859513956696,-3.6902080933406594,8.888521201369588,110,sample_sensitivity,tdc_residual_z,rolling_oos_standard_deviation,cumulative_sum_h0_to_h
drop_severe_scale_tail,exploratory,fitted_to_target_scale_ratio<=25.0,closed_end_residential_loans_qoq,0,0.4855484012356692,2.4845020804087734,-4.384075676365526,5.355172478836865,84,sample_sensitivity,tdc_residual_z,rolling_oos_standard_deviation,cumulative_sum_h0_to_h
drop_severe_scale_tail,exploratory,fitted_to_target_scale_ratio<=25.0,closed_end_residential_loans_qoq,1,0.21052905026603908,3.040350231235335,-5.7485574029552176,6.169615503487295,83,sample_sensitivity,tdc_residual_z,rolling_oos_standard_deviation,cumulative_sum_h0_to_h
drop_severe_scale_tail,exploratory,fitted_to_target_scale_ratio<=25.0,closed_end_residential_loans_qoq,2,-2.9048138051314893,3.2906587810268815,-9.354505015944177,3.5448774056811985,82,sample_sensitivity,tdc_residual_z,rolling_oos_standard_deviation,cumulative_sum_h0_to_h
drop_severe_scale_tail,exploratory,fitted_to_target_scale_ratio<=25.0,closed_end_residential_loans_qoq,3,-2.0056645938468294,3.1866429896329187,-8.25148485352735,4.240155665833692,81,sample_sensitivity,tdc_residual_z,rolling_oos_standard_deviation,cumulative_sum_h0_to_h
drop_severe_scale_tail,exploratory,fitted_to_target_scale_ratio<=25.0,closed_end_residential_loans_qoq,4,1.8341190494052668,4.839432251125683,-7.651168162801072,11.319406261611606,80,sample_sensitivity,tdc_residual_z,rolling_oos_standard_deviation,cumulative_sum_h0_to_h
drop_severe_scale_tail,exploratory,fitted_to_target_scale_ratio<=25.0,closed_end_residential_loans_qoq,5,1.6920358862869485,5.552999828470983,-9.191843777516178,12.575915550090075,79,sample_sensitivity,tdc_residual_z,rolling_oos_standard_deviation,cumulative_sum_h0_to_h
drop_severe_scale_tail,exploratory,fitted_to_target_scale_ratio<=25.0,closed_end_residential_loans_qoq,6,0.5187432219133674,6.33317499897344,-11.894279776074573,12.93176621990131,78,sample_sensitivity,tdc_residual_z,rolling_oos_standard_deviation,cumulative_sum_h0_to_h
drop_severe_scale_tail,exploratory,fitted_to_target_scale_ratio<=25.0,closed_end_residential_loans_qoq,7,1.8255486834924017,6.0681871363352835,-10.068098103724754,13.719195470709558,77,sample_sensitivity,tdc_residual_z,rolling_oos_standard_deviation,cumulative_sum_h0_to_h
drop_severe_scale_tail,exploratory,fitted_to_target_scale_ratio<=25.0,closed_end_residential_loans_qoq,8,4.0137459370781965,6.3110946327304145,-8.355999543073416,16.38349141722981,76,sample_sensitivity,tdc_residual_z,rolling_oos_standard_deviation,cumulative_sum_h0_to_h
drop_severe_scale_tail,exploratory,fitted_to_target_scale_ratio<=25.0,loans_to_commercial_banks_qoq,0,0.17169893517888216,0.652360635790044,-1.106927910969604,1.4503257813273684,118,sample_sensitivity,tdc_residual_z,rolling_oos_standard_deviation,cumulative_sum_h0_to_h
drop_severe_scale_tail,exploratory,fitted_to_target_scale_ratio<=25.0,loans_to_commercial_banks_qoq,1,1.5301310451987464,0.985594061393355,-0.40163331513222933,3.461895405529722,117,sample_sensitivity,tdc_residual_z,rolling_oos_standard_deviation,cumulative_sum_h0_to_h
drop_severe_scale_tail,exploratory,fitted_to_target_scale_ratio<=25.0,loans_to_commercial_banks_qoq,2,0.8689374940172434,0.7554491602424376,-0.6117428600579342,2.349617848092421,116,sample_sensitivity,tdc_residual_z,rolling_oos_standard_deviation,cumulative_sum_h0_to_h
drop_severe_scale_tail,exploratory,fitted_to_target_scale_ratio<=25.0,loans_to_commercial_banks_qoq,3,0.10980531467492505,0.8338008389285912,-1.5244443296251138,1.7440549589749637,115,sample_sensitivity,tdc_residual_z,rolling_oos_standard_deviation,cumulative_sum_h0_to_h
drop_severe_scale_tail,exploratory,fitted_to_target_scale_ratio<=25.0,loans_to_commercial_banks_qoq,4,-1.059289421008783,0.6683328146361661,-2.3692217376956686,0.2506428956781024,114,sample_sensitivity,tdc_residual_z,rolling_oos_standard_deviation,cumulative_sum_h0_to_h
drop_severe_scale_tail,exploratory,fitted_to_target_scale_ratio<=25.0,loans_to_commercial_banks_qoq,5,-1.2683052732500926,0.9957948445529636,-3.220063168573901,0.683452622073716,113,sample_sensitivity,tdc_residual_z,rolling_oos_standard_deviation,cumulative_sum_h0_to_h
drop_severe_scale_tail,exploratory,fitted_to_target_scale_ratio<=25.0,loans_to_commercial_banks_qoq,6,-1.5741860314793188,1.0014229684777607,-3.5369750496957297,0.38860298673709215,112,sample_sensitivity,tdc_residual_z,rolling_oos_standard_deviation,cumulative_sum_h0_to_h
drop_severe_scale_tail,exploratory,fitted_to_target_scale_ratio<=25.0,loans_to_commercial_banks_qoq,7,-0.9646936958848301,0.9643542749767311,-2.854828074839223,0.9254406830695628,111,sample_sensitivity,tdc_residual_z,rolling_oos_standard_deviation,cumulative_sum_h0_to_h
drop_severe_scale_tail,exploratory,fitted_to_target_scale_ratio<=25.0,loans_to_commercial_banks_qoq,8,-1.3723786412031376,1.0803237934969396,-3.4898132764571392,0.7450559940508641,110,sample_sensitivity,tdc_residual_z,rolling_oos_standard_deviation,cumulative_sum_h0_to_h
drop_severe_scale_tail,exploratory,fitted_to_target_scale_ratio<=25.0,loans_to_nondepository_financial_institutions_qoq,0,7.3671089978686775,4.893646512230938,-2.224438166103961,16.958656161841315,42,sample_sensitivity,tdc_residual_z,rolling_oos_standard_deviation,cumulative_sum_h0_to_h
drop_severe_scale_tail,exploratory,fitted_to_target_scale_ratio<=25.0,loans_to_nondepository_financial_institutions_qoq,1,10.89062035015778,5.921736215310713,-0.715982631851217,22.497223332166776,41,sample_sensitivity,tdc_residual_z,rolling_oos_standard_deviation,cumulative_sum_h0_to_h
drop_severe_scale_tail,exploratory,fitted_to_target_scale_ratio<=25.0,loans_to_nondepository_financial_institutions_qoq,2,14.796619233143044,9.035643729010648,-2.9132424757178264,32.50648094200392,40,sample_sensitivity,tdc_residual_z,rolling_oos_standard_deviation,cumulative_sum_h0_to_h
drop_severe_scale_tail,exploratory,fitted_to_target_scale_ratio<=25.0,loans_to_nondepository_financial_institutions_qoq,3,14.81450805377698,8.129025466417508,-1.1183818604013354,30.747397967955294,39,sample_sensitivity,tdc_residual_z,rolling_oos_standard_deviation,cumulative_sum_h0_to_h
drop_severe_scale_tail,exploratory,fitted_to_target_scale_ratio<=25.0,loans_to_nondepository_financial_institutions_qoq,4,10.7171603759039,5.523476769348668,-0.10885409201948981,21.543174843827288,38,sample_sensitivity,tdc_residual_z,rolling_oos_standard_deviation,cumulative_sum_h0_to_h
drop_severe_scale_tail,exploratory,fitted_to_target_scale_ratio<=25.0,loans_to_nondepository_financial_institutions_qoq,5,9.302415971831849,6.988732908432153,-4.395500528695171,23.00033247235887,37,sample_sensitivity,tdc_residual_z,rolling_oos_standard_deviation,cumulative_sum_h0_to_h
drop_severe_scale_tail,exploratory,fitted_to_target_scale_ratio<=25.0,loans_to_nondepository_financial_institutions_qoq,6,7.631057939424725,6.003926003346209,-4.136637027133846,19.398752905983294,36,sample_sensitivity,tdc_residual_z,rolling_oos_standard_deviation,cumulative_sum_h0_to_h
drop_severe_scale_tail,exploratory,fitted_to_target_scale_ratio<=25.0,loans_to_nondepository_financial_institutions_qoq,7,6.506738489929436,4.043504847142485,-1.4185310104698337,14.432007990328707,35,sample_sensitivity,tdc_residual_z,rolling_oos_standard_deviation,cumulative_sum_h0_to_h
drop_severe_scale_tail,exploratory,fitted_to_target_scale_ratio<=25.0,loans_to_nondepository_financial_institutions_qoq,8,4.953740425375528,4.786714428988749,-4.4282198554424195,14.335700706193476,34,sample_sensitivity,tdc_residual_z,rolling_oos_standard_deviation,cumulative_sum_h0_to_h
drop_severe_scale_tail,exploratory,fitted_to_target_scale_ratio<=25.0,loans_for_purchasing_or_carrying_securities_qoq,0,0.3500606381511879,0.8240283864170259,-1.265034999226183,1.9651562755285588,118,sample_sensitivity,tdc_residual_z,rolling_oos_standard_deviation,cumulative_sum_h0_to_h
drop_severe_scale_tail,exploratory,fitted_to_target_scale_ratio<=25.0,loans_for_purchasing_or_carrying_securities_qoq,1,1.1733540381185756,1.5001226667634093,-1.7668863887377064,4.113594464974858,117,sample_sensitivity,tdc_residual_z,rolling_oos_standard_deviation,cumulative_sum_h0_to_h
drop_severe_scale_tail,exploratory,fitted_to_target_scale_ratio<=25.0,loans_for_purchasing_or_carrying_securities_qoq,2,1.6641584833844814,1.7759697343332042,-1.8167421959085988,5.145059162677562,116,sample_sensitivity,tdc_residual_z,rolling_oos_standard_deviation,cumulative_sum_h0_to_h
drop_severe_scale_tail,exploratory,fitted_to_target_scale_ratio<=25.0,loans_for_purchasing_or_carrying_securities_qoq,3,2.969062743864795,2.494313672129302,-1.9197920535086364,7.857917541238226,115,sample_sensitivity,tdc_residual_z,rolling_oos_standard_deviation,cumulative_sum_h0_to_h
drop_severe_scale_tail,exploratory,fitted_to_target_scale_ratio<=25.0,loans_for_purchasing_or_carrying_securities_qoq,4,4.478899919647878,3.168685497882837,-1.7317236562024823,10.68952349549824,114,sample_sensitivity,tdc_residual_z,rolling_oos_standard_deviation,cumulative_sum_h0_to_h
drop_severe_scale_tail,exploratory,fitted_to_target_scale_ratio<=25.0,loans_for_purchasing_or_carrying_securities_qoq,5,3.8643191390288862,2.608107075282217,-1.2475707285242583,8.976209006582032,113,sample_sensitivity,tdc_residual_z,rolling_oos_standard_deviation,cumulative_sum_h0_to_h
drop_severe_scale_tail,exploratory,fitted_to_target_scale_ratio<=25.0,loans_for_purchasing_or_carrying_securities_qoq,6,1.5349390646167835,1.6266819837015039,-1.653357623438164,4.723235752671731,112,sample_sensitivity,tdc_residual_z,rolling_oos_standard_deviation,cumulative_sum_h0_to_h
drop_severe_scale_tail,exploratory,fitted_to_target_scale_ratio<=25.0,loans_for_purchasing_or_carrying_securities_qoq,7,1.7358212737471725,1.7050799297754944,-1.6061353886127963,5.077777936107141,111,sample_sensitivity,tdc_residual_z,rolling_oos_standard_deviation,cumulative_sum_h0_to_h
drop_severe_scale_tail,exploratory,fitted_to_target_scale_ratio<=25.0,loans_for_purchasing_or_carrying_securities_qoq,8,0.3943317159049845,1.5698216148756656,-2.68251864925132,3.471182081061289,110,sample_sensitivity,tdc_residual_z,rolling_oos_standard_deviation,cumulative_sum_h0_to_h
drop_severe_scale_tail,exploratory,fitted_to_target_scale_ratio<=25.0,treasury_securities_bank_qoq,0,2.2835964227564896,1.5956728046821684,-0.8439222744205606,5.411115119933539,118,sample_sensitivity,tdc_residual_z,rolling_oos_standard_deviation,cumulative_sum_h0_to_h
drop_severe_scale_tail,exploratory,fitted_to_target_scale_ratio<=25.0,treasury_securities_bank_qoq,1,8.04274860978716,3.6028764469461287,0.9811107737727482,15.104386445801573,117,sample_sensitivity,tdc_residual_z,rolling_oos_standard_deviation,cumulative_sum_h0_to_h
drop_severe_scale_tail,exploratory,fitted_to_target_scale_ratio<=25.0,treasury_securities_bank_qoq,2,13.10157050862237,5.412335463146508,2.493393000855214,23.709748016389526,116,sample_sensitivity,tdc_residual_z,rolling_oos_standard_deviation,cumulative_sum_h0_to_h
drop_severe_scale_tail,exploratory,fitted_to_target_scale_ratio<=25.0,treasury_securities_bank_qoq,3,17.714611586040537,8.230597311580718,1.58264085534233,33.84658231673875,115,sample_sensitivity,tdc_residual_z,rolling_oos_standard_deviation,cumulative_sum_h0_to_h
drop_severe_scale_tail,exploratory,fitted_to_target_scale_ratio<=25.0,treasury_securities_bank_qoq,4,18.979898090012856,8.29628597829038,2.719177572563712,35.240618607462,114,sample_sensitivity,tdc_residual_z,rolling_oos_standard_deviation,cumulative_sum_h0_to_h
drop_severe_scale_tail,exploratory,fitted_to_target_scale_ratio<=25.0,treasury_securities_bank_qoq,5,20.312700781081354,9.201030884249237,2.278680247952849,38.34672131420986,113,sample_sensitivity,tdc_residual_z,rolling_oos_standard_deviation,cumulative_sum_h0_to_h
drop_severe_scale_tail,exploratory,fitted_to_target_scale_ratio<=25.0,treasury_securities_bank_qoq,6,17.174985975976966,9.407171178356537,-1.2630695336018434,35.613041485555776,112,sample_sensitivity,tdc_residual_z,rolling_oos_standard_deviation,cumulative_sum_h0_to_h
drop_severe_scale_tail,exploratory,fitted_to_target_scale_ratio<=25.0,treasury_securities_bank_qoq,7,18.096665739657222,11.132664297127063,-3.723356282711819,39.916687762026264,111,sample_sensitivity,tdc_residual_z,rolling_oos_standard_deviation,cumulative_sum_h0_to_h
drop_severe_scale_tail,exploratory,fitted_to_target_scale_ratio<=25.0,treasury_securities_bank_qoq,8,13.895359463175852,11.975974611942654,-9.577550776231748,37.368269702583454,110,sample_sensitivity,tdc_residual_z,rolling_oos_standard_deviation,cumulative_sum_h0_to_h
drop_severe_scale_tail,exploratory,fitted_to_target_scale_ratio<=25.0,agency_gse_backed_securities_bank_qoq,0,11.276982147599302,3.3588478138368107,4.693640432479153,17.86032386271945,118,sample_sensitivity,tdc_residual_z,rolling_oos_standard_deviation,cumulative_sum_h0_to_h
drop_severe_scale_tail,exploratory,fitted_to_target_scale_ratio<=25.0,agency_gse_backed_securities_bank_qoq,1,15.890934376254748,6.0649798087116285,4.0035739511799555,27.77829480132954,117,sample_sensitivity,tdc_residual_z,rolling_oos_standard_deviation,cumulative_sum_h0_to_h
drop_severe_scale_tail,exploratory,fitted_to_target_scale_ratio<=25.0,agency_gse_backed_securities_bank_qoq,2,16.506848354511618,8.318070269964112,0.20343062538195866,32.81026608364128,116,sample_sensitivity,tdc_residual_z,rolling_oos_standard_deviation,cumulative_sum_h0_to_h
drop_severe_scale_tail,exploratory,fitted_to_target_scale_ratio<=25.0,agency_gse_backed_securities_bank_qoq,3,16.226094193792413,11.517303190258673,-6.347820059114586,38.80000844669941,115,sample_sensitivity,tdc_residual_z,rolling_oos_standard_deviation,cumulative_sum_h0_to_h
drop_severe_scale_tail,exploratory,fitted_to_target_scale_ratio<=25.0,agency_gse_backed_securities_bank_qoq,4,14.901545369311865,14.16971173810879,-12.871089637381363,42.6741803760051,114,sample_sensitivity,tdc_residual_z,rolling_oos_standard_deviation,cumulative_sum_h0_to_h
drop_severe_scale_tail,exploratory,fitted_to_target_scale_ratio<=25.0,agency_gse_backed_securities_bank_qoq,5,12.546611492011262,17.173783519743033,-21.114004206685085,46.20722719070761,113,sample_sensitivity,tdc_residual_z,rolling_oos_standard_deviation,cumulative_sum_h0_to_h
drop_severe_scale_tail,exploratory,fitted_to_target_scale_ratio<=25.0,agency_gse_backed_securities_bank_qoq,6,10.839299098696355,19.243407080857995,-26.877778779785313,48.55637697717802,112,sample_sensitivity,tdc_residual_z,rolling_oos_standard_deviation,cumulative_sum_h0_to_h
drop_severe_scale_tail,exploratory,fitted_to_target_scale_ratio<=25.0,agency_gse_backed_securities_bank_qoq,7,7.945868660658829,20.086458583590986,-31.4235901631795,47.31532748449716,111,sample_sensitivity,tdc_residual_z,rolling_oos_standard_deviation,cumulative_sum_h0_to_h
drop_severe_scale_tail,exploratory,fitted_to_target_scale_ratio<=25.0,agency_gse_backed_securities_bank_qoq,8,7.054306041302812,19.21687821852808,-30.610775267012226,44.71938734961785,110,sample_sensitivity,tdc_residual_z,rolling_oos_standard_deviation,cumulative_sum_h0_to_h
drop_severe_scale_tail,exploratory,fitted_to_target_scale_ratio<=25.0,municipal_securities_bank_qoq,0,-0.3061501307226395,0.5588133400163469,-1.4014242771546794,0.7891240157094004,118,sample_sensitivity,tdc_residual_z,rolling_oos_standard_deviation,cumulative_sum_h0_to_h
drop_severe_scale_tail,exploratory,fitted_to_target_scale_ratio<=25.0,municipal_securities_bank_qoq,1,0.1968290133426814,1.022146283721726,-1.8065777027519014,2.200235729437264,117,sample_sensitivity,tdc_residual_z,rolling_oos_standard_deviation,cumulative_sum_h0_to_h
drop_severe_scale_tail,exploratory,fitted_to_target_scale_ratio<=25.0,municipal_securities_bank_qoq,2,0.11634617137748857,1.2942068797436281,-2.4202993129200223,2.6529916556749997,116,sample_sensitivity,tdc_residual_z,rolling_oos_standard_deviation,cumulative_sum_h0_to_h
drop_severe_scale_tail,exploratory,fitted_to_target_scale_ratio<=25.0,municipal_securities_bank_qoq,3,0.3612081179969975,1.8128700790520043,-3.1920172369449307,3.9144334729389256,115,sample_sensitivity,tdc_residual_z,rolling_oos_standard_deviation,cumulative_sum_h0_to_h
drop_severe_scale_tail,exploratory,fitted_to_target_scale_ratio<=25.0,municipal_securities_bank_qoq,4,-0.4877246049944776,2.0708664289307084,-4.546622805698666,3.571173595709711,114,sample_sensitivity,tdc_residual_z,rolling_oos_standard_deviation,cumulative_sum_h0_to_h
drop_severe_scale_tail,exploratory,fitted_to_target_scale_ratio<=25.0,municipal_securities_bank_qoq,5,-0.30641120053463344,2.4768154434114407,-5.160969469621056,4.54814706855179,113,sample_sensitivity,tdc_residual_z,rolling_oos_standard_deviation,cumulative_sum_h0_to_h
drop_severe_scale_tail,exploratory,fitted_to_target_scale_ratio<=25.0,municipal_securities_bank_qoq,6,-0.1615044726400381,2.84299349222169,-5.73377171739455,5.410762772114474,112,sample_sensitivity,tdc_residual_z,rolling_oos_standard_deviation,cumulative_sum_h0_to_h
drop_severe_scale_tail,exploratory,fitted_to_target_scale_ratio<=25.0,municipal_securities_bank_qoq,7,0.3686376756103087,3.1696110296503734,-5.843799942504424,6.581075293725041,111,sample_sensitivity,tdc_residual_z,rolling_oos_standard_deviation,cumulative_sum_h0_to_h
drop_severe_scale_tail,exploratory,fitted_to_target_scale_ratio<=25.0,municipal_securities_bank_qoq,8,-0.12697864561471972,3.1750950119986068,-6.350164869131989,6.096207577902549,110,sample_sensitivity,tdc_residual_z,rolling_oos_standard_deviation,cumulative_sum_h0_to_h
drop_severe_scale_tail,exploratory,fitted_to_target_scale_ratio<=25.0,corporate_foreign_bonds_bank_qoq,0,2.411483609999176,2.071920715519266,-1.6494809924185851,6.472448212416937,118,sample_sensitivity,tdc_residual_z,rolling_oos_standard_deviation,cumulative_sum_h0_to_h
drop_severe_scale_tail,exploratory,fitted_to_target_scale_ratio<=25.0,corporate_foreign_bonds_bank_qoq,1,4.007361039915496,2.699869531960861,-1.2843832427277917,9.299105322558784,117,sample_sensitivity,tdc_residual_z,rolling_oos_standard_deviation,cumulative_sum_h0_to_h
drop_severe_scale_tail,exploratory,fitted_to_target_scale_ratio<=25.0,corporate_foreign_bonds_bank_qoq,2,7.179090051543515,3.268443050435879,0.7729416726891918,13.585238430397837,116,sample_sensitivity,tdc_residual_z,rolling_oos_standard_deviation,cumulative_sum_h0_to_h
drop_severe_scale_tail,exploratory,fitted_to_target_scale_ratio<=25.0,corporate_foreign_bonds_bank_qoq,3,6.171399683539972,3.457633039154361,-0.6055610732025754,12.94836044028252,115,sample_sensitivity,tdc_residual_z,rolling_oos_standard_deviation,cumulative_sum_h0_to_h
drop_severe_scale_tail,exploratory,fitted_to_target_scale_ratio<=25.0,corporate_foreign_bonds_bank_qoq,4,7.1597376139549525,4.789283977916513,-2.2272589827614127,16.546734210671318,114,sample_sensitivity,tdc_residual_z,rolling_oos_standard_deviation,cumulative_sum_h0_to_h
drop_severe_scale_tail,exploratory,fitted_to_target_scale_ratio<=25.0,corporate_foreign_bonds_bank_qoq,5,7.709786411275284,5.024715245017702,-2.138655468959411,17.55822829150998,113,sample_sensitivity,tdc_residual_z,rolling_oos_standard_deviation,cumulative_sum_h0_to_h
drop_severe_scale_tail,exploratory,fitted_to_target_scale_ratio<=25.0,corporate_foreign_bonds_bank_qoq,6,9.075834170611639,5.243303492676533,-1.201040675034367,19.352709016257645,112,sample_sensitivity,tdc_residual_z,rolling_oos_standard_deviation,cumulative_sum_h0_to_h
drop_severe_scale_tail,exploratory,fitted_to_target_scale_ratio<=25.0,corporate_foreign_bonds_bank_qoq,7,10.771946155430232,5.4507634318549,0.08844982899462828,21.455442481865838,111,sample_sensitivity,tdc_residual_z,rolling_oos_standard_deviation,cumulative_sum_h0_to_h
drop_severe_scale_tail,exploratory,fitted_to_target_scale_ratio<=25.0,corporate_foreign_bonds_bank_qoq,8,13.649945752785309,6.467630053702079,0.9733908475292345,26.326500658041383,110,sample_sensitivity,tdc_residual_z,rolling_oos_standard_deviation,cumulative_sum_h0_to_h
drop_severe_scale_tail,exploratory,fitted_to_target_scale_ratio<=25.0,fedfunds_repo_liabilities_bank_qoq,0,0.03270427158517686,1.5967944401458747,-3.0970128311007374,3.162421374271091,118,sample_sensitivity,tdc_residual_z,rolling_oos_standard_deviation,cumulative_sum_h0_to_h
drop_severe_scale_tail,exploratory,fitted_to_target_scale_ratio<=25.0,fedfunds_repo_liabilities_bank_qoq,1,-1.4962044744482066,1.9170689511653598,-5.253659618732312,2.2612506698358987,117,sample_sensitivity,tdc_residual_z,rolling_oos_standard_deviation,cumulative_sum_h0_to_h
drop_severe_scale_tail,exploratory,fitted_to_target_scale_ratio<=25.0,fedfunds_repo_liabilities_bank_qoq,2,0.80220748928014,2.058239099827439,-3.231941146381641,4.836356124941921,116,sample_sensitivity,tdc_residual_z,rolling_oos_standard_deviation,cumulative_sum_h0_to_h
drop_severe_scale_tail,exploratory,fitted_to_target_scale_ratio<=25.0,fedfunds_repo_liabilities_bank_qoq,3,-1.4553258707964263,2.79687855787138,-6.937207844224331,4.026556102631479,115,sample_sensitivity,tdc_residual_z,rolling_oos_standard_deviation,cumulative_sum_h0_to_h
drop_severe_scale_tail,exploratory,fitted_to_target_scale_ratio<=25.0,fedfunds_repo_liabilities_bank_qoq,4,-2.1178264332872523,3.927766823434186,-9.816249407218256,5.580596540643752,114,sample_sensitivity,tdc_residual_z,rolling_oos_standard_deviation,cumulative_sum_h0_to_h
drop_severe_scale_tail,exploratory,fitted_to_target_scale_ratio<=25.0,fedfunds_repo_liabilities_bank_qoq,5,-0.3742682449578239,3.931264666007931,-8.07954699033337,7.3310105004177215,113,sample_sensitivity,tdc_residual_z,rolling_oos_standard_deviation,cumulative_sum_h0_to_h
drop_severe_scale_tail,exploratory,fitted_to_target_scale_ratio<=25.0,fedfunds_repo_liabilities_bank_qoq,6,2.779145359365337,4.691228215837632,-6.415661943676421,11.973952662407095,112,sample_sensitivity,tdc_residual_z,rolling_oos_standard_deviation,cumulative_sum_h0_to_h
drop_severe_scale_tail,exploratory,fitted_to_target_scale_ratio<=25.0,fedfunds_repo_liabilities_bank_qoq,7,1.5839836454521605,4.815200767213236,-7.853809858285782,11.021777149190104,111,sample_sensitivity,tdc_residual_z,rolling_oos_standard_deviation,cumulative_sum_h0_to_h
drop_severe_scale_tail,exploratory,fitted_to_target_scale_ratio<=25.0,fedfunds_repo_liabilities_bank_qoq,8,2.240764571576632,6.252091656634174,-10.01333507542635,14.494864218579613,110,sample_sensitivity,tdc_residual_z,rolling_oos_standard_deviation,cumulative_sum_h0_to_h
drop_severe_scale_tail,exploratory,fitted_to_target_scale_ratio<=25.0,commercial_bank_borrowings_qoq,0,7.197185901514484,5.024747313250362,-2.6513188324562265,17.045690635485194,118,sample_sensitivity,tdc_residual_z,rolling_oos_standard_deviation,cumulative_sum_h0_to_h
drop_severe_scale_tail,exploratory,fitted_to_target_scale_ratio<=25.0,commercial_bank_borrowings_qoq,1,-2.033943154960957,4.825755081937878,-11.492423115559196,7.424536805637283,117,sample_sensitivity,tdc_residual_z,rolling_oos_standard_deviation,cumulative_sum_h0_to_h
drop_severe_scale_tail,exploratory,fitted_to_target_scale_ratio<=25.0,commercial_bank_borrowings_qoq,2,-15.432214111440056,8.728931343301243,-32.54091954431049,1.6764913214303814,116,sample_sensitivity,tdc_residual_z,rolling_oos_standard_deviation,cumulative_sum_h0_to_h
drop_severe_scale_tail,exploratory,fitted_to_target_scale_ratio<=25.0,commercial_bank_borrowings_qoq,3,-20.66572305536043,12.341289515798483,-44.854650506325456,3.523204395604594,115,sample_sensitivity,tdc_residual_z,rolling_oos_standard_deviation,cumulative_sum_h0_to_h
drop_severe_scale_tail,exploratory,fitted_to_target_scale_ratio<=25.0,commercial_bank_borrowings_qoq,4,-22.394320030043996,14.122708845610168,-50.074829367439925,5.286189307351933,114,sample_sensitivity,tdc_residual_z,rolling_oos_standard_deviation,cumulative_sum_h0_to_h
drop_severe_scale_tail,exploratory,fitted_to_target_scale_ratio<=25.0,commercial_bank_borrowings_qoq,5,-29.533675492853448,18.77651169262276,-66.33563841039405,7.268287424687159,113,sample_sensitivity,tdc_residual_z,rolling_oos_standard_deviation,cumulative_sum_h0_to_h
drop_severe_scale_tail,exploratory,fitted_to_target_scale_ratio<=25.0,commercial_bank_borrowings_qoq,6,-16.353873373439782,20.83374975708411,-57.188022897324636,24.48027615044507,112,sample_sensitivity,tdc_residual_z,rolling_oos_standard_deviation,cumulative_sum_h0_to_h
drop_severe_scale_tail,exploratory,fitted_to_target_scale_ratio<=25.0,commercial_bank_borrowings_qoq,7,-9.909307217864383,21.83472851223041,-52.70537510183598,32.88676066610722,111,sample_sensitivity,tdc_residual_z,rolling_oos_standard_deviation,cumulative_sum_h0_to_h
drop_severe_scale_tail,exploratory,fitted_to_target_scale_ratio<=25.0,commercial_bank_borrowings_qoq,8,1.8280662837815793,27.496833813953447,-52.06572799156717,55.721860559130334,110,sample_sensitivity,tdc_residual_z,rolling_oos_standard_deviation,cumulative_sum_h0_to_h
drop_severe_scale_tail,exploratory,fitted_to_target_scale_ratio<=25.0,fed_borrowings_depository_institutions_qoq,0,2.1203351481886696,2.544599838813893,-2.86708053588656,7.1077508322639,118,sample_sensitivity,tdc_residual_z,rolling_oos_standard_deviation,cumulative_sum_h0_to_h
drop_severe_scale_tail,exploratory,fitted_to_target_scale_ratio<=25.0,fed_borrowings_depository_institutions_qoq,1,-2.7376408371313508,4.856712811200251,-12.256797947083843,6.781516272821141,117,sample_sensitivity,tdc_residual_z,rolling_oos_standard_deviation,cumulative_sum_h0_to_h
drop_severe_scale_tail,exploratory,fitted_to_target_scale_ratio<=25.0,fed_borrowings_depository_institutions_qoq,2,-8.67134077320691,8.018991613799685,-24.38856433625429,7.045882789840471,116,sample_sensitivity,tdc_residual_z,rolling_oos_standard_deviation,cumulative_sum_h0_to_h
drop_severe_scale_tail,exploratory,fitted_to_target_scale_ratio<=25.0,fed_borrowings_depository_institutions_qoq,3,-12.723826504936955,8.152865149031456,-28.70344219703861,3.255789187164698,115,sample_sensitivity,tdc_residual_z,rolling_oos_standard_deviation,cumulative_sum_h0_to_h
drop_severe_scale_tail,exploratory,fitted_to_target_scale_ratio<=25.0,fed_borrowings_depository_institutions_qoq,4,-11.838575739286727,7.6496897739964504,-26.83196769631977,3.1548162177463155,114,sample_sensitivity,tdc_residual_z,rolling_oos_standard_deviation,cumulative_sum_h0_to_h
drop_severe_scale_tail,exploratory,fitted_to_target_scale_ratio<=25.0,fed_borrowings_depository_institutions_qoq,5,-10.599323679744234,7.050485043241587,-24.418274364497748,3.2196270050092775,113,sample_sensitivity,tdc_residual_z,rolling_oos_standard_deviation,cumulative_sum_h0_to_h
drop_severe_scale_tail,exploratory,fitted_to_target_scale_ratio<=25.0,fed_borrowings_depository_institutions_qoq,6,-6.662882895901609,6.4752908127713225,-19.3544528889334,6.028687097130183,112,sample_sensitivity,tdc_residual_z,rolling_oos_standard_deviation,cumulative_sum_h0_to_h
drop_severe_scale_tail,exploratory,fitted_to_target_scale_ratio<=25.0,fed_borrowings_depository_institutions_qoq,7,-1.7326070260663196,7.973554944610554,-17.360774717503006,13.895560665370368,111,sample_sensitivity,tdc_residual_z,rolling_oos_standard_deviation,cumulative_sum_h0_to_h
drop_severe_scale_tail,exploratory,fitted_to_target_scale_ratio<=25.0,fed_borrowings_depository_institutions_qoq,8,6.465212637934471,10.03085750359608,-13.195268069113844,26.125693344982786,110,sample_sensitivity,tdc_residual_z,rolling_oos_standard_deviation,cumulative_sum_h0_to_h
drop_severe_scale_tail,exploratory,fitted_to_target_scale_ratio<=25.0,debt_securities_bank_liability_qoq,0,-0.6687235204597286,2.187837995531428,-4.956885991701327,3.61943895078187,118,sample_sensitivity,tdc_residual_z,rolling_oos_standard_deviation,cumulative_sum_h0_to_h
drop_severe_scale_tail,exploratory,fitted_to_target_scale_ratio<=25.0,debt_securities_bank_liability_qoq,1,-4.19262883623728,4.720122203157424,-13.44406835442583,5.058810681951271,117,sample_sensitivity,tdc_residual_z,rolling_oos_standard_deviation,cumulative_sum_h0_to_h
drop_severe_scale_tail,exploratory,fitted_to_target_scale_ratio<=25.0,debt_securities_bank_liability_qoq,2,-2.223564979776306,5.20967368009063,-12.43452539275394,7.987395433201328,116,sample_sensitivity,tdc_residual_z,rolling_oos_standard_deviation,cumulative_sum_h0_to_h
drop_severe_scale_tail,exploratory,fitted_to_target_scale_ratio<=25.0,debt_securities_bank_liability_qoq,3,-0.842649205050725,5.5518106440253,-11.724198067340312,10.038899657238863,115,sample_sensitivity,tdc_residual_z,rolling_oos_standard_deviation,cumulative_sum_h0_to_h
drop_severe_scale_tail,exploratory,fitted_to_target_scale_ratio<=25.0,debt_securities_bank_liability_qoq,4,7.052524963537835,6.828371479293841,-6.331083135878093,20.436133062953765,114,sample_sensitivity,tdc_residual_z,rolling_oos_standard_deviation,cumulative_sum_h0_to_h
drop_severe_scale_tail,exploratory,fitted_to_target_scale_ratio<=25.0,debt_securities_bank_liability_qoq,5,15.430121196778703,11.7387523521335,-7.577833413402956,38.43807580696036,113,sample_sensitivity,tdc_residual_z,rolling_oos_standard_deviation,cumulative_sum_h0_to_h
drop_severe_scale_tail,exploratory,fitted_to_target_scale_ratio<=25.0,debt_securities_bank_liability_qoq,6,10.372774410277898,9.858924465288924,-8.950717541688391,29.696266362244188,112,sample_sensitivity,tdc_residual_z,rolling_oos_standard_deviation,cumulative_sum_h0_to_h
drop_severe_scale_tail,exploratory,fitted_to_target_scale_ratio<=25.0,debt_securities_bank_liability_qoq,7,5.8633114919004,8.92085033739504,-11.621555169393876,23.348178153194677,111,sample_sensitivity,tdc_residual_z,rolling_oos_standard_deviation,cumulative_sum_h0_to_h
drop_severe_scale_tail,exploratory,fitted_to_target_scale_ratio<=25.0,debt_securities_bank_liability_qoq,8,3.6676897017983836,8.965033791154164,-13.903776528863776,21.239155932460545,110,sample_sensitivity,tdc_residual_z,rolling_oos_standard_deviation,cumulative_sum_h0_to_h
drop_severe_scale_tail,exploratory,fitted_to_target_scale_ratio<=25.0,fhlb_advances_sallie_mae_loans_bank_qoq,0,-5.2527703419572305,3.2443996379236886,-11.611793632287661,1.106252948373199,118,sample_sensitivity,tdc_residual_z,rolling_oos_standard_deviation,cumulative_sum_h0_to_h
drop_severe_scale_tail,exploratory,fitted_to_target_scale_ratio<=25.0,fhlb_advances_sallie_mae_loans_bank_qoq,1,-10.549425515606057,3.5636600593784324,-17.534199231987785,-3.564651799224329,117,sample_sensitivity,tdc_residual_z,rolling_oos_standard_deviation,cumulative_sum_h0_to_h
drop_severe_scale_tail,exploratory,fitted_to_target_scale_ratio<=25.0,fhlb_advances_sallie_mae_loans_bank_qoq,2,-16.213801387679133,4.972502440808519,-25.95990617166383,-6.467696603694437,116,sample_sensitivity,tdc_residual_z,rolling_oos_standard_deviation,cumulative_sum_h0_to_h
drop_severe_scale_tail,exploratory,fitted_to_target_scale_ratio<=25.0,fhlb_advances_sallie_mae_loans_bank_qoq,3,-15.491058931528553,7.0680206253417115,-29.344379357198306,-1.637738505858799,115,sample_sensitivity,tdc_residual_z,rolling_oos_standard_deviation,cumulative_sum_h0_to_h
drop_severe_scale_tail,exploratory,fitted_to_target_scale_ratio<=25.0,fhlb_advances_sallie_mae_loans_bank_qoq,4,-17.89286134924665,8.326758466826027,-34.21330794422566,-1.5724147542676405,114,sample_sensitivity,tdc_residual_z,rolling_oos_standard_deviation,cumulative_sum_h0_to_h
drop_severe_scale_tail,exploratory,fitted_to_target_scale_ratio<=25.0,fhlb_advances_sallie_mae_loans_bank_qoq,5,-15.60788049762958,9.979959381124047,-35.16860088463271,3.9528398893735535,113,sample_sensitivity,tdc_residual_z,rolling_oos_standard_deviation,cumulative_sum_h0_to_h
drop_severe_scale_tail,exploratory,fitted_to_target_scale_ratio<=25.0,fhlb_advances_sallie_mae_loans_bank_qoq,6,-9.405693654835657,12.520548388568509,-33.945968496429934,15.134581186758618,112,sample_sensitivity,tdc_residual_z,rolling_oos_standard_deviation,cumulative_sum_h0_to_h
drop_severe_scale_tail,exploratory,fitted_to_target_scale_ratio<=25.0,fhlb_advances_sallie_mae_loans_bank_qoq,7,-5.829605394455576,13.72051220727813,-32.72180932072071,21.06259853180956,111,sample_sensitivity,tdc_residual_z,rolling_oos_standard_deviation,cumulative_sum_h0_to_h
drop_severe_scale_tail,exploratory,fitted_to_target_scale_ratio<=25.0,fhlb_advances_sallie_mae_loans_bank_qoq,8,-4.541583240792603,15.890900527232569,-35.687748274168435,26.604581792583232,110,sample_sensitivity,tdc_residual_z,rolling_oos_standard_deviation,cumulative_sum_h0_to_h
drop_severe_scale_tail,exploratory,fitted_to_target_scale_ratio<=25.0,commercial_industrial_loans_ex_chargeoffs_qoq,0,-0.03663690745523329,5.4617831854745695,-10.74173195098539,10.668458136074921,118,sample_sensitivity,tdc_residual_z,rolling_oos_standard_deviation,cumulative_sum_h0_to_h
drop_severe_scale_tail,exploratory,fitted_to_target_scale_ratio<=25.0,commercial_industrial_loans_ex_chargeoffs_qoq,1,-1.3640438660335197,8.826870553361603,-18.664710150622263,15.936622418555224,117,sample_sensitivity,tdc_residual_z,rolling_oos_standard_deviation,cumulative_sum_h0_to_h
drop_severe_scale_tail,exploratory,fitted_to_target_scale_ratio<=25.0,commercial_industrial_loans_ex_chargeoffs_qoq,2,-12.610211645993822,7.8636367141055326,-28.022939605640666,2.8025163136530225,116,sample_sensitivity,tdc_residual_z,rolling_oos_standard_deviation,cumulative_sum_h0_to_h
drop_severe_scale_tail,exploratory,fitted_to_target_scale_ratio<=25.0,commercial_industrial_loans_ex_chargeoffs_qoq,3,-12.133369266123811,7.165079303315999,-26.176924700623168,1.9101861683755477,115,sample_sensitivity,tdc_residual_z,rolling_oos_standard_deviation,cumulative_sum_h0_to_h
drop_severe_scale_tail,exploratory,fitted_to_target_scale_ratio<=25.0,commercial_industrial_loans_ex_chargeoffs_qoq,4,-11.697390064874877,8.400209085993039,-28.161799873421234,4.767019743671479,114,sample_sensitivity,tdc_residual_z,rolling_oos_standard_deviation,cumulative_sum_h0_to_h
drop_severe_scale_tail,exploratory,fitted_to_target_scale_ratio<=25.0,commercial_industrial_loans_ex_chargeoffs_qoq,5,-10.942892977488937,9.371998339404547,-29.312009722721847,7.426223767743975,113,sample_sensitivity,tdc_residual_z,rolling_oos_standard_deviation,cumulative_sum_h0_to_h
drop_severe_scale_tail,exploratory,fitted_to_target_scale_ratio<=25.0,commercial_industrial_loans_ex_chargeoffs_qoq,6,-16.722573595101494,10.412577461935996,-37.131225420496044,3.686078230293056,112,sample_sensitivity,tdc_residual_z,rolling_oos_standard_deviation,cumulative_sum_h0_to_h
drop_severe_scale_tail,exploratory,fitted_to_target_scale_ratio<=25.0,commercial_industrial_loans_ex_chargeoffs_qoq,7,-12.936334690324887,10.953101848995098,-34.40441431435528,8.531744933705504,111,sample_sensitivity,tdc_residual_z,rolling_oos_standard_deviation,cumulative_sum_h0_to_h
drop_severe_scale_tail,exploratory,fitted_to_target_scale_ratio<=25.0,commercial_industrial_loans_ex_chargeoffs_qoq,8,-12.498595290198612,11.210670502481301,-34.471509475061964,9.474318894664737,110,sample_sensitivity,tdc_residual_z,rolling_oos_standard_deviation,cumulative_sum_h0_to_h
drop_severe_scale_tail,exploratory,fitted_to_target_scale_ratio<=25.0,consumer_loans_ex_chargeoffs_qoq,0,-2.3807823995634214,1.4712347645346395,-5.264402538051314,0.5028377389244718,118,sample_sensitivity,tdc_residual_z,rolling_oos_standard_deviation,cumulative_sum_h0_to_h
drop_severe_scale_tail,exploratory,fitted_to_target_scale_ratio<=25.0,consumer_loans_ex_chargeoffs_qoq,1,-6.020551087409584,2.440360135685211,-10.803656953352597,-1.2374452214665697,117,sample_sensitivity,tdc_residual_z,rolling_oos_standard_deviation,cumulative_sum_h0_to_h
drop_severe_scale_tail,exploratory,fitted_to_target_scale_ratio<=25.0,consumer_loans_ex_chargeoffs_qoq,2,-5.945233018209577,2.822967726067369,-11.478249761301619,-0.412216275117534,116,sample_sensitivity,tdc_residual_z,rolling_oos_standard_deviation,cumulative_sum_h0_to_h
drop_severe_scale_tail,exploratory,fitted_to_target_scale_ratio<=25.0,consumer_loans_ex_chargeoffs_qoq,3,-4.868824202277974,3.2290097332848924,-11.197683279516362,1.4600348749604146,115,sample_sensitivity,tdc_residual_z,rolling_oos_standard_deviation,cumulative_sum_h0_to_h
drop_severe_scale_tail,exploratory,fitted_to_target_scale_ratio<=25.0,consumer_loans_ex_chargeoffs_qoq,4,-0.5700261689680128,4.50217211273668,-9.394283509931906,8.25423117199588,114,sample_sensitivity,tdc_residual_z,rolling_oos_standard_deviation,cumulative_sum_h0_to_h
drop_severe_scale_tail,exploratory,fitted_to_target_scale_ratio<=25.0,consumer_loans_ex_chargeoffs_qoq,5,4.583478800766717,7.815429687763345,-10.734763387249437,19.901720988782873,113,sample_sensitivity,tdc_residual_z,rolling_oos_standard_deviation,cumulative_sum_h0_to_h
drop_severe_scale_tail,exploratory,fitted_to_target_scale_ratio<=25.0,consumer_loans_ex_chargeoffs_qoq,6,1.8962910874501446,6.271722014735718,-10.396284061431862,14.188866236332151,112,sample_sensitivity,tdc_residual_z,rolling_oos_standard_deviation,cumulative_sum_h0_to_h
drop_severe_scale_tail,exploratory,fitted_to_target_scale_ratio<=25.0,consumer_loans_ex_chargeoffs_qoq,7,2.066141887211101,6.068860956316386,-9.828825587169016,13.961109361591218,111,sample_sensitivity,tdc_residual_z,rolling_oos_standard_deviation,cumulative_sum_h0_to_h
drop_severe_scale_tail,exploratory,fitted_to_target_scale_ratio<=25.0,consumer_loans_ex_chargeoffs_qoq,8,1.6279398335151498,6.005143791688756,-10.14214199819481,13.39802166522511,110,sample_sensitivity,tdc_residual_z,rolling_oos_standard_deviation,cumulative_sum_h0_to_h
drop_severe_scale_tail,exploratory,fitted_to_target_scale_ratio<=25.0,credit_card_revolving_loans_ex_chargeoffs_qoq,0,-1.520353776999561,1.3726275203976432,-4.210703716978942,1.16999616297982,100,sample_sensitivity,tdc_residual_z,rolling_oos_standard_deviation,cumulative_sum_h0_to_h
drop_severe_scale_tail,exploratory,fitted_to_target_scale_ratio<=25.0,credit_card_revolving_loans_ex_chargeoffs_qoq,1,-6.314270599049251,2.538282573143273,-11.289304442410065,-1.339236755688436,99,sample_sensitivity,tdc_residual_z,rolling_oos_standard_deviation,cumulative_sum_h0_to_h
drop_severe_scale_tail,exploratory,fitted_to_target_scale_ratio<=25.0,credit_card_revolving_loans_ex_chargeoffs_qoq,2,-5.904603190373285,2.6599189331614586,-11.118044299369743,-0.6911620813768264,98,sample_sensitivity,tdc_residual_z,rolling_oos_standard_deviation,cumulative_sum_h0_to_h
drop_severe_scale_tail,exploratory,fitted_to_target_scale_ratio<=25.0,credit_card_revolving_loans_ex_chargeoffs_qoq,3,-5.607482758607334,3.09964855713174,-11.682793930585545,0.4678284133708761,97,sample_sensitivity,tdc_residual_z,rolling_oos_standard_deviation,cumulative_sum_h0_to_h
drop_severe_scale_tail,exploratory,fitted_to_target_scale_ratio<=25.0,credit_card_revolving_loans_ex_chargeoffs_qoq,4,-0.8199932810888715,4.731470065537923,-10.093674609543202,8.453688047365459,96,sample_sensitivity,tdc_residual_z,rolling_oos_standard_deviation,cumulative_sum_h0_to_h
drop_severe_scale_tail,exploratory,fitted_to_target_scale_ratio<=25.0,credit_card_revolving_loans_ex_chargeoffs_qoq,5,5.2858604298274825,9.420808070045549,-13.178923387461793,23.75064424711676,95,sample_sensitivity,tdc_residual_z,rolling_oos_standard_deviation,cumulative_sum_h0_to_h
drop_severe_scale_tail,exploratory,fitted_to_target_scale_ratio<=25.0,credit_card_revolving_loans_ex_chargeoffs_qoq,6,1.897620637400431,7.560555914205183,-12.921068954441727,16.716310229242588,94,sample_sensitivity,tdc_residual_z,rolling_oos_standard_deviation,cumulative_sum_h0_to_h
drop_severe_scale_tail,exploratory,fitted_to_target_scale_ratio<=25.0,credit_card_revolving_loans_ex_chargeoffs_qoq,7,1.1664847156877656,7.256969176721946,-13.057174870687248,15.39014430206278,93,sample_sensitivity,tdc_residual_z,rolling_oos_standard_deviation,cumulative_sum_h0_to_h
drop_severe_scale_tail,exploratory,fitted_to_target_scale_ratio<=25.0,credit_card_revolving_loans_ex_chargeoffs_qoq,8,1.0052552196428852,7.522012090872966,-13.737888478468129,15.7483989177539,92,sample_sensitivity,tdc_residual_z,rolling_oos_standard_deviation,cumulative_sum_h0_to_h
drop_severe_scale_tail,exploratory,fitted_to_target_scale_ratio<=25.0,other_consumer_loans_ex_chargeoffs_qoq,0,-1.2543434752173306,0.8678535911339605,-2.9553365138398933,0.4466495634052321,100,sample_sensitivity,tdc_residual_z,rolling_oos_standard_deviation,cumulative_sum_h0_to_h
drop_severe_scale_tail,exploratory,fitted_to_target_scale_ratio<=25.0,other_consumer_loans_ex_chargeoffs_qoq,1,-1.2753138999840545,1.0386632848335857,-3.3110939382578826,0.7604661382897735,99,sample_sensitivity,tdc_residual_z,rolling_oos_standard_deviation,cumulative_sum_h0_to_h
drop_severe_scale_tail,exploratory,fitted_to_target_scale_ratio<=25.0,other_consumer_loans_ex_chargeoffs_qoq,2,-1.2944263144726504,1.4460587283837814,-4.128701422104862,1.539848793159561,98,sample_sensitivity,tdc_residual_z,rolling_oos_standard_deviation,cumulative_sum_h0_to_h
drop_severe_scale_tail,exploratory,fitted_to_target_scale_ratio<=25.0,other_consumer_loans_ex_chargeoffs_qoq,3,-0.357945059955155,1.673089050554276,-3.637199599041536,2.9213094791312257,97,sample_sensitivity,tdc_residual_z,rolling_oos_standard_deviation,cumulative_sum_h0_to_h
drop_severe_scale_tail,exploratory,fitted_to_target_scale_ratio<=25.0,other_consumer_loans_ex_chargeoffs_qoq,4,-0.03776511901646584,1.8432044663372373,-3.650445873037451,3.5749156350045195,96,sample_sensitivity,tdc_residual_z,rolling_oos_standard_deviation,cumulative_sum_h0_to_h
drop_severe_scale_tail,exploratory,fitted_to_target_scale_ratio<=25.0,other_consumer_loans_ex_chargeoffs_qoq,5,0.4130019576320487,2.1144416075552517,-3.7313035931762446,4.557307508440342,95,sample_sensitivity,tdc_residual_z,rolling_oos_standard_deviation,cumulative_sum_h0_to_h
drop_severe_scale_tail,exploratory,fitted_to_target_scale_ratio<=25.0,other_consumer_loans_ex_chargeoffs_qoq,6,0.5987271169444739,2.1938354447957398,-3.701190354855176,4.898644588744124,94,sample_sensitivity,tdc_residual_z,rolling_oos_standard_deviation,cumulative_sum_h0_to_h
drop_severe_scale_tail,exploratory,fitted_to_target_scale_ratio<=25.0,other_consumer_loans_ex_chargeoffs_qoq,7,0.7566570284086858,2.6233648981313045,-4.385138171928671,5.898452228746042,93,sample_sensitivity,tdc_residual_z,rolling_oos_standard_deviation,cumulative_sum_h0_to_h
drop_severe_scale_tail,exploratory,fitted_to_target_scale_ratio<=25.0,other_consumer_loans_ex_chargeoffs_qoq,8,0.5071825973442161,2.87865266113299,-5.134976618476444,6.1493418131648765,92,sample_sensitivity,tdc_residual_z,rolling_oos_standard_deviation,cumulative_sum_h0_to_h
drop_severe_scale_tail,exploratory,fitted_to_target_scale_ratio<=25.0,closed_end_residential_loans_ex_chargeoffs_qoq,0,0.4792469158264132,2.559556327321562,-4.537483485723849,5.495977317376674,84,sample_sensitivity,tdc_residual_z,rolling_oos_standard_deviation,cumulative_sum_h0_to_h
drop_severe_scale_tail,exploratory,fitted_to_target_scale_ratio<=25.0,closed_end_residential_loans_ex_chargeoffs_qoq,1,0.24904642717729786,3.1725692050046885,-5.969189214631892,6.467282068986488,83,sample_sensitivity,tdc_residual_z,rolling_oos_standard_deviation,cumulative_sum_h0_to_h
drop_severe_scale_tail,exploratory,fitted_to_target_scale_ratio<=25.0,closed_end_residential_loans_ex_chargeoffs_qoq,2,-2.7731634035835295,3.4957040906428114,-9.62474342124344,4.078416614076381,82,sample_sensitivity,tdc_residual_z,rolling_oos_standard_deviation,cumulative_sum_h0_to_h
drop_severe_scale_tail,exploratory,fitted_to_target_scale_ratio<=25.0,closed_end_residential_loans_ex_chargeoffs_qoq,3,-1.7343972698408394,3.21815455998228,-8.041980207406107,4.573185667724429,81,sample_sensitivity,tdc_residual_z,rolling_oos_standard_deviation,cumulative_sum_h0_to_h
drop_severe_scale_tail,exploratory,fitted_to_target_scale_ratio<=25.0,closed_end_residential_loans_ex_chargeoffs_qoq,4,2.2780435078741395,4.893171871364119,-7.312573359999535,11.868660375747814,80,sample_sensitivity,tdc_residual_z,rolling_oos_standard_deviation,cumulative_sum_h0_to_h
drop_severe_scale_tail,exploratory,fitted_to_target_scale_ratio<=25.0,closed_end_residential_loans_ex_chargeoffs_qoq,5,2.2815429680935893,5.3766344601380265,-8.256660573776943,12.819746509964121,79,sample_sensitivity,tdc_residual_z,rolling_oos_standard_deviation,cumulative_sum_h0_to_h
drop_severe_scale_tail,exploratory,fitted_to_target_scale_ratio<=25.0,closed_end_residential_loans_ex_chargeoffs_qoq,6,1.3084160690246858,5.975305647380962,-10.403182999841999,13.02001513789137,78,sample_sensitivity,tdc_residual_z,rolling_oos_standard_deviation,cumulative_sum_h0_to_h
drop_severe_scale_tail,exploratory,fitted_to_target_scale_ratio<=25.0,closed_end_residential_loans_ex_chargeoffs_qoq,7,2.688945439970932,5.5704883243818735,-8.229211675817538,13.607102555759404,77,sample_sensitivity,tdc_residual_z,rolling_oos_standard_deviation,cumulative_sum_h0_to_h
drop_severe_scale_tail,exploratory,fitted_to_target_scale_ratio<=25.0,closed_end_residential_loans_ex_chargeoffs_qoq,8,5.125446095003205,5.60309316626811,-5.856616510882291,16.1075087008887,76,sample_sensitivity,tdc_residual_z,rolling_oos_standard_deviation,cumulative_sum_h0_to_h
drop_severe_scale_tail,exploratory,fitted_to_target_scale_ratio<=25.0,cb_nonts_qoq,0,36.94243788163688,12.723360675749436,12.004650957167982,61.88022480610577,90,sample_sensitivity,tdc_residual_z,rolling_oos_standard_deviation,cumulative_sum_h0_to_h
drop_severe_scale_tail,exploratory,fitted_to_target_scale_ratio<=25.0,cb_nonts_qoq,1,58.81745325678554,48.323916092081255,-35.897422283693714,153.5323287972648,89,sample_sensitivity,tdc_residual_z,rolling_oos_standard_deviation,cumulative_sum_h0_to_h
drop_severe_scale_tail,exploratory,fitted_to_target_scale_ratio<=25.0,cb_nonts_qoq,2,66.86773867883198,60.21269459747693,-51.1491427322228,184.88462008988677,88,sample_sensitivity,tdc_residual_z,rolling_oos_standard_deviation,cumulative_sum_h0_to_h
drop_severe_scale_tail,exploratory,fitted_to_target_scale_ratio<=25.0,cb_nonts_qoq,3,65.51659563402283,64.48936306417522,-60.882555971760596,191.91574723980625,87,sample_sensitivity,tdc_residual_z,rolling_oos_standard_deviation,cumulative_sum_h0_to_h
drop_severe_scale_tail,exploratory,fitted_to_target_scale_ratio<=25.0,cb_nonts_qoq,4,80.90300131158176,71.96631078748902,-60.15096783189671,221.95697045506023,86,sample_sensitivity,tdc_residual_z,rolling_oos_standard_deviation,cumulative_sum_h0_to_h
drop_severe_scale_tail,exploratory,fitted_to_target_scale_ratio<=25.0,cb_nonts_qoq,5,50.32338624965741,77.64753448354361,-101.86578133808806,202.51255383740286,85,sample_sensitivity,tdc_residual_z,rolling_oos_standard_deviation,cumulative_sum_h0_to_h
drop_severe_scale_tail,exploratory,fitted_to_target_scale_ratio<=25.0,cb_nonts_qoq,6,17.14147500560684,73.52275716757966,-126.96312904284927,161.24607905406296,84,sample_sensitivity,tdc_residual_z,rolling_oos_standard_deviation,cumulative_sum_h0_to_h
drop_severe_scale_tail,exploratory,fitted_to_target_scale_ratio<=25.0,cb_nonts_qoq,7,3.002346273601251,75.18089705261816,-144.35221194953033,150.35690449673285,83,sample_sensitivity,tdc_residual_z,rolling_oos_standard_deviation,cumulative_sum_h0_to_h
drop_severe_scale_tail,exploratory,fitted_to_target_scale_ratio<=25.0,cb_nonts_qoq,8,24.711284016147452,74.99132453447085,-122.27171207141541,171.69428010371033,82,sample_sensitivity,tdc_residual_z,rolling_oos_standard_deviation,cumulative_sum_h0_to_h
drop_severe_scale_tail,exploratory,fitted_to_target_scale_ratio<=25.0,foreign_nonts_qoq,0,21.352269158492373,9.125724562044777,3.4658490168846114,39.238689300100134,118,sample_sensitivity,tdc_residual_z,rolling_oos_standard_deviation,cumulative_sum_h0_to_h
drop_severe_scale_tail,exploratory,fitted_to_target_scale_ratio<=25.0,foreign_nonts_qoq,1,16.8430665362164,8.560166309471464,0.06514056965233195,33.62099250278047,117,sample_sensitivity,tdc_residual_z,rolling_oos_standard_deviation,cumulative_sum_h0_to_h
drop_severe_scale_tail,exploratory,fitted_to_target_scale_ratio<=25.0,foreign_nonts_qoq,2,20.01459416816864,8.310526840497122,3.7259615607942784,36.303226775542996,116,sample_sensitivity,tdc_residual_z,rolling_oos_standard_deviation,cumulative_sum_h0_to_h
drop_severe_scale_tail,exploratory,fitted_to_target_scale_ratio<=25.0,foreign_nonts_qoq,3,23.902905545750656,8.033616589979124,8.157017029391573,39.64879406210974,115,sample_sensitivity,tdc_residual_z,rolling_oos_standard_deviation,cumulative_sum_h0_to_h
drop_severe_scale_tail,exploratory,fitted_to_target_scale_ratio<=25.0,foreign_nonts_qoq,4,28.42839956002825,8.514128651206365,11.740707403663777,45.116091716392724,114,sample_sensitivity,tdc_residual_z,rolling_oos_standard_deviation,cumulative_sum_h0_to_h
drop_severe_scale_tail,exploratory,fitted_to_target_scale_ratio<=25.0,foreign_nonts_qoq,5,20.31258642689978,8.561183194769887,3.532667365150804,37.092505488648754,113,sample_sensitivity,tdc_residual_z,rolling_oos_standard_deviation,cumulative_sum_h0_to_h
drop_severe_scale_tail,exploratory,fitted_to_target_scale_ratio<=25.0,foreign_nonts_qoq,6,19.980951718628933,8.386395907314038,3.5436157402934185,36.41828769696445,112,sample_sensitivity,tdc_residual_z,rolling_oos_standard_deviation,cumulative_sum_h0_to_h
drop_severe_scale_tail,exploratory,fitted_to_target_scale_ratio<=25.0,foreign_nonts_qoq,7,25.12329147808886,8.404517633053054,8.650436917304873,41.596146038872845,111,sample_sensitivity,tdc_residual_z,rolling_oos_standard_deviation,cumulative_sum_h0_to_h
drop_severe_scale_tail,exploratory,fitted_to_target_scale_ratio<=25.0,foreign_nonts_qoq,8,32.004080568174736,9.743759141374824,12.906312651080082,51.101848485269386,110,sample_sensitivity,tdc_residual_z,rolling_oos_standard_deviation,cumulative_sum_h0_to_h
drop_severe_scale_tail,exploratory,fitted_to_target_scale_ratio<=25.0,domestic_nonfinancial_mmf_reallocation_qoq,0,-15.415445849705105,8.032718685492432,-31.15957447327027,0.32868277386006106,118,sample_sensitivity,tdc_residual_z,rolling_oos_standard_deviation,cumulative_sum_h0_to_h
drop_severe_scale_tail,exploratory,fitted_to_target_scale_ratio<=25.0,domestic_nonfinancial_mmf_reallocation_qoq,1,-14.320650374442229,13.079863660503957,-39.95718314902999,11.315882400145528,117,sample_sensitivity,tdc_residual_z,rolling_oos_standard_deviation,cumulative_sum_h0_to_h
drop_severe_scale_tail,exploratory,fitted_to_target_scale_ratio<=25.0,domestic_nonfinancial_mmf_reallocation_qoq,2,2.3714515461461083,12.867990792401706,-22.849810406961236,27.592713499253453,116,sample_sensitivity,tdc_residual_z,rolling_oos_standard_deviation,cumulative_sum_h0_to_h
drop_severe_scale_tail,exploratory,fitted_to_target_scale_ratio<=25.0,domestic_nonfinancial_mmf_reallocation_qoq,3,0.6333045634390775,13.619151923667346,-26.060233206948922,27.326842333827074,115,sample_sensitivity,tdc_residual_z,rolling_oos_standard_deviation,cumulative_sum_h0_to_h
drop_severe_scale_tail,exploratory,fitted_to_target_scale_ratio<=25.0,domestic_nonfinancial_mmf_reallocation_qoq,4,-1.8765519510720026,16.575249740296453,-34.36404144205305,30.610937539909045,114,sample_sensitivity,tdc_residual_z,rolling_oos_standard_deviation,cumulative_sum_h0_to_h
drop_severe_scale_tail,exploratory,fitted_to_target_scale_ratio<=25.0,domestic_nonfinancial_mmf_reallocation_qoq,5,11.596610854975003,19.03277848867995,-25.707634982837696,48.900856692787706,113,sample_sensitivity,tdc_residual_z,rolling_oos_standard_deviation,cumulative_sum_h0_to_h
drop_severe_scale_tail,exploratory,fitted_to_target_scale_ratio<=25.0,domestic_nonfinancial_mmf_reallocation_qoq,6,19.583914001937927,20.432067187484673,-20.462937685532033,59.63076568940789,112,sample_sensitivity,tdc_residual_z,rolling_oos_standard_deviation,cumulative_sum_h0_to_h
drop_severe_scale_tail,exploratory,fitted_to_target_scale_ratio<=25.0,domestic_nonfinancial_mmf_reallocation_qoq,7,1.9671468365322333,23.17465726123013,-43.45518139547882,47.38947506854329,111,sample_sensitivity,tdc_residual_z,rolling_oos_standard_deviation,cumulative_sum_h0_to_h
drop_severe_scale_tail,exploratory,fitted_to_target_scale_ratio<=25.0,domestic_nonfinancial_mmf_reallocation_qoq,8,-15.05170817028829,28.06843771825924,-70.06584609807639,39.96242975749982,110,sample_sensitivity,tdc_residual_z,rolling_oos_standard_deviation,cumulative_sum_h0_to_h
drop_severe_scale_tail,exploratory,fitted_to_target_scale_ratio<=25.0,domestic_nonfinancial_repo_reallocation_qoq,0,-0.10126494383650905,0.5424234551368607,-1.164414915904756,0.961885028231738,118,sample_sensitivity,tdc_residual_z,rolling_oos_standard_deviation,cumulative_sum_h0_to_h
drop_severe_scale_tail,exploratory,fitted_to_target_scale_ratio<=25.0,domestic_nonfinancial_repo_reallocation_qoq,1,-0.1766324356023252,0.7662448132533692,-1.678472269578929,1.3252073983742785,117,sample_sensitivity,tdc_residual_z,rolling_oos_standard_deviation,cumulative_sum_h0_to_h
drop_severe_scale_tail,exploratory,fitted_to_target_scale_ratio<=25.0,domestic_nonfinancial_repo_reallocation_qoq,2,-0.8456619364026722,0.8758416327881233,-2.562311536667394,0.8709876638620494,116,sample_sensitivity,tdc_residual_z,rolling_oos_standard_deviation,cumulative_sum_h0_to_h
drop_severe_scale_tail,exploratory,fitted_to_target_scale_ratio<=25.0,domestic_nonfinancial_repo_reallocation_qoq,3,-1.2487615632517968,0.9396327272377097,-3.090441708637708,0.5929185821341143,115,sample_sensitivity,tdc_residual_z,rolling_oos_standard_deviation,cumulative_sum_h0_to_h
drop_severe_scale_tail,exploratory,fitted_to_target_scale_ratio<=25.0,domestic_nonfinancial_repo_reallocation_qoq,4,-0.7212991589144602,0.9052726527769867,-2.495633558357354,1.0530352405284336,114,sample_sensitivity,tdc_residual_z,rolling_oos_standard_deviation,cumulative_sum_h0_to_h
drop_severe_scale_tail,exploratory,fitted_to_target_scale_ratio<=25.0,domestic_nonfinancial_repo_reallocation_qoq,5,-0.8956459939599002,1.160546911131362,-3.1703179397773695,1.3790259518575692,113,sample_sensitivity,tdc_residual_z,rolling_oos_standard_deviation,cumulative_sum_h0_to_h
drop_severe_scale_tail,exploratory,fitted_to_target_scale_ratio<=25.0,domestic_nonfinancial_repo_reallocation_qoq,6,-1.1797467351463649,1.1940291909354188,-3.5200439493797857,1.160550479087056,112,sample_sensitivity,tdc_residual_z,rolling_oos_standard_deviation,cumulative_sum_h0_to_h
drop_severe_scale_tail,exploratory,fitted_to_target_scale_ratio<=25.0,domestic_nonfinancial_repo_reallocation_qoq,7,-2.0194170440275965,1.2795833188325236,-4.527400348939343,0.4885662608841499,111,sample_sensitivity,tdc_residual_z,rolling_oos_standard_deviation,cumulative_sum_h0_to_h
drop_severe_scale_tail,exploratory,fitted_to_target_scale_ratio<=25.0,domestic_nonfinancial_repo_reallocation_qoq,8,-2.003032916871802,1.2022853307755692,-4.3595121651919175,0.3534463314483136,110,sample_sensitivity,tdc_residual_z,rolling_oos_standard_deviation,cumulative_sum_h0_to_h
