{
  "status": "available",
  "headline_question": "Does the combined TOC-plus-ROW treatment block behave like a broad support bundle or like a clean deposit-liability counterpart?",
  "estimation_path": {
    "lp_spec_name": "toc_row_bundle_audit",
    "summary_artifact": "toc_row_bundle_audit_summary.json"
  },
  "quarterly_alignment": {
    "status": "available",
    "rows": 92,
    "counterparts": {
      "toc_row_broad_support_counterpart_qoq": {
        "contemporaneous_corr": 0.751538071224028,
        "lead_lag_correlations": {
          "shift_-2q": 0.043990578423475625,
          "shift_-1q": 0.24819787113102773,
          "shift_+0q": 0.751538071224028,
          "shift_+1q": 0.005270363710759619,
          "shift_+2q": -0.035354795893678514
        },
        "sign_match_share": 0.6521739130434783
      },
      "toc_row_liquidity_external_counterpart_qoq": {
        "contemporaneous_corr": 0.19553221293478895,
        "lead_lag_correlations": {
          "shift_-2q": 0.010216463130000207,
          "shift_-1q": -0.05860700055479731,
          "shift_+0q": 0.19553221293478895,
          "shift_+1q": -0.15443112876928797,
          "shift_+2q": -0.05037487540312219
        },
        "sign_match_share": 0.6304347826086957
      },
      "toc_row_direct_deposit_counterpart_qoq": {
        "contemporaneous_corr": 0.8619441907978307,
        "lead_lag_correlations": {
          "shift_-2q": -0.018439274825154655,
          "shift_-1q": 0.3080324604225623,
          "shift_+0q": 0.8619441907978307,
          "shift_+1q": 0.1637715535560147,
          "shift_+2q": 0.017601194677014254
        },
        "sign_match_share": 0.6413043478260869
      }
    }
  },
  "key_horizons": {
    "h0": {
      "toc_row_bundle_response": {
        "beta": 82.19795193041784,
        "se": 23.571703617374965,
        "lower95": 35.99741284036291,
        "upper95": 128.39849102047276,
        "n": 68,
        "ci_excludes_zero": true
      },
      "rest_of_world_treasury_response": {
        "beta": 11.756792842555686,
        "se": 10.114287407003816,
        "lower95": -8.067210475171795,
        "upper95": 31.580796160283167,
        "n": 68,
        "ci_excludes_zero": false
      },
      "treasury_operating_cash_response": {
        "beta": -70.44115908786216,
        "se": 19.51500183613833,
        "lower95": -108.69056268669328,
        "upper95": -32.19175548903103,
        "n": 68,
        "ci_excludes_zero": true
      },
      "broad_support_counterpart_response": {
        "beta": 87.77282221303257,
        "se": 17.188445746769325,
        "lower95": 54.08346854936469,
        "upper95": 121.46217587670046,
        "n": 68,
        "ci_excludes_zero": true
      },
      "liquidity_external_counterpart_response": {
        "beta": 115.45371908854301,
        "se": 20.6890667381674,
        "lower95": 74.9031482817349,
        "upper95": 156.00428989535112,
        "n": 68,
        "ci_excludes_zero": true
      },
      "direct_deposit_counterpart_response": {
        "beta": 61.41009378099726,
        "se": 19.711186006721512,
        "lower95": 22.776169207823095,
        "upper95": 100.04401835417141,
        "n": 68,
        "ci_excludes_zero": true
      },
      "interpretation": "broad_support_bundle_pattern"
    },
    "h1": {
      "toc_row_bundle_response": {
        "beta": 66.44970533448253,
        "se": 50.7272010585081,
        "lower95": -32.97560874019335,
        "upper95": 165.87501940915843,
        "n": 67,
        "ci_excludes_zero": false
      },
      "rest_of_world_treasury_response": {
        "beta": 12.207052405526362,
        "se": 11.716769221640421,
        "lower95": -10.757815268888862,
        "upper95": 35.171920079941586,
        "n": 67,
        "ci_excludes_zero": false
      },
      "treasury_operating_cash_response": {
        "beta": -54.24265292895619,
        "se": 42.015800984733666,
        "lower95": -136.59362285903416,
        "upper95": 28.10831700112179,
        "n": 67,
        "ci_excludes_zero": false
      },
      "broad_support_counterpart_response": {
        "beta": 71.93855037982472,
        "se": 33.39048385879253,
        "lower95": 6.493202016591368,
        "upper95": 137.38389874305807,
        "n": 67,
        "ci_excludes_zero": true
      },
      "liquidity_external_counterpart_response": {
        "beta": 145.95090914888732,
        "se": 39.889333409746335,
        "lower95": 67.76781566578451,
        "upper95": 224.13400263199014,
        "n": 67,
        "ci_excludes_zero": true
      },
      "direct_deposit_counterpart_response": {
        "beta": 48.219184948253776,
        "se": 43.538693957995555,
        "lower95": -37.11665520941751,
        "upper95": 133.55502510592507,
        "n": 67,
        "ci_excludes_zero": false
      },
      "interpretation": "broad_support_bundle_pattern"
    },
    "h4": {
      "toc_row_bundle_response": {
        "beta": 82.709866827593,
        "se": 49.034429546642535,
        "lower95": -13.397615083826366,
        "upper95": 178.81734873901237,
        "n": 64,
        "ci_excludes_zero": false
      },
      "rest_of_world_treasury_response": {
        "beta": 34.66439319115932,
        "se": 16.63271023043861,
        "lower95": 2.0642811394996414,
        "upper95": 67.264505242819,
        "n": 64,
        "ci_excludes_zero": true
      },
      "treasury_operating_cash_response": {
        "beta": -48.04547363643367,
        "se": 38.54605530474574,
        "lower95": -123.59574203373532,
        "upper95": 27.50479476086798,
        "n": 64,
        "ci_excludes_zero": false
      },
      "broad_support_counterpart_response": {
        "beta": 70.58320720960461,
        "se": 39.19106779390551,
        "lower95": -6.231285666450191,
        "upper95": 147.3977000856594,
        "n": 64,
        "ci_excludes_zero": false
      },
      "liquidity_external_counterpart_response": {
        "beta": 179.81108619497002,
        "se": 69.2292999062561,
        "lower95": 44.12165837870805,
        "upper95": 315.500514011232,
        "n": 64,
        "ci_excludes_zero": true
      },
      "direct_deposit_counterpart_response": {
        "beta": 33.87385627732221,
        "se": 39.95822183400889,
        "lower95": -44.44425851733521,
        "upper95": 112.19197107197962,
        "n": 64,
        "ci_excludes_zero": false
      },
      "interpretation": "broad_support_bundle_pattern"
    },
    "h8": {
      "toc_row_bundle_response": {
        "beta": 175.67519112915676,
        "se": 47.504099061856195,
        "lower95": 82.56715696791862,
        "upper95": 268.7832252903949,
        "n": 60,
        "ci_excludes_zero": true
      },
      "rest_of_world_treasury_response": {
        "beta": 66.95416192387714,
        "se": 22.446647743759883,
        "lower95": 22.958732346107766,
        "upper95": 110.94959150164651,
        "n": 60,
        "ci_excludes_zero": true
      },
      "treasury_operating_cash_response": {
        "beta": -108.72102920527965,
        "se": 42.04145271587888,
        "lower95": -191.12227652840227,
        "upper95": -26.319781882157045,
        "n": 60,
        "ci_excludes_zero": true
      },
      "broad_support_counterpart_response": {
        "beta": 123.30017664216302,
        "se": 49.08850365082946,
        "lower95": 27.086709486537288,
        "upper95": 219.51364379778875,
        "n": 60,
        "ci_excludes_zero": true
      },
      "liquidity_external_counterpart_response": {
        "beta": 147.99569452068727,
        "se": 81.76380455389574,
        "lower95": -12.261362404948386,
        "upper95": 308.2527514463229,
        "n": 60,
        "ci_excludes_zero": false
      },
      "direct_deposit_counterpart_response": {
        "beta": 93.03899580102497,
        "se": 43.207773164115075,
        "lower95": 8.35176039935942,
        "upper95": 177.7262312026905,
        "n": 60,
        "ci_excludes_zero": true
      },